sku,product_name,color,collection,ly_category_code,ly_category_name,ly_level_1,ly_level_2,macro_category,is_in_macro_scope,categorized_by_rule,brand_macro_category,brand_super_micro_category,first_seen_date,last_seen_date,n_markets_seen,is_micro_pointer,micro_pointer_id,micro_product_label
5002722ABD31000,bomber jacket,black,F_W_2026,RTW,Ready-to-Wear,Ready-to-Wear,Ready-to-Wear,,false,R049,bal_macro_women_rtw,bal_super_micro_women_dresses_and_skirts,2026-07-06,2026-09-28,14,false,,
5002722ABP91240,bomber jacket,grey,F_W_2026,RTW,Ready-to-Wear,Ready-to-Wear,Ready-to-Wear,,false,R049,bal_macro_women_rtw,bal_super_micro_women_dresses_and_skirts,2026-07-06,2026-09-28,14,false,,
5002724GIAF8122,bomber jacket,silver,F_W_2026,RTW,Ready-to-Wear,Ready-to-Wear,Ready-to-Wear,,false,R049,bal_macro_women_rtw,bal_super_micro_women_tops_and_shirts,2026-07-06,2026-09-28,15,false,,
500272T55FD4200,bomber jacket,light blue,S_S_2026,RTW,Ready-to-Wear,Ready-to-Wear,Ready-to-Wear,,false,R049,bal_macro_women_rtw,bal_super_micro_women_pants,2026-07-06,2026-09-28,13,false,,
500272TETLU5723,bomber jacket,petal pink,S_S_2026,RTW,Ready-to-Wear,Ready-to-Wear,Ready-to-Wear,,false,R049,bal_macro_women_rtw,bal_super_micro_women_coats_and_jackets,2026-07-06,2026-09-28,15,false,,
500272TT7Y11000,bomber jacket,black,S_S_2026,RTW,Ready-to-Wear,Ready-to-Wear,Ready-to-Wear,,false,R049,bal_macro_women_rtw,bal_super_micro_women_pants,2026-07-06,2026-09-28,14,false,,
5012322ABZ90911,straight fit tailored pants,antique silver,F_W_2025,RTW,Ready-to-Wear,Ready-to-Wear,Ready-to-Wear,,false,R049,bal_macro_women_rtw,bal_super_micro_women_pants,2026-07-06,2026-09-28,14,false,,
5012322ACPD3258,straight fit tailored pants,army green,F_W_2026,RTW,Ready-to-Wear,Ready-to-Wear,Ready-to-Wear,,false,R049,bal_macro_women_rtw,bal_super_micro_women_dresses_and_skirts,2026-07-06,2026-09-28,14,false,,
501232TT1EW1240,straight fit tailored pants,grey,F_W_2026/S_S_2027,RTW,Ready-to-Wear,Ready-to-Wear,Ready-to-Wear,,false,R049,bal_macro_women_rtw,bal_super_micro_women_coats_and_jackets,2026-07-06,2026-08-03,14,false,,
501232W14D40127,straight fit tailored pants,shiny gold,F_W_2025,RTW,Ready-to-Wear,Ready-to-Wear,Ready-to-Wear,,false,R049,bal_macro_women_rtw,bal_super_micro_women_dresses_and_skirts,2026-07-06,2026-09-28,15,false,,
501232W8JX93258,straight fit tailored pants,army green,S_S_2026,RTW,Ready-to-Wear,Ready-to-Wear,Ready-to-Wear,,false,R049,bal_macro_women_rtw,bal_super_micro_women_dresses_and_skirts,2026-09-28,2026-09-28,16,false,,
501232WYD9Z3258,straight fit tailored pants,army green,F_W_2026/S_S_2027,RTW,Ready-to-Wear,Ready-to-Wear,Ready-to-Wear,,false,R049,bal_macro_women_rtw,bal_super_micro_women_coats_and_jackets,2026-07-06,2026-09-28,13,false,,
5050392148E1000,avenue fringe bootie,black,S_S_2026,SH_SHOES,Other Shoes,Shoes,Other Shoes,Shoes,true,R043,bal_macro_women_shoes,bal_super_micro_women_sandals,2026-07-06,2026-09-28,15,false,,
5050392ACQM2308,avenue fringe bootie,light espresso,S_S_2026,SH_SHOES,Other Shoes,Shoes,Other Shoes,Shoes,true,R043,bal_macro_women_shoes,bal_super_micro_women_pumps,2026-07-06,2026-09-28,14,false,,
5050392ARKC1000,avenue fringe bootie,black,F_W_2026,SH_SHOES,Other Shoes,Shoes,Other Shoes,Shoes,true,R043,bal_macro_women_shoes,bal_super_micro_women_sandals,2026-07-06,2026-09-28,13,false,,
505039TP58A1090,avenue fringe bootie,black/white,F_W_2025/S_S_2026,SH_SHOES,Other Shoes,Shoes,Other Shoes,Shoes,true,R043,bal_macro_women_shoes,bal_super_micro_women_mules,2026-07-06,2026-09-28,13,false,,
505039WFWF10127,avenue fringe bootie,shiny gold,S_S_2026,SH_SNEAKERS,Sneakers,Shoes,Sneakers,Shoes,true,R042,bal_macro_women_shoes,bal_super_micro_women_sneakers,2026-07-06,2026-09-28,14,false,,
5055892AE8O3258,fragrance mirror,army green,F_W_2026/S_S_2026/S_S_2027,AC_JEWELRY,Jewelry,Accessories,Jewelry,Accessories,true,R044,bal_macro_men_accessories|bal_macro_women_accessories,bal_super_micro_men_jewelry|bal_super_micro_women_jewelry,2026-07-06,2026-09-28,14,false,,
5070562ABVU1000,hamptons worn-out sneaker,black,F_W_2026,SH_SNEAKERS,Sneakers,Shoes,Sneakers,Shoes,true,R020,bal_macro_women_shoes,bal_super_micro_women_sneakers,2026-07-06,2026-09-28,15,false,,
5070564GWD41000,hamptons worn-out sneaker,black,F_W_2026/S_S_2026/S_S_2027,SH_SNEAKERS,Sneakers,Shoes,Sneakers,Shoes,true,R020,bal_macro_women_shoes,bal_super_micro_women_sandals,2026-07-06,2026-09-28,14,false,,
508529219HN9020,folded skirt,cream,F_W_2026/S_S_2026/S_S_2027,RTW,Ready-to-Wear,Ready-to-Wear,Ready-to-Wear,,false,R049,bal_macro_women_rtw,bal_super_micro_women_pants,2026-07-06,2026-09-28,15,false,,
50852921CR89020,folded skirt,cream,S_S_2026,RTW,Ready-to-Wear,Ready-to-Wear,Ready-to-Wear,,false,R049,bal_macro_women_rtw,bal_super_micro_women_pants,2026-07-06,2026-09-28,14,false,,
50852921YWZ3258,folded skirt,army green,S_S_2026,RTW,Ready-to-Wear,Ready-to-Wear,Ready-to-Wear,,false,R049,bal_macro_women_rtw,bal_super_micro_women_tops_and_shirts,2026-07-27,2026-09-28,14,false,,
5085292ABGH1000,folded skirt,black,F_W_2026,RTW,Ready-to-Wear,Ready-to-Wear,Ready-to-Wear,,false,R049,bal_macro_women_rtw,bal_super_micro_women_coats_and_jackets,2026-07-06,2026-08-31,16,false,,
5085294G04C4011,folded skirt,blue,S_S_2026,RTW,Ready-to-Wear,Ready-to-Wear,Ready-to-Wear,,false,R049,bal_macro_women_rtw,bal_super_micro_women_tops_and_shirts,2026-07-06,2026-09-28,14,false,,
5085294GAME4011,folded skirt,blue,F_W_2026,RTW,Ready-to-Wear,Ready-to-Wear,Ready-to-Wear,,false,R049,bal_macro_women_rtw,bal_super_micro_women_tops_and_shirts,2026-07-06,2026-09-28,14,false,,
5085294GAUV4200,folded skirt,light blue,S_S_2025,RTW,Ready-to-Wear,Ready-to-Wear,Ready-to-Wear,,false,R049,bal_macro_women_rtw,bal_super_micro_women_t_shirts,2026-07-06,2026-09-28,16,false,,
5085294GKPS9104,folded skirt,optic white,F_W_2025,RTW,Ready-to-Wear,Ready-to-Wear,Ready-to-Wear,,false,R049,bal_macro_women_rtw,bal_super_micro_women_dresses_and_skirts,2026-07-06,2026-09-28,15,false,,
508529TT2QR9020,folded skirt,cream,F_W_2026,RTW,Ready-to-Wear,Ready-to-Wear,Ready-to-Wear,,false,R049,bal_macro_women_rtw,bal_super_micro_women_t_shirts,2026-07-06,2026-09-21,15,false,,
508529TTRIA1084,folded skirt,black/multicolor,F_W_2025,RTW,Ready-to-Wear,Ready-to-Wear,Ready-to-Wear,,false,R049,bal_macro_women_rtw,bal_super_micro_women_pants,2026-07-06,2026-09-28,15,false,,
508529TTYYJ9000,folded skirt,white,S_S_2026,RTW,Ready-to-Wear,Ready-to-Wear,Ready-to-Wear,,false,R049,bal_macro_women_rtw,bal_super_micro_women_coats_and_jackets,2026-07-06,2026-09-28,12,false,,
508529TVFYS1251,folded skirt,volcanic rock,S_S_2026,RTW,Ready-to-Wear,Ready-to-Wear,Ready-to-Wear,,false,R049,bal_macro_women_rtw,bal_super_micro_women_dresses_and_skirts,2026-07-06,2026-09-28,15,false,,
508529WPF6D0911,folded skirt,antique silver,S_S_2026,RTW,Ready-to-Wear,Ready-to-Wear,Ready-to-Wear,,false,R049,bal_macro_women_rtw,bal_super_micro_women_coats_and_jackets,2026-07-06,2026-09-28,12,false,,
508529WYDJF3258,folded skirt,army green,F_W_2026,RTW,Ready-to-Wear,Ready-to-Wear,Ready-to-Wear,,false,R049,bal_macro_women_rtw,bal_super_micro_women_coats_and_jackets,2026-07-06,2026-09-28,13,false,,
50889421BN41041,speed 2.0 recycled knit sneaker,faded black,F_W_2025,SH_SNEAKERS,Sneakers,Shoes,Sneakers,Shoes,true,R020,bal_macro_women_shoes,bal_super_micro_women_mules,2026-07-06,2026-09-28,1,false,,
50889421WVQ9002,speed 2.0 recycled knit sneaker,ivory,F_W_2025,SH_SNEAKERS,Sneakers,Shoes,Sneakers,Shoes,true,R020,bal_macro_women_shoes,bal_super_micro_women_pumps,2026-07-06,2026-09-28,13,false,,
5088944GD3S1210,speed 2.0 recycled knit sneaker,light grey,F_W_2026/S_S_2026,SH_SNEAKERS,Sneakers,Shoes,Sneakers,Shoes,true,R020,bal_macro_women_shoes,bal_super_micro_women_boots_and_booties,2026-07-06,2026-08-17,13,false,,
5088944GMCH1084,speed 2.0 recycled knit sneaker,black/multicolor,F_W_2026,SH_SNEAKERS,Sneakers,Shoes,Sneakers,Shoes,true,R020,bal_macro_women_shoes,bal_super_micro_women_pumps,2026-07-06,2026-09-28,14,false,,
508894WBKO69000,speed 2.0 recycled knit sneaker,white,S_S_2026,SH_SNEAKERS,Sneakers,Shoes,Sneakers,Shoes,true,R020,bal_macro_women_shoes,bal_super_micro_women_sneakers,2026-07-06,2026-09-28,13,false,,
5090582ABZK1000,le city bag east-west,black,S_S_2025,LG_BAGS,Bags,Leather Goods,Bags,Bags,true,R012,bal_macro_women_leather_goods,bal_super_micro_women_handbags,2026-07-06,2026-09-28,13,false,,
509058W7FP09002,le city bag east-west,ivory,F_W_2026/S_S_2026/S_S_2027,LG_BAGS,Bags,Leather Goods,Bags,Bags,true,R012,bal_macro_women_leather_goods,bal_super_micro_women_handbags,2026-07-06,2026-09-28,13,false,,
50910321LZ41210,saint-germain bangle,light grey,F_W_2025,AC_EYEWEAR,Eyewear,Accessories,Eyewear,Accessories,true,R046,bal_macro_men_accessories|bal_macro_women_accessories,bal_super_micro_men_sunglasses|bal_super_micro_women_sunglasses,2026-09-28,2026-09-28,15,false,,
5091032ABPI1084,saint-germain bangle,black/multicolor,S_S_2026,AC_JEWELRY,Jewelry,Accessories,Jewelry,Accessories,true,R044,bal_macro_men_accessories|bal_macro_women_accessories,bal_super_micro_men_jewelry|bal_super_micro_women_jewelry,2026-07-06,2026-07-13,7,false,,
509103T7C2J1000,saint-germain bangle,black,F_W_2025,AC_OTHER,Other Accessories,Accessories,Other Accessories,Accessories,true,R048,bal_macro_men_accessories|bal_macro_women_accessories,bal_super_micro_men_objects|bal_super_micro_women_objects,2026-07-06,2026-09-28,15,false,,
5107024GP0H4011,nova square af sunglasses,blue,F_W_2026/S_S_2026/S_S_2027,AC_EYEWEAR,Eyewear,Accessories,Eyewear,Accessories,true,R025,bal_macro_men_eyewear|bal_macro_women_eyewear,bal_super_micro_men_sunglasses|bal_super_micro_women_sunglasses,2026-07-06,2026-09-28,15,false,,
51130721YFZ1084,speed 2.0 lace-up sneaker,black/multicolor,F_W_2026,SH_SNEAKERS,Sneakers,Shoes,Sneakers,Shoes,true,R020,bal_macro_men_shoes,bal_super_micro_men_mules_and_loafers,2026-07-06,2026-09-28,14,false,,
5113072AF2A9104,speed 2.0 lace-up sneaker,optic white,F_W_2026,SH_SNEAKERS,Sneakers,Shoes,Sneakers,Shoes,true,R020,bal_macro_men_shoes,bal_super_micro_men_sneakers,2026-07-06,2026-09-28,14,false,,
5113074GC4I8065,speed 2.0 lace-up sneaker,navy,F_W_2026,SH_SNEAKERS,Sneakers,Shoes,Sneakers,Shoes,true,R020,bal_macro_men_shoes,bal_super_micro_men_boots_and_booties,2026-07-06,2026-09-28,13,false,,
511307TX3F00911,speed 2.0 lace-up sneaker,antique silver,F_W_2025,SH_SNEAKERS,Sneakers,Shoes,Sneakers,Shoes,true,R020,bal_macro_men_shoes,bal_super_micro_men_formal_shoes,2026-07-06,2026-09-28,15,false,,
51170521R319002,avenue boot,ivory,F_W_2026,SH_SHOES,Other Shoes,Shoes,Other Shoes,Shoes,true,R043,bal_macro_women_shoes,bal_super_micro_women_pumps,2026-07-06,2026-09-28,13,false,,
5117052AB0Z4011,avenue boot,blue,S_S_2026,SH_SHOES,Other Shoes,Shoes,Other Shoes,Shoes,true,R043,bal_macro_women_shoes,bal_super_micro_women_sandals,2026-07-27,2026-09-28,1,false,,
5117052ACG59000,avenue boot,white,F_W_2026,SH_SNEAKERS,Sneakers,Shoes,Sneakers,Shoes,true,R042,bal_macro_women_shoes,bal_super_micro_women_sneakers,2026-07-06,2026-09-28,13,false,,
5117054GC822840,avenue boot,khaki,F_W_2026/S_S_2026,SH_SHOES,Other Shoes,Shoes,Other Shoes,Shoes,true,R043,bal_macro_women_shoes,bal_super_micro_women_pumps,2026-07-06,2026-09-28,15,false,,
511705TEG1C0127,avenue boot,shiny gold,S_S_2026,SH_SHOES,Other Shoes,Shoes,Other Shoes,Shoes,true,R043,bal_macro_women_shoes,bal_super_micro_women_mules,2026-07-06,2026-09-28,14,false,,
511705WD8Z35723,avenue boot,petal pink,F_W_2026,SH_SHOES,Other Shoes,Shoes,Other Shoes,Shoes,true,R043,bal_macro_women_shoes,bal_super_micro_women_sandals,2026-07-06,2026-09-28,14,false,,
511705WGCHE1000,avenue boot,black,S_S_2025,SH_SHOES,Other Shoes,Shoes,Other Shoes,Shoes,true,R043,bal_macro_women_shoes,bal_super_micro_women_mules,2026-07-06,2026-09-28,15,false,,
51197321HRS9104,long sack coat,optic white,S_S_2026,RTW,Ready-to-Wear,Ready-to-Wear,Ready-to-Wear,,false,R049,bal_macro_women_rtw,bal_super_micro_women_coats_and_jackets,2026-07-06,2026-09-28,15,false,,
5119732ABNL1251,long sack coat,volcanic rock,S_S_2026,RTW,Ready-to-Wear,Ready-to-Wear,Ready-to-Wear,,false,R049,bal_macro_women_rtw,bal_super_micro_women_t_shirts,2026-07-06,2026-09-28,14,false,,
5119732AHLV2533,long sack coat,camel,S_S_2026,RTW,Ready-to-Wear,Ready-to-Wear,Ready-to-Wear,,false,R049,bal_macro_women_rtw,bal_super_micro_women_dresses_and_skirts,2026-07-06,2026-09-28,14,false,,
5119732AT911000,long sack coat,black,F_W_2026,RTW,Ready-to-Wear,Ready-to-Wear,Ready-to-Wear,,false,R049,bal_macro_women_rtw,bal_super_micro_women_dresses_and_skirts,2026-07-06,2026-09-28,14,false,,
5119734GF7J4011,long sack coat,blue,F_W_2026,RTW,Ready-to-Wear,Ready-to-Wear,Ready-to-Wear,,false,R049,bal_macro_women_rtw,bal_super_micro_women_dresses_and_skirts,2026-07-06,2026-09-14,15,false,,
511973TTDRJ0926,long sack coat,shiny silver,F_W_2025,RTW,Ready-to-Wear,Ready-to-Wear,Ready-to-Wear,,false,R049,bal_macro_women_rtw,bal_super_micro_women_pants,2026-07-27,2026-09-28,1,false,,
511973WQ9Z49002,long sack coat,ivory,F_W_2026,RTW,Ready-to-Wear,Ready-to-Wear,Ready-to-Wear,,false,R049,bal_macro_women_rtw,bal_super_micro_women_coats_and_jackets,2026-07-06,2026-09-28,16,false,,
512319214FT9104,le city sleek tote bag medium,optic white,S_S_2026,LG_BAGS,Bags,Leather Goods,Bags,Bags,true,R012,bal_macro_women_leather_goods,bal_super_micro_women_bags,2026-07-06,2026-09-28,13,false,,
5123192ABXZ9020,le city sleek tote bag medium,cream,F_W_2026,LG_BAGS,Bags,Leather Goods,Bags,Bags,true,R012,bal_macro_women_leather_goods,bal_super_micro_women_handbags,2026-07-06,2026-09-28,13,false,,
51398321CXX1090,stripe tracksuit jacket large fit,black/white,S_S_2026,RTW,Ready-to-Wear,Ready-to-Wear,Ready-to-Wear,,false,R049,bal_macro_men_rtw,bal_super_micro_men_coats_and_jackets,2026-07-06,2026-09-28,13,false,,
5139832ABN61090,stripe tracksuit jacket large fit,black/white,F_W_2026,RTW,Ready-to-Wear,Ready-to-Wear,Ready-to-Wear,,false,R049,bal_macro_men_rtw,bal_super_micro_men_t_shirts,2026-07-06,2026-09-28,14,false,,
5139832ABR99020,stripe tracksuit jacket large fit,cream,F_W_2026,RTW,Ready-to-Wear,Ready-to-Wear,Ready-to-Wear,,false,R049,bal_macro_men_rtw,bal_super_micro_men_sweatshirts,2026-07-06,2026-09-28,15,false,,
5139832AHY61000,stripe tracksuit jacket large fit,black,S_S_2026,RTW,Ready-to-Wear,Ready-to-Wear,Ready-to-Wear,,false,R049,bal_macro_men_rtw,bal_super_micro_men_t_shirts,2026-07-06,2026-09-28,13,false,,
5139834GMK34011,stripe tracksuit jacket large fit,blue,S_S_2026,RTW,Ready-to-Wear,Ready-to-Wear,Ready-to-Wear,,false,R049,bal_macro_men_rtw,bal_super_micro_men_t_shirts,2026-07-06,2026-09-28,14,false,,
5139834GWYL9104,stripe tracksuit jacket large fit,optic white,S_S_2026/S_S_2027,RTW,Ready-to-Wear,Ready-to-Wear,Ready-to-Wear,,false,R049,bal_macro_men_rtw,bal_super_micro_men_sweatshirts,2026-07-06,2026-09-28,16,false,,
513983T2UGR4011,stripe tracksuit jacket large fit,blue,F_W_2026,RTW,Ready-to-Wear,Ready-to-Wear,Ready-to-Wear,,false,R049,bal_macro_men_rtw,bal_super_micro_men_coats_and_jackets,2026-07-06,2026-09-28,15,false,,
513983TN5SD1000,stripe tracksuit jacket large fit,black,S_S_2026,RTW,Ready-to-Wear,Ready-to-Wear,Ready-to-Wear,,false,R049,bal_macro_men_rtw,bal_super_micro_men_t_shirts,2026-07-06,2026-09-28,13,false,,
513983TT2XA1090,stripe tracksuit jacket large fit,black,F_W_2026,RTW,Ready-to-Wear,Ready-to-Wear,Ready-to-Wear,,false,R049,bal_macro_men_rtw,bal_super_micro_men_coats_and_jackets,2026-07-06,2026-09-28,14,false,,
513983TUF759002,stripe tracksuit jacket large fit,ivory,F_W_2026/S_S_2027,RTW,Ready-to-Wear,Ready-to-Wear,Ready-to-Wear,,false,R049,bal_macro_men_rtw,bal_super_micro_men_pants,2026-07-06,2026-09-28,14,false,,
513983TVTAN0127,stripe tracksuit jacket large fit,shiny gold,F_W_2024,RTW,Ready-to-Wear,Ready-to-Wear,Ready-to-Wear,,false,R049,bal_macro_men_rtw,bal_super_micro_men_coats_and_jackets,2026-09-28,2026-09-28,13,false,,
513983WDQQL8122,stripe tracksuit jacket large fit,silver,F_W_2026/S_S_2027,RTW,Ready-to-Wear,Ready-to-Wear,Ready-to-Wear,,false,R049,bal_macro_men_rtw,bal_super_micro_men_sweatshirts,2026-07-06,2026-09-28,14,false,,
5146272ABZT4200,superbusy messenger bag,light blue,F_W_2026,LG_BAGS,Bags,Leather Goods,Bags,Bags,true,R012,bal_macro_men_bags,bal_super_micro_men_beltbags,2026-07-06,2026-09-28,1,false,,
5146274GMIB2533,superbusy messenger bag,camel,F_W_2025,LG_BAGS,Bags,Leather Goods,Bags,Bags,true,R012,bal_macro_men_bags,bal_super_micro_men_bags,2026-07-06,2026-09-28,14,false,,
514627TA8D30127,superbusy messenger bag,shiny gold,F_W_2026,LG_BAGS,Bags,Leather Goods,Bags,Bags,true,R012,bal_macro_men_bags,bal_super_micro_men_backpacks,2026-07-06,2026-09-28,14,false,,
5149002A92F1210,le city cabas bag,light grey,S_S_2026,LG_BAGS,Bags,Leather Goods,Bags,Bags,true,R012,bal_macro_men_leather_goods,bal_super_micro_men_backpacks,2026-07-06,2026-09-28,14,false,,
5150354GQMM1084,palma rectangle sunglasses,black/multicolor,F_W_2025,AC_EYEWEAR,Eyewear,Accessories,Eyewear,Accessories,true,R025,bal_macro_women_eyewear,bal_super_micro_women_sunglasses,2026-07-06,2026-09-28,16,false,,
5168492149D2308,wool beanie,light espresso,F_W_2026/S_S_2026,AC_JEWELRY,Jewelry,Accessories,Jewelry,Accessories,true,R044,bal_macro_men_accessories,bal_super_micro_men_jewelry,2026-07-06,2026-09-28,13,false,,
5168492A2EI2533,wool beanie,camel,S_S_2026,AC_OTHER,Other Accessories,Accessories,Other Accessories,Accessories,true,R048,bal_macro_men_accessories,bal_super_micro_men_other_accessories,2026-07-06,2026-09-28,16,false,,
5168492AB631090,wool beanie,black/white,F_W_2026,AC_OTHER,Other Accessories,Accessories,Other Accessories,Accessories,true,R048,bal_macro_men_accessories,bal_super_micro_men_other_accessories,2026-07-06,2026-09-28,15,false,,
516849WTAMR9104,wool beanie,optic white,F_W_2026,AC_JEWELRY,Jewelry,Accessories,Jewelry,Accessories,true,R044,bal_macro_men_accessories,bal_super_micro_men_jewelry,2026-07-06,2026-09-28,15,false,,
517390210UD1210,le city small bag,light grey,F_W_2026,LG_BAGS,Bags,Leather Goods,Bags,Bags,true,R012,bal_macro_women_bags,bal_super_micro_women_shoulder_bags,2026-07-06,2026-09-28,13,false,,
5173904GKC41210,le city small bag,light grey,F_W_2026/S_S_2026/S_S_2027,LG_BAGS,Bags,Leather Goods,Bags,Bags,true,R012,bal_macro_women_bags,bal_super_micro_women_handbags,2026-07-06,2026-09-28,14,false,,
517390TLJCK2840,le city small bag,khaki,F_W_2026/S_S_2026/S_S_2027,LG_BAGS,Bags,Leather Goods,Bags,Bags,true,R012,bal_macro_women_bags,bal_super_micro_women_clutches_and_pouches,2026-07-06,2026-09-28,16,false,,
517390TT3LZ1240,le city small bag,grey,F_W_2025,LG_BAGS,Bags,Leather Goods,Bags,Bags,true,R012,bal_macro_women_bags,bal_super_micro_women_bags,2026-07-06,2026-09-28,15,false,,
517390WIAYH5723,le city small bag,petal pink,S_S_2026/S_S_2027,LG_BAGS,Bags,Leather Goods,Bags,Bags,true,R012,bal_macro_women_bags,bal_super_micro_women_tote_bags,2026-07-06,2026-09-28,14,false,,
517456TT7VE1000,everyday necklace,black,S_S_2026,AC_JEWELRY,Jewelry,Accessories,Jewelry,Accessories,true,R030,bal_macro_men_accessories|bal_macro_women_accessories,bal_super_micro_men_sunglasses|bal_super_micro_women_sunglasses,2026-07-06,2026-09-28,16,false,,
5181962AM820926,bel air bootie,shiny silver,F_W_2026,SH_SHOES,Other Shoes,Shoes,Other Shoes,Shoes,true,R043,bal_macro_women_shoes,bal_super_micro_women_mules,2026-07-06,2026-09-28,13,false,,
518196WP8QE1000,bel air bootie,black,F_W_2026/S_S_2026/S_S_2027,SH_SNEAKERS,Sneakers,Shoes,Sneakers,Shoes,true,R042,bal_macro_women_shoes,bal_super_micro_women_sneakers,2026-07-06,2026-09-28,14,false,,
520424212XE8065,high-waist pants,navy,F_W_2025,RTW,Ready-to-Wear,Ready-to-Wear,Ready-to-Wear,,false,R049,bal_macro_women_rtw,bal_super_micro_women_dresses_and_skirts,2026-07-06,2026-09-28,14,false,,
520424TSACC9020,high-waist pants,cream,F_W_2025,RTW,Ready-to-Wear,Ready-to-Wear,Ready-to-Wear,,false,R049,bal_macro_women_rtw,bal_super_micro_women_t_shirts,2026-07-06,2026-09-28,16,false,,
520424TTXN09000,high-waist pants,white,F_W_2026/S_S_2027,RTW,Ready-to-Wear,Ready-to-Wear,Ready-to-Wear,,false,R049,bal_macro_women_rtw,bal_super_micro_women_dresses_and_skirts,2026-07-27,2026-09-28,1,false,,
520424WGNFN0127,high-waist pants,shiny gold,F_W_2025,RTW,Ready-to-Wear,Ready-to-Wear,Ready-to-Wear,,false,R049,bal_macro_women_rtw,bal_super_micro_women_dresses_and_skirts,2026-07-06,2026-09-28,12,false,,
5209622191D4011,typo metal keychain,blue,F_W_2026,AC_OTHER,Other Accessories,Accessories,Other Accessories,Accessories,true,R011,bal_macro_men_accessories|bal_macro_women_accessories,bal_super_micro_men_jewelry|bal_super_micro_women_jewelry,2026-08-10,2026-09-28,15,false,,
5209622AFVN1090,typo metal keychain,,,AC_OTHER,Other Accessories,Accessories,Other Accessories,Accessories,true,R011,bal_macro_men_accessories|bal_macro_women_accessories,bal_super_micro_men_jewelry|bal_super_micro_women_jewelry,2026-07-06,2026-09-28,1,false,,
52138621EG84011,credit continental zip wallet,blue,F_W_2026,LG_SLG,Small Leather Goods,Leather Goods,Small Leather Goods,Small Leather Goods,true,R010,bal_macro_men_slg,bal_super_micro_men_cardholders,2026-07-06,2026-09-28,15,false,,
521782T0W270926,6xl sneaker,shiny silver,F_W_2026,SH_SNEAKERS,Sneakers,Shoes,Sneakers,Shoes,true,R020,bal_macro_women_shoes,bal_super_micro_women_sneakers,2026-08-31,2026-09-28,13,false,,
521782W98EZ4200,6xl sneaker,light blue,F_W_2025/F_W_2026/S_S_2026,SH_SNEAKERS,Sneakers,Shoes,Sneakers,Shoes,true,R020,bal_macro_women_shoes,bal_super_micro_women_pumps,2026-07-06,2026-09-28,16,false,,
522212TT2AO1084,radar gradient lines sneaker,black/multicolor,F_W_2025,SH_SNEAKERS,Sneakers,Shoes,Sneakers,Shoes,true,R020,bal_macro_men_shoes,bal_super_micro_men_mules_and_loafers,2026-07-06,2026-09-28,14,false,,
522212W35EQ1000,radar gradient lines sneaker,black,F_W_2026,SH_SNEAKERS,Sneakers,Shoes,Sneakers,Shoes,true,R020,bal_macro_men_shoes,bal_super_micro_men_formal_shoes,2026-08-10,2026-09-28,13,false,,
523624T11AV1084,ballet sneaker,black/multicolor,S_S_2026,SH_SNEAKERS,Sneakers,Shoes,Sneakers,Shoes,true,R020,bal_macro_women_shoes,bal_super_micro_women_pumps,2026-07-06,2026-09-28,14,false,,
523624TSS4C2840,ballet sneaker,khaki,F_W_2026,SH_SNEAKERS,Sneakers,Shoes,Sneakers,Shoes,true,R020,bal_macro_women_shoes,bal_super_micro_women_sneakers,2026-07-06,2026-09-28,15,false,,
523624W630D5723,ballet sneaker,petal pink,S_S_2026,SH_SNEAKERS,Sneakers,Shoes,Sneakers,Shoes,true,R020,bal_macro_women_shoes,bal_super_micro_women_boots_and_booties,2026-07-06,2026-09-28,15,false,,
523624W77HW1210,ballet sneaker,light grey,S_S_2026/S_S_2027,SH_SNEAKERS,Sneakers,Shoes,Sneakers,Shoes,true,R020,bal_macro_women_shoes,bal_super_micro_women_boots_and_booties,2026-07-06,2026-09-28,14,false,,
5239552AJGA1000,rodeo handbag small with charms,black,F_W_2026,AC_OTHER,Other Accessories,Accessories,Other Accessories,Accessories,true,R011,bal_macro_women_bags,bal_super_micro_women_shoulder_bags,2026-07-06,2026-09-28,16,false,,
523955WJVHN1090,rodeo handbag small with charms,black,S_S_2026,AC_OTHER,Other Accessories,Accessories,Other Accessories,Accessories,true,R011,bal_macro_women_bags,bal_super_micro_women_clutches_and_pouches,2026-07-06,2026-09-28,15,false,,
525528TA3V13258,explorer crossbody pouch,army green,F_W_2026,LG_BAGS,Bags,Leather Goods,Bags,Bags,true,R041,bal_macro_men_bags,bal_super_micro_men_beltbags,2026-07-06,2026-09-28,14,false,,
525528TTLY91000,explorer crossbody pouch,black,F_W_2025/S_S_2026,LG_BAGS,Bags,Leather Goods,Bags,Bags,true,R041,bal_macro_men_bags,bal_super_micro_men_backpacks,2026-07-06,2026-09-28,11,false,,
525528WCDOX3258,explorer crossbody pouch,army green,F_W_2026/S_S_2026/S_S_2027,LG_BAGS,Bags,Leather Goods,Bags,Bags,true,R041,bal_macro_men_bags,bal_super_micro_men_bags,2026-07-06,2026-09-28,13,false,,
5263702A51N0926,pool slide sandal,shiny silver,S_S_2026,SH_SHOES,Other Shoes,Shoes,Other Shoes,Shoes,true,R043,bal_macro_women_shoes,bal_super_micro_women_pumps,2026-07-06,2026-07-20,4,false,,
5265652181K1240,le city bag small,grey,S_S_2026,LG_BAGS,Bags,Leather Goods,Bags,Bags,true,R012,bal_macro_women_bags,bal_super_micro_women_shoulder_bags,2026-07-06,2026-09-28,15,false,,
5265652ABNJ1000,le city bag small,black,S_S_2026,LG_BAGS,Bags,Leather Goods,Bags,Bags,true,R012,bal_macro_women_bags,bal_super_micro_women_bags,2026-07-06,2026-09-28,14,false,,
5265652ABRG8122,le city bag small,silver,F_W_2026,LG_BAGS,Bags,Leather Goods,Bags,Bags,true,R012,bal_macro_women_bags,bal_super_micro_women_handbags,2026-07-06,2026-09-28,14,false,,
52688321KYV1090,explorer messenger bag small,black/white,F_W_2025,LG_BAGS,Bags,Leather Goods,Bags,Bags,true,R012,bal_macro_men_bags,bal_super_micro_men_shoulder_bags,2026-07-06,2026-09-28,15,false,,
5268832ABFW2533,explorer messenger bag small,camel,F_W_2026/S_S_2027,LG_BAGS,Bags,Leather Goods,Bags,Bags,true,R012,bal_macro_men_bags,bal_super_micro_men_bags,2026-07-06,2026-09-28,12,false,,
527313T0VEI2533,credit square folded wallet,camel,F_W_2026,LG_SLG,Small Leather Goods,Leather Goods,Small Leather Goods,Small Leather Goods,true,R010,bal_macro_men_slg,bal_super_micro_men_cardholders,2026-08-17,2026-09-28,14,false,,
527313TUOCB4011,credit square folded wallet,blue,F_W_2026,LG_SLG,Small Leather Goods,Leather Goods,Small Leather Goods,Small Leather Goods,true,R010,bal_macro_men_slg,bal_super_micro_men_wallets,2026-07-06,2026-09-28,13,false,,
527313TW77Z9000,credit square folded wallet,white,S_S_2026,LG_SLG,Small Leather Goods,Leather Goods,Small Leather Goods,Small Leather Goods,true,R010,bal_macro_men_slg,bal_super_micro_men_other_accessories,2026-07-06,2026-07-06,8,false,,
527313W5X041000,credit square folded wallet,black,S_S_2026,LG_SLG,Small Leather Goods,Leather Goods,Small Leather Goods,Small Leather Goods,true,R010,bal_macro_men_slg,bal_super_micro_men_slg,2026-07-06,2026-09-28,13,false,,
5280442AB411000,venom high boot,black,F_W_2025/F_W_2026/S_S_2026,SH_SHOES,Other Shoes,Shoes,Other Shoes,Shoes,true,R043,bal_macro_women_shoes,bal_super_micro_women_boots_and_booties,2026-07-06,2026-09-28,10,false,,
5280442AKC92533,venom high boot,camel,S_S_2026,SH_SHOES,Other Shoes,Shoes,Other Shoes,Shoes,true,R043,bal_macro_women_shoes,bal_super_micro_women_boots_and_booties,2026-07-06,2026-09-28,14,false,,
5280442AQSO1000,venom high boot,black,F_W_2026,SH_SNEAKERS,Sneakers,Shoes,Sneakers,Shoes,true,R042,bal_macro_women_shoes,bal_super_micro_women_sneakers,2026-07-06,2026-09-28,12,false,,
528044T80UR1041,venom high boot,faded black,F_W_2026,SH_SHOES,Other Shoes,Shoes,Other Shoes,Shoes,true,R043,bal_macro_women_shoes,bal_super_micro_women_boots_and_booties,2026-07-27,2026-09-28,1,false,,
528044TOPW70127,venom high boot,shiny gold,S_S_2026,SH_SNEAKERS,Sneakers,Shoes,Sneakers,Shoes,true,R042,bal_macro_women_shoes,bal_super_micro_women_sneakers,2026-07-06,2026-09-28,15,false,,
528044W1MSO0911,venom high boot,antique silver,S_S_2026,SH_SHOES,Other Shoes,Shoes,Other Shoes,Shoes,true,R043,bal_macro_women_shoes,bal_super_micro_women_pumps,2026-07-06,2026-09-28,12,false,,
5286012ABTS1090,rodeo card holder with flap,black,F_W_2025/S_S_2026,LG_SLG,Small Leather Goods,Leather Goods,Small Leather Goods,Small Leather Goods,true,R010,bal_macro_women_slg,bal_super_micro_women_slg,2026-07-06,2026-09-28,12,false,,
5286014GP201000,rodeo card holder with flap,black,S_S_2026,LG_SLG,Small Leather Goods,Leather Goods,Small Leather Goods,Small Leather Goods,true,R010,bal_macro_women_slg,bal_super_micro_women_clutches_and_pouches,2026-07-06,2026-09-28,14,false,,
529971215991000,le city uptown bag mini,black,S_S_2026,LG_BAGS,Bags,Leather Goods,Bags,Bags,true,R012,bal_macro_women_leather_goods,bal_super_micro_women_bags,2026-07-06,2026-09-28,14,false,,
529971218229000,le city uptown bag mini,white,S_S_2026,LG_BAGS,Bags,Leather Goods,Bags,Bags,true,R012,bal_macro_women_leather_goods,bal_super_micro_women_small_leather_goods,2026-07-06,2026-09-28,16,false,,
52997121QBJ4011,le city uptown bag mini,blue,F_W_2026,LG_BAGS,Bags,Leather Goods,Bags,Bags,true,R012,bal_macro_women_leather_goods,bal_super_micro_women_bags,2026-07-06,2026-09-28,12,false,,
5299714GOPH5723,le city uptown bag mini,petal pink,F_W_2025,LG_BAGS,Bags,Leather Goods,Bags,Bags,true,R012,bal_macro_women_leather_goods,bal_super_micro_women_bags,2026-07-06,2026-09-28,13,false,,
529971TEYU71000,le city uptown bag mini,black,S_S_2026,LG_BAGS,Bags,Leather Goods,Bags,Bags,true,R012,bal_macro_women_leather_goods,bal_super_micro_women_bags,2026-08-31,2026-09-28,13,false,,
5299822ABR75723,speed 2.0 full clear sole recycled knit sneaker,petal pink,F_W_2025,SH_SNEAKERS,Sneakers,Shoes,Sneakers,Shoes,true,R020,bal_macro_men_shoes,bal_super_micro_men_sneakers,2026-08-24,2026-09-28,15,false,,
530322TTKPW0911,bb icon thin gourmette bracelet,antique silver,F_W_2025,AC_JEWELRY,Jewelry,Accessories,Jewelry,Accessories,true,R030,bal_macro_men_accessories,bal_super_micro_men_other_accessories,2026-07-06,2026-09-28,15,false,,
530322TTOR92533,bb icon thin gourmette bracelet,camel,S_S_2026,AC_JEWELRY,Jewelry,Accessories,Jewelry,Accessories,true,R030,bal_macro_men_accessories,bal_super_micro_men_caps,2026-07-06,2026-09-28,14,false,,
530322W4ORI1000,bb icon thin gourmette bracelet,black,S_S_2026,AC_JEWELRY,Jewelry,Accessories,Jewelry,Accessories,true,R030,bal_macro_men_accessories,bal_super_micro_men_caps,2026-07-06,2026-09-28,12,false,,
530673210V89104,messy spray baggy sweatpants,optic white,S_S_2026,RTW,Ready-to-Wear,Ready-to-Wear,Ready-to-Wear,,false,R049,bal_macro_men_rtw,bal_super_micro_men_t_shirts,2026-07-06,2026-09-28,13,false,,
53067321HHX3258,messy spray baggy sweatpants,army green,S_S_2026,RTW,Ready-to-Wear,Ready-to-Wear,Ready-to-Wear,,false,R049,bal_macro_men_rtw,bal_super_micro_men_t_shirts,2026-07-06,2026-07-20,7,false,,
5306732ABEG9000,messy spray baggy sweatpants,white,F_W_2026,RTW,Ready-to-Wear,Ready-to-Wear,Ready-to-Wear,,false,R049,bal_macro_men_rtw,bal_super_micro_men_t_shirts,2026-07-06,2026-09-28,13,false,,
5306732AEYI9002,messy spray baggy sweatpants,ivory,F_W_2025/S_S_2026,RTW,Ready-to-Wear,Ready-to-Wear,Ready-to-Wear,,false,R049,bal_macro_men_rtw,bal_super_micro_men_knitwear,2026-07-06,2026-09-28,15,false,,
5306734G93W3258,messy spray baggy sweatpants,army green,F_W_2025/S_S_2026,RTW,Ready-to-Wear,Ready-to-Wear,Ready-to-Wear,,false,R049,bal_macro_men_rtw,bal_super_micro_men_coats_and_jackets,2026-07-06,2026-09-07,15,false,,
530673TDI6S4011,messy spray baggy sweatpants,blue,F_W_2026,RTW,Ready-to-Wear,Ready-to-Wear,Ready-to-Wear,,false,R049,bal_macro_men_rtw,bal_super_micro_men_knitwear,2026-07-06,2026-09-28,15,false,,
530673TTFHH9002,messy spray baggy sweatpants,ivory,S_S_2025,RTW,Ready-to-Wear,Ready-to-Wear,Ready-to-Wear,,false,R049,bal_macro_men_rtw,bal_super_micro_men_pants,2026-07-06,2026-09-28,14,false,,
530673TTYKZ9104,messy spray baggy sweatpants,optic white,F_W_2026,RTW,Ready-to-Wear,Ready-to-Wear,Ready-to-Wear,,false,R049,bal_macro_men_rtw,bal_super_micro_men_t_shirts,2026-07-06,2026-09-28,13,false,,
530673TUO2Q1240,messy spray baggy sweatpants,grey,S_S_2026,RTW,Ready-to-Wear,Ready-to-Wear,Ready-to-Wear,,false,R049,bal_macro_men_rtw,bal_super_micro_men_knitwear,2026-07-06,2026-09-28,13,false,,
530673WF9QI1090,messy spray baggy sweatpants,black/white,S_S_2026,RTW,Ready-to-Wear,Ready-to-Wear,Ready-to-Wear,,false,R049,bal_macro_men_rtw,bal_super_micro_men_pants,2026-07-06,2026-09-28,15,false,,
530673WP5103258,messy spray baggy sweatpants,army green,F_W_2025/S_S_2026,RTW,Ready-to-Wear,Ready-to-Wear,Ready-to-Wear,,false,R049,bal_macro_men_rtw,bal_super_micro_men_t_shirts,2026-07-06,2026-09-28,13,false,,
53078321E0Q0926,jet sneaker,shiny silver,F_W_2025/S_S_2026,SH_SNEAKERS,Sneakers,Shoes,Sneakers,Shoes,true,R020,bal_macro_men_shoes,bal_super_micro_men_sneakers,2026-07-06,2026-09-28,14,false,,
5307832ABDY4011,jet sneaker,blue,F_W_2026,SH_SNEAKERS,Sneakers,Shoes,Sneakers,Shoes,true,R020,bal_macro_men_shoes,bal_super_micro_men_mules_and_loafers,2026-07-06,2026-09-28,14,false,,
5307834GFGT9104,jet sneaker,optic white,F_W_2026,SH_SNEAKERS,Sneakers,Shoes,Sneakers,Shoes,true,R020,bal_macro_men_shoes,bal_super_micro_men_sneakers,2026-07-06,2026-09-28,15,false,,
530783TTB2P1210,jet sneaker,light grey,S_S_2026,SH_SNEAKERS,Sneakers,Shoes,Sneakers,Shoes,true,R020,bal_macro_men_shoes,bal_super_micro_men_mules_and_loafers,2026-07-06,2026-09-28,14,false,,
530783WYYP71084,jet sneaker,black/multicolor,F_W_2025/S_S_2026,SH_SNEAKERS,Sneakers,Shoes,Sneakers,Shoes,true,R020,bal_macro_men_shoes,bal_super_micro_men_boots_and_booties,2026-07-06,2026-09-28,16,false,,
53089821CU23258,le city phone pouch,army green,S_S_2025,LG_SLG,Small Leather Goods,Leather Goods,Small Leather Goods,Small Leather Goods,true,R010,bal_macro_men_slg,bal_super_micro_men_slg,2026-07-06,2026-09-28,11,false,,
5308982A5GH3258,le city phone pouch,army green,F_W_2026,LG_SLG,Small Leather Goods,Leather Goods,Small Leather Goods,Small Leather Goods,true,R010,bal_macro_men_slg,bal_super_micro_men_slg,2026-07-06,2026-09-28,15,false,,
5308982ABHI4011,le city phone pouch,blue,S_S_2025,LG_SLG,Small Leather Goods,Leather Goods,Small Leather Goods,Small Leather Goods,true,R010,bal_macro_men_slg,bal_super_micro_men_keyrings,2026-07-06,2026-09-28,1,false,,
5308982ABS69000,le city phone pouch,white,S_S_2026,LG_SLG,Small Leather Goods,Leather Goods,Small Leather Goods,Small Leather Goods,true,R010,bal_macro_men_slg,bal_super_micro_men_slg,2026-07-06,2026-09-28,15,false,,
53282121ZMA9000,casino square af sunglasses,white,S_S_2026,AC_EYEWEAR,Eyewear,Accessories,Eyewear,Accessories,true,R025,bal_macro_women_eyewear,bal_super_micro_women_sunglasses,2026-07-06,2026-09-28,1,false,,
5328212A5818065,casino square af sunglasses,navy,S_S_2026,AC_EYEWEAR,Eyewear,Accessories,Eyewear,Accessories,true,R025,bal_macro_women_eyewear,bal_super_micro_women_sunglasses,2026-07-06,2026-09-28,13,false,,
532821WI5585723,casino square af sunglasses,petal pink,S_S_2025,AC_EYEWEAR,Eyewear,Accessories,Eyewear,Accessories,true,R025,bal_macro_women_eyewear,bal_super_micro_women_sunglasses,2026-07-06,2026-09-28,14,false,,
5333162APVK1000,charm/keychain faux fur tail,black,F_W_2026,AC_OTHER,Other Accessories,Accessories,Other Accessories,Accessories,true,R011,bal_macro_women_slg,bal_super_micro_women_keyrings,2026-07-06,2026-09-28,14,false,,
5333164GXRM5723,charm/keychain faux fur tail,petal pink,F_W_2026,AC_OTHER,Other Accessories,Accessories,Other Accessories,Accessories,true,R011,bal_macro_women_slg,bal_super_micro_women_keyrings,2026-07-06,2026-09-28,14,false,,
533316T75I81084,charm/keychain faux fur tail,black/multicolor,F_W_2026,AC_OTHER,Other Accessories,Accessories,Other Accessories,Accessories,true,R011,bal_macro_women_slg,bal_super_micro_women_cardholders,2026-07-06,2026-09-28,13,false,,
533316W69EG1041,charm/keychain faux fur tail,faded black,F_W_2026,AC_OTHER,Other Accessories,Accessories,Other Accessories,Accessories,true,R011,bal_macro_women_slg,bal_super_micro_women_wallets,2026-07-06,2026-09-28,1,false,,
533654213HK1090,rodeo toiletry pouch,black/white,S_S_2026,LG_SLG,Small Leather Goods,Leather Goods,Small Leather Goods,Small Leather Goods,true,R040,bal_macro_men_slg,bal_super_micro_men_slg,2026-07-06,2026-09-28,15,false,,
53365421G921000,rodeo toiletry pouch,black,S_S_2026,LG_SLG,Small Leather Goods,Leather Goods,Small Leather Goods,Small Leather Goods,true,R040,bal_macro_men_slg,bal_super_micro_men_wallets,2026-07-06,2026-09-28,11,false,,
5336542ABEA1000,rodeo toiletry pouch,black,S_S_2026,LG_SLG,Small Leather Goods,Leather Goods,Small Leather Goods,Small Leather Goods,true,R040,bal_macro_men_slg,bal_super_micro_men_cardholders,2026-07-27,2026-08-31,1,false,,
533654THV4T1251,rodeo toiletry pouch,volcanic rock,F_W_2026,AC_OTHER,Other Accessories,Accessories,Other Accessories,Accessories,true,R048,bal_macro_men_slg,bal_super_micro_men_keyrings,2026-07-06,2026-09-28,14,false,,
53413121R3X1000,rodeo handbag small,black,S_S_2026,LG_BAGS,Bags,Leather Goods,Bags,Bags,true,R012,bal_macro_women_bags,bal_super_micro_women_tote_bags,2026-07-06,2026-09-28,14,true,HERO-02,Rodeo Handbag Small (black)
5341312AZ5Y1210,rodeo handbag small,light grey,S_S_2026,LG_BAGS,Bags,Leather Goods,Bags,Bags,true,R012,bal_macro_women_bags,bal_super_micro_women_bags,2026-07-06,2026-09-28,14,false,,
5341314GAPT1000,rodeo handbag small,black,F_W_2026,LG_BAGS,Bags,Leather Goods,Bags,Bags,true,R012,bal_macro_women_bags,bal_super_micro_women_shoulder_bags,2026-07-06,2026-09-28,15,false,,
5341314GI642840,rodeo handbag small,khaki,F_W_2026/S_S_2026,LG_BAGS,Bags,Leather Goods,Bags,Bags,true,R012,bal_macro_women_bags,bal_super_micro_women_bags,2026-07-06,2026-09-28,12,false,,
534131TR3SF1240,rodeo handbag small,grey,F_W_2026,LG_BAGS,Bags,Leather Goods,Bags,Bags,true,R012,bal_macro_women_bags,bal_super_micro_women_clutches_and_pouches,2026-09-28,2026-09-28,14,false,,
534131WS53L2840,rodeo handbag small,khaki,F_W_2026,LG_BAGS,Bags,Leather Goods,Bags,Bags,true,R012,bal_macro_women_bags,bal_super_micro_women_bags,2026-07-06,2026-09-28,14,false,,
5358882AQKT1090,dynasty d-frame sunglasses,black/white,S_S_2026,AC_EYEWEAR,Eyewear,Accessories,Eyewear,Accessories,true,R025,bal_macro_men_accessories|bal_macro_women_accessories,bal_super_micro_men_hats_and_scarves|bal_super_micro_women_hats_and_scarves,2026-07-06,2026-09-28,15,false,,
535888T6V0D9002,dynasty d-frame sunglasses,ivory,S_S_2026/S_S_2027,AC_EYEWEAR,Eyewear,Accessories,Eyewear,Accessories,true,R025,bal_macro_men_accessories|bal_macro_women_accessories,bal_super_micro_men_keyrings|bal_super_micro_women_keyrings,2026-07-06,2026-09-28,15,false,,
535888W53UB1090,dynasty d-frame sunglasses,black,F_W_2026/S_S_2026,AC_EYEWEAR,Eyewear,Accessories,Eyewear,Accessories,true,R025,bal_macro_men_accessories|bal_macro_women_accessories,bal_super_micro_men_hats_and_scarves|bal_super_micro_women_hats_and_scarves,2026-09-21,2026-09-28,12,false,,
53659021R122533,crush chain bag xs,camel,S_S_2026,LG_BAGS,Bags,Leather Goods,Bags,Bags,true,R012,bal_macro_women_slg,bal_super_micro_women_clutches_and_pouches,2026-07-06,2026-09-28,14,false,,
536590TT9831251,crush chain bag xs,volcanic rock,F_W_2026,LG_BAGS,Bags,Leather Goods,Bags,Bags,true,R012,bal_macro_women_slg,bal_super_micro_women_wallets,2026-07-06,2026-09-28,11,false,,
5373612A8DH1000,dynasty rectangle sunglasses,black,S_S_2026,AC_EYEWEAR,Eyewear,Accessories,Eyewear,Accessories,true,R025,bal_macro_women_eyewear,bal_super_micro_women_sunglasses,2026-07-06,2026-09-28,16,false,,
5373612ABFZ4200,dynasty rectangle sunglasses,light blue,F_W_2026,AC_EYEWEAR,Eyewear,Accessories,Eyewear,Accessories,true,R025,bal_macro_women_eyewear,bal_super_micro_women_sunglasses,2026-07-06,2026-09-28,13,false,,
5373614GF8K0926,dynasty rectangle sunglasses,shiny silver,F_W_2026/S_S_2026/S_S_2027,AC_EYEWEAR,Eyewear,Accessories,Eyewear,Accessories,true,R025,bal_macro_women_eyewear,bal_super_micro_women_sunglasses,2026-07-06,2026-09-28,14,false,,
5378102APJA1000,jet sneaker,black,S_S_2026,SH_SNEAKERS,Sneakers,Shoes,Sneakers,Shoes,true,R020,bal_macro_women_shoes,bal_super_micro_women_pumps,2026-07-27,2026-09-28,1,false,,
5383472ASU34011,messy spray cap,blue,S_S_2026,AC_BELTS,Belts,Accessories,Belts,Accessories,true,R045,bal_macro_men_accessories,bal_super_micro_men_belts,2026-07-06,2026-09-28,15,false,,
5383474G1J09104,messy spray cap,optic white,F_W_2025,AC_OTHER,Other Accessories,Accessories,Other Accessories,Accessories,true,R048,bal_macro_men_accessories,bal_super_micro_men_other_accessories,2026-07-06,2026-09-28,14,false,,
538347W9J7I1240,messy spray cap,grey,F_W_2025/S_S_2026,AC_JEWELRY,Jewelry,Accessories,Jewelry,Accessories,true,R044,bal_macro_men_accessories,bal_super_micro_men_jewelry,2026-07-06,2026-09-28,12,false,,
53847521W6M3258,fargo mule,army green,F_W_2025,SH_SNEAKERS,Sneakers,Shoes,Sneakers,Shoes,true,R042,bal_macro_women_shoes,bal_super_micro_women_sneakers,2026-07-06,2026-09-28,15,false,,
5384752APQC3258,fargo mule,army green,S_S_2026,SH_SNEAKERS,Sneakers,Shoes,Sneakers,Shoes,true,R042,bal_macro_women_shoes,bal_super_micro_women_sneakers,2026-07-06,2026-09-28,14,false,,
5384752AVWB8065,fargo mule,navy,S_S_2026,SH_SHOES,Other Shoes,Shoes,Other Shoes,Shoes,true,R043,bal_macro_women_shoes,bal_super_micro_women_mules,2026-07-06,2026-07-06,8,false,,
538475TTW344200,fargo mule,light blue,F_W_2026,SH_SHOES,Other Shoes,Shoes,Other Shoes,Shoes,true,R043,bal_macro_women_shoes,bal_super_micro_women_mules,2026-07-06,2026-09-28,10,false,,
53910621GTV8065,masking tape long sleeve shirt large fit,navy,F_W_2025/S_S_2026,RTW,Ready-to-Wear,Ready-to-Wear,Ready-to-Wear,,false,R049,bal_macro_men_rtw,bal_super_micro_men_sweatshirts,2026-07-06,2026-07-13,8,false,,
5391062A44W1251,masking tape long sleeve shirt large fit,volcanic rock,F_W_2025/F_W_2026/S_S_2026,RTW,Ready-to-Wear,Ready-to-Wear,Ready-to-Wear,,false,R049,bal_macro_men_rtw,bal_super_micro_men_sweatshirts,2026-07-06,2026-09-28,11,false,,
5391062A99A8065,masking tape long sleeve shirt large fit,navy,F_W_2025/F_W_2026/S_S_2026,RTW,Ready-to-Wear,Ready-to-Wear,Ready-to-Wear,,false,R049,bal_macro_men_rtw,bal_super_micro_men_knitwear,2026-07-06,2026-09-28,16,false,,
5391064GRXR1000,masking tape long sleeve shirt large fit,black,F_W_2025/S_S_2026,RTW,Ready-to-Wear,Ready-to-Wear,Ready-to-Wear,,false,R049,bal_macro_men_rtw,bal_super_micro_men_pants,2026-07-06,2026-09-28,14,false,,
539106THCYG0911,masking tape long sleeve shirt large fit,antique silver,S_S_2026,RTW,Ready-to-Wear,Ready-to-Wear,Ready-to-Wear,,false,R049,bal_macro_men_rtw,bal_super_micro_men_t_shirts,2026-07-06,2026-09-28,14,false,,
539106TT4DR1240,masking tape long sleeve shirt large fit,grey,F_W_2025,RTW,Ready-to-Wear,Ready-to-Wear,Ready-to-Wear,,false,R049,bal_macro_men_rtw,bal_super_micro_men_pants,2026-07-06,2026-09-28,13,false,,
539106TT7IA1000,masking tape long sleeve shirt large fit,black,S_S_2026,RTW,Ready-to-Wear,Ready-to-Wear,Ready-to-Wear,,false,R049,bal_macro_men_rtw,bal_super_micro_men_pants,2026-07-06,2026-09-28,14,false,,
539106TTE8D1090,masking tape long sleeve shirt large fit,black/white,F_W_2026,RTW,Ready-to-Wear,Ready-to-Wear,Ready-to-Wear,,false,R049,bal_macro_men_rtw,bal_super_micro_men_sweatshirts,2026-07-20,2026-09-28,15,false,,
539106W1GAG9002,masking tape long sleeve shirt large fit,ivory,F_W_2026,RTW,Ready-to-Wear,Ready-to-Wear,Ready-to-Wear,,false,R049,bal_macro_men_rtw,bal_super_micro_men_knitwear,2026-07-06,2026-09-28,14,false,,
539652219588122,the song of the highest tower cut-off sleeve hoodie,silver,F_W_2026/S_S_2026,RTW,Ready-to-Wear,Ready-to-Wear,Ready-to-Wear,,false,R049,bal_macro_men_rtw,bal_super_micro_men_pants,2026-07-06,2026-09-28,14,false,,
53965221UAK0926,the song of the highest tower cut-off sleeve hoodie,shiny silver,F_W_2026,RTW,Ready-to-Wear,Ready-to-Wear,Ready-to-Wear,,false,R049,bal_macro_men_rtw,bal_super_micro_men_pants,2026-07-06,2026-09-28,13,false,,
5396522A0JL1000,the song of the highest tower cut-off sleeve hoodie,black,F_W_2026,RTW,Ready-to-Wear,Ready-to-Wear,Ready-to-Wear,,false,R049,bal_macro_men_rtw,bal_super_micro_men_sweatshirts,2026-07-06,2026-09-28,15,false,,
5396522ABMI2308,the song of the highest tower cut-off sleeve hoodie,light espresso,S_S_2026,RTW,Ready-to-Wear,Ready-to-Wear,Ready-to-Wear,,false,R049,bal_macro_men_rtw,bal_super_micro_men_coats_and_jackets,2026-07-06,2026-09-28,14,false,,
5396524G1SC2308,the song of the highest tower cut-off sleeve hoodie,light espresso,F_W_2025,RTW,Ready-to-Wear,Ready-to-Wear,Ready-to-Wear,,false,R049,bal_macro_men_rtw,bal_super_micro_men_t_shirts,2026-07-06,2026-08-03,14,false,,
5396524G6H71000,the song of the highest tower cut-off sleeve hoodie,black,F_W_2025/S_S_2026,RTW,Ready-to-Wear,Ready-to-Wear,Ready-to-Wear,,false,R049,bal_macro_men_rtw,bal_super_micro_men_t_shirts,2026-07-06,2026-09-28,15,false,,
539652T1RXI1210,the song of the highest tower cut-off sleeve hoodie,light grey,F_W_2026,RTW,Ready-to-Wear,Ready-to-Wear,Ready-to-Wear,,false,R049,bal_macro_men_rtw,bal_super_micro_men_t_shirts,2026-07-06,2026-09-28,13,false,,
539652T7CVF0127,the song of the highest tower cut-off sleeve hoodie,shiny gold,S_S_2026,RTW,Ready-to-Wear,Ready-to-Wear,Ready-to-Wear,,false,R049,bal_macro_men_rtw,bal_super_micro_men_sweatshirts,2026-09-14,2026-09-28,15,false,,
539652TNWM70911,the song of the highest tower cut-off sleeve hoodie,antique silver,F_W_2025,RTW,Ready-to-Wear,Ready-to-Wear,Ready-to-Wear,,false,R049,bal_macro_men_rtw,bal_super_micro_men_coats_and_jackets,2026-07-06,2026-09-28,15,false,,
539652TT1XN1240,the song of the highest tower cut-off sleeve hoodie,grey,F_W_2025/F_W_2026/S_S_2026,RTW,Ready-to-Wear,Ready-to-Wear,Ready-to-Wear,,false,R049,bal_macro_men_rtw,bal_super_micro_men_t_shirts,2026-07-06,2026-09-28,13,false,,
539652TT8OW1210,the song of the highest tower cut-off sleeve hoodie,light grey,F_W_2026/S_S_2026,RTW,Ready-to-Wear,Ready-to-Wear,Ready-to-Wear,,false,R049,bal_macro_men_rtw,bal_super_micro_men_coats_and_jackets,2026-07-06,2026-09-28,15,false,,
539652TTLAJ8065,the song of the highest tower cut-off sleeve hoodie,navy,S_S_2026,RTW,Ready-to-Wear,Ready-to-Wear,Ready-to-Wear,,false,R049,bal_macro_men_rtw,bal_super_micro_men_sweatshirts,2026-07-06,2026-09-28,14,false,,
539652TTM7V5723,the song of the highest tower cut-off sleeve hoodie,petal pink,S_S_2026,RTW,Ready-to-Wear,Ready-to-Wear,Ready-to-Wear,,false,R049,bal_macro_men_rtw,bal_super_micro_men_pants,2026-07-06,2026-09-28,12,false,,
539652TUWBW9000,the song of the highest tower cut-off sleeve hoodie,white,F_W_2026/S_S_2027,RTW,Ready-to-Wear,Ready-to-Wear,Ready-to-Wear,,false,R049,bal_macro_men_rtw,bal_super_micro_men_knitwear,2026-09-14,2026-09-28,13,false,,
539652TY0ED1000,the song of the highest tower cut-off sleeve hoodie,black,F_W_2026/S_S_2026,RTW,Ready-to-Wear,Ready-to-Wear,Ready-to-Wear,,false,R049,bal_macro_men_rtw,bal_super_micro_men_sweatshirts,2026-07-06,2026-09-28,15,false,,
53978821RKZ1251,select tote bag large,volcanic rock,F_W_2025/S_S_2026,LG_BAGS,Bags,Leather Goods,Bags,Bags,true,R012,bal_macro_women_leather_goods,bal_super_micro_women_small_leather_goods,2026-07-27,2026-09-28,1,false,,
539788TAQB38122,select tote bag large,silver,F_W_2026,LG_BAGS,Bags,Leather Goods,Bags,Bags,true,R012,bal_macro_women_leather_goods,bal_super_micro_women_handbags,2026-07-06,2026-09-28,14,false,,
539914WQIJ69020,monaco square folded wallet,cream,F_W_2025,LG_SLG,Small Leather Goods,Leather Goods,Small Leather Goods,Small Leather Goods,true,R010,bal_macro_men_slg,bal_super_micro_men_slg,2026-07-06,2026-09-28,16,false,,
54096221JKJ5723,envelope mini wallet,petal pink,F_W_2025/S_S_2026,LG_SLG,Small Leather Goods,Leather Goods,Small Leather Goods,Small Leather Goods,true,R010,bal_macro_women_slg,bal_super_micro_women_cardholders,2026-07-06,2026-09-28,16,false,,
54096221R8F1000,envelope mini wallet,black,F_W_2026,LG_SLG,Small Leather Goods,Leather Goods,Small Leather Goods,Small Leather Goods,true,R010,bal_macro_women_slg,bal_super_micro_women_clutches_and_pouches,2026-07-06,2026-09-28,13,false,,
5409624GX4F1000,envelope mini wallet,black,F_W_2026/S_S_2026,LG_SLG,Small Leather Goods,Leather Goods,Small Leather Goods,Small Leather Goods,true,R010,bal_macro_women_slg,bal_super_micro_women_wallets,2026-07-06,2026-09-28,14,false,,
540962T5NE71210,envelope mini wallet,light grey,S_S_2026,LG_SLG,Small Leather Goods,Leather Goods,Small Leather Goods,Small Leather Goods,true,R010,bal_macro_women_slg,bal_super_micro_women_keyrings,2026-07-06,2026-09-28,15,false,,
540962TTG124200,envelope mini wallet,light blue,S_S_2026,LG_SLG,Small Leather Goods,Leather Goods,Small Leather Goods,Small Leather Goods,true,R010,bal_macro_women_slg,bal_super_micro_women_keyrings,2026-07-20,2026-09-28,14,false,,
540962WD2T71251,envelope mini wallet,volcanic rock,S_S_2026,LG_SLG,Small Leather Goods,Leather Goods,Small Leather Goods,Small Leather Goods,true,R010,bal_macro_women_slg,bal_super_micro_women_keyrings,2026-07-06,2026-09-28,15,false,,
5410544G58B1090,dumbo bootie,black,F_W_2026,SH_SHOES,Other Shoes,Shoes,Other Shoes,Shoes,true,R043,bal_macro_men_shoes,bal_super_micro_men_sandals,2026-07-06,2026-09-28,11,false,,
541054TDH9T4200,dumbo bootie,light blue,F_W_2025,SH_SHOES,Other Shoes,Shoes,Other Shoes,Shoes,true,R043,bal_macro_men_shoes,bal_super_micro_men_boots_and_booties,2026-07-06,2026-09-28,15,false,,
541054TT7YA1251,dumbo bootie,volcanic rock,F_W_2026,SH_SHOES,Other Shoes,Shoes,Other Shoes,Shoes,true,R043,bal_macro_men_shoes,bal_super_micro_men_mules_and_loafers,2026-07-06,2026-09-28,14,false,,
54300421W5L1000,phantom round sunglasses,black,F_W_2025/F_W_2026/S_S_2026,AC_EYEWEAR,Eyewear,Accessories,Eyewear,Accessories,true,R025,bal_macro_men_accessories|bal_macro_women_accessories,bal_super_micro_men_objects|bal_super_micro_women_objects,2026-07-06,2026-09-28,14,false,,
5430042A0M70926,phantom round sunglasses,shiny silver,F_W_2025,AC_EYEWEAR,Eyewear,Accessories,Eyewear,Accessories,true,R025,bal_macro_men_accessories|bal_macro_women_accessories,bal_super_micro_men_hats_and_scarves|bal_super_micro_women_hats_and_scarves,2026-07-06,2026-09-28,15,false,,
5430042A1PK1000,phantom round sunglasses,black,S_S_2026,AC_EYEWEAR,Eyewear,Accessories,Eyewear,Accessories,true,R025,bal_macro_men_accessories|bal_macro_women_accessories,bal_super_micro_men_keyrings|bal_super_micro_women_keyrings,2026-07-06,2026-09-28,14,false,,
5430042ABM43258,phantom round sunglasses,army green,F_W_2026,AC_EYEWEAR,Eyewear,Accessories,Eyewear,Accessories,true,R025,bal_macro_men_accessories|bal_macro_women_accessories,bal_super_micro_men_hats_and_scarves|bal_super_micro_women_hats_and_scarves,2026-07-27,2026-09-28,1,false,,
5430044GYBB2533,phantom round sunglasses,camel,F_W_2025,AC_EYEWEAR,Eyewear,Accessories,Eyewear,Accessories,true,R025,bal_macro_men_accessories|bal_macro_women_accessories,bal_super_micro_men_jewelry|bal_super_micro_women_jewelry,2026-07-06,2026-09-28,14,false,,
543004T212F1041,phantom round sunglasses,faded black,F_W_2026,AC_EYEWEAR,Eyewear,Accessories,Eyewear,Accessories,true,R025,bal_macro_men_accessories|bal_macro_women_accessories,bal_super_micro_men_keyrings|bal_super_micro_women_keyrings,2026-07-06,2026-09-28,13,false,,
543004TT4D43258,phantom round sunglasses,army green,S_S_2025,AC_EYEWEAR,Eyewear,Accessories,Eyewear,Accessories,true,R025,bal_macro_men_accessories|bal_macro_women_accessories,bal_super_micro_men_jewelry|bal_super_micro_women_jewelry,2026-09-28,2026-09-28,13,false,,
5433214G4QH1240,le city bag medium,grey,F_W_2026,LG_BAGS,Bags,Leather Goods,Bags,Bags,true,R012,bal_macro_women_leather_goods,bal_super_micro_women_small_leather_goods,2026-07-06,2026-09-28,14,false,,
5433214G6L52533,le city bag medium,camel,S_S_2026,LG_BAGS,Bags,Leather Goods,Bags,Bags,true,R012,bal_macro_women_leather_goods,bal_super_micro_women_handbags,2026-07-06,2026-07-20,7,false,,
543321TT8F11000,le city bag medium,black,S_S_2026,LG_BAGS,Bags,Leather Goods,Bags,Bags,true,R012,bal_macro_women_leather_goods,bal_super_micro_women_bags,2026-07-06,2026-09-28,14,true,HERO-01,Le City Bag Medium (black)
543321TTJN28122,le city bag medium,silver,F_W_2025,LG_BAGS,Bags,Leather Goods,Bags,Bags,true,R012,bal_macro_women_leather_goods,bal_super_micro_women_bags,2026-07-06,2026-09-28,15,false,,
543321W65TT1000,le city bag medium,black,S_S_2026,LG_BAGS,Bags,Leather Goods,Bags,Bags,true,R012,bal_macro_women_leather_goods,bal_super_micro_women_bags,2026-07-06,2026-09-28,14,false,,
543321W91GJ1000,le city bag medium,black,F_W_2025,LG_BAGS,Bags,Leather Goods,Bags,Bags,true,R012,bal_macro_women_leather_goods,bal_super_micro_women_bags,2026-07-06,2026-09-28,15,false,,
543321WALW40911,le city bag medium,antique silver,F_W_2025,LG_BAGS,Bags,Leather Goods,Bags,Bags,true,R012,bal_macro_women_leather_goods,bal_super_micro_women_small_leather_goods,2026-07-06,2026-09-28,14,false,,
543370219HX1090,eisa xs ear cuff,black/white,S_S_2026,AC_JEWELRY,Jewelry,Accessories,Jewelry,Accessories,true,R030,bal_macro_women_accessories,bal_super_micro_women_keyrings,2026-07-06,2026-09-28,15,false,,
5433702ABRF1000,eisa xs ear cuff,black,F_W_2024/S_S_2025,AC_JEWELRY,Jewelry,Accessories,Jewelry,Accessories,true,R030,bal_macro_women_accessories,bal_super_micro_women_other_accessories,2026-07-06,2026-09-28,14,false,,
543370TTD7G1210,eisa xs ear cuff,light grey,F_W_2026,AC_JEWELRY,Jewelry,Accessories,Jewelry,Accessories,true,R030,bal_macro_women_accessories,bal_super_micro_women_keyrings,2026-07-06,2026-09-28,15,false,,
543370W5T5P0926,eisa xs ear cuff,shiny silver,F_W_2026,AC_JEWELRY,Jewelry,Accessories,Jewelry,Accessories,true,R030,bal_macro_women_accessories,bal_super_micro_women_belts,2026-07-06,2026-09-28,15,false,,
543370W6LPA1000,eisa xs ear cuff,black,F_W_2026,AC_JEWELRY,Jewelry,Accessories,Jewelry,Accessories,true,R030,bal_macro_women_accessories,bal_super_micro_women_jewelry,2026-07-06,2026-08-24,13,false,,
54348621DA94200,bb hourglass medium belt,light blue,S_S_2026,AC_BELTS,Belts,Accessories,Belts,Accessories,true,R035,bal_macro_women_accessories,bal_super_micro_women_belts,2026-07-06,2026-09-28,15,false,,
5434864G98R1000,bb hourglass medium belt,black,F_W_2026,AC_BELTS,Belts,Accessories,Belts,Accessories,true,R035,bal_macro_women_accessories,bal_super_micro_women_other_accessories,2026-07-06,2026-09-28,15,false,,
543486TTYVN1240,bb hourglass medium belt,grey,F_W_2026,AC_BELTS,Belts,Accessories,Belts,Accessories,true,R035,bal_macro_women_accessories,bal_super_micro_women_jewelry,2026-07-06,2026-08-10,15,false,,
543486TZ0SZ9000,bb hourglass medium belt,white,F_W_2026,AC_BELTS,Belts,Accessories,Belts,Accessories,true,R035,bal_macro_women_accessories,bal_super_micro_women_jewelry,2026-07-06,2026-09-28,13,false,,
543486W2NUN9000,bb hourglass medium belt,white,F_W_2026,AC_BELTS,Belts,Accessories,Belts,Accessories,true,R035,bal_macro_women_accessories,bal_super_micro_women_keyrings,2026-07-06,2026-09-28,11,false,,
5438962AC4W1041,le city charm heart box,faded black,F_W_2026,AC_OTHER,Other Accessories,Accessories,Other Accessories,Accessories,true,R011,bal_macro_women_accessories,bal_super_micro_women_keyrings,2026-07-06,2026-09-28,15,false,,
5438964GHMX1000,le city charm heart box,black,S_S_2026,AC_OTHER,Other Accessories,Accessories,Other Accessories,Accessories,true,R011,bal_macro_women_accessories,bal_super_micro_women_sunglasses,2026-07-06,2026-09-28,13,false,,
543896TTGZR2308,le city charm heart box,light espresso,S_S_2026,AC_OTHER,Other Accessories,Accessories,Other Accessories,Accessories,true,R011,bal_macro_women_accessories,bal_super_micro_women_keyrings,2026-07-06,2026-09-28,15,false,,
5439462A1JI2840,jet lag thong,khaki,F_W_2025,SH_SHOES,Other Shoes,Shoes,Other Shoes,Shoes,true,R043,bal_macro_women_shoes,bal_super_micro_women_sandals,2026-07-06,2026-09-28,15,false,,
5439462AOBA3258,jet lag thong,army green,S_S_2026,SH_SHOES,Other Shoes,Shoes,Other Shoes,Shoes,true,R043,bal_macro_women_shoes,bal_super_micro_women_boots_and_booties,2026-07-06,2026-09-28,14,false,,
5439462ATLQ0127,jet lag thong,shiny gold,S_S_2026,SH_SHOES,Other Shoes,Shoes,Other Shoes,Shoes,true,R043,bal_macro_women_shoes,bal_super_micro_women_mules,2026-07-06,2026-09-28,1,false,,
543946T0AW50911,jet lag thong,antique silver,F_W_2025,SH_SNEAKERS,Sneakers,Shoes,Sneakers,Shoes,true,R042,bal_macro_women_shoes,bal_super_micro_women_sneakers,2026-07-06,2026-09-28,14,false,,
543946TF7JU5723,jet lag thong,petal pink,F_W_2026,SH_SHOES,Other Shoes,Shoes,Other Shoes,Shoes,true,R043,bal_macro_women_shoes,bal_super_micro_women_pumps,2026-07-06,2026-09-28,13,false,,
54493221SAD1000,le city bag small giant studs with rhinestones,black,F_W_2026,LG_BAGS,Bags,Leather Goods,Bags,Bags,true,R012,bal_macro_women_leather_goods,bal_super_micro_women_handbags,2026-07-06,2026-09-28,15,false,,
5449322AYZX0911,le city bag small giant studs with rhinestones,antique silver,S_S_2026,LG_BAGS,Bags,Leather Goods,Bags,Bags,true,R012,bal_macro_women_leather_goods,bal_super_micro_women_handbags,2026-08-24,2026-09-28,16,false,,
5449324G4HJ0926,le city bag small giant studs with rhinestones,shiny silver,S_S_2026,LG_BAGS,Bags,Leather Goods,Bags,Bags,true,R012,bal_macro_women_leather_goods,bal_super_micro_women_bags,2026-07-06,2026-09-28,14,false,,
5449324GQLA8065,le city bag small giant studs with rhinestones,navy,S_S_2026,LG_BAGS,Bags,Leather Goods,Bags,Bags,true,R012,bal_macro_women_leather_goods,bal_super_micro_women_handbags,2026-08-17,2026-09-28,13,false,,
5449324GWV24011,le city bag small giant studs with rhinestones,blue,S_S_2026,LG_BAGS,Bags,Leather Goods,Bags,Bags,true,R012,bal_macro_women_leather_goods,bal_super_micro_women_small_leather_goods,2026-07-06,2026-09-28,15,false,,
544932W60MX2840,le city bag small giant studs with rhinestones,khaki,F_W_2025,LG_BAGS,Bags,Leather Goods,Bags,Bags,true,R012,bal_macro_women_leather_goods,bal_super_micro_women_small_leather_goods,2026-07-06,2026-09-28,13,false,,
5454812A9H41210,venom boot,light grey,S_S_2026,SH_SHOES,Other Shoes,Shoes,Other Shoes,Shoes,true,R043,bal_macro_women_shoes,bal_super_micro_women_boots_and_booties,2026-07-06,2026-09-28,14,false,,
5454812ABL49104,venom boot,optic white,S_S_2026,SH_SHOES,Other Shoes,Shoes,Other Shoes,Shoes,true,R043,bal_macro_women_shoes,bal_super_micro_women_boots_and_booties,2026-07-06,2026-09-28,14,false,,
5454812ASG01090,venom boot,black/white,S_S_2026,SH_SNEAKERS,Sneakers,Shoes,Sneakers,Shoes,true,R042,bal_macro_women_shoes,bal_super_micro_women_sneakers,2026-07-06,2026-09-28,15,false,,
5454814G6B81000,venom boot,black,F_W_2026,SH_SHOES,Other Shoes,Shoes,Other Shoes,Shoes,true,R043,bal_macro_women_shoes,bal_super_micro_women_pumps,2026-07-06,2026-07-06,7,false,,
5454814GLMH9002,venom boot,ivory,F_W_2024/S_S_2025,SH_SHOES,Other Shoes,Shoes,Other Shoes,Shoes,true,R043,bal_macro_women_shoes,bal_super_micro_women_mules,2026-07-27,2026-09-28,13,false,,
545481T6E055723,venom boot,petal pink,F_W_2025,SH_SHOES,Other Shoes,Shoes,Other Shoes,Shoes,true,R043,bal_macro_women_shoes,bal_super_micro_women_boots_and_booties,2026-07-06,2026-09-28,15,false,,
545481TDTS71000,venom boot,black,S_S_2026,SH_SNEAKERS,Sneakers,Shoes,Sneakers,Shoes,true,R042,bal_macro_women_shoes,bal_super_micro_women_sneakers,2026-07-06,2026-09-28,15,false,,
545481TTIQ89002,venom boot,ivory,S_S_2026,SH_SHOES,Other Shoes,Shoes,Other Shoes,Shoes,true,R043,bal_macro_women_shoes,bal_super_micro_women_pumps,2026-07-06,2026-09-28,12,false,,
54608421UYW0127,basketball mule sneaker,shiny gold,F_W_2026,SH_SNEAKERS,Sneakers,Shoes,Sneakers,Shoes,true,R020,bal_macro_men_shoes,bal_super_micro_men_formal_shoes,2026-07-06,2026-09-28,13,false,,
5460844GGAD0926,basketball mule sneaker,shiny silver,F_W_2026/S_S_2026/S_S_2027,SH_SNEAKERS,Sneakers,Shoes,Sneakers,Shoes,true,R020,bal_macro_men_shoes,bal_super_micro_men_mules_and_loafers,2026-07-06,2026-09-28,13,false,,
546084TT2TC8122,basketball mule sneaker,silver,F_W_2025/S_S_2026,SH_SNEAKERS,Sneakers,Shoes,Sneakers,Shoes,true,R020,bal_macro_men_shoes,bal_super_micro_men_sneakers,2026-07-06,2026-09-28,13,false,,
546998213YO9104,rodeo sling pochette with rhinestones,optic white,S_S_2026,LG_BAGS,Bags,Leather Goods,Bags,Bags,true,R012,bal_macro_women_slg,bal_super_micro_women_slg,2026-07-06,2026-09-28,14,false,,
5469982ABEE9002,rodeo sling pochette with rhinestones,ivory,S_S_2026,LG_BAGS,Bags,Leather Goods,Bags,Bags,true,R012,bal_macro_women_slg,bal_super_micro_women_slg,2026-07-06,2026-09-28,15,false,,
5482214GQV51000,le city bag mini,black,F_W_2026,LG_BAGS,Bags,Leather Goods,Bags,Bags,true,R012,bal_macro_women_bags,bal_super_micro_women_tote_bags,2026-07-06,2026-09-28,14,false,,
548221T5X8F2308,le city bag mini,light espresso,F_W_2025/F_W_2026/S_S_2026,LG_BAGS,Bags,Leather Goods,Bags,Bags,true,R012,bal_macro_women_bags,bal_super_micro_women_handbags,2026-07-06,2026-09-28,14,false,,
5488132ABGX2308,le city backpack,light espresso,F_W_2026,LG_BAGS,Bags,Leather Goods,Bags,Bags,true,R012,bal_macro_men_bags,bal_super_micro_men_beltbags,2026-07-06,2026-09-28,15,false,,
5497462ABR30911,to be confirmed hair mist,antique silver,F_W_2026,BEAUTY,Fragrance & Beauty,Beauty,Fragrance & Beauty,,false,R015,bal_macro_men_beauty|bal_macro_women_beauty,bal_super_micro_men_fragrances|bal_super_micro_women_fragrances,2026-07-06,2026-09-28,14,false,,
549791TCNO41000,balenciaga | j.m. weston d'orsay oxford shoe,black,S_S_2026,SH_SHOES,Other Shoes,Shoes,Other Shoes,Shoes,true,R043,bal_macro_men_shoes,bal_super_micro_men_sandals,2026-07-06,2026-09-28,16,false,,
5505264G0059002,rodeo handbag small,ivory,S_S_2026,LG_BAGS,Bags,Leather Goods,Bags,Bags,true,R012,bal_macro_women_leather_goods,bal_super_micro_women_bags,2026-07-06,2026-09-28,14,false,,
550558TATSZ1240,turbo d-frame sunglasses,grey,S_S_2026,AC_EYEWEAR,Eyewear,Accessories,Eyewear,Accessories,true,R025,bal_macro_men_accessories|bal_macro_women_accessories,bal_super_micro_men_jewelry|bal_super_micro_women_jewelry,2026-07-06,2026-09-28,12,false,,
550558TPSB51000,turbo d-frame sunglasses,black,F_W_2025/F_W_2026/S_S_2026,AC_EYEWEAR,Eyewear,Accessories,Eyewear,Accessories,true,R025,bal_macro_men_accessories|bal_macro_women_accessories,bal_super_micro_men_sunglasses|bal_super_micro_women_sunglasses,2026-07-06,2026-09-28,15,false,,
550558W3GJL1000,turbo d-frame sunglasses,black,S_S_2026,AC_EYEWEAR,Eyewear,Accessories,Eyewear,Accessories,true,R025,bal_macro_men_accessories|bal_macro_women_accessories,bal_super_micro_men_jewelry|bal_super_micro_women_jewelry,2026-07-06,2026-09-28,13,false,,
5513004GAEL2840,hybrid cap,khaki,F_W_2026,AC_HATS_SCARVES,Hats & Scarves,Accessories,Hats & Scarves,Accessories,true,R047,bal_macro_men_accessories,bal_super_micro_men_caps,2026-07-06,2026-09-28,15,false,,
551300TSC0G8122,hybrid cap,silver,F_W_2026,AC_BELTS,Belts,Accessories,Belts,Accessories,true,R045,bal_macro_men_accessories,bal_super_micro_men_belts,2026-07-06,2026-09-28,14,false,,
551300WD3TU1000,hybrid cap,black,S_S_2026,AC_HATS_SCARVES,Hats & Scarves,Accessories,Hats & Scarves,Accessories,true,R047,bal_macro_men_accessories,bal_super_micro_men_caps,2026-07-06,2026-09-28,13,false,,
552293216011251,classic b belt,volcanic rock,F_W_2026,AC_BELTS,Belts,Accessories,Belts,Accessories,true,R035,bal_macro_women_accessories,bal_super_micro_women_other_accessories,2026-07-06,2026-09-28,14,false,,
552293T3LUQ9000,classic b belt,white,F_W_2025,AC_BELTS,Belts,Accessories,Belts,Accessories,true,R035,bal_macro_women_accessories,bal_super_micro_women_sunglasses,2026-07-06,2026-09-28,14,false,,
552293T7G1E1000,classic b belt,black,S_S_2026,AC_BELTS,Belts,Accessories,Belts,Accessories,true,R035,bal_macro_women_accessories,bal_super_micro_women_jewelry,2026-07-06,2026-09-28,14,false,,
552293TT5P69002,classic b belt,ivory,F_W_2026/S_S_2026,AC_BELTS,Belts,Accessories,Belts,Accessories,true,R035,bal_macro_women_accessories,bal_super_micro_women_jewelry,2026-07-06,2026-09-28,14,false,,
5523132A4TF2308,loop earrings,light espresso,F_W_2026,AC_JEWELRY,Jewelry,Accessories,Jewelry,Accessories,true,R030,bal_macro_women_accessories,bal_super_micro_women_belts,2026-07-06,2026-09-28,15,false,,
5523132ABSF2308,loop earrings,light espresso,F_W_2025,AC_JEWELRY,Jewelry,Accessories,Jewelry,Accessories,true,R030,bal_macro_women_accessories,bal_super_micro_women_sunglasses,2026-07-06,2026-09-28,15,false,,
5523132ABZN1084,loop earrings,black/multicolor,S_S_2026,AC_JEWELRY,Jewelry,Accessories,Jewelry,Accessories,true,R030,bal_macro_women_accessories,bal_super_micro_women_other_accessories,2026-07-06,2026-09-28,14,false,,
5523132ADWE2840,loop earrings,khaki,F_W_2026,AC_JEWELRY,Jewelry,Accessories,Jewelry,Accessories,true,R030,bal_macro_women_accessories,bal_super_micro_women_keyrings,2026-07-06,2026-08-31,14,false,,
552313TAWSI1000,loop earrings,black,F_W_2025,AC_JEWELRY,Jewelry,Accessories,Jewelry,Accessories,true,R030,bal_macro_women_accessories,bal_super_micro_women_keyrings,2026-09-07,2026-09-28,15,false,,
552352TTUML9020,typo metal earrings,cream,F_W_2025,AC_JEWELRY,Jewelry,Accessories,Jewelry,Accessories,true,R030,bal_macro_men_accessories|bal_macro_women_accessories,bal_super_micro_men_keyrings|bal_super_micro_women_keyrings,2026-07-06,2026-09-28,15,false,,
552352WJFZ11000,typo metal earrings,black,S_S_2026,AC_JEWELRY,Jewelry,Accessories,Jewelry,Accessories,true,R030,bal_macro_men_accessories|bal_macro_women_accessories,bal_super_micro_men_jewelry|bal_super_micro_women_jewelry,2026-07-06,2026-09-28,14,false,,
552358T6AME4011,le city bucket bag small,blue,S_S_2025,LG_BAGS,Bags,Leather Goods,Bags,Bags,true,R012,bal_macro_women_leather_goods,bal_super_micro_women_handbags,2026-07-06,2026-09-28,14,false,,
55285021CYT3258,cosmo square af sunglasses,army green,F_W_2025/S_S_2026,AC_EYEWEAR,Eyewear,Accessories,Eyewear,Accessories,true,R025,bal_macro_women_eyewear,bal_super_micro_women_sunglasses,2026-07-06,2026-07-27,15,false,,
552850TT0WZ4200,cosmo square af sunglasses,light blue,F_W_2026,AC_EYEWEAR,Eyewear,Accessories,Eyewear,Accessories,true,R025,bal_macro_women_eyewear,bal_super_micro_women_sunglasses,2026-07-06,2026-09-28,14,false,,
552850W3S0V3258,cosmo square af sunglasses,army green,S_S_2025,AC_EYEWEAR,Eyewear,Accessories,Eyewear,Accessories,true,R025,bal_macro_women_eyewear,bal_super_micro_women_sunglasses,2026-07-06,2026-09-28,16,false,,
553957TBSVE4200,le city magnet card holder,light blue,F_W_2026/S_S_2026/S_S_2027,LG_SLG,Small Leather Goods,Leather Goods,Small Leather Goods,Small Leather Goods,true,R010,bal_macro_men_slg,bal_super_micro_men_slg,2026-07-06,2026-09-28,12,false,,
553957TTANN1084,le city magnet card holder,black/multicolor,F_W_2026,LG_SLG,Small Leather Goods,Leather Goods,Small Leather Goods,Small Leather Goods,true,R010,bal_macro_men_slg,bal_super_micro_men_slg,2026-07-06,2026-09-28,12,false,,
553957WO6SQ1251,le city magnet card holder,volcanic rock,F_W_2026,LG_SLG,Small Leather Goods,Leather Goods,Small Leather Goods,Small Leather Goods,true,R010,bal_macro_men_slg,bal_super_micro_men_slg,2026-07-06,2026-09-28,13,false,,
55430321CYU1240,le cagole shoulder bag small,grey,F_W_2025,LG_BAGS,Bags,Leather Goods,Bags,Bags,true,R012,bal_macro_women_bags,bal_super_micro_women_bags,2026-07-06,2026-09-28,14,false,,
5543034GFF51000,le cagole shoulder bag small,black,F_W_2026/S_S_2026,LG_BAGS,Bags,Leather Goods,Bags,Bags,true,R012,bal_macro_women_bags,bal_super_micro_women_tote_bags,2026-07-06,2026-09-28,15,true,HERO-04,Le Cagole Shoulder Bag Small (black)
554303TCULN5723,le cagole shoulder bag small,petal pink,F_W_2026/S_S_2027,LG_BAGS,Bags,Leather Goods,Bags,Bags,true,R012,bal_macro_women_bags,bal_super_micro_women_clutches_and_pouches,2026-07-06,2026-09-28,13,false,,
554303WHAQI0926,le cagole shoulder bag small,shiny silver,S_S_2026,LG_BAGS,Bags,Leather Goods,Bags,Bags,true,R012,bal_macro_women_bags,bal_super_micro_women_clutches_and_pouches,2026-07-27,2026-09-28,14,false,,
5550372AH0A1251,b chain xs earrings,volcanic rock,S_S_2026,AC_JEWELRY,Jewelry,Accessories,Jewelry,Accessories,true,R030,bal_macro_men_accessories,bal_super_micro_men_caps,2026-07-06,2026-09-28,14,false,,
5550372ATQE1000,b chain xs earrings,black,S_S_2026,AC_JEWELRY,Jewelry,Accessories,Jewelry,Accessories,true,R030,bal_macro_men_accessories,bal_super_micro_men_jewelry,2026-07-06,2026-09-28,14,false,,
555037TTZ5B9104,b chain xs earrings,optic white,F_W_2026,AC_JEWELRY,Jewelry,Accessories,Jewelry,Accessories,true,R030,bal_macro_men_accessories,bal_super_micro_men_belts,2026-07-27,2026-09-28,1,false,,
55605421D3X9000,single-breasted cocoon jacket,white,S_S_2026,RTW,Ready-to-Wear,Ready-to-Wear,Ready-to-Wear,,false,R049,bal_macro_women_rtw,bal_super_micro_women_tops_and_shirts,2026-07-06,2026-09-28,15,false,,
55605421JSP1041,single-breasted cocoon jacket,faded black,S_S_2026,RTW,Ready-to-Wear,Ready-to-Wear,Ready-to-Wear,,false,R049,bal_macro_women_rtw,bal_super_micro_women_coats_and_jackets,2026-07-06,2026-09-28,15,false,,
55605421Y713258,single-breasted cocoon jacket,army green,F_W_2026/S_S_2027,RTW,Ready-to-Wear,Ready-to-Wear,Ready-to-Wear,,false,R049,bal_macro_women_rtw,bal_super_micro_women_t_shirts,2026-07-27,2026-09-28,11,false,,
5560542AOCF1041,single-breasted cocoon jacket,faded black,F_W_2026,RTW,Ready-to-Wear,Ready-to-Wear,Ready-to-Wear,,false,R049,bal_macro_women_rtw,bal_super_micro_women_t_shirts,2026-07-06,2026-09-28,14,false,,
556054WI80Z0911,single-breasted cocoon jacket,antique silver,F_W_2026,RTW,Ready-to-Wear,Ready-to-Wear,Ready-to-Wear,,false,R049,bal_macro_women_rtw,bal_super_micro_women_coats_and_jackets,2026-07-06,2026-09-28,15,false,,
556326216VD1041,bodies swim shorts,faded black,S_S_2026,RTW,Ready-to-Wear,Ready-to-Wear,Ready-to-Wear,,false,R049,bal_macro_men_rtw,bal_super_micro_men_sweatshirts,2026-07-06,2026-09-28,16,false,,
556326TTH212840,bodies swim shorts,khaki,S_S_2026,RTW,Ready-to-Wear,Ready-to-Wear,Ready-to-Wear,,false,R049,bal_macro_men_rtw,bal_super_micro_men_pants,2026-07-06,2026-09-28,15,false,,
5568532ABAG9104,memphis bootie with harness,optic white,F_W_2026,SH_SNEAKERS,Sneakers,Shoes,Sneakers,Shoes,true,R042,bal_macro_women_shoes,bal_super_micro_women_sneakers,2026-07-06,2026-09-28,15,false,,
5568532ABSG9002,memphis bootie with harness,ivory,S_S_2026,SH_SHOES,Other Shoes,Shoes,Other Shoes,Shoes,true,R043,bal_macro_women_shoes,bal_super_micro_women_mules,2026-07-06,2026-09-28,14,false,,
5568532ATXV0926,memphis bootie with harness,shiny silver,S_S_2026,SH_SNEAKERS,Sneakers,Shoes,Sneakers,Shoes,true,R042,bal_macro_women_shoes,bal_super_micro_women_sneakers,2026-07-13,2026-09-28,15,false,,
5568534G8YY2840,memphis bootie with harness,khaki,S_S_2026,SH_SHOES,Other Shoes,Shoes,Other Shoes,Shoes,true,R043,bal_macro_women_shoes,bal_super_micro_women_sandals,2026-09-28,2026-09-28,15,false,,
556853TFJDX0127,memphis bootie with harness,shiny gold,F_W_2026,SH_SHOES,Other Shoes,Shoes,Other Shoes,Shoes,true,R043,bal_macro_women_shoes,bal_super_micro_women_mules,2026-09-07,2026-09-28,15,false,,
5582092AAP11000,superbusy vertical bifold wallet,black,F_W_2026/S_S_2027,LG_SLG,Small Leather Goods,Leather Goods,Small Leather Goods,Small Leather Goods,true,R010,bal_macro_men_slg,bal_super_micro_men_other_accessories,2026-07-06,2026-09-28,14,false,,
5582094GSZM0127,superbusy vertical bifold wallet,shiny gold,S_S_2026,LG_SLG,Small Leather Goods,Leather Goods,Small Leather Goods,Small Leather Goods,true,R010,bal_macro_men_slg,bal_super_micro_men_slg,2026-07-06,2026-09-28,15,false,,
558209TUR5X2840,superbusy vertical bifold wallet,khaki,S_S_2026,LG_SLG,Small Leather Goods,Leather Goods,Small Leather Goods,Small Leather Goods,true,R010,bal_macro_men_slg,bal_super_micro_men_cardholders,2026-07-06,2026-09-28,12,false,,
558209WQ28U8122,superbusy vertical bifold wallet,silver,S_S_2026,LG_SLG,Small Leather Goods,Leather Goods,Small Leather Goods,Small Leather Goods,true,R010,bal_macro_men_slg,bal_super_micro_men_cardholders,2026-07-06,2026-09-28,13,false,,
5587712AQW81084,techwear bra tank top,black/multicolor,F_W_2025,RTW,Ready-to-Wear,Ready-to-Wear,Ready-to-Wear,,false,R049,bal_macro_women_rtw,bal_super_micro_women_tops_and_shirts,2026-07-06,2026-09-28,13,false,,
558771TFEJD1090,techwear bra tank top,black/white,S_S_2026,RTW,Ready-to-Wear,Ready-to-Wear,Ready-to-Wear,,false,R049,bal_macro_women_rtw,bal_super_micro_women_tops_and_shirts,2026-07-06,2026-09-28,15,false,,
558771W7Q9R1084,techwear bra tank top,black/multicolor,F_W_2026,RTW,Ready-to-Wear,Ready-to-Wear,Ready-to-Wear,,false,R049,bal_macro_women_rtw,bal_super_micro_women_coats_and_jackets,2026-07-06,2026-09-28,13,false,,
558771WFLF91240,techwear bra tank top,grey,F_W_2026/S_S_2026,RTW,Ready-to-Wear,Ready-to-Wear,Ready-to-Wear,,false,R049,bal_macro_women_rtw,bal_super_micro_women_pants,2026-07-06,2026-09-28,15,false,,
558771WUWDY9104,techwear bra tank top,optic white,F_W_2026,RTW,Ready-to-Wear,Ready-to-Wear,Ready-to-Wear,,false,R049,bal_macro_women_rtw,bal_super_micro_women_t_shirts,2026-07-06,2026-09-28,14,false,,
560831T8TK91000,le city backpack mini,black,S_S_2026,LG_BAGS,Bags,Leather Goods,Bags,Bags,true,R012,bal_macro_women_leather_goods,bal_super_micro_women_bags,2026-08-03,2026-09-28,14,false,,
560831TT4RI5723,le city backpack mini,petal pink,F_W_2026,LG_BAGS,Bags,Leather Goods,Bags,Bags,true,R012,bal_macro_women_leather_goods,bal_super_micro_women_small_leather_goods,2026-07-06,2026-09-28,14,false,,
5616942ABF71000,avenue bb editor pump,black,F_W_2026/S_S_2027,SH_SHOES,Other Shoes,Shoes,Other Shoes,Shoes,true,R043,bal_macro_women_shoes,bal_super_micro_women_boots_and_booties,2026-07-06,2026-09-28,16,false,,
561694TXGK81000,avenue bb editor pump,black,S_S_2026,SH_SHOES,Other Shoes,Shoes,Other Shoes,Shoes,true,R043,bal_macro_women_shoes,bal_super_micro_women_boots_and_booties,2026-07-06,2026-09-28,14,false,,
561694WO9592308,avenue bb editor pump,light espresso,S_S_2026,SH_SHOES,Other Shoes,Shoes,Other Shoes,Shoes,true,R043,bal_macro_women_shoes,bal_super_micro_women_mules,2026-07-06,2026-09-28,14,false,,
5621732AAK35723,le city business duffle bag large,petal pink,F_W_2025/F_W_2026/S_S_2026,LG_BAGS,Bags,Leather Goods,Bags,Bags,true,R012,bal_macro_men_leather_goods,bal_super_micro_men_crossbody_bags,2026-07-06,2026-09-28,14,false,,
5623252ABI60926,neverlost keychain,shiny silver,S_S_2025,AC_OTHER,Other Accessories,Accessories,Other Accessories,Accessories,true,R011,bal_macro_men_accessories,bal_super_micro_men_caps,2026-07-06,2026-09-28,15,false,,
5623252ANCE9000,neverlost keychain,white,F_W_2025/S_S_2026,AC_OTHER,Other Accessories,Accessories,Other Accessories,Accessories,true,R011,bal_macro_men_accessories,bal_super_micro_men_belts,2026-07-06,2026-09-28,13,false,,
562325W6GNA0127,neverlost keychain,shiny gold,S_S_2026,AC_OTHER,Other Accessories,Accessories,Other Accessories,Accessories,true,R011,bal_macro_men_accessories,bal_super_micro_men_caps,2026-07-06,2026-09-28,11,false,,
562720219K60127,long double-faced coat,shiny gold,F_W_2026,RTW,Ready-to-Wear,Ready-to-Wear,Ready-to-Wear,,false,R049,bal_macro_men_rtw,bal_super_micro_men_knitwear,2026-07-06,2026-09-28,14,false,,
56272021L7Z0911,long double-faced coat,antique silver,S_S_2026/S_S_2027,RTW,Ready-to-Wear,Ready-to-Wear,Ready-to-Wear,,false,R049,bal_macro_men_rtw,bal_super_micro_men_t_shirts,2026-07-06,2026-09-28,13,false,,
56272021SY20926,long double-faced coat,shiny silver,F_W_2026,RTW,Ready-to-Wear,Ready-to-Wear,Ready-to-Wear,,false,R049,bal_macro_men_rtw,bal_super_micro_men_t_shirts,2026-07-06,2026-09-28,14,false,,
56272021UN31090,long double-faced coat,black,F_W_2026,RTW,Ready-to-Wear,Ready-to-Wear,Ready-to-Wear,,false,R049,bal_macro_men_rtw,bal_super_micro_men_t_shirts,2026-07-06,2026-09-28,1,false,,
5627202A7141000,long double-faced coat,black,F_W_2026,RTW,Ready-to-Wear,Ready-to-Wear,Ready-to-Wear,,false,R049,bal_macro_men_rtw,bal_super_micro_men_sweatshirts,2026-07-13,2026-09-28,15,false,,
5627204G08H0926,long double-faced coat,shiny silver,S_S_2026,RTW,Ready-to-Wear,Ready-to-Wear,Ready-to-Wear,,false,R049,bal_macro_men_rtw,bal_super_micro_men_knitwear,2026-07-06,2026-09-28,15,false,,
5627204GVJQ2533,long double-faced coat,camel,F_W_2025/F_W_2026/S_S_2026,RTW,Ready-to-Wear,Ready-to-Wear,Ready-to-Wear,,false,R049,bal_macro_men_rtw,bal_super_micro_men_sweatshirts,2026-07-06,2026-09-28,14,false,,
5627204GYDX1000,long double-faced coat,black,S_S_2026,RTW,Ready-to-Wear,Ready-to-Wear,Ready-to-Wear,,false,R049,bal_macro_men_rtw,bal_super_micro_men_pants,2026-07-06,2026-09-28,13,false,,
5628362AZUH1000,le city bag mini,black,S_S_2026,LG_BAGS,Bags,Leather Goods,Bags,Bags,true,R012,bal_macro_women_leather_goods,bal_super_micro_women_bags,2026-07-06,2026-09-28,14,false,,
5628364GG1K4011,le city bag mini,blue,F_W_2026/S_S_2027,LG_BAGS,Bags,Leather Goods,Bags,Bags,true,R012,bal_macro_women_leather_goods,bal_super_micro_women_small_leather_goods,2026-07-06,2026-09-28,13,false,,
562836TTSKW3258,le city bag mini,army green,F_W_2026,LG_BAGS,Bags,Leather Goods,Bags,Bags,true,R012,bal_macro_women_leather_goods,bal_super_micro_women_handbags,2026-07-06,2026-09-28,14,false,,
562836TXYUY1210,le city bag mini,light grey,S_S_2026,LG_BAGS,Bags,Leather Goods,Bags,Bags,true,R012,bal_macro_women_leather_goods,bal_super_micro_women_small_leather_goods,2026-07-06,2026-09-28,14,false,,
5646002AXWH1210,superbusy backpack,light grey,F_W_2026,LG_BAGS,Bags,Leather Goods,Bags,Bags,true,R012,bal_macro_men_bags,bal_super_micro_men_beltbags,2026-07-06,2026-07-20,7,false,,
5646004GDOK1000,superbusy backpack,black,F_W_2026,LG_BAGS,Bags,Leather Goods,Bags,Bags,true,R012,bal_macro_men_bags,bal_super_micro_men_shoulder_bags,2026-07-06,2026-07-06,8,false,,
5658702AWIW5723,520 stickers cap,petal pink,S_S_2026,AC_OTHER,Other Accessories,Accessories,Other Accessories,Accessories,true,R048,bal_macro_men_accessories,bal_super_micro_men_other_accessories,2026-07-06,2026-09-28,13,false,,
565870TKUCK1000,520 stickers cap,black,F_W_2026,AC_OTHER,Other Accessories,Accessories,Other Accessories,Accessories,true,R048,bal_macro_men_accessories,bal_super_micro_men_other_accessories,2026-07-13,2026-09-28,14,false,,
56747421Y8X9000,getaria parfum refill,white,S_S_2026,BEAUTY,Fragrance & Beauty,Beauty,Fragrance & Beauty,,false,R015,bal_macro_men_beauty|bal_macro_women_beauty,bal_super_micro_men_fragrances|bal_super_micro_women_fragrances,2026-07-06,2026-09-28,15,false,,
5678242ABLF9002,rodeo vanity,ivory,S_S_2026,LG_BAGS,Bags,Leather Goods,Bags,Bags,true,R012,bal_macro_women_bags,bal_super_micro_women_handbags,2026-07-06,2026-08-10,12,false,,
5678242AIHF1000,rodeo vanity,black,F_W_2026/S_S_2027,LG_BAGS,Bags,Leather Goods,Bags,Bags,true,R012,bal_macro_women_bags,bal_super_micro_women_shoulder_bags,2026-07-06,2026-09-28,13,false,,
567824WUMAJ8065,rodeo vanity,navy,S_S_2026,LG_BAGS,Bags,Leather Goods,Bags,Bags,true,R012,bal_macro_women_bags,bal_super_micro_women_bags,2026-07-06,2026-09-28,13,false,,
5688704GDDL1000,bb icon gourmette bracelet,black,S_S_2026,AC_JEWELRY,Jewelry,Accessories,Jewelry,Accessories,true,R030,bal_macro_men_accessories,bal_super_micro_men_belts,2026-07-06,2026-09-28,13,false,,
568870TT1LX5723,bb icon gourmette bracelet,petal pink,S_S_2026,AC_JEWELRY,Jewelry,Accessories,Jewelry,Accessories,true,R030,bal_macro_men_accessories,bal_super_micro_men_belts,2026-07-06,2026-09-28,14,false,,
568870TTCDT5723,bb icon gourmette bracelet,petal pink,F_W_2026,AC_JEWELRY,Jewelry,Accessories,Jewelry,Accessories,true,R030,bal_macro_men_accessories,bal_super_micro_men_belts,2026-07-06,2026-09-28,15,false,,
568870TTFFJ0926,bb icon gourmette bracelet,shiny silver,F_W_2026/S_S_2027,AC_JEWELRY,Jewelry,Accessories,Jewelry,Accessories,true,R030,bal_macro_men_accessories,bal_super_micro_men_hats_and_scarves,2026-07-06,2026-09-28,13,false,,
570580THQOP2533,soccer tracksuit pants,camel,S_S_2026,RTW,Ready-to-Wear,Ready-to-Wear,Ready-to-Wear,,false,R049,bal_macro_men_rtw,bal_super_micro_men_sweatshirts,2026-07-06,2026-09-28,16,false,,
570580W0ZKH9000,soccer tracksuit pants,white,F_W_2025,RTW,Ready-to-Wear,Ready-to-Wear,Ready-to-Wear,,false,R049,bal_macro_men_rtw,bal_super_micro_men_coats_and_jackets,2026-07-06,2026-09-28,16,false,,
5724002AB7Y1000,double-breasted tailored jacket,black,F_W_2026,RTW,Ready-to-Wear,Ready-to-Wear,Ready-to-Wear,,false,R049,bal_macro_men_rtw,bal_super_micro_men_knitwear,2026-07-06,2026-09-28,14,false,,
5724002ABDS1251,double-breasted tailored jacket,volcanic rock,S_S_2026,RTW,Ready-to-Wear,Ready-to-Wear,Ready-to-Wear,,false,R049,bal_macro_men_rtw,bal_super_micro_men_knitwear,2026-07-06,2026-09-28,13,false,,
5724002ABGF1000,double-breasted tailored jacket,black,F_W_2026,RTW,Ready-to-Wear,Ready-to-Wear,Ready-to-Wear,,false,R049,bal_macro_men_rtw,bal_super_micro_men_knitwear,2026-07-06,2026-09-28,13,false,,
5724002ABQF2308,double-breasted tailored jacket,light espresso,S_S_2026,RTW,Ready-to-Wear,Ready-to-Wear,Ready-to-Wear,,false,R049,bal_macro_men_rtw,bal_super_micro_men_coats_and_jackets,2026-07-06,2026-08-17,13,false,,
5724004GKQG2840,double-breasted tailored jacket,khaki,F_W_2025,RTW,Ready-to-Wear,Ready-to-Wear,Ready-to-Wear,,false,R049,bal_macro_men_rtw,bal_super_micro_men_t_shirts,2026-07-06,2026-09-28,13,false,,
572400TJV390127,double-breasted tailored jacket,shiny gold,F_W_2026/S_S_2027,RTW,Ready-to-Wear,Ready-to-Wear,Ready-to-Wear,,false,R049,bal_macro_men_rtw,bal_super_micro_men_pants,2026-07-06,2026-09-28,14,false,,
572400TTXVI1000,double-breasted tailored jacket,black,F_W_2025/F_W_2026/S_S_2026,RTW,Ready-to-Wear,Ready-to-Wear,Ready-to-Wear,,false,R049,bal_macro_men_rtw,bal_super_micro_men_coats_and_jackets,2026-07-06,2026-09-28,13,false,,
572400WA0HR1000,double-breasted tailored jacket,black,S_S_2025,RTW,Ready-to-Wear,Ready-to-Wear,Ready-to-Wear,,false,R049,bal_macro_men_rtw,bal_super_micro_men_t_shirts,2026-07-06,2026-09-28,14,false,,
572400WVBPS1000,double-breasted tailored jacket,black,S_S_2026,RTW,Ready-to-Wear,Ready-to-Wear,Ready-to-Wear,,false,R049,bal_macro_men_rtw,bal_super_micro_men_t_shirts,2026-07-06,2026-09-28,13,false,,
572400WXTIY1000,double-breasted tailored jacket,black,S_S_2026,RTW,Ready-to-Wear,Ready-to-Wear,Ready-to-Wear,,false,R049,bal_macro_men_rtw,bal_super_micro_men_pants,2026-07-06,2026-09-28,16,false,,
57372021BEH1000,bel air tote bag medium,black,S_S_2026,LG_BAGS,Bags,Leather Goods,Bags,Bags,true,R012,bal_macro_women_bags,bal_super_micro_women_clutches_and_pouches,2026-07-06,2026-09-28,14,false,,
5737202ABMI9020,bel air tote bag medium,cream,S_S_2026,LG_BAGS,Bags,Leather Goods,Bags,Bags,true,R012,bal_macro_women_bags,bal_super_micro_women_shoulder_bags,2026-07-06,2026-09-28,14,false,,
5737202AWYK1000,bel air tote bag medium,black,F_W_2026,LG_BAGS,Bags,Leather Goods,Bags,Bags,true,R012,bal_macro_women_bags,bal_super_micro_women_handbags,2026-07-06,2026-09-28,14,false,,
573720WMG5U3258,bel air tote bag medium,army green,F_W_2026/S_S_2026,LG_BAGS,Bags,Leather Goods,Bags,Bags,true,R012,bal_macro_women_bags,bal_super_micro_women_handbags,2026-07-06,2026-09-28,14,false,,
5740282ACYA5723,gaeta wedge thong,petal pink,F_W_2026,SH_SHOES,Other Shoes,Shoes,Other Shoes,Shoes,true,R043,bal_macro_women_shoes,bal_super_micro_women_boots_and_booties,2026-07-06,2026-09-28,15,false,,
574028WZATR9104,gaeta wedge thong,optic white,F_W_2026,SH_SHOES,Other Shoes,Shoes,Other Shoes,Shoes,true,R043,bal_macro_women_shoes,bal_super_micro_women_sandals,2026-07-06,2026-09-28,15,false,,
57499321VS04200,wrap dress,light blue,S_S_2026,RTW,Ready-to-Wear,Ready-to-Wear,Ready-to-Wear,,false,R049,bal_macro_women_rtw,bal_super_micro_women_tops_and_shirts,2026-07-06,2026-09-28,14,false,,
5749932AB9D2533,wrap dress,camel,F_W_2026/S_S_2027,RTW,Ready-to-Wear,Ready-to-Wear,Ready-to-Wear,,false,R049,bal_macro_women_rtw,bal_super_micro_women_dresses_and_skirts,2026-07-06,2026-09-28,13,false,,
5749934GF9C9002,wrap dress,ivory,F_W_2025/F_W_2026/S_S_2026,RTW,Ready-to-Wear,Ready-to-Wear,Ready-to-Wear,,false,R049,bal_macro_women_rtw,bal_super_micro_women_pants,2026-07-06,2026-09-28,13,false,,
574993TTTJN1000,wrap dress,black,F_W_2026/S_S_2027,RTW,Ready-to-Wear,Ready-to-Wear,Ready-to-Wear,,false,R049,bal_macro_women_rtw,bal_super_micro_women_pants,2026-07-06,2026-09-28,15,false,,
574993W8GIU1210,wrap dress,light grey,F_W_2026,RTW,Ready-to-Wear,Ready-to-Wear,Ready-to-Wear,,false,R049,bal_macro_women_rtw,bal_super_micro_women_pants,2026-07-06,2026-09-28,15,false,,
5780872ABQ01000,track piercing sneaker,black,F_W_2026/S_S_2026/S_S_2027,SH_SNEAKERS,Sneakers,Shoes,Sneakers,Shoes,true,R020,bal_macro_men_shoes,bal_super_micro_men_boots_and_booties,2026-07-06,2026-09-28,15,false,,
5780872ABY48065,track piercing sneaker,navy,F_W_2024/S_S_2025,SH_SNEAKERS,Sneakers,Shoes,Sneakers,Shoes,true,R020,bal_macro_men_shoes,bal_super_micro_men_sandals,2026-07-06,2026-09-28,11,false,,
5780874GT8T2308,track piercing sneaker,light espresso,S_S_2026,SH_SNEAKERS,Sneakers,Shoes,Sneakers,Shoes,true,R020,bal_macro_men_shoes,bal_super_micro_men_sneakers,2026-07-06,2026-09-28,15,false,,
58224721S6W1090,knife bootie,black/white,F_W_2024,SH_SHOES,Other Shoes,Shoes,Other Shoes,Shoes,true,R043,bal_macro_women_shoes,bal_super_micro_women_pumps,2026-07-06,2026-09-28,15,false,,
582247TIGT80911,knife bootie,antique silver,S_S_2026,SH_SHOES,Other Shoes,Shoes,Other Shoes,Shoes,true,R043,bal_macro_women_shoes,bal_super_micro_women_mules,2026-08-10,2026-09-28,15,false,,
582247TTLIQ1240,knife bootie,grey,S_S_2025,SH_SHOES,Other Shoes,Shoes,Other Shoes,Shoes,true,R043,bal_macro_women_shoes,bal_super_micro_women_pumps,2026-07-06,2026-09-28,11,false,,
582247WMGTU1090,knife bootie,black/white,S_S_2026,SH_SHOES,Other Shoes,Shoes,Other Shoes,Shoes,true,R043,bal_macro_women_shoes,bal_super_micro_women_mules,2026-07-06,2026-09-28,15,false,,
5831302AEYF0926,speed 2.0 lace-up sneaker,shiny silver,S_S_2026,SH_SNEAKERS,Sneakers,Shoes,Sneakers,Shoes,true,R020,bal_macro_women_shoes,bal_super_micro_women_sandals,2026-07-06,2026-09-28,15,false,,
5831304G0XW1041,speed 2.0 lace-up sneaker,faded black,S_S_2026,SH_SNEAKERS,Sneakers,Shoes,Sneakers,Shoes,true,R020,bal_macro_women_shoes,bal_super_micro_women_pumps,2026-07-06,2026-09-28,15,false,,
5831304GIN91090,speed 2.0 lace-up sneaker,black/white,F_W_2026,SH_SNEAKERS,Sneakers,Shoes,Sneakers,Shoes,true,R020,bal_macro_women_shoes,bal_super_micro_women_boots_and_booties,2026-07-06,2026-09-28,14,false,,
5831304GYSN1000,speed 2.0 lace-up sneaker,black,F_W_2026/S_S_2026,SH_SNEAKERS,Sneakers,Shoes,Sneakers,Shoes,true,R020,bal_macro_women_shoes,bal_super_micro_women_boots_and_booties,2026-07-06,2026-09-28,13,false,,
583130TTTEJ9000,speed 2.0 lace-up sneaker,white,F_W_2026,SH_SNEAKERS,Sneakers,Shoes,Sneakers,Shoes,true,R020,bal_macro_women_shoes,bal_super_micro_women_sneakers,2026-07-06,2026-09-28,14,false,,
5849372ABL02533,large tailored pants,camel,F_W_2026,RTW,Ready-to-Wear,Ready-to-Wear,Ready-to-Wear,,false,R049,bal_macro_women_rtw,bal_super_micro_women_tops_and_shirts,2026-07-06,2026-09-28,14,false,,
5849374G3CG1041,large tailored pants,faded black,F_W_2025/F_W_2026/S_S_2026,RTW,Ready-to-Wear,Ready-to-Wear,Ready-to-Wear,,false,R049,bal_macro_women_rtw,bal_super_micro_women_coats_and_jackets,2026-07-06,2026-09-28,15,false,,
584937TT9UG4200,large tailored pants,light blue,F_W_2026,RTW,Ready-to-Wear,Ready-to-Wear,Ready-to-Wear,,false,R049,bal_macro_women_rtw,bal_super_micro_women_tops_and_shirts,2026-07-06,2026-09-28,14,false,,
584937TTKKX1090,large tailored pants,black,S_S_2026,RTW,Ready-to-Wear,Ready-to-Wear,Ready-to-Wear,,false,R049,bal_macro_women_rtw,bal_super_micro_women_coats_and_jackets,2026-07-27,2026-09-28,1,false,,
584937TTS124011,large tailored pants,blue,F_W_2026,RTW,Ready-to-Wear,Ready-to-Wear,Ready-to-Wear,,false,R049,bal_macro_women_rtw,bal_super_micro_women_coats_and_jackets,2026-07-06,2026-09-28,13,false,,
584937TTUGZ1000,large tailored pants,black,F_W_2026,RTW,Ready-to-Wear,Ready-to-Wear,Ready-to-Wear,,false,R049,bal_macro_women_rtw,bal_super_micro_women_coats_and_jackets,2026-07-06,2026-09-28,16,false,,
584937TVMX39104,large tailored pants,optic white,F_W_2026/S_S_2027,RTW,Ready-to-Wear,Ready-to-Wear,Ready-to-Wear,,false,R049,bal_macro_women_rtw,bal_super_micro_women_pants,2026-07-06,2026-09-28,15,false,,
584937W03IY8065,large tailored pants,navy,F_W_2026/S_S_2027,RTW,Ready-to-Wear,Ready-to-Wear,Ready-to-Wear,,false,R049,bal_macro_women_rtw,bal_super_micro_women_pants,2026-07-06,2026-09-28,15,false,,
584937W8XOY3258,large tailored pants,army green,F_W_2026,RTW,Ready-to-Wear,Ready-to-Wear,Ready-to-Wear,,false,R049,bal_macro_women_rtw,bal_super_micro_women_pants,2026-07-06,2026-09-28,15,false,,
5851324GHQ51090,explorer backpack,black/white,F_W_2025/S_S_2026,LG_BAGS,Bags,Leather Goods,Bags,Bags,true,R012,bal_macro_men_bags,bal_super_micro_men_backpacks,2026-07-06,2026-09-28,14,false,,
585132TTBXP1090,explorer backpack,black/white,F_W_2026,LG_BAGS,Bags,Leather Goods,Bags,Bags,true,R012,bal_macro_men_bags,bal_super_micro_men_backpacks,2026-07-06,2026-09-28,13,false,,
585609216ZI1210,le city multipocket crossbody bag medium,light grey,F_W_2025,LG_BAGS,Bags,Leather Goods,Bags,Bags,true,R012,bal_macro_men_leather_goods,bal_super_micro_men_crossbody_bags,2026-07-06,2026-09-28,12,false,,
5856092AB8R1000,le city multipocket crossbody bag medium,black,S_S_2026,LG_BAGS,Bags,Leather Goods,Bags,Bags,true,R012,bal_macro_men_leather_goods,bal_super_micro_men_backpacks,2026-07-06,2026-09-07,13,false,,
5861342A5ZF2533,le 7 shoulder bag medium,camel,S_S_2025,LG_BAGS,Bags,Leather Goods,Bags,Bags,true,R012,bal_macro_women_leather_goods,bal_super_micro_women_small_leather_goods,2026-07-06,2026-09-28,15,false,,
5861342ABDK1000,le 7 shoulder bag medium,black,F_W_2026,LG_BAGS,Bags,Leather Goods,Bags,Bags,true,R012,bal_macro_women_leather_goods,bal_super_micro_women_handbags,2026-07-06,2026-09-28,14,false,,
586134THIHP4200,le 7 shoulder bag medium,light blue,F_W_2025/S_S_2026,LG_BAGS,Bags,Leather Goods,Bags,Bags,true,R012,bal_macro_women_leather_goods,bal_super_micro_women_small_leather_goods,2026-07-06,2026-09-28,13,false,,
586146210KE1251,le city bag east-west,volcanic rock,F_W_2025,LG_BAGS,Bags,Leather Goods,Bags,Bags,true,R012,bal_macro_women_bags,bal_super_micro_women_clutches_and_pouches,2026-07-06,2026-09-28,15,false,,
5861462ABI32533,le city bag east-west,camel,F_W_2025,LG_BAGS,Bags,Leather Goods,Bags,Bags,true,R012,bal_macro_women_bags,bal_super_micro_women_bags,2026-07-06,2026-09-28,14,false,,
5861464G7OZ9000,le city bag east-west,white,F_W_2026/S_S_2027,LG_BAGS,Bags,Leather Goods,Bags,Bags,true,R012,bal_macro_women_bags,bal_super_micro_women_tote_bags,2026-07-27,2026-09-28,1,false,,
586146TO7IY1210,le city bag east-west,light grey,F_W_2026,LG_BAGS,Bags,Leather Goods,Bags,Bags,true,R012,bal_macro_women_bags,bal_super_micro_women_clutches_and_pouches,2026-07-06,2026-09-28,15,false,,
586146TRVHI2533,le city bag east-west,camel,F_W_2026,LG_BAGS,Bags,Leather Goods,Bags,Bags,true,R012,bal_macro_women_bags,bal_super_micro_women_bags,2026-07-06,2026-09-28,15,false,,
586146TT9QA8065,le city bag east-west,navy,F_W_2025/S_S_2026,LG_BAGS,Bags,Leather Goods,Bags,Bags,true,R012,bal_macro_women_bags,bal_super_micro_women_handbags,2026-07-06,2026-09-28,13,false,,
586146TTWU21240,le city bag east-west,grey,F_W_2026,LG_BAGS,Bags,Leather Goods,Bags,Bags,true,R012,bal_macro_women_bags,bal_super_micro_women_tote_bags,2026-07-06,2026-09-28,15,false,,
586146W1WP65723,le city bag east-west,petal pink,S_S_2026,LG_BAGS,Bags,Leather Goods,Bags,Bags,true,R012,bal_macro_women_bags,bal_super_micro_women_clutches_and_pouches,2026-07-06,2026-09-28,15,false,,
586146WBD2S8122,le city bag east-west,silver,S_S_2025,LG_BAGS,Bags,Leather Goods,Bags,Bags,true,R012,bal_macro_women_bags,bal_super_micro_women_handbags,2026-07-06,2026-09-28,14,false,,
58737121E5Q1000,le city moto small,black,F_W_2026,LG_BAGS,Bags,Leather Goods,Bags,Bags,true,R041,bal_macro_men_leather_goods,bal_super_micro_men_bags,2026-07-06,2026-09-28,14,false,,
587506215QD1090,folded short trench,black/white,F_W_2026,RTW,Ready-to-Wear,Ready-to-Wear,Ready-to-Wear,,false,R049,bal_macro_women_rtw,bal_super_micro_women_pants,2026-07-06,2026-09-28,15,false,,
58750621ANI1240,folded short trench,grey,S_S_2026,RTW,Ready-to-Wear,Ready-to-Wear,Ready-to-Wear,,false,R049,bal_macro_women_rtw,bal_super_micro_women_pants,2026-08-10,2026-09-28,15,false,,
58750621C649000,folded short trench,white,F_W_2025/S_S_2026,RTW,Ready-to-Wear,Ready-to-Wear,Ready-to-Wear,,false,R049,bal_macro_women_rtw,bal_super_micro_women_coats_and_jackets,2026-07-06,2026-09-28,16,false,,
58750621ETM2533,folded short trench,camel,F_W_2026,RTW,Ready-to-Wear,Ready-to-Wear,Ready-to-Wear,,false,R049,bal_macro_women_rtw,bal_super_micro_women_coats_and_jackets,2026-07-06,2026-09-28,14,false,,
58750621ITA1000,folded short trench,black,S_S_2026,RTW,Ready-to-Wear,Ready-to-Wear,Ready-to-Wear,,false,R049,bal_macro_women_rtw,bal_super_micro_women_coats_and_jackets,2026-07-06,2026-09-28,15,false,,
58750621QF71251,folded short trench,volcanic rock,S_S_2026,RTW,Ready-to-Wear,Ready-to-Wear,Ready-to-Wear,,false,R049,bal_macro_women_rtw,bal_super_micro_women_dresses_and_skirts,2026-07-06,2026-09-28,15,false,,
58750621YGC0127,folded short trench,shiny gold,F_W_2026,RTW,Ready-to-Wear,Ready-to-Wear,Ready-to-Wear,,false,R049,bal_macro_women_rtw,bal_super_micro_women_dresses_and_skirts,2026-07-06,2026-09-28,13,false,,
5875062ABY99020,folded short trench,cream,F_W_2026,RTW,Ready-to-Wear,Ready-to-Wear,Ready-to-Wear,,false,R049,bal_macro_women_rtw,bal_super_micro_women_coats_and_jackets,2026-07-06,2026-09-28,15,false,,
5875062ATJB1090,folded short trench,black,F_W_2026/S_S_2027,RTW,Ready-to-Wear,Ready-to-Wear,Ready-to-Wear,,false,R049,bal_macro_women_rtw,bal_super_micro_women_tops_and_shirts,2026-07-06,2026-09-28,13,false,,
5875064G0N08122,folded short trench,silver,F_W_2026,RTW,Ready-to-Wear,Ready-to-Wear,Ready-to-Wear,,false,R049,bal_macro_women_rtw,bal_super_micro_women_t_shirts,2026-07-06,2026-08-03,10,false,,
5875064G55I0127,folded short trench,shiny gold,S_S_2026,RTW,Ready-to-Wear,Ready-to-Wear,Ready-to-Wear,,false,R049,bal_macro_women_rtw,bal_super_micro_women_coats_and_jackets,2026-07-06,2026-09-28,10,false,,
588399WS4LJ0911,vanilla xxl extrait de parfum,antique silver,S_S_2026,BEAUTY,Fragrance & Beauty,Beauty,Fragrance & Beauty,,false,R015,bal_macro_men_beauty|bal_macro_women_beauty,bal_super_micro_men_fragrances|bal_super_micro_women_fragrances,2026-07-06,2026-09-28,14,false,,
5898034GZAD1000,bolero bowling bag medium,black,S_S_2026,LG_BAGS,Bags,Leather Goods,Bags,Bags,true,R012,bal_macro_women_leather_goods,bal_super_micro_women_handbags,2026-07-06,2026-09-28,16,false,,
589803T1NEA9020,bolero bowling bag medium,cream,S_S_2026,LG_BAGS,Bags,Leather Goods,Bags,Bags,true,R012,bal_macro_women_leather_goods,bal_super_micro_women_small_leather_goods,2026-07-06,2026-09-28,15,false,,
589803TTLSW4011,bolero bowling bag medium,blue,S_S_2026,LG_BAGS,Bags,Leather Goods,Bags,Bags,true,R012,bal_macro_women_leather_goods,bal_super_micro_women_handbags,2026-07-06,2026-09-28,15,false,,
5898572A2KF4200,mono rectangle sunglasses,light blue,F_W_2026,AC_EYEWEAR,Eyewear,Accessories,Eyewear,Accessories,true,R025,bal_macro_men_accessories,bal_super_micro_men_caps,2026-07-06,2026-09-28,15,false,,
5901142ABRT2840,nano mini link choker,khaki,S_S_2026,AC_JEWELRY,Jewelry,Accessories,Jewelry,Accessories,true,R030,bal_macro_women_accessories,bal_super_micro_women_sunglasses,2026-09-14,2026-09-28,14,false,,
590114TT9SJ1090,nano mini link choker,black,F_W_2026,AC_JEWELRY,Jewelry,Accessories,Jewelry,Accessories,true,R030,bal_macro_women_accessories,bal_super_micro_women_sunglasses,2026-07-06,2026-09-28,15,false,,
590114W05Z39104,nano mini link choker,optic white,F_W_2026,AC_JEWELRY,Jewelry,Accessories,Jewelry,Accessories,true,R030,bal_macro_women_accessories,bal_super_micro_women_other_accessories,2026-07-06,2026-09-28,11,false,,
5912754GEMN1000,nano hoop earrings,black,F_W_2026/S_S_2026,AC_JEWELRY,Jewelry,Accessories,Jewelry,Accessories,true,R030,bal_macro_women_accessories,bal_super_micro_women_jewelry,2026-07-06,2026-09-28,13,false,,
591275TTTZI1000,nano hoop earrings,black,F_W_2026,AC_JEWELRY,Jewelry,Accessories,Jewelry,Accessories,true,R030,bal_macro_women_accessories,bal_super_micro_women_keyrings,2026-07-27,2026-09-28,1,false,,
591275TXU3F4200,nano hoop earrings,light blue,F_W_2025,AC_JEWELRY,Jewelry,Accessories,Jewelry,Accessories,true,R030,bal_macro_women_accessories,bal_super_micro_women_other_accessories,2026-07-27,2026-09-28,14,false,,
591275WSFTR1090,nano hoop earrings,black,F_W_2026/S_S_2027,AC_JEWELRY,Jewelry,Accessories,Jewelry,Accessories,true,R030,bal_macro_women_accessories,bal_super_micro_women_belts,2026-07-06,2026-09-28,13,false,,
5919172AZ1O5723,credit square folded coin wallet,petal pink,F_W_2026,LG_SLG,Small Leather Goods,Leather Goods,Small Leather Goods,Small Leather Goods,true,R010,bal_macro_men_slg,bal_super_micro_men_cardholders,2026-07-06,2026-09-28,15,false,,
5919174GT0G9000,credit square folded coin wallet,white,S_S_2026,LG_SLG,Small Leather Goods,Leather Goods,Small Leather Goods,Small Leather Goods,true,R010,bal_macro_men_slg,bal_super_micro_men_wallets,2026-07-06,2026-09-28,13,false,,
591917W3LVJ1000,credit square folded coin wallet,black,S_S_2026,LG_SLG,Small Leather Goods,Leather Goods,Small Leather Goods,Small Leather Goods,true,R010,bal_macro_men_slg,bal_super_micro_men_cardholders,2026-07-06,2026-09-28,14,false,,
5933532ABWN5723,cropped t-shirt,petal pink,F_W_2026,RTW,Ready-to-Wear,Ready-to-Wear,Ready-to-Wear,,false,R049,bal_macro_women_rtw,bal_super_micro_women_dresses_and_skirts,2026-07-06,2026-09-28,14,false,,
5933534GLIK4011,cropped t-shirt,blue,S_S_2026,RTW,Ready-to-Wear,Ready-to-Wear,Ready-to-Wear,,false,R049,bal_macro_women_rtw,bal_super_micro_women_dresses_and_skirts,2026-07-06,2026-09-28,15,false,,
593353TCZZP8122,cropped t-shirt,silver,S_S_2026,RTW,Ready-to-Wear,Ready-to-Wear,Ready-to-Wear,,false,R049,bal_macro_women_rtw,bal_super_micro_women_coats_and_jackets,2026-07-06,2026-07-06,8,false,,
593353TT0CB1090,cropped t-shirt,black,F_W_2026/S_S_2026,RTW,Ready-to-Wear,Ready-to-Wear,Ready-to-Wear,,false,R049,bal_macro_women_rtw,bal_super_micro_women_t_shirts,2026-07-06,2026-09-28,15,false,,
593353TTDRA1084,cropped t-shirt,black/multicolor,S_S_2026,RTW,Ready-to-Wear,Ready-to-Wear,Ready-to-Wear,,false,R049,bal_macro_women_rtw,bal_super_micro_women_tops_and_shirts,2026-07-06,2026-09-28,15,false,,
593353WBKFR1000,cropped t-shirt,black,F_W_2025/F_W_2026/S_S_2026,RTW,Ready-to-Wear,Ready-to-Wear,Ready-to-Wear,,false,R049,bal_macro_women_rtw,bal_super_micro_women_pants,2026-07-06,2026-09-28,14,false,,
593353WPZTX1000,cropped t-shirt,black,F_W_2026,RTW,Ready-to-Wear,Ready-to-Wear,Ready-to-Wear,,false,R049,bal_macro_women_rtw,bal_super_micro_women_coats_and_jackets,2026-07-06,2026-09-28,14,false,,
594024211YA0911,balenciaga | nba collaboration short sleeve shirt,antique silver,F_W_2025,RTW,Ready-to-Wear,Ready-to-Wear,Ready-to-Wear,,false,R049,bal_macro_men_rtw,bal_super_micro_men_knitwear,2026-07-06,2026-09-28,14,false,,
59402421BYY8122,balenciaga | nba collaboration short sleeve shirt,silver,F_W_2026,RTW,Ready-to-Wear,Ready-to-Wear,Ready-to-Wear,,false,R049,bal_macro_men_rtw,bal_super_micro_men_knitwear,2026-07-06,2026-09-28,15,false,,
5940242ABTV2840,balenciaga | nba collaboration short sleeve shirt,khaki,S_S_2026,RTW,Ready-to-Wear,Ready-to-Wear,Ready-to-Wear,,false,R049,bal_macro_men_rtw,bal_super_micro_men_pants,2026-07-06,2026-09-28,13,false,,
5940242ABUJ1251,balenciaga | nba collaboration short sleeve shirt,volcanic rock,F_W_2026,RTW,Ready-to-Wear,Ready-to-Wear,Ready-to-Wear,,false,R049,bal_macro_men_rtw,bal_super_micro_men_knitwear,2026-07-06,2026-09-28,13,false,,
5940244GOOB1084,balenciaga | nba collaboration short sleeve shirt,black/multicolor,F_W_2026,RTW,Ready-to-Wear,Ready-to-Wear,Ready-to-Wear,,false,R049,bal_macro_men_rtw,bal_super_micro_men_knitwear,2026-07-06,2026-09-28,14,false,,
5940244GVCB5723,balenciaga | nba collaboration short sleeve shirt,petal pink,F_W_2025/S_S_2026,RTW,Ready-to-Wear,Ready-to-Wear,Ready-to-Wear,,false,R049,bal_macro_men_rtw,bal_super_micro_men_coats_and_jackets,2026-07-06,2026-09-28,13,false,,
594024TTT599104,balenciaga | nba collaboration short sleeve shirt,optic white,S_S_2026,RTW,Ready-to-Wear,Ready-to-Wear,Ready-to-Wear,,false,R049,bal_macro_men_rtw,bal_super_micro_men_coats_and_jackets,2026-07-06,2026-09-28,15,false,,
594024TTZN01090,balenciaga | nba collaboration short sleeve shirt,black,S_S_2026,RTW,Ready-to-Wear,Ready-to-Wear,Ready-to-Wear,,false,R049,bal_macro_men_rtw,bal_super_micro_men_knitwear,2026-07-06,2026-09-28,13,false,,
596501218XT4200,select tote bag medium,light blue,S_S_2026,LG_BAGS,Bags,Leather Goods,Bags,Bags,true,R012,bal_macro_women_leather_goods,bal_super_micro_women_bags,2026-07-06,2026-09-28,11,false,,
59650121J5P2533,select tote bag medium,camel,S_S_2026,LG_BAGS,Bags,Leather Goods,Bags,Bags,true,R012,bal_macro_women_leather_goods,bal_super_micro_women_small_leather_goods,2026-07-06,2026-09-28,14,false,,
596501TY52T1000,select tote bag medium,black,F_W_2026,LG_BAGS,Bags,Leather Goods,Bags,Bags,true,R012,bal_macro_women_leather_goods,bal_super_micro_women_handbags,2026-07-06,2026-09-28,15,false,,
596501W5EPC0926,select tote bag medium,shiny silver,S_S_2026,LG_BAGS,Bags,Leather Goods,Bags,Bags,true,R012,bal_macro_women_leather_goods,bal_super_micro_women_handbags,2026-07-06,2026-09-28,16,false,,
596501W8PY42840,select tote bag medium,khaki,S_S_2026,LG_BAGS,Bags,Leather Goods,Bags,Bags,true,R012,bal_macro_women_leather_goods,bal_super_micro_women_small_leather_goods,2026-07-06,2026-09-28,14,false,,
5980952ABFX2840,radar sneaker,khaki,F_W_2026,SH_SNEAKERS,Sneakers,Shoes,Sneakers,Shoes,true,R020,bal_macro_men_shoes,bal_super_micro_men_sandals,2026-07-06,2026-09-28,15,false,,
5980954GLGE1000,radar sneaker,black,S_S_2026,SH_SNEAKERS,Sneakers,Shoes,Sneakers,Shoes,true,R020,bal_macro_men_shoes,bal_super_micro_men_formal_shoes,2026-07-06,2026-08-31,14,false,,
598095TTDYP8065,radar sneaker,navy,F_W_2025,SH_SNEAKERS,Sneakers,Shoes,Sneakers,Shoes,true,R020,bal_macro_men_shoes,bal_super_micro_men_formal_shoes,2026-07-06,2026-09-28,1,false,,
5981702AHXH0926,carousel rodeo keychain,shiny silver,S_S_2026,AC_OTHER,Other Accessories,Accessories,Other Accessories,Accessories,true,R011,bal_macro_men_accessories|bal_macro_women_accessories,bal_super_micro_men_objects|bal_super_micro_women_objects,2026-09-28,2026-09-28,14,false,,
5981704G11S9020,carousel rodeo keychain,cream,S_S_2026,AC_OTHER,Other Accessories,Accessories,Other Accessories,Accessories,true,R011,bal_macro_men_accessories|bal_macro_women_accessories,bal_super_micro_men_objects|bal_super_micro_women_objects,2026-07-06,2026-09-28,14,false,,
598170TTCJN1000,carousel rodeo keychain,black,S_S_2026,AC_OTHER,Other Accessories,Accessories,Other Accessories,Accessories,true,R011,bal_macro_men_accessories|bal_macro_women_accessories,bal_super_micro_men_jewelry|bal_super_micro_women_jewelry,2026-07-06,2026-09-28,14,false,,
600325214860911,bel air tote bag small,antique silver,F_W_2026,LG_BAGS,Bags,Leather Goods,Bags,Bags,true,R012,bal_macro_women_bags,bal_super_micro_women_bags,2026-07-06,2026-09-28,14,false,,
6003254G0R28122,bel air tote bag small,silver,S_S_2026,LG_BAGS,Bags,Leather Goods,Bags,Bags,true,R012,bal_macro_women_bags,bal_super_micro_women_handbags,2026-07-06,2026-09-28,14,false,,
600325TT4SF1000,bel air tote bag small,black,F_W_2026,LG_BAGS,Bags,Leather Goods,Bags,Bags,true,R012,bal_macro_women_bags,bal_super_micro_women_tote_bags,2026-07-20,2026-09-28,16,false,,
6006982A11V1000,twenty four seven parfum,black,F_W_2026,BEAUTY,Fragrance & Beauty,Beauty,Fragrance & Beauty,,false,R015,bal_macro_men_beauty|bal_macro_women_beauty,bal_super_micro_men_fragrances|bal_super_micro_women_fragrances,2026-07-06,2026-09-28,13,false,,
600698TTV999104,twenty four seven parfum,optic white,S_S_2026,BEAUTY,Fragrance & Beauty,Beauty,Fragrance & Beauty,,false,R015,bal_macro_men_beauty|bal_macro_women_beauty,bal_super_micro_men_fragrances|bal_super_micro_women_fragrances,2026-07-06,2026-09-28,13,false,,
6039712AHBR3258,rodeo sling pochette,army green,S_S_2026,LG_BAGS,Bags,Leather Goods,Bags,Bags,true,R012,bal_macro_women_bags,bal_super_micro_women_bags,2026-07-06,2026-09-28,13,false,,
6039714G6ZW1090,rodeo sling pochette,black,F_W_2026,LG_BAGS,Bags,Leather Goods,Bags,Bags,true,R012,bal_macro_women_bags,bal_super_micro_women_clutches_and_pouches,2026-07-06,2026-09-28,14,false,,
603971W3AEK0926,rodeo sling pochette,shiny silver,S_S_2026,LG_BAGS,Bags,Leather Goods,Bags,Bags,true,R012,bal_macro_women_bags,bal_super_micro_women_shoulder_bags,2026-07-06,2026-09-28,14,false,,
604342219829104,rodeo handbag large with charms,optic white,S_S_2026,AC_OTHER,Other Accessories,Accessories,Other Accessories,Accessories,true,R011,bal_macro_women_bags,bal_super_micro_women_bags,2026-07-06,2026-09-28,15,false,,
6043422ABBQ0911,rodeo handbag large with charms,antique silver,F_W_2026,AC_OTHER,Other Accessories,Accessories,Other Accessories,Accessories,true,R011,bal_macro_women_bags,bal_super_micro_women_tote_bags,2026-07-06,2026-09-28,14,false,,
6043424G58X9000,rodeo handbag large with charms,white,S_S_2026,AC_OTHER,Other Accessories,Accessories,Other Accessories,Accessories,true,R011,bal_macro_women_bags,bal_super_micro_women_handbags,2026-07-06,2026-09-28,14,false,,
604342TN9E49000,rodeo handbag large with charms,white,F_W_2025,AC_OTHER,Other Accessories,Accessories,Other Accessories,Accessories,true,R011,bal_macro_women_bags,bal_super_micro_women_clutches_and_pouches,2026-07-06,2026-09-28,14,false,,
605291213WC5723,cash magnet card holder,petal pink,F_W_2026,LG_SLG,Small Leather Goods,Leather Goods,Small Leather Goods,Small Leather Goods,true,R010,bal_macro_men_slg,bal_super_micro_men_slg,2026-07-06,2026-09-28,13,false,,
605291218ME1000,cash magnet card holder,black,F_W_2026,LG_SLG,Small Leather Goods,Leather Goods,Small Leather Goods,Small Leather Goods,true,R010,bal_macro_men_slg,bal_super_micro_men_slg,2026-07-06,2026-09-28,15,false,,
6052912ABSR1210,cash magnet card holder,light grey,S_S_2026,LG_SLG,Small Leather Goods,Leather Goods,Small Leather Goods,Small Leather Goods,true,R010,bal_macro_men_slg,bal_super_micro_men_wallets,2026-07-06,2026-09-28,13,false,,
6054132AB211000,bb icon thin gourmette necklace,black,F_W_2025/F_W_2026/S_S_2026,AC_JEWELRY,Jewelry,Accessories,Jewelry,Accessories,true,R030,bal_macro_men_accessories,bal_super_micro_men_hats_and_scarves,2026-07-06,2026-09-28,15,false,,
6054132ABL82533,bb icon thin gourmette necklace,camel,F_W_2026,AC_JEWELRY,Jewelry,Accessories,Jewelry,Accessories,true,R030,bal_macro_men_accessories,bal_super_micro_men_other_accessories,2026-07-06,2026-09-28,15,false,,
6054134G0852840,bb icon thin gourmette necklace,khaki,F_W_2026,AC_JEWELRY,Jewelry,Accessories,Jewelry,Accessories,true,R030,bal_macro_men_accessories,bal_super_micro_men_other_accessories,2026-07-06,2026-09-28,15,false,,
605413TTWXJ1090,bb icon thin gourmette necklace,black,S_S_2026,AC_JEWELRY,Jewelry,Accessories,Jewelry,Accessories,true,R030,bal_macro_men_accessories,bal_super_micro_men_belts,2026-07-27,2026-09-28,1,false,,
605413WRIHF9002,bb icon thin gourmette necklace,ivory,F_W_2026/S_S_2026/S_S_2027,AC_JEWELRY,Jewelry,Accessories,Jewelry,Accessories,true,R030,bal_macro_men_accessories,bal_super_micro_men_caps,2026-07-06,2026-09-28,14,false,,
6067874GSEE1084,le city moto bag small,black/multicolor,S_S_2026,LG_BAGS,Bags,Leather Goods,Bags,Bags,true,R012,bal_macro_men_leather_goods,bal_super_micro_men_crossbody_bags,2026-07-06,2026-09-28,14,false,,
606787WJ1DK1251,le city moto bag small,volcanic rock,F_W_2025,LG_BAGS,Bags,Leather Goods,Bags,Bags,true,R012,bal_macro_men_leather_goods,bal_super_micro_men_bags,2026-07-06,2026-09-28,13,false,,
60687221BR11000,faux fur strap,black,F_W_2026,LG_BAGS,Bags,Leather Goods,Bags,Bags,true,R041,bal_macro_women_slg,bal_super_micro_women_clutches_and_pouches,2026-07-06,2026-09-28,13,false,,
6068722A74C0911,faux fur strap,antique silver,S_S_2026,LG_SLG,Small Leather Goods,Leather Goods,Small Leather Goods,Small Leather Goods,true,R040,bal_macro_women_slg,bal_super_micro_women_cardholders,2026-07-06,2026-09-28,15,false,,
6068722ABYY0127,faux fur strap,shiny gold,F_W_2026/S_S_2026/S_S_2027,LG_SLG,Small Leather Goods,Leather Goods,Small Leather Goods,Small Leather Goods,true,R040,bal_macro_women_slg,bal_super_micro_women_wallets,2026-07-06,2026-08-31,15,false,,
606872TJ2VY9000,faux fur strap,white,F_W_2026/S_S_2027,LG_BAGS,Bags,Leather Goods,Bags,Bags,true,R041,bal_macro_women_slg,bal_super_micro_women_clutches_and_pouches,2026-07-06,2026-09-28,15,false,,
606872TTD4I1000,faux fur strap,black,F_W_2025,LG_SLG,Small Leather Goods,Leather Goods,Small Leather Goods,Small Leather Goods,true,R040,bal_macro_women_slg,bal_super_micro_women_slg,2026-07-06,2026-09-28,15,false,,
606872WCITL8065,faux fur strap,navy,S_S_2026,AC_OTHER,Other Accessories,Accessories,Other Accessories,Accessories,true,R048,bal_macro_women_slg,bal_super_micro_women_keyrings,2026-07-27,2026-09-28,14,false,,
60688121ETX1084,hourglass puffer,black/multicolor,F_W_2026/S_S_2026,RTW,Ready-to-Wear,Ready-to-Wear,Ready-to-Wear,,false,R049,bal_macro_women_rtw,bal_super_micro_women_t_shirts,2026-07-27,2026-09-28,1,false,,
60688121J7K9000,hourglass puffer,white,S_S_2026,RTW,Ready-to-Wear,Ready-to-Wear,Ready-to-Wear,,false,R049,bal_macro_women_rtw,bal_super_micro_women_pants,2026-07-06,2026-09-28,16,false,,
6068812AYRC1210,hourglass puffer,light grey,F_W_2026,RTW,Ready-to-Wear,Ready-to-Wear,Ready-to-Wear,,false,R049,bal_macro_women_rtw,bal_super_micro_women_coats_and_jackets,2026-07-27,2026-09-28,1,false,,
6068814G0LM1240,hourglass puffer,grey,S_S_2026/S_S_2027,RTW,Ready-to-Wear,Ready-to-Wear,Ready-to-Wear,,false,R049,bal_macro_women_rtw,bal_super_micro_women_dresses_and_skirts,2026-07-06,2026-09-28,14,false,,
6068814G3FM0911,hourglass puffer,antique silver,S_S_2026,RTW,Ready-to-Wear,Ready-to-Wear,Ready-to-Wear,,false,R049,bal_macro_women_rtw,bal_super_micro_women_coats_and_jackets,2026-07-06,2026-08-24,14,false,,
6068814G5E65723,hourglass puffer,petal pink,S_S_2025,RTW,Ready-to-Wear,Ready-to-Wear,Ready-to-Wear,,false,R049,bal_macro_women_rtw,bal_super_micro_women_dresses_and_skirts,2026-07-06,2026-09-28,14,false,,
6068814GAX38122,hourglass puffer,silver,S_S_2026,RTW,Ready-to-Wear,Ready-to-Wear,Ready-to-Wear,,false,R049,bal_macro_women_rtw,bal_super_micro_women_tops_and_shirts,2026-07-06,2026-09-28,15,false,,
6068814GUQE2533,hourglass puffer,camel,F_W_2026,RTW,Ready-to-Wear,Ready-to-Wear,Ready-to-Wear,,false,R049,bal_macro_women_rtw,bal_super_micro_women_dresses_and_skirts,2026-07-06,2026-09-28,15,false,,
6068814GXRK2308,hourglass puffer,light espresso,F_W_2026,RTW,Ready-to-Wear,Ready-to-Wear,Ready-to-Wear,,false,R049,bal_macro_women_rtw,bal_super_micro_women_coats_and_jackets,2026-07-06,2026-07-20,7,false,,
606881TTGZ71210,hourglass puffer,light grey,S_S_2026,RTW,Ready-to-Wear,Ready-to-Wear,Ready-to-Wear,,false,R049,bal_macro_women_rtw,bal_super_micro_women_tops_and_shirts,2026-07-06,2026-09-28,12,false,,
606881WVJ031251,hourglass puffer,volcanic rock,F_W_2026,RTW,Ready-to-Wear,Ready-to-Wear,Ready-to-Wear,,false,R049,bal_macro_women_rtw,bal_super_micro_women_coats_and_jackets,2026-07-13,2026-09-28,12,false,,
60710521PZS1000,alaska low boot,black,F_W_2026,SH_SHOES,Other Shoes,Shoes,Other Shoes,Shoes,true,R043,bal_macro_men_shoes,bal_super_micro_men_sandals,2026-07-06,2026-09-28,15,false,,
6071052ABMK1240,alaska low boot,grey,S_S_2026,SH_SNEAKERS,Sneakers,Shoes,Sneakers,Shoes,true,R042,bal_macro_men_shoes,bal_super_micro_men_sneakers,2026-07-06,2026-09-28,14,false,,
6071054GJQY1000,alaska low boot,black,F_W_2026,SH_SHOES,Other Shoes,Shoes,Other Shoes,Shoes,true,R043,bal_macro_men_shoes,bal_super_micro_men_formal_shoes,2026-07-06,2026-09-28,13,false,,
607105WCB028122,alaska low boot,silver,F_W_2026,SH_SHOES,Other Shoes,Shoes,Other Shoes,Shoes,true,R043,bal_macro_men_shoes,bal_super_micro_men_sandals,2026-07-20,2026-09-28,15,false,,
6081072ABO00911,venom high boot,antique silver,F_W_2026,SH_SNEAKERS,Sneakers,Shoes,Sneakers,Shoes,true,R042,bal_macro_men_shoes,bal_super_micro_men_sneakers,2026-07-06,2026-09-28,13,false,,
6081074GORW5723,venom high boot,petal pink,S_S_2026,SH_SHOES,Other Shoes,Shoes,Other Shoes,Shoes,true,R043,bal_macro_men_shoes,bal_super_micro_men_formal_shoes,2026-07-06,2026-09-28,15,false,,
608107TTSWY4011,venom high boot,blue,F_W_2026,SH_SHOES,Other Shoes,Shoes,Other Shoes,Shoes,true,R043,bal_macro_men_shoes,bal_super_micro_men_boots_and_booties,2026-07-06,2026-09-28,16,false,,
6081552A3911090,rodeo messenger bag medium,black/white,F_W_2025,LG_BAGS,Bags,Leather Goods,Bags,Bags,true,R012,bal_macro_men_bags,bal_super_micro_men_backpacks,2026-07-06,2026-09-28,14,false,,
6090452AB6B0926,crush card holder quilted,shiny silver,F_W_2026/S_S_2027,LG_SLG,Small Leather Goods,Leather Goods,Small Leather Goods,Small Leather Goods,true,R010,bal_macro_women_slg,bal_super_micro_women_clutches_and_pouches,2026-07-06,2026-09-28,15,false,,
6090454GFZ40926,crush card holder quilted,shiny silver,S_S_2026,LG_SLG,Small Leather Goods,Leather Goods,Small Leather Goods,Small Leather Goods,true,R010,bal_macro_women_slg,bal_super_micro_women_wallets,2026-07-06,2026-09-28,16,false,,
6093672A28P8065,cristóbal parfum,navy,S_S_2026,BEAUTY,Fragrance & Beauty,Beauty,Fragrance & Beauty,,false,R015,bal_macro_men_beauty|bal_macro_women_beauty,bal_super_micro_men_fragrances|bal_super_micro_women_fragrances,2026-07-06,2026-09-28,14,false,,
609578TTBOU9104,bloom xs earrings,optic white,S_S_2026,AC_JEWELRY,Jewelry,Accessories,Jewelry,Accessories,true,R030,bal_macro_women_accessories,bal_super_micro_women_jewelry,2026-07-06,2026-09-28,12,false,,
609578W2MGT2533,bloom xs earrings,camel,F_W_2025,AC_JEWELRY,Jewelry,Accessories,Jewelry,Accessories,true,R030,bal_macro_women_accessories,bal_super_micro_women_jewelry,2026-07-06,2026-09-28,12,false,,
60976421CA79000,le city zipped pouch charm,white,S_S_2026,AC_OTHER,Other Accessories,Accessories,Other Accessories,Accessories,true,R011,bal_macro_women_slg,bal_super_micro_women_clutches_and_pouches,2026-07-06,2026-09-28,13,false,,
60976421CAT1090,le city zipped pouch charm,black,F_W_2025/F_W_2026/S_S_2026,AC_OTHER,Other Accessories,Accessories,Other Accessories,Accessories,true,R011,bal_macro_women_slg,bal_super_micro_women_keyrings,2026-07-06,2026-09-28,14,false,,
6097644GYE99104,le city zipped pouch charm,optic white,S_S_2026,AC_OTHER,Other Accessories,Accessories,Other Accessories,Accessories,true,R011,bal_macro_women_slg,bal_super_micro_women_clutches_and_pouches,2026-07-06,2026-09-28,14,false,,
609764W580V9002,le city zipped pouch charm,ivory,F_W_2026,AC_OTHER,Other Accessories,Accessories,Other Accessories,Accessories,true,R011,bal_macro_women_slg,bal_super_micro_women_slg,2026-07-06,2026-09-28,15,false,,
6106004GZJF9104,explorer multipocket backpack,optic white,F_W_2026,LG_BAGS,Bags,Leather Goods,Bags,Bags,true,R012,bal_macro_men_bags,bal_super_micro_men_crossbody_bags,2026-07-06,2026-09-28,14,false,,
610600WI7Z98065,explorer multipocket backpack,navy,S_S_2026,LG_BAGS,Bags,Leather Goods,Bags,Bags,true,R012,bal_macro_men_bags,bal_super_micro_men_backpacks,2026-07-06,2026-09-28,12,false,,
6115974G4912308,shopper dust bag crossbody pouch medium,light espresso,F_W_2025/F_W_2026/S_S_2026,LG_BAGS,Bags,Leather Goods,Bags,Bags,true,R012,bal_macro_men_bags,bal_super_micro_men_beltbags,2026-07-06,2026-09-28,15,false,,
61197921RER1000,panther mask sunglasses,black,S_S_2026,AC_EYEWEAR,Eyewear,Accessories,Eyewear,Accessories,true,R025,bal_macro_men_accessories|bal_macro_women_accessories,bal_super_micro_men_hats_and_scarves|bal_super_micro_women_hats_and_scarves,2026-07-06,2026-09-28,14,false,,
611979TTH6P9000,panther mask sunglasses,white,S_S_2026,AC_EYEWEAR,Eyewear,Accessories,Eyewear,Accessories,true,R025,bal_macro_men_accessories|bal_macro_women_accessories,bal_super_micro_men_keyrings|bal_super_micro_women_keyrings,2026-07-20,2026-09-28,15,false,,
611979W0X712533,panther mask sunglasses,camel,F_W_2026,AC_EYEWEAR,Eyewear,Accessories,Eyewear,Accessories,true,R025,bal_macro_men_accessories|bal_macro_women_accessories,bal_super_micro_men_keyrings|bal_super_micro_women_keyrings,2026-07-06,2026-09-28,15,false,,
611979WJ6BY1210,panther mask sunglasses,light grey,S_S_2026,AC_EYEWEAR,Eyewear,Accessories,Eyewear,Accessories,true,R025,bal_macro_men_accessories|bal_macro_women_accessories,bal_super_micro_men_keyrings|bal_super_micro_women_keyrings,2026-07-06,2026-09-28,13,false,,
6142414GLUW9002,nano cat sunglasses,ivory,F_W_2025,AC_EYEWEAR,Eyewear,Accessories,Eyewear,Accessories,true,R025,bal_macro_women_eyewear,bal_super_micro_women_sunglasses,2026-07-06,2026-09-28,15,false,,
614241TTPBP3258,nano cat sunglasses,army green,S_S_2026,AC_EYEWEAR,Eyewear,Accessories,Eyewear,Accessories,true,R025,bal_macro_women_eyewear,bal_super_micro_women_sunglasses,2026-07-06,2026-09-28,14,false,,
614404TT16Q1251,clicca shoulder bag medium,volcanic rock,S_S_2025,LG_BAGS,Bags,Leather Goods,Bags,Bags,true,R012,bal_macro_women_leather_goods,bal_super_micro_women_handbags,2026-07-06,2026-09-28,13,false,,
615164214801084,extreme tie dye long sleeve dress,black/multicolor,F_W_2025/S_S_2026,RTW,Ready-to-Wear,Ready-to-Wear,Ready-to-Wear,,false,R049,bal_macro_women_rtw,bal_super_micro_women_t_shirts,2026-07-06,2026-09-28,15,false,,
61516421AB81240,extreme tie dye long sleeve dress,grey,S_S_2026,RTW,Ready-to-Wear,Ready-to-Wear,Ready-to-Wear,,false,R049,bal_macro_women_rtw,bal_super_micro_women_coats_and_jackets,2026-07-06,2026-09-28,1,false,,
61516421VLH1041,extreme tie dye long sleeve dress,faded black,F_W_2026,RTW,Ready-to-Wear,Ready-to-Wear,Ready-to-Wear,,false,R049,bal_macro_women_rtw,bal_super_micro_women_dresses_and_skirts,2026-07-06,2026-09-28,15,false,,
6151642ABC51210,extreme tie dye long sleeve dress,light grey,S_S_2026,RTW,Ready-to-Wear,Ready-to-Wear,Ready-to-Wear,,false,R049,bal_macro_women_rtw,bal_super_micro_women_t_shirts,2026-07-06,2026-09-28,11,false,,
6151642ABO94011,extreme tie dye long sleeve dress,blue,F_W_2026,RTW,Ready-to-Wear,Ready-to-Wear,Ready-to-Wear,,false,R049,bal_macro_women_rtw,bal_super_micro_women_pants,2026-07-06,2026-09-28,15,false,,
6151642AVV11000,extreme tie dye long sleeve dress,black,F_W_2025,RTW,Ready-to-Wear,Ready-to-Wear,Ready-to-Wear,,false,R049,bal_macro_women_rtw,bal_super_micro_women_tops_and_shirts,2026-07-06,2026-09-28,16,false,,
6151644G4IL2840,extreme tie dye long sleeve dress,khaki,F_W_2025/F_W_2026/S_S_2026,RTW,Ready-to-Wear,Ready-to-Wear,Ready-to-Wear,,false,R049,bal_macro_women_rtw,bal_super_micro_women_tops_and_shirts,2026-07-06,2026-09-28,15,false,,
6151644GKEQ0127,extreme tie dye long sleeve dress,shiny gold,F_W_2026/S_S_2026/S_S_2027,RTW,Ready-to-Wear,Ready-to-Wear,Ready-to-Wear,,false,R049,bal_macro_women_rtw,bal_super_micro_women_tops_and_shirts,2026-09-14,2026-09-14,6,false,,
615164T1V8C2308,extreme tie dye long sleeve dress,light espresso,F_W_2025/S_S_2026,RTW,Ready-to-Wear,Ready-to-Wear,Ready-to-Wear,,false,R049,bal_macro_women_rtw,bal_super_micro_women_coats_and_jackets,2026-07-06,2026-09-28,13,false,,
615164TTEHB1000,extreme tie dye long sleeve dress,black,F_W_2026,RTW,Ready-to-Wear,Ready-to-Wear,Ready-to-Wear,,false,R049,bal_macro_women_rtw,bal_super_micro_women_tops_and_shirts,2026-07-06,2026-07-06,6,false,,
615164TTRYX0926,extreme tie dye long sleeve dress,shiny silver,F_W_2025,RTW,Ready-to-Wear,Ready-to-Wear,Ready-to-Wear,,false,R049,bal_macro_women_rtw,bal_super_micro_women_pants,2026-07-06,2026-09-28,14,false,,
615164W6N7V1084,extreme tie dye long sleeve dress,black/multicolor,F_W_2026,RTW,Ready-to-Wear,Ready-to-Wear,Ready-to-Wear,,false,R049,bal_macro_women_rtw,bal_super_micro_women_tops_and_shirts,2026-09-21,2026-09-28,11,false,,
615164WR4ZH1210,extreme tie dye long sleeve dress,light grey,F_W_2026,RTW,Ready-to-Wear,Ready-to-Wear,Ready-to-Wear,,false,R049,bal_macro_women_rtw,bal_super_micro_women_coats_and_jackets,2026-07-06,2026-09-28,16,false,,
61530521TN71251,bolero bb belt,volcanic rock,S_S_2026,AC_BELTS,Belts,Accessories,Belts,Accessories,true,R035,bal_macro_men_accessories,bal_super_micro_men_jewelry,2026-07-06,2026-09-28,14,false,,
6153052ABDF1000,bolero bb belt,black,F_W_2026,AC_BELTS,Belts,Accessories,Belts,Accessories,true,R035,bal_macro_men_accessories,bal_super_micro_men_other_accessories,2026-07-06,2026-09-28,14,false,,
6153052APBA1090,bolero bb belt,black,F_W_2025/S_S_2026,AC_BELTS,Belts,Accessories,Belts,Accessories,true,R035,bal_macro_men_accessories,bal_super_micro_men_hats_and_scarves,2026-07-06,2026-09-28,14,false,,
6153052AVLR1210,bolero bb belt,light grey,F_W_2025,AC_BELTS,Belts,Accessories,Belts,Accessories,true,R035,bal_macro_men_accessories,bal_super_micro_men_hats_and_scarves,2026-07-06,2026-09-28,16,false,,
6153054GQKN1000,bolero bb belt,black,F_W_2025,AC_BELTS,Belts,Accessories,Belts,Accessories,true,R035,bal_macro_men_accessories,bal_super_micro_men_belts,2026-07-06,2026-09-28,15,false,,
6153054GYXQ9020,bolero bb belt,cream,F_W_2025,AC_BELTS,Belts,Accessories,Belts,Accessories,true,R035,bal_macro_men_accessories,bal_super_micro_men_hats_and_scarves,2026-07-06,2026-09-28,13,false,,
615305W7R4F1041,bolero bb belt,faded black,F_W_2026,AC_BELTS,Belts,Accessories,Belts,Accessories,true,R035,bal_macro_men_accessories,bal_super_micro_men_jewelry,2026-07-06,2026-09-28,1,false,,
615434215P10926,le cagole xs shoulder bag,shiny silver,F_W_2025,LG_BAGS,Bags,Leather Goods,Bags,Bags,true,R012,bal_macro_women_bags,bal_super_micro_women_shoulder_bags,2026-07-06,2026-09-28,14,false,,
6154342AB0Q2533,le cagole xs shoulder bag,camel,F_W_2026,LG_BAGS,Bags,Leather Goods,Bags,Bags,true,R012,bal_macro_women_bags,bal_super_micro_women_tote_bags,2026-07-06,2026-09-28,13,false,,
6154342AFAB4011,le cagole xs shoulder bag,blue,F_W_2026,LG_BAGS,Bags,Leather Goods,Bags,Bags,true,R012,bal_macro_women_bags,bal_super_micro_women_handbags,2026-07-06,2026-09-28,15,false,,
6154344GBXM0926,le cagole xs shoulder bag,shiny silver,F_W_2026,LG_BAGS,Bags,Leather Goods,Bags,Bags,true,R012,bal_macro_women_bags,bal_super_micro_women_tote_bags,2026-07-06,2026-09-28,16,false,,
6154344GF5T2308,le cagole xs shoulder bag,light espresso,F_W_2026,LG_BAGS,Bags,Leather Goods,Bags,Bags,true,R012,bal_macro_women_bags,bal_super_micro_women_bags,2026-07-06,2026-09-28,14,false,,
615434TT9YP0127,le cagole xs shoulder bag,shiny gold,F_W_2026,LG_BAGS,Bags,Leather Goods,Bags,Bags,true,R012,bal_macro_women_bags,bal_super_micro_women_handbags,2026-07-06,2026-09-28,14,false,,
6156342105R8122,b earrings,silver,S_S_2025,AC_JEWELRY,Jewelry,Accessories,Jewelry,Accessories,true,R030,bal_macro_women_accessories,bal_super_micro_women_belts,2026-07-06,2026-09-28,13,false,,
615634T0B410127,b earrings,shiny gold,F_W_2026,AC_JEWELRY,Jewelry,Accessories,Jewelry,Accessories,true,R030,bal_macro_women_accessories,bal_super_micro_women_belts,2026-07-06,2026-09-28,14,false,,
615634T33PD9020,b earrings,cream,F_W_2026,AC_JEWELRY,Jewelry,Accessories,Jewelry,Accessories,true,R030,bal_macro_women_accessories,bal_super_micro_women_belts,2026-07-06,2026-09-28,12,false,,
615634TH58K1084,b earrings,black/multicolor,S_S_2026,AC_JEWELRY,Jewelry,Accessories,Jewelry,Accessories,true,R030,bal_macro_women_accessories,bal_super_micro_women_belts,2026-07-06,2026-09-28,15,false,,
615634WC8U34200,b earrings,light blue,F_W_2026,AC_JEWELRY,Jewelry,Accessories,Jewelry,Accessories,true,R030,bal_macro_women_accessories,bal_super_micro_women_belts,2026-07-06,2026-09-28,14,false,,
615634WL0NZ2840,b earrings,khaki,F_W_2026,AC_JEWELRY,Jewelry,Accessories,Jewelry,Accessories,true,R030,bal_macro_women_accessories,bal_super_micro_women_other_accessories,2026-07-06,2026-09-28,14,false,,
615900TTHNI2533,bb thin belt,camel,S_S_2026,AC_BELTS,Belts,Accessories,Belts,Accessories,true,R035,bal_macro_women_accessories,bal_super_micro_women_keyrings,2026-07-06,2026-09-21,14,false,,
615900W0ACO8065,bb thin belt,navy,S_S_2026,AC_BELTS,Belts,Accessories,Belts,Accessories,true,R035,bal_macro_women_accessories,bal_super_micro_women_sunglasses,2026-07-06,2026-09-28,14,false,,
615900WOBP51251,bb thin belt,volcanic rock,S_S_2026,AC_BELTS,Belts,Accessories,Belts,Accessories,true,R035,bal_macro_women_accessories,bal_super_micro_women_other_accessories,2026-07-06,2026-09-28,15,false,,
61818021PJ51090,le city round mirror charm,black,S_S_2026,AC_OTHER,Other Accessories,Accessories,Other Accessories,Accessories,true,R011,bal_macro_women_slg,bal_super_micro_women_keyrings,2026-07-06,2026-09-28,15,false,,
6181802A8GI8065,le city round mirror charm,navy,F_W_2026,AC_OTHER,Other Accessories,Accessories,Other Accessories,Accessories,true,R011,bal_macro_women_slg,bal_super_micro_women_clutches_and_pouches,2026-07-06,2026-09-28,15,false,,
6181802ABRM1084,le city round mirror charm,black/multicolor,S_S_2026,AC_OTHER,Other Accessories,Accessories,Other Accessories,Accessories,true,R011,bal_macro_women_slg,bal_super_micro_women_clutches_and_pouches,2026-07-06,2026-09-28,13,false,,
618180W0KIZ5723,le city round mirror charm,petal pink,S_S_2026,AC_OTHER,Other Accessories,Accessories,Other Accessories,Accessories,true,R011,bal_macro_women_slg,bal_super_micro_women_wallets,2026-07-06,2026-09-28,15,false,,
6188092ABLA2840,cash mini wallet,khaki,S_S_2026,LG_SLG,Small Leather Goods,Leather Goods,Small Leather Goods,Small Leather Goods,true,R010,bal_macro_men_leather_goods,bal_super_micro_men_crossbody_bags,2026-07-06,2026-09-28,16,false,,
6188094GCER2533,cash mini wallet,camel,F_W_2026,LG_SLG,Small Leather Goods,Leather Goods,Small Leather Goods,Small Leather Goods,true,R010,bal_macro_men_leather_goods,bal_super_micro_men_backpacks,2026-07-06,2026-09-28,14,false,,
618809TH1H49020,cash mini wallet,cream,F_W_2026/S_S_2026/S_S_2027,LG_SLG,Small Leather Goods,Leather Goods,Small Leather Goods,Small Leather Goods,true,R010,bal_macro_men_leather_goods,bal_super_micro_men_crossbody_bags,2026-07-06,2026-09-28,14,false,,
618809WDY7T2840,cash mini wallet,khaki,S_S_2026,LG_SLG,Small Leather Goods,Leather Goods,Small Leather Goods,Small Leather Goods,true,R010,bal_macro_men_leather_goods,bal_super_micro_women_handbags,2026-07-06,2026-09-28,12,false,,
619336WJAPU8122,nano signet ring,silver,S_S_2026,AC_JEWELRY,Jewelry,Accessories,Jewelry,Accessories,true,R030,bal_macro_men_accessories|bal_macro_women_accessories,bal_super_micro_men_objects|bal_super_micro_women_objects,2026-07-06,2026-09-28,13,false,,
619799216Y01000,rodeo card holder,black,F_W_2026,LG_SLG,Small Leather Goods,Leather Goods,Small Leather Goods,Small Leather Goods,true,R010,bal_macro_men_slg,bal_super_micro_men_wallets,2026-07-06,2026-08-17,13,false,,
61979921UMQ9000,rodeo card holder,white,F_W_2025,LG_SLG,Small Leather Goods,Leather Goods,Small Leather Goods,Small Leather Goods,true,R010,bal_macro_men_slg,bal_super_micro_men_keyrings,2026-07-06,2026-09-28,14,false,,
6197992ABGI2840,rodeo card holder,khaki,F_W_2026,LG_SLG,Small Leather Goods,Leather Goods,Small Leather Goods,Small Leather Goods,true,R010,bal_macro_men_slg,bal_super_micro_men_cardholders,2026-07-06,2026-09-28,14,false,,
6200252AB6C2840,le cagole shoulder bag small with rhinestones,khaki,S_S_2026,LG_BAGS,Bags,Leather Goods,Bags,Bags,true,R012,bal_macro_women_bags,bal_super_micro_women_shoulder_bags,2026-07-06,2026-09-28,13,false,,
6200254GVF30926,le cagole shoulder bag small with rhinestones,shiny silver,S_S_2026,LG_BAGS,Bags,Leather Goods,Bags,Bags,true,R012,bal_macro_women_bags,bal_super_micro_women_clutches_and_pouches,2026-07-06,2026-09-28,15,false,,
620025TTOCR3258,le cagole shoulder bag small with rhinestones,army green,F_W_2026,LG_BAGS,Bags,Leather Goods,Bags,Bags,true,R012,bal_macro_women_bags,bal_super_micro_women_handbags,2026-07-06,2026-09-28,13,false,,
6206382A28F2533,rodeo handbag mini,camel,S_S_2026,LG_BAGS,Bags,Leather Goods,Bags,Bags,true,R012,bal_macro_women_leather_goods,bal_super_micro_women_handbags,2026-07-06,2026-09-28,13,false,,
6209912AB3A1251,bb large belt,volcanic rock,F_W_2026/S_S_2026/S_S_2027,AC_BELTS,Belts,Accessories,Belts,Accessories,true,R035,bal_macro_men_accessories,bal_super_micro_men_belts,2026-07-06,2026-09-28,14,false,,
6209912ABXN8065,bb large belt,navy,S_S_2026,AC_BELTS,Belts,Accessories,Belts,Accessories,true,R035,bal_macro_men_accessories,bal_super_micro_men_belts,2026-07-06,2026-09-28,12,false,,
6209912AKJ31251,bb large belt,volcanic rock,S_S_2026,AC_BELTS,Belts,Accessories,Belts,Accessories,true,R035,bal_macro_men_accessories,bal_super_micro_men_caps,2026-07-27,2026-09-28,1,false,,
620991WJNT91000,bb large belt,black,F_W_2025,AC_BELTS,Belts,Accessories,Belts,Accessories,true,R035,bal_macro_men_accessories,bal_super_micro_men_jewelry,2026-07-06,2026-09-28,16,false,,
62298321S0E9002,explorer hobo messenger bag,ivory,F_W_2026,LG_BAGS,Bags,Leather Goods,Bags,Bags,true,R012,bal_macro_men_bags,bal_super_micro_men_beltbags,2026-07-06,2026-07-06,7,false,,
62323621B9X2533,track shirt sneaker,camel,S_S_2026,SH_SNEAKERS,Sneakers,Shoes,Sneakers,Shoes,true,R020,bal_macro_men_shoes,bal_super_micro_men_formal_shoes,2026-07-06,2026-09-28,13,false,,
6232362AH2W4200,track shirt sneaker,light blue,F_W_2026,SH_SNEAKERS,Sneakers,Shoes,Sneakers,Shoes,true,R020,bal_macro_men_shoes,bal_super_micro_men_sandals,2026-07-06,2026-09-28,14,false,,
6232362AMA60127,track shirt sneaker,shiny gold,F_W_2026,SH_SNEAKERS,Sneakers,Shoes,Sneakers,Shoes,true,R020,bal_macro_men_shoes,bal_super_micro_men_formal_shoes,2026-07-06,2026-09-28,15,false,,
6232364GR3M9104,track shirt sneaker,optic white,S_S_2026,SH_SNEAKERS,Sneakers,Shoes,Sneakers,Shoes,true,R020,bal_macro_men_shoes,bal_super_micro_men_sandals,2026-07-06,2026-09-28,15,false,,
6232364GXU21041,track shirt sneaker,faded black,F_W_2026,SH_SNEAKERS,Sneakers,Shoes,Sneakers,Shoes,true,R020,bal_macro_men_shoes,bal_super_micro_men_boots_and_booties,2026-07-06,2026-09-28,15,false,,
623236WAA7H3258,track shirt sneaker,army green,S_S_2026,SH_SNEAKERS,Sneakers,Shoes,Sneakers,Shoes,true,R020,bal_macro_men_shoes,bal_super_micro_men_sneakers,2026-07-06,2026-07-20,8,false,,
623236WPLRT5723,track shirt sneaker,petal pink,F_W_2025,SH_SNEAKERS,Sneakers,Shoes,Sneakers,Shoes,true,R020,bal_macro_men_shoes,bal_super_micro_men_sandals,2026-07-06,2026-09-28,15,false,,
62422121YB51240,le city flap bag nano,grey,F_W_2026,LG_BAGS,Bags,Leather Goods,Bags,Bags,true,R012,bal_macro_women_slg,bal_super_micro_women_slg,2026-07-06,2026-09-28,15,false,,
6242212A0G59104,le city flap bag nano,optic white,F_W_2026/S_S_2027,LG_BAGS,Bags,Leather Goods,Bags,Bags,true,R012,bal_macro_women_slg,bal_super_micro_women_slg,2026-07-06,2026-09-28,15,false,,
624221TTQWM8065,le city flap bag nano,navy,S_S_2026,LG_BAGS,Bags,Leather Goods,Bags,Bags,true,R012,bal_macro_women_slg,bal_super_micro_women_cardholders,2026-07-06,2026-09-28,14,false,,
624221WD4EL9020,le city flap bag nano,cream,S_S_2026,LG_BAGS,Bags,Leather Goods,Bags,Bags,true,R012,bal_macro_women_slg,bal_super_micro_women_wallets,2026-07-06,2026-09-28,15,false,,
624947T8YXA2840,to be confirmed parfum,khaki,S_S_2026,BEAUTY,Fragrance & Beauty,Beauty,Fragrance & Beauty,,false,R015,bal_macro_men_beauty|bal_macro_women_beauty,bal_super_micro_men_fragrances|bal_super_micro_women_fragrances,2026-07-06,2026-09-28,1,false,,
6255922AQJ05723,portofino mule,petal pink,S_S_2026,SH_SHOES,Other Shoes,Shoes,Other Shoes,Shoes,true,R043,bal_macro_men_shoes,bal_super_micro_men_sandals,2026-09-28,2026-09-28,1,false,,
6255922AT3Y9020,portofino mule,cream,S_S_2026,SH_SHOES,Other Shoes,Shoes,Other Shoes,Shoes,true,R043,bal_macro_men_shoes,bal_super_micro_men_boots_and_booties,2026-07-06,2026-09-28,15,false,,
6255922AWJE1000,portofino mule,black,S_S_2026,SH_SHOES,Other Shoes,Shoes,Other Shoes,Shoes,true,R043,bal_macro_men_shoes,bal_super_micro_men_mules_and_loafers,2026-07-06,2026-09-28,15,false,,
625592T5ELA3258,portofino mule,army green,F_W_2025,SH_SHOES,Other Shoes,Shoes,Other Shoes,Shoes,true,R043,bal_macro_men_shoes,bal_super_micro_men_mules_and_loafers,2026-07-06,2026-09-28,12,false,,
6257174G0601000,monaco long coin and card holder,black,F_W_2026/S_S_2026/S_S_2027,LG_SLG,Small Leather Goods,Leather Goods,Small Leather Goods,Small Leather Goods,true,R010,bal_macro_men_slg,bal_super_micro_men_slg,2026-07-06,2026-09-28,15,false,,
6257174GEJC1240,monaco long coin and card holder,grey,S_S_2026,LG_SLG,Small Leather Goods,Leather Goods,Small Leather Goods,Small Leather Goods,true,R010,bal_macro_men_slg,bal_super_micro_men_slg,2026-07-06,2026-09-28,15,false,,
6257174GF6W2533,monaco long coin and card holder,camel,F_W_2026,LG_SLG,Small Leather Goods,Leather Goods,Small Leather Goods,Small Leather Goods,true,R010,bal_macro_men_slg,bal_super_micro_men_slg,2026-07-06,2026-09-28,12,false,,
627903TTOKK2840,rodeo biker handbag large,khaki,F_W_2026,LG_BAGS,Bags,Leather Goods,Bags,Bags,true,R012,bal_macro_men_leather_goods,bal_super_micro_men_small_leather_goods,2026-07-06,2026-09-28,13,false,,
62806221DNE1210,eisa ellipse earrings,light grey,F_W_2025,AC_JEWELRY,Jewelry,Accessories,Jewelry,Accessories,true,R030,bal_macro_women_accessories,bal_super_micro_women_other_accessories,2026-09-28,2026-09-28,15,false,,
628062TQG6X1090,eisa ellipse earrings,black/white,S_S_2026,AC_JEWELRY,Jewelry,Accessories,Jewelry,Accessories,true,R030,bal_macro_women_accessories,bal_super_micro_women_sunglasses,2026-07-06,2026-09-28,14,false,,
628062TT5MJ0127,eisa ellipse earrings,shiny gold,S_S_2026,AC_JEWELRY,Jewelry,Accessories,Jewelry,Accessories,true,R030,bal_macro_women_accessories,bal_super_micro_women_keyrings,2026-07-06,2026-09-28,14,false,,
6303932AGBJ9002,palma cat sunglasses,ivory,S_S_2026,AC_EYEWEAR,Eyewear,Accessories,Eyewear,Accessories,true,R025,bal_macro_women_eyewear,bal_super_micro_women_sunglasses,2026-07-06,2026-09-28,12,false,,
630393TG0M99000,palma cat sunglasses,white,F_W_2025/F_W_2026/S_S_2026,AC_EYEWEAR,Eyewear,Accessories,Eyewear,Accessories,true,R025,bal_macro_women_eyewear,bal_super_micro_women_sunglasses,2026-07-06,2026-09-28,12,false,,
630393WWE010926,palma cat sunglasses,shiny silver,S_S_2026,AC_EYEWEAR,Eyewear,Accessories,Eyewear,Accessories,true,R025,bal_macro_women_eyewear,bal_super_micro_women_sunglasses,2026-07-06,2026-09-28,13,false,,
6305072110B1041,navy cabas xs,faded black,S_S_2026,LG_BAGS,Bags,Leather Goods,Bags,Bags,true,R012,bal_macro_women_bags,bal_super_micro_women_tote_bags,2026-07-06,2026-09-28,13,false,,
63050721WLN1251,navy cabas xs,volcanic rock,S_S_2026,LG_BAGS,Bags,Leather Goods,Bags,Bags,true,R012,bal_macro_women_bags,bal_super_micro_women_tote_bags,2026-07-13,2026-09-28,11,false,,
630507TTWFZ1240,navy cabas xs,grey,S_S_2025,LG_BAGS,Bags,Leather Goods,Bags,Bags,true,R012,bal_macro_women_bags,bal_super_micro_women_handbags,2026-07-06,2026-09-28,13,false,,
630507WVDSS9002,navy cabas xs,ivory,F_W_2026,LG_BAGS,Bags,Leather Goods,Bags,Bags,true,R012,bal_macro_women_bags,bal_super_micro_women_tote_bags,2026-07-06,2026-09-28,13,false,,
630507WZAMO2533,navy cabas xs,camel,S_S_2026,LG_BAGS,Bags,Leather Goods,Bags,Bags,true,R012,bal_macro_women_bags,bal_super_micro_women_handbags,2026-07-06,2026-09-28,13,false,,
631714216QL9002,nano xs stud earrings,,,AC_JEWELRY,Jewelry,Accessories,Jewelry,Accessories,true,R030,bal_macro_women_accessories,bal_super_micro_women_jewelry,2026-07-06,2026-09-28,1,false,,
6317144GUWQ2533,nano xs stud earrings,camel,S_S_2025,AC_JEWELRY,Jewelry,Accessories,Jewelry,Accessories,true,R030,bal_macro_women_accessories,bal_super_micro_women_other_accessories,2026-07-06,2026-09-07,13,false,,
631868T7UEQ9104,bb xs stud earrings,optic white,F_W_2026/S_S_2026/S_S_2027,AC_JEWELRY,Jewelry,Accessories,Jewelry,Accessories,true,R030,bal_macro_men_accessories,bal_super_micro_men_jewelry,2026-07-06,2026-09-28,13,false,,
631868TZCU01090,bb xs stud earrings,black,S_S_2026,AC_JEWELRY,Jewelry,Accessories,Jewelry,Accessories,true,R030,bal_macro_men_accessories,bal_super_micro_men_other_accessories,2026-07-06,2026-09-28,15,false,,
6319002AAW31090,rodeo handbag medium,black,S_S_2026,LG_BAGS,Bags,Leather Goods,Bags,Bags,true,R012,bal_macro_women_bags,bal_super_micro_women_tote_bags,2026-07-06,2026-09-28,15,false,,
6319002ABTX1000,rodeo handbag medium,black,F_W_2024,LG_BAGS,Bags,Leather Goods,Bags,Bags,true,R012,bal_macro_women_bags,bal_super_micro_women_tote_bags,2026-07-06,2026-09-28,14,false,,
6319002AWRE9104,rodeo handbag medium,optic white,F_W_2026/S_S_2026/S_S_2027,LG_BAGS,Bags,Leather Goods,Bags,Bags,true,R012,bal_macro_women_bags,bal_super_micro_women_bags,2026-07-06,2026-09-28,16,false,,
6319004GBUF5723,rodeo handbag medium,petal pink,F_W_2026,LG_BAGS,Bags,Leather Goods,Bags,Bags,true,R012,bal_macro_women_bags,bal_super_micro_women_clutches_and_pouches,2026-07-06,2026-09-28,15,false,,
6319004GPNN0127,rodeo handbag medium,shiny gold,S_S_2026,LG_BAGS,Bags,Leather Goods,Bags,Bags,true,R012,bal_macro_women_bags,bal_super_micro_women_tote_bags,2026-09-28,2026-09-28,1,false,,
631900TT6TA9000,rodeo handbag medium,white,F_W_2026/S_S_2026,LG_BAGS,Bags,Leather Goods,Bags,Bags,true,R012,bal_macro_women_bags,bal_super_micro_women_tote_bags,2026-07-06,2026-09-28,15,false,,
631900TTHUH1000,rodeo handbag medium,black,S_S_2026,LG_BAGS,Bags,Leather Goods,Bags,Bags,true,R012,bal_macro_women_bags,bal_super_micro_women_shoulder_bags,2026-07-06,2026-09-28,14,false,,
631900TTM6O1000,rodeo handbag medium,black,S_S_2026,LG_BAGS,Bags,Leather Goods,Bags,Bags,true,R012,bal_macro_women_bags,bal_super_micro_women_shoulder_bags,2026-07-06,2026-09-28,13,false,,
631900WDUX21090,rodeo handbag medium,black,F_W_2026,LG_BAGS,Bags,Leather Goods,Bags,Bags,true,R012,bal_macro_women_bags,bal_super_micro_women_tote_bags,2026-07-06,2026-09-28,13,false,,
631900WFXVH1000,rodeo handbag medium,black,F_W_2026,LG_BAGS,Bags,Leather Goods,Bags,Bags,true,R012,bal_macro_women_bags,bal_super_micro_women_tote_bags,2026-07-06,2026-09-28,14,false,,
63238321K5N1090,le city moto mini,black/white,S_S_2026,LG_SLG,Small Leather Goods,Leather Goods,Small Leather Goods,Small Leather Goods,true,R040,bal_macro_women_leather_goods,bal_super_micro_women_small_leather_goods,2026-07-06,2026-09-28,14,false,,
63312821I331000,felt hat,black,S_S_2026,AC_JEWELRY,Jewelry,Accessories,Jewelry,Accessories,true,R044,bal_macro_men_accessories,bal_super_micro_men_jewelry,2026-07-06,2026-09-28,13,false,,
6331282AFD81251,felt hat,volcanic rock,S_S_2026,AC_HATS_SCARVES,Hats & Scarves,Accessories,Hats & Scarves,Accessories,true,R047,bal_macro_men_accessories,bal_super_micro_men_hats_and_scarves,2026-07-06,2026-09-28,13,false,,
6331284G6UH4200,felt hat,light blue,F_W_2025,AC_OTHER,Other Accessories,Accessories,Other Accessories,Accessories,true,R048,bal_macro_men_accessories,bal_super_micro_men_other_accessories,2026-07-06,2026-09-28,13,false,,
633128WH4YD0911,felt hat,antique silver,F_W_2026,AC_JEWELRY,Jewelry,Accessories,Jewelry,Accessories,true,R044,bal_macro_men_accessories,bal_super_micro_men_jewelry,2026-07-06,2026-09-28,14,false,,
6341232ABT41041,superbusy camera bag,faded black,S_S_2026/S_S_2027,LG_BAGS,Bags,Leather Goods,Bags,Bags,true,R012,bal_macro_men_bags,bal_super_micro_men_bags,2026-07-06,2026-09-28,15,false,,
634123TF2SO0911,superbusy camera bag,antique silver,F_W_2025/S_S_2026,LG_BAGS,Bags,Leather Goods,Bags,Bags,true,R012,bal_macro_men_bags,bal_super_micro_men_beltbags,2026-07-06,2026-09-28,13,false,,
634123TTEWD5723,superbusy camera bag,petal pink,F_W_2026,LG_BAGS,Bags,Leather Goods,Bags,Bags,true,R012,bal_macro_men_bags,bal_super_micro_men_bags,2026-07-06,2026-09-28,15,false,,
63436621S270926,diy pin bracelet,shiny silver,F_W_2026,AC_JEWELRY,Jewelry,Accessories,Jewelry,Accessories,true,R030,bal_macro_men_accessories,bal_super_micro_men_hats_and_scarves,2026-07-06,2026-09-28,14,false,,
6343662AJH81084,diy pin bracelet,black/multicolor,F_W_2026,AC_JEWELRY,Jewelry,Accessories,Jewelry,Accessories,true,R030,bal_macro_men_accessories,bal_super_micro_men_jewelry,2026-07-06,2026-09-28,14,false,,
6343664GZNL1210,diy pin bracelet,light grey,S_S_2026,AC_JEWELRY,Jewelry,Accessories,Jewelry,Accessories,true,R030,bal_macro_men_accessories,bal_super_micro_men_jewelry,2026-07-06,2026-09-28,16,false,,
634366TT86H9000,diy pin bracelet,white,F_W_2026,AC_JEWELRY,Jewelry,Accessories,Jewelry,Accessories,true,R030,bal_macro_men_accessories,bal_super_micro_men_caps,2026-07-06,2026-09-28,14,false,,
6348432A8N88065,balenciaga | nba collaboration coach jacket,navy,F_W_2026,RTW,Ready-to-Wear,Ready-to-Wear,Ready-to-Wear,,false,R049,bal_macro_men_rtw,bal_super_micro_men_coats_and_jackets,2026-07-06,2026-09-28,13,false,,
6348432ABCF3258,balenciaga | nba collaboration coach jacket,army green,F_W_2025/F_W_2026/S_S_2026,RTW,Ready-to-Wear,Ready-to-Wear,Ready-to-Wear,,false,R049,bal_macro_men_rtw,bal_super_micro_men_sweatshirts,2026-09-07,2026-09-28,13,false,,
6348432ABSN2308,balenciaga | nba collaboration coach jacket,light espresso,F_W_2026,RTW,Ready-to-Wear,Ready-to-Wear,Ready-to-Wear,,false,R049,bal_macro_men_rtw,bal_super_micro_men_t_shirts,2026-07-06,2026-09-28,15,false,,
6348432ATAG1000,balenciaga | nba collaboration coach jacket,black,S_S_2026,RTW,Ready-to-Wear,Ready-to-Wear,Ready-to-Wear,,false,R049,bal_macro_men_rtw,bal_super_micro_men_coats_and_jackets,2026-07-06,2026-09-28,13,false,,
6348434G2PX1084,balenciaga | nba collaboration coach jacket,black/multicolor,S_S_2026,RTW,Ready-to-Wear,Ready-to-Wear,Ready-to-Wear,,false,R049,bal_macro_men_rtw,bal_super_micro_men_coats_and_jackets,2026-07-06,2026-09-28,14,false,,
6348434G3A19020,balenciaga | nba collaboration coach jacket,cream,S_S_2026,RTW,Ready-to-Wear,Ready-to-Wear,Ready-to-Wear,,false,R049,bal_macro_men_rtw,bal_super_micro_men_sweatshirts,2026-07-06,2026-09-28,13,false,,
634843TOWFV8122,balenciaga | nba collaboration coach jacket,silver,S_S_2026,RTW,Ready-to-Wear,Ready-to-Wear,Ready-to-Wear,,false,R049,bal_macro_men_rtw,bal_super_micro_men_pants,2026-07-06,2026-09-28,12,false,,
634843TTSQ09000,balenciaga | nba collaboration coach jacket,white,F_W_2025,RTW,Ready-to-Wear,Ready-to-Wear,Ready-to-Wear,,false,R049,bal_macro_men_rtw,bal_super_micro_men_pants,2026-07-06,2026-09-28,13,false,,
635891T2W030127,midnight mask sunglasses,shiny gold,F_W_2024,AC_EYEWEAR,Eyewear,Accessories,Eyewear,Accessories,true,R025,bal_macro_men_eyewear|bal_macro_women_eyewear,bal_super_micro_men_sunglasses|bal_super_micro_women_sunglasses,2026-07-06,2026-09-28,13,false,,
635891T92SF1000,midnight mask sunglasses,black,S_S_2026,AC_EYEWEAR,Eyewear,Accessories,Eyewear,Accessories,true,R025,bal_macro_men_eyewear|bal_macro_women_eyewear,bal_super_micro_men_sunglasses|bal_super_micro_women_sunglasses,2026-07-06,2026-09-28,14,false,,
635891TTCK02308,midnight mask sunglasses,light espresso,S_S_2026,AC_EYEWEAR,Eyewear,Accessories,Eyewear,Accessories,true,R025,bal_macro_men_eyewear|bal_macro_women_eyewear,bal_super_micro_men_sunglasses|bal_super_micro_women_sunglasses,2026-07-06,2026-09-28,12,false,,
637106TSKU91000,extra parfum,black,F_W_2026,BEAUTY,Fragrance & Beauty,Beauty,Fragrance & Beauty,,false,R015,bal_macro_men_beauty|bal_macro_women_beauty,bal_super_micro_men_fragrances|bal_super_micro_women_fragrances,2026-07-06,2026-09-28,14,false,,
63775621RYY0127,le city bag mini with charms,shiny gold,F_W_2026/S_S_2026,AC_OTHER,Other Accessories,Accessories,Other Accessories,Accessories,true,R011,bal_macro_women_bags,bal_super_micro_women_handbags,2026-07-06,2026-09-28,15,false,,
637756TTMDO4200,le city bag mini with charms,light blue,S_S_2026,AC_OTHER,Other Accessories,Accessories,Other Accessories,Accessories,true,R011,bal_macro_women_bags,bal_super_micro_women_shoulder_bags,2026-07-06,2026-09-28,13,false,,
6383222ATQP0127,le city hobo bag small,shiny gold,F_W_2025/F_W_2026/S_S_2026,LG_BAGS,Bags,Leather Goods,Bags,Bags,true,R012,bal_macro_women_bags,bal_super_micro_women_handbags,2026-07-06,2026-09-28,1,false,,
6393544GVND1240,neverlost earrings,grey,F_W_2026/S_S_2026/S_S_2027,AC_JEWELRY,Jewelry,Accessories,Jewelry,Accessories,true,R030,bal_macro_men_accessories,bal_super_micro_men_belts,2026-07-06,2026-09-28,13,false,,
639354TX2FO1000,neverlost earrings,black,S_S_2026,AC_JEWELRY,Jewelry,Accessories,Jewelry,Accessories,true,R030,bal_macro_men_accessories,bal_super_micro_men_jewelry,2026-07-06,2026-09-28,15,false,,
639916T3NGA1000,cash square folded coin wallet,black,S_S_2026,LG_SLG,Small Leather Goods,Leather Goods,Small Leather Goods,Small Leather Goods,true,R010,bal_macro_men_leather_goods,bal_super_micro_men_crossbody_bags,2026-07-06,2026-09-28,14,false,,
64023021Y954011,balenciaga | j.m. weston mule,blue,S_S_2026,SH_SHOES,Other Shoes,Shoes,Other Shoes,Shoes,true,R043,bal_macro_men_shoes,bal_super_micro_men_boots_and_booties,2026-07-06,2026-09-28,11,false,,
6402302ABYC0911,balenciaga | j.m. weston mule,antique silver,S_S_2026/S_S_2027,SH_SNEAKERS,Sneakers,Shoes,Sneakers,Shoes,true,R042,bal_macro_men_shoes,bal_super_micro_men_sneakers,2026-07-06,2026-09-28,15,false,,
640230TTEIK1041,balenciaga | j.m. weston mule,faded black,S_S_2026,SH_SHOES,Other Shoes,Shoes,Other Shoes,Shoes,true,R043,bal_macro_men_shoes,bal_super_micro_men_formal_shoes,2026-07-06,2026-09-28,15,false,,
640309T6OTM9000,melrose b xs earrings,white,F_W_2026,AC_JEWELRY,Jewelry,Accessories,Jewelry,Accessories,true,R030,bal_macro_men_accessories,bal_super_micro_men_belts,2026-07-27,2026-09-28,1,false,,
640309W3LCO1041,melrose b xs earrings,faded black,S_S_2026,AC_JEWELRY,Jewelry,Accessories,Jewelry,Accessories,true,R030,bal_macro_men_accessories,bal_super_micro_men_other_accessories,2026-07-20,2026-09-28,15,false,,
6416162ABYP9002,le city moto bag large,ivory,S_S_2026,LG_BAGS,Bags,Leather Goods,Bags,Bags,true,R012,bal_macro_men_leather_goods,bal_super_micro_men_bags,2026-07-06,2026-09-28,15,false,,
647359214TZ8065,tape type light hooded bomber,navy,S_S_2026,RTW,Ready-to-Wear,Ready-to-Wear,Ready-to-Wear,,false,R049,bal_macro_men_rtw,bal_super_micro_men_pants,2026-07-06,2026-09-28,14,false,,
64735921SY62533,tape type light hooded bomber,camel,F_W_2026/S_S_2026,RTW,Ready-to-Wear,Ready-to-Wear,Ready-to-Wear,,false,R049,bal_macro_men_rtw,bal_super_micro_men_coats_and_jackets,2026-07-06,2026-09-28,12,false,,
6473592A2HF9002,tape type light hooded bomber,ivory,S_S_2025,RTW,Ready-to-Wear,Ready-to-Wear,Ready-to-Wear,,false,R049,bal_macro_men_rtw,bal_super_micro_men_coats_and_jackets,2026-07-13,2026-09-28,15,false,,
6473592ABOM1000,tape type light hooded bomber,black,F_W_2025,RTW,Ready-to-Wear,Ready-to-Wear,Ready-to-Wear,,false,R049,bal_macro_men_rtw,bal_super_micro_men_pants,2026-07-06,2026-09-28,15,false,,
6473592AF2B1000,tape type light hooded bomber,black,F_W_2026,RTW,Ready-to-Wear,Ready-to-Wear,Ready-to-Wear,,false,R049,bal_macro_men_rtw,bal_super_micro_men_knitwear,2026-07-06,2026-09-28,15,false,,
6473592AU6H9020,tape type light hooded bomber,cream,F_W_2025,RTW,Ready-to-Wear,Ready-to-Wear,Ready-to-Wear,,false,R049,bal_macro_men_rtw,bal_super_micro_men_pants,2026-07-06,2026-09-28,13,false,,
6473594GICH1084,tape type light hooded bomber,black/multicolor,F_W_2026,RTW,Ready-to-Wear,Ready-to-Wear,Ready-to-Wear,,false,R049,bal_macro_men_rtw,bal_super_micro_men_sweatshirts,2026-07-06,2026-09-28,13,false,,
647359TLBIP8065,tape type light hooded bomber,navy,F_W_2025,RTW,Ready-to-Wear,Ready-to-Wear,Ready-to-Wear,,false,R049,bal_macro_men_rtw,bal_super_micro_men_coats_and_jackets,2026-07-06,2026-09-28,13,false,,
647359TTDUG0926,tape type light hooded bomber,shiny silver,F_W_2026/S_S_2026,RTW,Ready-to-Wear,Ready-to-Wear,Ready-to-Wear,,false,R049,bal_macro_men_rtw,bal_super_micro_men_pants,2026-07-06,2026-09-28,15,false,,
647359W0H8W2533,tape type light hooded bomber,camel,F_W_2026,RTW,Ready-to-Wear,Ready-to-Wear,Ready-to-Wear,,false,R049,bal_macro_men_rtw,bal_super_micro_men_pants,2026-08-03,2026-09-28,14,false,,
6482272AB7M0127,army tote bag small,shiny gold,F_W_2026,LG_BAGS,Bags,Leather Goods,Bags,Bags,true,R012,bal_macro_men_bags,bal_super_micro_men_shoulder_bags,2026-07-06,2026-09-28,13,false,,
6482272ABT00911,army tote bag small,antique silver,F_W_2025/F_W_2026/S_S_2026,LG_BAGS,Bags,Leather Goods,Bags,Bags,true,R012,bal_macro_men_bags,bal_super_micro_men_bags,2026-07-06,2026-09-28,1,false,,
648227TTUSD1000,army tote bag small,black,S_S_2026,LG_BAGS,Bags,Leather Goods,Bags,Bags,true,R012,bal_macro_men_bags,bal_super_micro_men_bags,2026-07-06,2026-09-28,16,false,,
648227WHLJF3258,army tote bag small,army green,F_W_2026,LG_BAGS,Bags,Leather Goods,Bags,Bags,true,R012,bal_macro_men_bags,bal_super_micro_men_beltbags,2026-07-06,2026-09-28,15,false,,
65021421L5I4200,passport long wallet 1 ticket,light blue,S_S_2026,LG_SLG,Small Leather Goods,Leather Goods,Small Leather Goods,Small Leather Goods,true,R010,bal_macro_men_slg,bal_super_micro_men_keyrings,2026-07-06,2026-09-28,15,false,,
6502142A5IF9000,passport long wallet 1 ticket,white,F_W_2026,LG_SLG,Small Leather Goods,Leather Goods,Small Leather Goods,Small Leather Goods,true,R010,bal_macro_men_slg,bal_super_micro_men_cardholders,2026-07-06,2026-09-28,13,false,,
6502142AGO71090,passport long wallet 1 ticket,black,F_W_2026/S_S_2026,LG_SLG,Small Leather Goods,Leather Goods,Small Leather Goods,Small Leather Goods,true,R010,bal_macro_men_slg,bal_super_micro_men_slg,2026-09-28,2026-09-28,13,false,,
650214WDJN69020,passport long wallet 1 ticket,cream,F_W_2025/S_S_2026,LG_SLG,Small Leather Goods,Leather Goods,Small Leather Goods,Small Leather Goods,true,R010,bal_macro_men_slg,bal_super_micro_men_other_accessories,2026-07-06,2026-09-14,14,false,,
65463321I4N1000,explorer camera bag,black,F_W_2025/S_S_2026,LG_BAGS,Bags,Leather Goods,Bags,Bags,true,R012,bal_macro_men_bags,bal_super_micro_men_beltbags,2026-07-06,2026-09-28,13,false,,
65641621MI29020,runner sneaker,cream,F_W_2026,SH_SNEAKERS,Sneakers,Shoes,Sneakers,Shoes,true,R020,bal_macro_men_shoes,bal_super_micro_men_formal_shoes,2026-07-06,2026-08-24,16,false,,
6564162A1SN1090,runner sneaker,black/white,S_S_2026,SH_SNEAKERS,Sneakers,Shoes,Sneakers,Shoes,true,R020,bal_macro_men_shoes,bal_super_micro_men_sneakers,2026-07-06,2026-09-28,14,false,,
6564162AB6J8065,runner sneaker,navy,F_W_2026/S_S_2026,SH_SNEAKERS,Sneakers,Shoes,Sneakers,Shoes,true,R020,bal_macro_men_shoes,bal_super_micro_men_boots_and_booties,2026-08-10,2026-09-28,15,false,,
6582622A6FA9020,balenciaga | nba collaboration explorer crossbody pouch,cream,F_W_2025/S_S_2026,LG_BAGS,Bags,Leather Goods,Bags,Bags,true,R041,bal_macro_men_leather_goods,bal_super_micro_men_bags,2026-07-06,2026-09-28,15,false,,
658262W7ZM61090,balenciaga | nba collaboration explorer crossbody pouch,black,F_W_2025,LG_BAGS,Bags,Leather Goods,Bags,Bags,true,R041,bal_macro_men_leather_goods,bal_super_micro_men_backpacks,2026-07-06,2026-09-28,15,false,,
65893921S6X5723,fragrance case,petal pink,S_S_2026/S_S_2027,AC_JEWELRY,Jewelry,Accessories,Jewelry,Accessories,true,R044,bal_macro_men_accessories|bal_macro_women_accessories,bal_super_micro_men_jewelry|bal_super_micro_women_jewelry,2026-07-06,2026-09-28,13,false,,
6589392AB7K9020,fragrance case,cream,F_W_2025,AC_OTHER,Other Accessories,Accessories,Other Accessories,Accessories,true,R048,bal_macro_men_accessories|bal_macro_women_accessories,bal_super_micro_men_keyrings|bal_super_micro_women_keyrings,2026-07-06,2026-09-28,12,false,,
658939TOVEW1210,fragrance case,light grey,F_W_2026,AC_OTHER,Other Accessories,Accessories,Other Accessories,Accessories,true,R048,bal_macro_men_accessories|bal_macro_women_accessories,bal_super_micro_men_keyrings|bal_super_micro_women_keyrings,2026-07-06,2026-09-28,14,false,,
658939TT9N41000,fragrance case,black,F_W_2026,AC_OTHER,Other Accessories,Accessories,Other Accessories,Accessories,true,R048,bal_macro_men_accessories|bal_macro_women_accessories,bal_super_micro_men_objects|bal_super_micro_women_objects,2026-07-06,2026-09-28,14,false,,
658939TTEYZ0911,fragrance case,antique silver,S_S_2026,AC_OTHER,Other Accessories,Accessories,Other Accessories,Accessories,true,R048,bal_macro_men_accessories|bal_macro_women_accessories,bal_super_micro_men_objects|bal_super_micro_women_objects,2026-07-06,2026-09-28,13,false,,
658939TVYLO2308,fragrance case,light espresso,F_W_2025,AC_EYEWEAR,Eyewear,Accessories,Eyewear,Accessories,true,R046,bal_macro_men_accessories|bal_macro_women_accessories,bal_super_micro_men_sunglasses|bal_super_micro_women_sunglasses,2026-08-10,2026-09-28,14,false,,
658939WZQ3K2533,fragrance case,camel,F_W_2026,AC_JEWELRY,Jewelry,Accessories,Jewelry,Accessories,true,R044,bal_macro_men_accessories|bal_macro_women_accessories,bal_super_micro_men_jewelry|bal_super_micro_women_jewelry,2026-07-06,2026-09-28,14,false,,
659522TT4UF4011,speed 2.0 recycled knit sneaker with bicolor sole,blue,S_S_2026,SH_SNEAKERS,Sneakers,Shoes,Sneakers,Shoes,true,R020,bal_macro_women_shoes,bal_super_micro_women_sneakers,2026-07-06,2026-09-21,14,false,,
6595782AB1G2533,le city clutch with chain,camel,F_W_2026,LG_BAGS,Bags,Leather Goods,Bags,Bags,true,R012,bal_macro_women_slg,bal_super_micro_women_slg,2026-07-06,2026-09-28,12,false,,
659578WTHGI0127,le city clutch with chain,shiny gold,S_S_2026,LG_BAGS,Bags,Leather Goods,Bags,Bags,true,R012,bal_macro_women_slg,bal_super_micro_women_slg,2026-07-06,2026-09-28,13,false,,
6619584GEM69020,monaco belt,cream,F_W_2026,AC_BELTS,Belts,Accessories,Belts,Accessories,true,R035,bal_macro_men_accessories,bal_super_micro_men_other_accessories,2026-07-27,2026-09-28,1,false,,
661958TT9FN2840,monaco belt,khaki,F_W_2025/S_S_2026,AC_BELTS,Belts,Accessories,Belts,Accessories,true,R035,bal_macro_men_accessories,bal_super_micro_men_other_accessories,2026-07-06,2026-09-28,15,false,,
661958WPYHK2840,monaco belt,khaki,F_W_2026,AC_BELTS,Belts,Accessories,Belts,Accessories,true,R035,bal_macro_men_accessories,bal_super_micro_men_belts,2026-08-03,2026-09-28,13,false,,
6641262AB162533,mini tailored skort,camel,F_W_2026,RTW,Ready-to-Wear,Ready-to-Wear,Ready-to-Wear,,false,R049,bal_macro_women_rtw,bal_super_micro_women_t_shirts,2026-07-06,2026-09-28,13,false,,
6641264GQ7H1000,mini tailored skort,black,F_W_2026,RTW,Ready-to-Wear,Ready-to-Wear,Ready-to-Wear,,false,R049,bal_macro_women_rtw,bal_super_micro_women_coats_and_jackets,2026-07-06,2026-09-28,13,false,,
664126TTR702533,mini tailored skort,camel,F_W_2026,RTW,Ready-to-Wear,Ready-to-Wear,Ready-to-Wear,,false,R049,bal_macro_women_rtw,bal_super_micro_women_dresses_and_skirts,2026-07-06,2026-09-28,15,false,,
664769WDPAE8065,hourglass xs handbag crocodile embossed,navy,F_W_2026,LG_BAGS,Bags,Leather Goods,Bags,Bags,true,R012,bal_macro_women_leather_goods,bal_super_micro_women_bags,2026-07-06,2026-09-28,14,false,,
6650884GUGA4011,patch scarf,blue,F_W_2024,AC_EYEWEAR,Eyewear,Accessories,Eyewear,Accessories,true,R046,bal_macro_men_accessories|bal_macro_women_accessories,bal_super_micro_men_sunglasses|bal_super_micro_women_sunglasses,2026-09-21,2026-09-28,13,false,,
665088TANGH9104,patch scarf,optic white,F_W_2026,AC_JEWELRY,Jewelry,Accessories,Jewelry,Accessories,true,R044,bal_macro_men_accessories|bal_macro_women_accessories,bal_super_micro_men_jewelry|bal_super_micro_women_jewelry,2026-07-06,2026-09-28,13,false,,
66570021I7S1090,belt mule,black/white,F_W_2026/S_S_2026/S_S_2027,AC_BELTS,Belts,Accessories,Belts,Accessories,true,R035,bal_macro_men_shoes,bal_super_micro_men_mules_and_loafers,2026-07-06,2026-09-28,14,false,,
665700TTAV60911,belt mule,antique silver,S_S_2026,AC_BELTS,Belts,Accessories,Belts,Accessories,true,R035,bal_macro_men_shoes,bal_super_micro_men_sandals,2026-07-06,2026-09-28,13,false,,
6661592ABB71000,credit card holder,black,F_W_2025,LG_SLG,Small Leather Goods,Leather Goods,Small Leather Goods,Small Leather Goods,true,R010,bal_macro_men_slg,bal_super_micro_men_slg,2026-07-06,2026-09-28,13,false,,
666159TT9KL9000,credit card holder,white,F_W_2026,LG_SLG,Small Leather Goods,Leather Goods,Small Leather Goods,Small Leather Goods,true,R010,bal_macro_men_slg,bal_super_micro_men_slg,2026-07-06,2026-09-28,15,false,,
6662432A8RN1000,speed 2.0 monocolor recycled knit sneaker,black,S_S_2025,SH_SNEAKERS,Sneakers,Shoes,Sneakers,Shoes,true,R020,bal_macro_men_shoes,bal_super_micro_men_boots_and_booties,2026-07-06,2026-09-28,15,false,,
6662432ABXY9020,speed 2.0 monocolor recycled knit sneaker,cream,F_W_2025/S_S_2026,SH_SNEAKERS,Sneakers,Shoes,Sneakers,Shoes,true,R020,bal_macro_men_shoes,bal_super_micro_men_boots_and_booties,2026-07-06,2026-09-28,13,false,,
666243W376G1251,speed 2.0 monocolor recycled knit sneaker,volcanic rock,F_W_2026,SH_SNEAKERS,Sneakers,Shoes,Sneakers,Shoes,true,R020,bal_macro_men_shoes,bal_super_micro_men_mules_and_loafers,2026-07-06,2026-09-28,14,false,,
666243WG38E3258,speed 2.0 monocolor recycled knit sneaker,army green,F_W_2025,SH_SNEAKERS,Sneakers,Shoes,Sneakers,Shoes,true,R020,bal_macro_men_shoes,bal_super_micro_men_mules_and_loafers,2026-07-06,2026-09-28,15,false,,
668213TTQGB4011,hourglass avenue top handle bag medium,blue,F_W_2026,LG_BAGS,Bags,Leather Goods,Bags,Bags,true,R012,bal_macro_women_leather_goods,bal_super_micro_women_bags,2026-09-07,2026-09-28,15,false,,
668213WBX4D2533,hourglass avenue top handle bag medium,camel,F_W_2026,LG_BAGS,Bags,Leather Goods,Bags,Bags,true,R012,bal_macro_women_leather_goods,bal_super_micro_women_small_leather_goods,2026-07-06,2026-09-28,14,false,,
668213WIM2Q0911,hourglass avenue top handle bag medium,antique silver,F_W_2026,LG_BAGS,Bags,Leather Goods,Bags,Bags,true,R012,bal_macro_women_leather_goods,bal_super_micro_women_bags,2026-08-03,2026-09-28,14,false,,
6687024G8535723,100% hair mist,petal pink,F_W_2026,BEAUTY,Fragrance & Beauty,Beauty,Fragrance & Beauty,,false,R015,bal_macro_men_beauty|bal_macro_women_beauty,bal_super_micro_men_fragrances|bal_super_micro_women_fragrances,2026-07-06,2026-09-28,13,false,,
669174TN9D89104,3xl extreme laces b sneaker,optic white,F_W_2026,SH_SNEAKERS,Sneakers,Shoes,Sneakers,Shoes,true,R020,bal_macro_men_shoes,bal_super_micro_men_mules_and_loafers,2026-07-06,2026-09-28,1,false,,
6703942ADO60911,credit phone holder,antique silver,F_W_2026,LG_SLG,Small Leather Goods,Leather Goods,Small Leather Goods,Small Leather Goods,true,R010,bal_macro_men_slg,bal_super_micro_men_keyrings,2026-07-06,2026-09-28,15,false,,
6703942AJWP9002,credit phone holder,ivory,F_W_2026,LG_SLG,Small Leather Goods,Leather Goods,Small Leather Goods,Small Leather Goods,true,R010,bal_macro_men_slg,bal_super_micro_men_keyrings,2026-07-06,2026-09-28,15,false,,
6703944GTQY1000,credit phone holder,black,F_W_2025/F_W_2026/S_S_2026,LG_SLG,Small Leather Goods,Leather Goods,Small Leather Goods,Small Leather Goods,true,R010,bal_macro_men_slg,bal_super_micro_men_wallets,2026-07-06,2026-09-28,14,false,,
6703944GWYS4200,credit phone holder,light blue,S_S_2026,LG_SLG,Small Leather Goods,Leather Goods,Small Leather Goods,Small Leather Goods,true,R010,bal_macro_men_slg,bal_super_micro_men_keyrings,2026-07-06,2026-09-28,13,false,,
670394TTOGL0127,credit phone holder,shiny gold,F_W_2026/S_S_2026,LG_SLG,Small Leather Goods,Leather Goods,Small Leather Goods,Small Leather Goods,true,R010,bal_macro_men_slg,bal_super_micro_men_slg,2026-07-06,2026-09-28,16,false,,
6704764GD9W5723,rodeo sling pochette,petal pink,S_S_2025,LG_BAGS,Bags,Leather Goods,Bags,Bags,true,R012,bal_macro_women_slg,bal_super_micro_women_keyrings,2026-08-24,2026-09-28,15,false,,
670476T6AL18122,rodeo sling pochette,silver,F_W_2025,LG_BAGS,Bags,Leather Goods,Bags,Bags,true,R012,bal_macro_women_slg,bal_super_micro_women_clutches_and_pouches,2026-07-06,2026-09-28,15,false,,
6719262ADNF1251,suit belt,volcanic rock,F_W_2026,AC_BELTS,Belts,Accessories,Belts,Accessories,true,R035,bal_macro_men_accessories,bal_super_micro_men_caps,2026-07-06,2026-09-28,13,false,,
6719264GB3X0926,suit belt,shiny silver,F_W_2026,AC_BELTS,Belts,Accessories,Belts,Accessories,true,R035,bal_macro_men_accessories,bal_super_micro_men_belts,2026-09-21,2026-09-28,13,false,,
673470TS1LV2533,le city charm/keychain,camel,F_W_2026,AC_OTHER,Other Accessories,Accessories,Other Accessories,Accessories,true,R011,bal_macro_men_slg,bal_super_micro_men_slg,2026-07-06,2026-09-28,11,false,,
673545212CE1000,extreme tie dye regular fit bermuda,black,F_W_2025,RTW,Ready-to-Wear,Ready-to-Wear,Ready-to-Wear,,false,R049,bal_macro_men_rtw,bal_super_micro_men_knitwear,2026-07-06,2026-09-28,13,false,,
6735452AB5U2308,extreme tie dye regular fit bermuda,light espresso,S_S_2026,RTW,Ready-to-Wear,Ready-to-Wear,Ready-to-Wear,,false,R049,bal_macro_men_rtw,bal_super_micro_men_pants,2026-07-06,2026-09-28,15,false,,
6735452ABPU1240,extreme tie dye regular fit bermuda,grey,F_W_2026,RTW,Ready-to-Wear,Ready-to-Wear,Ready-to-Wear,,false,R049,bal_macro_men_rtw,bal_super_micro_men_knitwear,2026-07-06,2026-09-28,13,false,,
6735454GR9A1090,extreme tie dye regular fit bermuda,black,S_S_2026,RTW,Ready-to-Wear,Ready-to-Wear,Ready-to-Wear,,false,R049,bal_macro_men_rtw,bal_super_micro_men_sweatshirts,2026-07-06,2026-09-28,13,false,,
673545TQO4Z1000,extreme tie dye regular fit bermuda,black,S_S_2025,RTW,Ready-to-Wear,Ready-to-Wear,Ready-to-Wear,,false,R049,bal_macro_men_rtw,bal_super_micro_men_t_shirts,2026-07-06,2026-09-28,13,false,,
673545WSZ0I1000,extreme tie dye regular fit bermuda,black,F_W_2026,RTW,Ready-to-Wear,Ready-to-Wear,Ready-to-Wear,,false,R049,bal_macro_men_rtw,bal_super_micro_men_t_shirts,2026-07-06,2026-09-28,13,false,,
6735714G5871000,b link necklace,black,F_W_2026/S_S_2026,AC_JEWELRY,Jewelry,Accessories,Jewelry,Accessories,true,R030,bal_macro_women_accessories,bal_super_micro_women_sunglasses,2026-07-06,2026-09-28,12,false,,
673571TTZN91210,b link necklace,light grey,S_S_2026,AC_JEWELRY,Jewelry,Accessories,Jewelry,Accessories,true,R030,bal_macro_women_accessories,bal_super_micro_women_keyrings,2026-07-06,2026-09-28,15,false,,
673571WY4LE1000,b link necklace,black,S_S_2026,AC_JEWELRY,Jewelry,Accessories,Jewelry,Accessories,true,R030,bal_macro_women_accessories,bal_super_micro_women_belts,2026-07-06,2026-09-28,15,false,,
6745292AKP01041,extreme tie dye swim shorts,faded black,S_S_2026,RTW,Ready-to-Wear,Ready-to-Wear,Ready-to-Wear,,false,R049,bal_macro_men_rtw,bal_super_micro_men_sweatshirts,2026-07-06,2026-09-28,14,false,,
6745292AM7V9000,extreme tie dye swim shorts,white,S_S_2026,RTW,Ready-to-Wear,Ready-to-Wear,Ready-to-Wear,,false,R049,bal_macro_men_rtw,bal_super_micro_men_coats_and_jackets,2026-07-06,2026-09-28,13,false,,
6745292AQSF1084,extreme tie dye swim shorts,black/multicolor,S_S_2026,RTW,Ready-to-Wear,Ready-to-Wear,Ready-to-Wear,,false,R049,bal_macro_men_rtw,bal_super_micro_men_pants,2026-07-06,2026-09-28,13,false,,
674529T1WY81251,extreme tie dye swim shorts,volcanic rock,S_S_2026/S_S_2027,RTW,Ready-to-Wear,Ready-to-Wear,Ready-to-Wear,,false,R049,bal_macro_men_rtw,bal_super_micro_men_t_shirts,2026-07-06,2026-09-28,14,false,,
674529TTHKT4200,extreme tie dye swim shorts,light blue,F_W_2026,RTW,Ready-to-Wear,Ready-to-Wear,Ready-to-Wear,,false,R049,bal_macro_men_rtw,bal_super_micro_men_sweatshirts,2026-07-06,2026-08-03,14,false,,
674529TTS0L1000,extreme tie dye swim shorts,black,S_S_2026,RTW,Ready-to-Wear,Ready-to-Wear,Ready-to-Wear,,false,R049,bal_macro_men_rtw,bal_super_micro_men_t_shirts,2026-07-06,2026-09-28,16,false,,
674529W5F1P2308,extreme tie dye swim shorts,light espresso,S_S_2026,RTW,Ready-to-Wear,Ready-to-Wear,Ready-to-Wear,,false,R049,bal_macro_men_rtw,bal_super_micro_men_pants,2026-07-06,2026-09-28,13,false,,
674529WEYOO1000,extreme tie dye swim shorts,black,F_W_2026,RTW,Ready-to-Wear,Ready-to-Wear,Ready-to-Wear,,false,R049,bal_macro_men_rtw,bal_super_micro_men_pants,2026-07-06,2026-09-28,15,false,,
676311TT1W11000,triple s.2 sneaker,black,F_W_2026,SH_SNEAKERS,Sneakers,Shoes,Sneakers,Shoes,true,R020,bal_macro_men_shoes,bal_super_micro_men_sneakers,2026-07-06,2026-09-28,14,true,HERO-05,Triple S.2 Sneaker (black)
676311TT7493258,triple s.2 sneaker,army green,F_W_2024,SH_SNEAKERS,Sneakers,Shoes,Sneakers,Shoes,true,R020,bal_macro_men_shoes,bal_super_micro_men_sneakers,2026-08-24,2026-09-28,14,false,,
676311W04260127,triple s.2 sneaker,shiny gold,F_W_2025/S_S_2026,SH_SNEAKERS,Sneakers,Shoes,Sneakers,Shoes,true,R020,bal_macro_men_shoes,bal_super_micro_men_formal_shoes,2026-07-06,2026-09-28,15,false,,
676311WE1XN0127,triple s.2 sneaker,shiny gold,F_W_2026,SH_SNEAKERS,Sneakers,Shoes,Sneakers,Shoes,true,R020,bal_macro_men_shoes,bal_super_micro_men_boots_and_booties,2026-07-06,2026-09-28,1,false,,
676792211XB2533,le city vertical crossbody bag,camel,F_W_2025,LG_BAGS,Bags,Leather Goods,Bags,Bags,true,R012,bal_macro_men_leather_goods,bal_super_micro_men_small_leather_goods,2026-07-06,2026-09-28,14,false,,
67679221VL61210,le city vertical crossbody bag,light grey,S_S_2025,LG_BAGS,Bags,Leather Goods,Bags,Bags,true,R012,bal_macro_men_leather_goods,bal_super_micro_men_small_leather_goods,2026-07-06,2026-09-28,15,false,,
6767922AB4K1090,le city vertical crossbody bag,black/white,S_S_2026,LG_BAGS,Bags,Leather Goods,Bags,Bags,true,R012,bal_macro_men_leather_goods,bal_super_micro_men_bags,2026-07-06,2026-09-28,14,false,,
6767922APFE1000,le city vertical crossbody bag,black,F_W_2025,LG_BAGS,Bags,Leather Goods,Bags,Bags,true,R012,bal_macro_men_leather_goods,bal_super_micro_men_crossbody_bags,2026-07-06,2026-09-28,14,false,,
6767924GAME2840,le city vertical crossbody bag,khaki,S_S_2026,LG_BAGS,Bags,Leather Goods,Bags,Bags,true,R012,bal_macro_men_leather_goods,bal_super_micro_women_handbags,2026-07-06,2026-09-28,14,false,,
676792TTCVQ2533,le city vertical crossbody bag,camel,S_S_2026,LG_BAGS,Bags,Leather Goods,Bags,Bags,true,R012,bal_macro_men_leather_goods,bal_super_micro_women_handbags,2026-07-06,2026-09-28,16,false,,
6768202A99G1240,le city tote bag mini,grey,S_S_2026/S_S_2027,LG_BAGS,Bags,Leather Goods,Bags,Bags,true,R012,bal_macro_women_bags,bal_super_micro_women_clutches_and_pouches,2026-07-06,2026-09-28,15,false,,
676820WGNH62533,le city tote bag mini,camel,F_W_2026,LG_BAGS,Bags,Leather Goods,Bags,Bags,true,R012,bal_macro_women_bags,bal_super_micro_women_clutches_and_pouches,2026-08-03,2026-09-28,15,false,,
67753321OU60926,bottle opener d ring belt,shiny silver,F_W_2025/F_W_2026/S_S_2026,AC_JEWELRY,Jewelry,Accessories,Jewelry,Accessories,true,R030,bal_macro_men_accessories,bal_super_micro_men_jewelry,2026-07-06,2026-09-28,11,false,,
67753321TTE9104,bottle opener d ring belt,optic white,S_S_2026,AC_JEWELRY,Jewelry,Accessories,Jewelry,Accessories,true,R030,bal_macro_men_accessories,bal_super_micro_men_other_accessories,2026-07-06,2026-09-28,15,false,,
6775334GQCU1090,bottle opener d ring belt,black/white,S_S_2026,AC_JEWELRY,Jewelry,Accessories,Jewelry,Accessories,true,R030,bal_macro_men_accessories,bal_super_micro_men_belts,2026-09-21,2026-09-28,14,false,,
677533TT0AV8065,bottle opener d ring belt,navy,F_W_2025,AC_JEWELRY,Jewelry,Accessories,Jewelry,Accessories,true,R030,bal_macro_men_accessories,bal_super_micro_men_belts,2026-07-06,2026-09-28,13,false,,
6778232A4ZU9020,credit messenger bag large,cream,F_W_2025,LG_BAGS,Bags,Leather Goods,Bags,Bags,true,R012,bal_macro_men_bags,bal_super_micro_men_beltbags,2026-07-06,2026-09-28,12,false,,
6778234GEPF8122,credit messenger bag large,,,LG_BAGS,Bags,Leather Goods,Bags,Bags,true,R012,bal_macro_men_bags,bal_super_micro_men_backpacks,2026-07-06,2026-09-28,1,false,,
6778234GNKV1000,credit messenger bag large,black,S_S_2025,LG_BAGS,Bags,Leather Goods,Bags,Bags,true,R012,bal_macro_men_bags,bal_super_micro_men_backpacks,2026-07-06,2026-09-28,13,false,,
677823TPXBN1090,credit messenger bag large,black,S_S_2025,LG_BAGS,Bags,Leather Goods,Bags,Bags,true,R012,bal_macro_men_bags,bal_super_micro_men_backpacks,2026-07-06,2026-09-28,13,false,,
67799821ZRW8065,b chain thin necklace,navy,S_S_2026,AC_JEWELRY,Jewelry,Accessories,Jewelry,Accessories,true,R030,bal_macro_men_accessories|bal_macro_women_accessories,bal_super_micro_men_jewelry|bal_super_micro_women_jewelry,2026-07-06,2026-08-17,12,false,,
6779982AYLO0926,b chain thin necklace,shiny silver,S_S_2025,AC_JEWELRY,Jewelry,Accessories,Jewelry,Accessories,true,R030,bal_macro_men_accessories|bal_macro_women_accessories,bal_super_micro_men_hats_and_scarves|bal_super_micro_women_hats_and_scarves,2026-07-06,2026-09-28,15,false,,
6779982AZWJ1251,b chain thin necklace,volcanic rock,S_S_2026,AC_JEWELRY,Jewelry,Accessories,Jewelry,Accessories,true,R030,bal_macro_men_accessories|bal_macro_women_accessories,bal_super_micro_men_keyrings|bal_super_micro_women_keyrings,2026-07-06,2026-09-28,14,false,,
6786802ABF49020,cash long coin and card holder large,cream,F_W_2026,LG_SLG,Small Leather Goods,Leather Goods,Small Leather Goods,Small Leather Goods,true,R010,bal_macro_women_leather_goods,bal_super_micro_women_bags,2026-07-06,2026-09-28,13,false,,
6786802AEJ81000,cash long coin and card holder large,black,S_S_2026,LG_SLG,Small Leather Goods,Leather Goods,Small Leather Goods,Small Leather Goods,true,R010,bal_macro_women_leather_goods,bal_super_micro_women_small_leather_goods,2026-07-06,2026-09-28,16,true,HERO-08,Cash Long Coin and Card Holder Large (black)
6802622ABZ51000,sketchy relaxed fit shorts,black,F_W_2026/S_S_2026/S_S_2027,RTW,Ready-to-Wear,Ready-to-Wear,Ready-to-Wear,,false,R049,bal_macro_men_rtw,bal_super_micro_men_pants,2026-07-06,2026-09-28,13,false,,
6802624G4B11251,sketchy relaxed fit shorts,volcanic rock,F_W_2026,RTW,Ready-to-Wear,Ready-to-Wear,Ready-to-Wear,,false,R049,bal_macro_men_rtw,bal_super_micro_men_pants,2026-07-27,2026-09-28,14,false,,
6802624GQG15723,sketchy relaxed fit shorts,petal pink,S_S_2026,RTW,Ready-to-Wear,Ready-to-Wear,Ready-to-Wear,,false,R049,bal_macro_men_rtw,bal_super_micro_men_sweatshirts,2026-07-06,2026-07-13,8,false,,
6802624GVF31090,sketchy relaxed fit shorts,black/white,S_S_2026,RTW,Ready-to-Wear,Ready-to-Wear,Ready-to-Wear,,false,R049,bal_macro_men_rtw,bal_super_micro_men_pants,2026-07-06,2026-09-28,15,false,,
680262WX0QJ2533,sketchy relaxed fit shorts,camel,F_W_2026/S_S_2026,RTW,Ready-to-Wear,Ready-to-Wear,Ready-to-Wear,,false,R049,bal_macro_men_rtw,bal_super_micro_men_t_shirts,2026-07-06,2026-09-28,15,false,,
6804762AB482533,le city moto small,camel,S_S_2026,LG_BAGS,Bags,Leather Goods,Bags,Bags,true,R041,bal_macro_men_bags,bal_super_micro_men_beltbags,2026-07-06,2026-09-28,14,false,,
6810872A5Z83258,boomerang cat sunglasses,army green,F_W_2026,AC_EYEWEAR,Eyewear,Accessories,Eyewear,Accessories,true,R025,bal_macro_men_accessories|bal_macro_women_accessories,bal_super_micro_men_hats_and_scarves|bal_super_micro_women_hats_and_scarves,2026-07-06,2026-09-28,13,false,,
6847182ABX61090,triple s tape type sneaker,black,F_W_2026/S_S_2026/S_S_2027,SH_SNEAKERS,Sneakers,Shoes,Sneakers,Shoes,true,R020,bal_macro_women_shoes,bal_super_micro_women_sneakers,2026-07-06,2026-09-28,14,false,,
684718WTJAO9020,triple s tape type sneaker,cream,S_S_2026,SH_SNEAKERS,Sneakers,Shoes,Sneakers,Shoes,true,R020,bal_macro_women_shoes,bal_super_micro_women_sandals,2026-07-06,2026-09-28,15,false,,
68616121X301000,strike platform bootie with charms,black,S_S_2026,AC_OTHER,Other Accessories,Accessories,Other Accessories,Accessories,true,R011,bal_macro_women_shoes,bal_super_micro_women_pumps,2026-07-06,2026-09-28,13,false,,
6861614G43Y2840,strike platform bootie with charms,khaki,F_W_2026,AC_OTHER,Other Accessories,Accessories,Other Accessories,Accessories,true,R011,bal_macro_women_shoes,bal_super_micro_women_mules,2026-07-27,2026-09-28,1,false,,
6861614GZI61240,strike platform bootie with charms,grey,S_S_2026,AC_OTHER,Other Accessories,Accessories,Other Accessories,Accessories,true,R011,bal_macro_women_shoes,bal_super_micro_women_mules,2026-07-06,2026-09-28,15,false,,
6869382ABCP0911,rodeo handbag medium,antique silver,F_W_2026,LG_BAGS,Bags,Leather Goods,Bags,Bags,true,R012,bal_macro_women_leather_goods,bal_super_micro_women_handbags,2026-07-06,2026-09-28,14,false,,
6871014GGDU8122,hourglass handbag small,silver,S_S_2026,LG_BAGS,Bags,Leather Goods,Bags,Bags,true,R012,bal_macro_women_leather_goods,bal_super_micro_women_handbags,2026-07-06,2026-09-28,13,false,,
6871014GHQB1000,hourglass handbag small,black,S_S_2026,LG_BAGS,Bags,Leather Goods,Bags,Bags,true,R012,bal_macro_women_leather_goods,bal_super_micro_women_handbags,2026-07-06,2026-09-28,14,false,,
687101TK1EY1000,hourglass handbag small,black,F_W_2026,LG_BAGS,Bags,Leather Goods,Bags,Bags,true,R012,bal_macro_women_leather_goods,bal_super_micro_women_small_leather_goods,2026-07-06,2026-09-28,13,true,HERO-03,Hourglass Handbag Small (black)
687101TTS681000,hourglass handbag small,black,F_W_2026/S_S_2026,LG_BAGS,Bags,Leather Goods,Bags,Bags,true,R012,bal_macro_women_leather_goods,bal_super_micro_women_handbags,2026-07-06,2026-09-28,14,false,,
6873682AB3L1000,rodeo bag with chain nano,black,S_S_2026,LG_BAGS,Bags,Leather Goods,Bags,Bags,true,R012,bal_macro_women_bags,bal_super_micro_women_handbags,2026-07-06,2026-09-28,14,false,,
6873682ABYE2308,rodeo bag with chain nano,light espresso,F_W_2026,LG_BAGS,Bags,Leather Goods,Bags,Bags,true,R012,bal_macro_women_bags,bal_super_micro_women_tote_bags,2026-07-06,2026-09-28,15,false,,
6873684G2XC1084,rodeo bag with chain nano,black/multicolor,F_W_2025,LG_BAGS,Bags,Leather Goods,Bags,Bags,true,R012,bal_macro_women_bags,bal_super_micro_women_bags,2026-07-06,2026-09-28,15,false,,
6873684GEGI1210,rodeo bag with chain nano,light grey,F_W_2025/S_S_2026,LG_BAGS,Bags,Leather Goods,Bags,Bags,true,R012,bal_macro_women_bags,bal_super_micro_women_bags,2026-07-06,2026-09-28,11,false,,
687368TS98P9104,rodeo bag with chain nano,optic white,S_S_2025,LG_BAGS,Bags,Leather Goods,Bags,Bags,true,R012,bal_macro_women_bags,bal_super_micro_women_tote_bags,2026-09-14,2026-09-28,14,false,,
687368TTCZ21000,rodeo bag with chain nano,black,S_S_2026,LG_BAGS,Bags,Leather Goods,Bags,Bags,true,R012,bal_macro_women_bags,bal_super_micro_women_bags,2026-07-06,2026-09-28,11,false,,
6877552A4NW1084,le city charm card case mirror,black/multicolor,S_S_2026,LG_SLG,Small Leather Goods,Leather Goods,Small Leather Goods,Small Leather Goods,true,R010,bal_macro_women_slg,bal_super_micro_women_wallets,2026-07-27,2026-09-28,1,false,,
687755TT6SC1090,le city charm card case mirror,black,S_S_2026,LG_SLG,Small Leather Goods,Leather Goods,Small Leather Goods,Small Leather Goods,true,R010,bal_macro_women_slg,bal_super_micro_women_clutches_and_pouches,2026-07-06,2026-09-28,12,false,,
687755WZQV70926,le city charm card case mirror,shiny silver,S_S_2026,LG_SLG,Small Leather Goods,Leather Goods,Small Leather Goods,Small Leather Goods,true,R010,bal_macro_women_slg,bal_super_micro_women_clutches_and_pouches,2026-07-06,2026-09-28,14,false,,
6885162AB671084,the door oversized t-shirt,black/multicolor,F_W_2026,RTW,Ready-to-Wear,Ready-to-Wear,Ready-to-Wear,,false,R049,bal_macro_men_rtw,bal_super_micro_men_t_shirts,2026-07-06,2026-09-28,13,false,,
6885162ABY90911,the door oversized t-shirt,antique silver,F_W_2025,RTW,Ready-to-Wear,Ready-to-Wear,Ready-to-Wear,,false,R049,bal_macro_men_rtw,bal_super_micro_men_sweatshirts,2026-07-06,2026-09-28,14,false,,
6885164G5L85723,the door oversized t-shirt,petal pink,F_W_2026/S_S_2026,RTW,Ready-to-Wear,Ready-to-Wear,Ready-to-Wear,,false,R049,bal_macro_men_rtw,bal_super_micro_men_pants,2026-07-13,2026-09-28,14,false,,
6885164G7AP9104,the door oversized t-shirt,optic white,F_W_2026,RTW,Ready-to-Wear,Ready-to-Wear,Ready-to-Wear,,false,R049,bal_macro_men_rtw,bal_super_micro_men_t_shirts,2026-07-06,2026-09-28,14,false,,
688516TLJ4W2533,the door oversized t-shirt,camel,S_S_2026,RTW,Ready-to-Wear,Ready-to-Wear,Ready-to-Wear,,false,R049,bal_macro_men_rtw,bal_super_micro_men_t_shirts,2026-07-06,2026-09-28,15,false,,
688516TNDW81210,the door oversized t-shirt,light grey,S_S_2026,RTW,Ready-to-Wear,Ready-to-Wear,Ready-to-Wear,,false,R049,bal_macro_men_rtw,bal_super_micro_men_t_shirts,2026-07-06,2026-09-28,12,false,,
688516TT3RA2533,the door oversized t-shirt,camel,F_W_2026/S_S_2026/S_S_2027,RTW,Ready-to-Wear,Ready-to-Wear,Ready-to-Wear,,false,R049,bal_macro_men_rtw,bal_super_micro_men_t_shirts,2026-08-17,2026-09-28,13,false,,
688516TTC1B3258,the door oversized t-shirt,army green,S_S_2026,RTW,Ready-to-Wear,Ready-to-Wear,Ready-to-Wear,,false,R049,bal_macro_men_rtw,bal_super_micro_men_knitwear,2026-07-06,2026-09-28,14,false,,
688516TTOGZ1041,the door oversized t-shirt,faded black,S_S_2026,RTW,Ready-to-Wear,Ready-to-Wear,Ready-to-Wear,,false,R049,bal_macro_men_rtw,bal_super_micro_men_coats_and_jackets,2026-07-06,2026-09-28,14,false,,
688516TTRFE9104,the door oversized t-shirt,optic white,F_W_2025,RTW,Ready-to-Wear,Ready-to-Wear,Ready-to-Wear,,false,R049,bal_macro_men_rtw,bal_super_micro_men_pants,2026-07-06,2026-09-28,14,false,,
688516TTVDF1000,the door oversized t-shirt,black,F_W_2025/S_S_2026,RTW,Ready-to-Wear,Ready-to-Wear,Ready-to-Wear,,false,R049,bal_macro_men_rtw,bal_super_micro_men_sweatshirts,2026-07-06,2026-09-28,14,false,,
688516W4MFW1090,the door oversized t-shirt,black,F_W_2026,RTW,Ready-to-Wear,Ready-to-Wear,Ready-to-Wear,,false,R049,bal_macro_men_rtw,bal_super_micro_men_sweatshirts,2026-07-06,2026-09-28,14,false,,
69002521KA92840,hourglass parka,khaki,F_W_2026/S_S_2026/S_S_2027,RTW,Ready-to-Wear,Ready-to-Wear,Ready-to-Wear,,false,R049,bal_macro_women_rtw,bal_super_micro_women_dresses_and_skirts,2026-07-06,2026-09-28,14,false,,
6900252AB401000,hourglass parka,black,F_W_2026,RTW,Ready-to-Wear,Ready-to-Wear,Ready-to-Wear,,false,R049,bal_macro_women_rtw,bal_super_micro_women_dresses_and_skirts,2026-07-06,2026-09-28,12,false,,
6900252AB6C8065,hourglass parka,navy,F_W_2026,RTW,Ready-to-Wear,Ready-to-Wear,Ready-to-Wear,,false,R049,bal_macro_women_rtw,bal_super_micro_women_pants,2026-07-06,2026-09-28,13,false,,
6900252ABC38122,hourglass parka,silver,S_S_2026,RTW,Ready-to-Wear,Ready-to-Wear,Ready-to-Wear,,false,R049,bal_macro_women_rtw,bal_super_micro_women_pants,2026-07-06,2026-09-28,14,false,,
6900252AYZI8065,hourglass parka,navy,F_W_2026,RTW,Ready-to-Wear,Ready-to-Wear,Ready-to-Wear,,false,R049,bal_macro_women_rtw,bal_super_micro_women_tops_and_shirts,2026-07-06,2026-09-28,15,false,,
690025THN3V1000,hourglass parka,black,F_W_2026,RTW,Ready-to-Wear,Ready-to-Wear,Ready-to-Wear,,false,R049,bal_macro_women_rtw,bal_super_micro_women_tops_and_shirts,2026-07-06,2026-09-28,14,false,,
690025TTBRT5723,hourglass parka,petal pink,F_W_2026/S_S_2026,RTW,Ready-to-Wear,Ready-to-Wear,Ready-to-Wear,,false,R049,bal_macro_women_rtw,bal_super_micro_women_tops_and_shirts,2026-07-06,2026-09-28,13,false,,
690025TTWIP4011,hourglass parka,blue,F_W_2026,RTW,Ready-to-Wear,Ready-to-Wear,Ready-to-Wear,,false,R049,bal_macro_women_rtw,bal_super_micro_women_pants,2026-07-06,2026-09-28,14,false,,
690025W96Z61041,hourglass parka,faded black,F_W_2025/S_S_2026,RTW,Ready-to-Wear,Ready-to-Wear,Ready-to-Wear,,false,R049,bal_macro_women_rtw,bal_super_micro_women_t_shirts,2026-07-06,2026-09-28,11,false,,
690025WNC161084,hourglass parka,black/multicolor,F_W_2025,RTW,Ready-to-Wear,Ready-to-Wear,Ready-to-Wear,,false,R049,bal_macro_women_rtw,bal_super_micro_women_tops_and_shirts,2026-07-06,2026-09-28,13,false,,
69045521G0S2840,le city mini wallet,khaki,S_S_2025,LG_SLG,Small Leather Goods,Leather Goods,Small Leather Goods,Small Leather Goods,true,R010,bal_macro_women_slg,bal_super_micro_women_keyrings,2026-07-06,2026-08-31,14,false,,
690455WM0LO0926,le city mini wallet,shiny silver,F_W_2026,LG_SLG,Small Leather Goods,Leather Goods,Small Leather Goods,Small Leather Goods,true,R010,bal_macro_women_slg,bal_super_micro_women_wallets,2026-07-06,2026-09-28,13,false,,
690455WV5SI9002,le city mini wallet,ivory,F_W_2026,LG_SLG,Small Leather Goods,Leather Goods,Small Leather Goods,Small Leather Goods,true,R010,bal_macro_women_slg,bal_super_micro_women_cardholders,2026-07-06,2026-09-28,13,false,,
6925192132G1090,train t-shirt,black/white,F_W_2026,RTW,Ready-to-Wear,Ready-to-Wear,Ready-to-Wear,,false,R049,bal_macro_women_rtw,bal_super_micro_women_coats_and_jackets,2026-07-06,2026-09-28,14,false,,
69251921I3C9000,train t-shirt,white,F_W_2026,RTW,Ready-to-Wear,Ready-to-Wear,Ready-to-Wear,,false,R049,bal_macro_women_rtw,bal_super_micro_women_coats_and_jackets,2026-07-06,2026-09-28,14,false,,
6925192AI1Z1090,train t-shirt,black,F_W_2026,RTW,Ready-to-Wear,Ready-to-Wear,Ready-to-Wear,,false,R049,bal_macro_women_rtw,bal_super_micro_women_tops_and_shirts,2026-07-06,2026-09-28,12,false,,
6925192AWUN9000,train t-shirt,white,F_W_2025,RTW,Ready-to-Wear,Ready-to-Wear,Ready-to-Wear,,false,R049,bal_macro_women_rtw,bal_super_micro_women_pants,2026-07-06,2026-09-28,14,false,,
6925194GPE09002,train t-shirt,ivory,F_W_2025/F_W_2026/S_S_2026,RTW,Ready-to-Wear,Ready-to-Wear,Ready-to-Wear,,false,R049,bal_macro_women_rtw,bal_super_micro_women_t_shirts,2026-07-06,2026-09-28,14,false,,
6925194GQWL4200,train t-shirt,light blue,S_S_2025,RTW,Ready-to-Wear,Ready-to-Wear,Ready-to-Wear,,false,R049,bal_macro_women_rtw,bal_super_micro_women_tops_and_shirts,2026-07-06,2026-09-28,14,false,,
6925194GVRI9002,train t-shirt,ivory,S_S_2026,RTW,Ready-to-Wear,Ready-to-Wear,Ready-to-Wear,,false,R049,bal_macro_women_rtw,bal_super_micro_women_pants,2026-07-06,2026-09-28,13,false,,
692519T0QJW1000,train t-shirt,black,F_W_2025,RTW,Ready-to-Wear,Ready-to-Wear,Ready-to-Wear,,false,R049,bal_macro_women_rtw,bal_super_micro_women_coats_and_jackets,2026-07-06,2026-09-28,13,false,,
692519TOW3O1090,train t-shirt,black,F_W_2026,RTW,Ready-to-Wear,Ready-to-Wear,Ready-to-Wear,,false,R049,bal_macro_women_rtw,bal_super_micro_women_coats_and_jackets,2026-07-06,2026-09-28,12,false,,
692519TQ8NH2308,train t-shirt,light espresso,F_W_2026,RTW,Ready-to-Wear,Ready-to-Wear,Ready-to-Wear,,false,R049,bal_macro_women_rtw,bal_super_micro_women_coats_and_jackets,2026-07-06,2026-09-28,15,false,,
692519TTP3V1000,train t-shirt,black,F_W_2025,RTW,Ready-to-Wear,Ready-to-Wear,Ready-to-Wear,,false,R049,bal_macro_women_rtw,bal_super_micro_women_dresses_and_skirts,2026-07-06,2026-09-28,15,false,,
692519TTUUA1240,train t-shirt,grey,F_W_2025/S_S_2026,RTW,Ready-to-Wear,Ready-to-Wear,Ready-to-Wear,,false,R049,bal_macro_women_rtw,bal_super_micro_women_dresses_and_skirts,2026-07-06,2026-09-28,12,false,,
692519TTZ7I1251,train t-shirt,volcanic rock,F_W_2025/S_S_2026,RTW,Ready-to-Wear,Ready-to-Wear,Ready-to-Wear,,false,R049,bal_macro_women_rtw,bal_super_micro_women_dresses_and_skirts,2026-07-06,2026-09-28,14,false,,
692519WVNV71000,train t-shirt,black,S_S_2026,RTW,Ready-to-Wear,Ready-to-Wear,Ready-to-Wear,,false,R049,bal_macro_women_rtw,bal_super_micro_women_tops_and_shirts,2026-07-06,2026-09-28,12,false,,
6933522AB059020,beanie,cream,S_S_2026,AC_BELTS,Belts,Accessories,Belts,Accessories,true,R045,bal_macro_women_accessories,bal_super_micro_women_belts,2026-07-06,2026-09-28,15,false,,
6933522AB274011,beanie,blue,F_W_2025,AC_OTHER,Other Accessories,Accessories,Other Accessories,Accessories,true,R048,bal_macro_women_accessories,bal_super_micro_women_keyrings,2026-07-06,2026-09-28,1,false,,
69460721JG38122,blouson,silver,S_S_2026,RTW,Ready-to-Wear,Ready-to-Wear,Ready-to-Wear,,false,R049,bal_macro_women_rtw,bal_super_micro_women_coats_and_jackets,2026-07-06,2026-09-28,11,false,,
6946072A1JF1041,blouson,faded black,F_W_2026,RTW,Ready-to-Wear,Ready-to-Wear,Ready-to-Wear,,false,R049,bal_macro_women_rtw,bal_super_micro_women_dresses_and_skirts,2026-07-06,2026-09-28,15,false,,
6946072AW731041,blouson,faded black,F_W_2026,RTW,Ready-to-Wear,Ready-to-Wear,Ready-to-Wear,,false,R049,bal_macro_women_rtw,bal_super_micro_women_coats_and_jackets,2026-07-06,2026-09-28,15,false,,
694607TYQKD1090,blouson,black/white,S_S_2026,RTW,Ready-to-Wear,Ready-to-Wear,Ready-to-Wear,,false,R049,bal_macro_women_rtw,bal_super_micro_women_tops_and_shirts,2026-07-06,2026-09-28,14,false,,
694607WIB2R5723,blouson,petal pink,F_W_2026,RTW,Ready-to-Wear,Ready-to-Wear,Ready-to-Wear,,false,R049,bal_macro_women_rtw,bal_super_micro_women_t_shirts,2026-07-06,2026-09-28,15,false,,
6968772AAU71090,le dix parfum refill,black,S_S_2026,BEAUTY,Fragrance & Beauty,Beauty,Fragrance & Beauty,,false,R015,bal_macro_men_beauty|bal_macro_women_beauty,bal_super_micro_men_fragrances|bal_super_micro_women_fragrances,2026-07-06,2026-09-28,14,false,,
696877TE97S2840,le dix parfum refill,khaki,S_S_2025,BEAUTY,Fragrance & Beauty,Beauty,Fragrance & Beauty,,false,R015,bal_macro_men_beauty|bal_macro_women_beauty,bal_super_micro_men_fragrances|bal_super_micro_women_fragrances,2026-07-06,2026-09-28,12,false,,
698478T6LAH9020,le city bag large,cream,S_S_2026,LG_BAGS,Bags,Leather Goods,Bags,Bags,true,R012,bal_macro_men_bags,bal_super_micro_men_bags,2026-07-06,2026-09-28,12,false,,
698478TK52K4200,le city bag large,light blue,S_S_2026,LG_BAGS,Bags,Leather Goods,Bags,Bags,true,R012,bal_macro_men_bags,bal_super_micro_men_backpacks,2026-07-06,2026-09-28,14,false,,
698478WAG0O0911,le city bag large,antique silver,S_S_2026,LG_BAGS,Bags,Leather Goods,Bags,Bags,true,R012,bal_macro_men_bags,bal_super_micro_men_crossbody_bags,2026-07-06,2026-09-28,15,false,,
7001492AWCZ1000,swift oval sunglasses,black,F_W_2026,AC_EYEWEAR,Eyewear,Accessories,Eyewear,Accessories,true,R025,bal_macro_men_accessories|bal_macro_women_accessories,bal_super_micro_men_jewelry|bal_super_micro_women_jewelry,2026-07-06,2026-09-28,13,false,,
700149TP5DR1000,swift oval sunglasses,black,S_S_2026,AC_EYEWEAR,Eyewear,Accessories,Eyewear,Accessories,true,R025,bal_macro_men_accessories|bal_macro_women_accessories,bal_super_micro_men_sunglasses|bal_super_micro_women_sunglasses,2026-07-06,2026-09-28,13,false,,
701750217K40911,3xl lace sneaker,antique silver,F_W_2026,SH_SNEAKERS,Sneakers,Shoes,Sneakers,Shoes,true,R020,bal_macro_women_shoes,bal_super_micro_women_mules,2026-07-06,2026-09-28,15,false,,
70175021OCY4200,3xl lace sneaker,light blue,F_W_2025,SH_SNEAKERS,Sneakers,Shoes,Sneakers,Shoes,true,R020,bal_macro_women_shoes,bal_super_micro_women_sandals,2026-07-06,2026-09-28,12,false,,
70175021ZWU1251,3xl lace sneaker,volcanic rock,F_W_2026,SH_SNEAKERS,Sneakers,Shoes,Sneakers,Shoes,true,R020,bal_macro_women_shoes,bal_super_micro_women_pumps,2026-07-06,2026-09-28,15,false,,
7017502AVQJ5723,3xl lace sneaker,petal pink,S_S_2026,SH_SNEAKERS,Sneakers,Shoes,Sneakers,Shoes,true,R020,bal_macro_women_shoes,bal_super_micro_women_sneakers,2026-07-06,2026-09-28,16,false,,
701750T6W7A9104,3xl lace sneaker,optic white,F_W_2026,SH_SNEAKERS,Sneakers,Shoes,Sneakers,Shoes,true,R020,bal_macro_women_shoes,bal_super_micro_women_pumps,2026-07-06,2026-09-28,15,false,,
701750WDNYV1090,3xl lace sneaker,black/white,F_W_2026/S_S_2027,SH_SNEAKERS,Sneakers,Shoes,Sneakers,Shoes,true,R020,bal_macro_women_shoes,bal_super_micro_women_sandals,2026-07-06,2026-09-28,12,false,,
70510321GQZ1000,oversized t-shirt body,black,F_W_2026,RTW,Ready-to-Wear,Ready-to-Wear,Ready-to-Wear,,false,R049,bal_macro_women_rtw,bal_super_micro_women_pants,2026-07-06,2026-09-28,15,false,,
7051032AB541000,oversized t-shirt body,black,S_S_2026,RTW,Ready-to-Wear,Ready-to-Wear,Ready-to-Wear,,false,R049,bal_macro_women_rtw,bal_super_micro_women_dresses_and_skirts,2026-07-06,2026-09-28,14,false,,
7051032AI5R5723,oversized t-shirt body,petal pink,F_W_2026,RTW,Ready-to-Wear,Ready-to-Wear,Ready-to-Wear,,false,R049,bal_macro_women_rtw,bal_super_micro_women_t_shirts,2026-07-06,2026-09-28,12,false,,
7051034G8AI9020,oversized t-shirt body,cream,S_S_2026,RTW,Ready-to-Wear,Ready-to-Wear,Ready-to-Wear,,false,R049,bal_macro_women_rtw,bal_super_micro_women_tops_and_shirts,2026-07-06,2026-09-28,15,false,,
7051034GQ151090,oversized t-shirt body,black,F_W_2025,RTW,Ready-to-Wear,Ready-to-Wear,Ready-to-Wear,,false,R049,bal_macro_women_rtw,bal_super_micro_women_coats_and_jackets,2026-07-06,2026-09-28,15,false,,
705103TTFA00911,oversized t-shirt body,antique silver,F_W_2025/S_S_2026,RTW,Ready-to-Wear,Ready-to-Wear,Ready-to-Wear,,false,R049,bal_macro_women_rtw,bal_super_micro_women_tops_and_shirts,2026-07-06,2026-09-28,12,false,,
7054852ABJO1251,speed 2.0 lace-up recycled knit sneaker,volcanic rock,S_S_2026/S_S_2027,SH_SNEAKERS,Sneakers,Shoes,Sneakers,Shoes,true,R020,bal_macro_men_shoes,bal_super_micro_men_mules_and_loafers,2026-07-06,2026-09-28,14,false,,
7054852AIB00926,speed 2.0 lace-up recycled knit sneaker,shiny silver,F_W_2026,SH_SNEAKERS,Sneakers,Shoes,Sneakers,Shoes,true,R020,bal_macro_men_shoes,bal_super_micro_men_boots_and_booties,2026-07-06,2026-09-28,14,false,,
7054852ARED9020,speed 2.0 lace-up recycled knit sneaker,cream,F_W_2026/S_S_2026/S_S_2027,SH_SNEAKERS,Sneakers,Shoes,Sneakers,Shoes,true,R020,bal_macro_men_shoes,bal_super_micro_men_formal_shoes,2026-07-06,2026-09-28,12,false,,
7054852AVXL1084,speed 2.0 lace-up recycled knit sneaker,black/multicolor,F_W_2025,SH_SNEAKERS,Sneakers,Shoes,Sneakers,Shoes,true,R020,bal_macro_men_shoes,bal_super_micro_men_boots_and_booties,2026-07-06,2026-09-28,15,false,,
705485TTICF0926,speed 2.0 lace-up recycled knit sneaker,shiny silver,S_S_2026,SH_SNEAKERS,Sneakers,Shoes,Sneakers,Shoes,true,R020,bal_macro_men_shoes,bal_super_micro_men_boots_and_booties,2026-07-06,2026-09-28,12,false,,
705485TTYKO9104,speed 2.0 lace-up recycled knit sneaker,optic white,F_W_2026,SH_SNEAKERS,Sneakers,Shoes,Sneakers,Shoes,true,R020,bal_macro_men_shoes,bal_super_micro_men_formal_shoes,2026-07-06,2026-09-28,13,false,,
70553021EHO9002,3xl sneaker with charms,ivory,F_W_2025,AC_OTHER,Other Accessories,Accessories,Other Accessories,Accessories,true,R011,bal_macro_women_shoes,bal_super_micro_women_sandals,2026-07-06,2026-08-10,15,false,,
70553021JUC1000,3xl sneaker with charms,black,S_S_2026,AC_OTHER,Other Accessories,Accessories,Other Accessories,Accessories,true,R011,bal_macro_women_shoes,bal_super_micro_women_boots_and_booties,2026-07-06,2026-09-28,13,false,,
705530W3XBQ9000,3xl sneaker with charms,white,F_W_2026,AC_OTHER,Other Accessories,Accessories,Other Accessories,Accessories,true,R011,bal_macro_women_shoes,bal_super_micro_women_boots_and_booties,2026-07-06,2026-09-28,13,false,,
7055362APM02308,cropped puffer,light espresso,S_S_2026,RTW,Ready-to-Wear,Ready-to-Wear,Ready-to-Wear,,false,R049,bal_macro_women_rtw,bal_super_micro_women_pants,2026-07-06,2026-09-28,12,false,,
7055364GF821090,cropped puffer,black,S_S_2026,RTW,Ready-to-Wear,Ready-to-Wear,Ready-to-Wear,,false,R049,bal_macro_women_rtw,bal_super_micro_women_dresses_and_skirts,2026-07-06,2026-09-28,14,false,,
705536TOUH01240,cropped puffer,grey,F_W_2026/S_S_2026,RTW,Ready-to-Wear,Ready-to-Wear,Ready-to-Wear,,false,R049,bal_macro_women_rtw,bal_super_micro_women_pants,2026-07-06,2026-09-28,15,false,,
705536TT9SS2308,cropped puffer,light espresso,S_S_2026,RTW,Ready-to-Wear,Ready-to-Wear,Ready-to-Wear,,false,R049,bal_macro_women_rtw,bal_super_micro_women_t_shirts,2026-08-03,2026-09-28,15,false,,
705536TTZIC1084,cropped puffer,,,RTW,Ready-to-Wear,Ready-to-Wear,Ready-to-Wear,,false,R049,bal_macro_women_rtw,bal_super_micro_women_dresses_and_skirts,2026-07-06,2026-09-21,1,false,,
705536WCU2C1251,cropped puffer,volcanic rock,F_W_2026,RTW,Ready-to-Wear,Ready-to-Wear,Ready-to-Wear,,false,R049,bal_macro_women_rtw,bal_super_micro_women_t_shirts,2026-07-06,2026-09-28,14,false,,
706014TT5D61000,le city bag nano,black,F_W_2026,LG_BAGS,Bags,Leather Goods,Bags,Bags,true,R012,bal_macro_women_slg,bal_super_micro_women_keyrings,2026-07-06,2026-09-28,15,false,,
706014TTHIA8065,le city bag nano,navy,S_S_2026,LG_BAGS,Bags,Leather Goods,Bags,Bags,true,R012,bal_macro_women_slg,bal_super_micro_women_keyrings,2026-07-06,2026-09-28,15,false,,
706014TV8UH1084,le city bag nano,black/multicolor,S_S_2026,LG_BAGS,Bags,Leather Goods,Bags,Bags,true,R012,bal_macro_women_slg,bal_super_micro_women_clutches_and_pouches,2026-07-06,2026-09-28,15,false,,
7066122A50P3258,cash card holder,army green,F_W_2026/S_S_2026,LG_SLG,Small Leather Goods,Leather Goods,Small Leather Goods,Small Leather Goods,true,R010,bal_macro_women_slg,bal_super_micro_women_wallets,2026-07-06,2026-09-28,14,false,,
7066122AB3X1000,cash card holder,black,F_W_2024,LG_SLG,Small Leather Goods,Leather Goods,Small Leather Goods,Small Leather Goods,true,R010,bal_macro_women_slg,bal_super_micro_women_clutches_and_pouches,2026-07-06,2026-09-28,14,false,,
7066122AY6L8065,cash card holder,navy,S_S_2026,LG_SLG,Small Leather Goods,Leather Goods,Small Leather Goods,Small Leather Goods,true,R010,bal_macro_women_slg,bal_super_micro_women_slg,2026-07-06,2026-09-28,13,false,,
706612TTDZG0926,cash card holder,shiny silver,S_S_2026,LG_SLG,Small Leather Goods,Leather Goods,Small Leather Goods,Small Leather Goods,true,R010,bal_macro_women_slg,bal_super_micro_women_slg,2026-07-06,2026-09-28,13,false,,
706612WBFE11090,cash card holder,black,S_S_2026,LG_SLG,Small Leather Goods,Leather Goods,Small Leather Goods,Small Leather Goods,true,R010,bal_macro_women_slg,bal_super_micro_women_wallets,2026-07-06,2026-09-28,15,false,,
7076642A2YN1000,techwear leggings,black,F_W_2026/S_S_2026/S_S_2027,RTW,Ready-to-Wear,Ready-to-Wear,Ready-to-Wear,,false,R049,bal_macro_women_rtw,bal_super_micro_women_pants,2026-07-06,2026-09-28,14,false,,
7076642ABAL8065,techwear leggings,navy,F_W_2026,RTW,Ready-to-Wear,Ready-to-Wear,Ready-to-Wear,,false,R049,bal_macro_women_rtw,bal_super_micro_women_dresses_and_skirts,2026-07-06,2026-09-28,13,false,,
7076642ASUX1000,techwear leggings,black,S_S_2026,RTW,Ready-to-Wear,Ready-to-Wear,Ready-to-Wear,,false,R049,bal_macro_women_rtw,bal_super_micro_women_pants,2026-07-06,2026-09-28,14,false,,
707664TT4631000,techwear leggings,black,S_S_2026,RTW,Ready-to-Wear,Ready-to-Wear,Ready-to-Wear,,false,R049,bal_macro_women_rtw,bal_super_micro_women_coats_and_jackets,2026-07-06,2026-09-28,14,false,,
70772121C4M1240,track signature sneaker,grey,F_W_2026,SH_SNEAKERS,Sneakers,Shoes,Sneakers,Shoes,true,R020,bal_macro_men_shoes,bal_super_micro_men_sneakers,2026-07-06,2026-09-28,15,false,,
7077212AB9B1041,track signature sneaker,faded black,F_W_2026,SH_SNEAKERS,Sneakers,Shoes,Sneakers,Shoes,true,R020,bal_macro_men_shoes,bal_super_micro_men_sandals,2026-07-06,2026-09-28,14,false,,
7077212AQUQ5723,track signature sneaker,petal pink,S_S_2026,SH_SNEAKERS,Sneakers,Shoes,Sneakers,Shoes,true,R020,bal_macro_men_shoes,bal_super_micro_men_mules_and_loafers,2026-07-06,2026-08-10,14,false,,
7077214GOMI1251,track signature sneaker,volcanic rock,S_S_2026,SH_SNEAKERS,Sneakers,Shoes,Sneakers,Shoes,true,R020,bal_macro_men_shoes,bal_super_micro_men_sneakers,2026-07-06,2026-09-28,15,false,,
7077214GQJ29020,track signature sneaker,cream,S_S_2026,SH_SNEAKERS,Sneakers,Shoes,Sneakers,Shoes,true,R020,bal_macro_men_shoes,bal_super_micro_men_sneakers,2026-09-14,2026-09-28,15,false,,
707721TT15K4200,track signature sneaker,light blue,F_W_2026,SH_SNEAKERS,Sneakers,Shoes,Sneakers,Shoes,true,R020,bal_macro_men_shoes,bal_super_micro_men_sneakers,2026-07-06,2026-09-28,14,false,,
7078492ABAI1210,incense perfumum parfum,light grey,F_W_2026,BEAUTY,Fragrance & Beauty,Beauty,Fragrance & Beauty,,false,R015,bal_macro_men_beauty|bal_macro_women_beauty,bal_super_micro_men_fragrances|bal_super_micro_women_fragrances,2026-07-06,2026-09-28,16,false,,
7082432ABAH1000,b hoop earrings,black,S_S_2026,AC_JEWELRY,Jewelry,Accessories,Jewelry,Accessories,true,R030,bal_macro_women_accessories,bal_super_micro_women_jewelry,2026-08-17,2026-09-28,1,false,,
7082432AEOQ1000,b hoop earrings,black,F_W_2026/S_S_2026/S_S_2027,AC_JEWELRY,Jewelry,Accessories,Jewelry,Accessories,true,R030,bal_macro_women_accessories,bal_super_micro_women_sunglasses,2026-07-27,2026-09-28,1,false,,
708243TT1ZU1090,b hoop earrings,black,F_W_2026,AC_JEWELRY,Jewelry,Accessories,Jewelry,Accessories,true,R030,bal_macro_women_accessories,bal_super_micro_women_keyrings,2026-07-06,2026-09-28,14,false,,
708243TTDJU1000,b hoop earrings,black,F_W_2026,AC_JEWELRY,Jewelry,Accessories,Jewelry,Accessories,true,R030,bal_macro_women_accessories,bal_super_micro_women_sunglasses,2026-07-06,2026-09-28,14,false,,
708243TYIUP5723,b hoop earrings,petal pink,S_S_2026,AC_JEWELRY,Jewelry,Accessories,Jewelry,Accessories,true,R030,bal_macro_women_accessories,bal_super_micro_women_jewelry,2026-07-06,2026-09-28,14,false,,
708243WSPU21240,b hoop earrings,grey,S_S_2025,AC_JEWELRY,Jewelry,Accessories,Jewelry,Accessories,true,R030,bal_macro_women_accessories,bal_super_micro_women_sunglasses,2026-07-06,2026-09-28,14,false,,
708585214SB1090,balenciaga back zip-up jacket,black,F_W_2026/S_S_2026,RTW,Ready-to-Wear,Ready-to-Wear,Ready-to-Wear,,false,R049,bal_macro_women_rtw,bal_super_micro_women_tops_and_shirts,2026-07-06,2026-09-28,13,false,,
7085852A9HT1000,balenciaga back zip-up jacket,black,S_S_2026,RTW,Ready-to-Wear,Ready-to-Wear,Ready-to-Wear,,false,R049,bal_macro_women_rtw,bal_super_micro_women_pants,2026-07-06,2026-09-28,14,false,,
7085852ABRZ2533,balenciaga back zip-up jacket,camel,S_S_2026,RTW,Ready-to-Wear,Ready-to-Wear,Ready-to-Wear,,false,R049,bal_macro_women_rtw,bal_super_micro_women_t_shirts,2026-07-06,2026-09-28,15,false,,
7085854G4QE1000,balenciaga back zip-up jacket,black,F_W_2026,RTW,Ready-to-Wear,Ready-to-Wear,Ready-to-Wear,,false,R049,bal_macro_women_rtw,bal_super_micro_women_dresses_and_skirts,2026-07-06,2026-09-28,14,false,,
7085854G7M85723,balenciaga back zip-up jacket,petal pink,F_W_2025,RTW,Ready-to-Wear,Ready-to-Wear,Ready-to-Wear,,false,R049,bal_macro_women_rtw,bal_super_micro_women_dresses_and_skirts,2026-07-06,2026-09-28,13,false,,
7085854GLNS1090,balenciaga back zip-up jacket,black,F_W_2026,RTW,Ready-to-Wear,Ready-to-Wear,Ready-to-Wear,,false,R049,bal_macro_women_rtw,bal_super_micro_women_t_shirts,2026-07-06,2026-09-28,14,false,,
708585T0UJA3258,balenciaga back zip-up jacket,army green,F_W_2026/S_S_2026,RTW,Ready-to-Wear,Ready-to-Wear,Ready-to-Wear,,false,R049,bal_macro_women_rtw,bal_super_micro_women_coats_and_jackets,2026-07-06,2026-09-28,14,false,,
708585TTDBP9104,balenciaga back zip-up jacket,optic white,F_W_2026/S_S_2026/S_S_2027,RTW,Ready-to-Wear,Ready-to-Wear,Ready-to-Wear,,false,R049,bal_macro_women_rtw,bal_super_micro_women_coats_and_jackets,2026-07-06,2026-09-28,13,false,,
708585TTPMB9020,balenciaga back zip-up jacket,cream,F_W_2026/S_S_2026,RTW,Ready-to-Wear,Ready-to-Wear,Ready-to-Wear,,false,R049,bal_macro_women_rtw,bal_super_micro_women_coats_and_jackets,2026-07-06,2026-09-28,15,false,,
708585W35LU1090,balenciaga back zip-up jacket,black,F_W_2026,RTW,Ready-to-Wear,Ready-to-Wear,Ready-to-Wear,,false,R049,bal_macro_women_rtw,bal_super_micro_women_dresses_and_skirts,2026-07-06,2026-09-28,13,false,,
7086992ABQH1000,getaria parfum,black,S_S_2026,BEAUTY,Fragrance & Beauty,Beauty,Fragrance & Beauty,,false,R015,bal_macro_men_beauty|bal_macro_women_beauty,bal_super_micro_men_fragrances|bal_super_micro_women_fragrances,2026-07-06,2026-09-28,15,false,,
7086994G42W1000,getaria parfum,black,S_S_2026,BEAUTY,Fragrance & Beauty,Beauty,Fragrance & Beauty,,false,R015,bal_macro_men_beauty|bal_macro_women_beauty,bal_super_micro_men_fragrances|bal_super_micro_women_fragrances,2026-07-06,2026-09-28,15,false,,
708988212XN2308,crush magnet card holder quilted,light espresso,S_S_2026,LG_SLG,Small Leather Goods,Leather Goods,Small Leather Goods,Small Leather Goods,true,R010,bal_macro_women_slg,bal_super_micro_women_keyrings,2026-07-27,2026-09-28,1,false,,
70898821D561000,crush magnet card holder quilted,black,S_S_2026,LG_SLG,Small Leather Goods,Leather Goods,Small Leather Goods,Small Leather Goods,true,R010,bal_macro_women_slg,bal_super_micro_women_wallets,2026-07-06,2026-09-28,13,false,,
7089882AB993258,crush magnet card holder quilted,army green,F_W_2025/S_S_2026,LG_SLG,Small Leather Goods,Leather Goods,Small Leather Goods,Small Leather Goods,true,R010,bal_macro_women_slg,bal_super_micro_women_keyrings,2026-07-06,2026-09-28,15,false,,
7089882ABJZ1251,crush magnet card holder quilted,volcanic rock,F_W_2025,LG_SLG,Small Leather Goods,Leather Goods,Small Leather Goods,Small Leather Goods,true,R010,bal_macro_women_slg,bal_super_micro_women_keyrings,2026-07-27,2026-09-07,13,false,,
7089884GP5G2308,crush magnet card holder quilted,light espresso,S_S_2026,LG_SLG,Small Leather Goods,Leather Goods,Small Leather Goods,Small Leather Goods,true,R010,bal_macro_women_slg,bal_super_micro_women_keyrings,2026-07-06,2026-08-10,16,false,,
71088921W3O1240,cash magnet card holder crocodile embossed,grey,F_W_2026,LG_SLG,Small Leather Goods,Leather Goods,Small Leather Goods,Small Leather Goods,true,R010,bal_macro_women_slg,bal_super_micro_women_wallets,2026-07-06,2026-09-28,14,false,,
7108894GUHQ1000,cash magnet card holder crocodile embossed,black,F_W_2026,LG_SLG,Small Leather Goods,Leather Goods,Small Leather Goods,Small Leather Goods,true,R010,bal_macro_women_slg,bal_super_micro_women_slg,2026-07-06,2026-09-28,14,false,,
710889TTG2G1000,cash magnet card holder crocodile embossed,black,S_S_2026,LG_SLG,Small Leather Goods,Leather Goods,Small Leather Goods,Small Leather Goods,true,R010,bal_macro_women_slg,bal_super_micro_women_cardholders,2026-09-07,2026-09-28,13,false,,
711160TT7YI1041,le city charm/keychain card holder,faded black,S_S_2026,LG_SLG,Small Leather Goods,Leather Goods,Small Leather Goods,Small Leather Goods,true,R010,bal_macro_men_slg,bal_super_micro_men_cardholders,2026-07-06,2026-09-28,13,false,,
711160WE21T1240,le city charm/keychain card holder,grey,F_W_2026,LG_SLG,Small Leather Goods,Leather Goods,Small Leather Goods,Small Leather Goods,true,R010,bal_macro_men_slg,bal_super_micro_men_slg,2026-07-06,2026-09-28,11,false,,
711160WOZ6M4011,le city charm/keychain card holder,blue,S_S_2026,LG_SLG,Small Leather Goods,Leather Goods,Small Leather Goods,Small Leather Goods,true,R010,bal_macro_men_slg,bal_super_micro_men_other_accessories,2026-07-06,2026-09-28,14,false,,
71349021Z2H9000,explorer double pouch messenger bag,white,F_W_2025/S_S_2026,LG_BAGS,Bags,Leather Goods,Bags,Bags,true,R012,bal_macro_men_leather_goods,bal_super_micro_men_small_leather_goods,2026-07-06,2026-09-28,13,false,,
7134902AB1H4200,explorer double pouch messenger bag,light blue,F_W_2025,LG_BAGS,Bags,Leather Goods,Bags,Bags,true,R012,bal_macro_men_leather_goods,bal_super_micro_men_small_leather_goods,2026-07-06,2026-09-28,15,false,,
713490TTJ7K2533,explorer double pouch messenger bag,camel,S_S_2026,LG_BAGS,Bags,Leather Goods,Bags,Bags,true,R012,bal_macro_men_leather_goods,bal_super_micro_men_bags,2026-07-06,2026-09-28,13,false,,
71502121CCL8122,hourglass belt,silver,S_S_2026,AC_BELTS,Belts,Accessories,Belts,Accessories,true,R035,bal_macro_men_accessories,bal_super_micro_men_caps,2026-07-06,2026-09-28,16,false,,
71502121QV91041,hourglass belt,faded black,S_S_2026,AC_BELTS,Belts,Accessories,Belts,Accessories,true,R035,bal_macro_men_accessories,bal_super_micro_men_jewelry,2026-07-06,2026-09-28,15,false,,
7150214G9VD1000,hourglass belt,black,F_W_2026,AC_BELTS,Belts,Accessories,Belts,Accessories,true,R035,bal_macro_men_accessories,bal_super_micro_men_hats_and_scarves,2026-07-06,2026-08-31,14,false,,
7157174GJOD9020,bb signature belt,cream,F_W_2026,AC_BELTS,Belts,Accessories,Belts,Accessories,true,R035,bal_macro_men_accessories,bal_super_micro_men_caps,2026-07-06,2026-09-28,13,false,,
715717W3BRJ1000,bb signature belt,black,F_W_2026/S_S_2026,AC_BELTS,Belts,Accessories,Belts,Accessories,true,R035,bal_macro_men_accessories,bal_super_micro_men_other_accessories,2026-07-06,2026-09-28,14,false,,
715880214WA1090,tucked sleeves shirt,black,S_S_2026,RTW,Ready-to-Wear,Ready-to-Wear,Ready-to-Wear,,false,R049,bal_macro_women_rtw,bal_super_micro_women_dresses_and_skirts,2026-07-06,2026-09-28,12,false,,
715880T5NEF8065,tucked sleeves shirt,navy,S_S_2026,RTW,Ready-to-Wear,Ready-to-Wear,Ready-to-Wear,,false,R049,bal_macro_women_rtw,bal_super_micro_women_coats_and_jackets,2026-07-06,2026-09-28,13,false,,
715880TT3AU9002,tucked sleeves shirt,ivory,S_S_2026,RTW,Ready-to-Wear,Ready-to-Wear,Ready-to-Wear,,false,R049,bal_macro_women_rtw,bal_super_micro_women_coats_and_jackets,2026-07-06,2026-09-28,15,false,,
7163572AH0S1041,le cagole shoulder bag xs,faded black,F_W_2026,LG_BAGS,Bags,Leather Goods,Bags,Bags,true,R012,bal_macro_women_bags,bal_super_micro_women_shoulder_bags,2026-07-06,2026-09-28,13,false,,
7163572AY874200,le cagole shoulder bag xs,light blue,F_W_2026/S_S_2027,LG_BAGS,Bags,Leather Goods,Bags,Bags,true,R012,bal_macro_women_bags,bal_super_micro_women_bags,2026-07-06,2026-09-28,12,false,,
7163574GQBG9000,le cagole shoulder bag xs,white,F_W_2025,LG_BAGS,Bags,Leather Goods,Bags,Bags,true,R012,bal_macro_women_bags,bal_super_micro_women_handbags,2026-07-06,2026-09-28,15,false,,
71635921XZE8065,dynasty square sunglasses,navy,S_S_2026,AC_EYEWEAR,Eyewear,Accessories,Eyewear,Accessories,true,R025,bal_macro_women_eyewear,bal_super_micro_women_sunglasses,2026-07-06,2026-07-06,6,false,,
71944721BX52308,comfy derby,light espresso,F_W_2025,SH_SHOES,Other Shoes,Shoes,Other Shoes,Shoes,true,R043,bal_macro_men_shoes,bal_super_micro_men_mules_and_loafers,2026-07-06,2026-09-28,15,false,,
719447TTESF1084,comfy derby,black/multicolor,F_W_2026,SH_SHOES,Other Shoes,Shoes,Other Shoes,Shoes,true,R043,bal_macro_men_shoes,bal_super_micro_men_sandals,2026-07-06,2026-09-28,13,false,,
7206244G36I4011,tilted typo cap,blue,F_W_2026/S_S_2026,AC_BELTS,Belts,Accessories,Belts,Accessories,true,R045,bal_macro_men_accessories,bal_super_micro_men_belts,2026-07-06,2026-09-28,14,false,,
720624TFKFX1000,tilted typo cap,black,S_S_2025,AC_HATS_SCARVES,Hats & Scarves,Accessories,Hats & Scarves,Accessories,true,R047,bal_macro_men_accessories,bal_super_micro_men_caps,2026-07-06,2026-08-31,14,false,,
720624TGJBH1000,tilted typo cap,black,F_W_2025,AC_JEWELRY,Jewelry,Accessories,Jewelry,Accessories,true,R044,bal_macro_men_accessories,bal_super_micro_men_jewelry,2026-07-06,2026-09-28,14,false,,
72175021BP09104,saint-germain tag earrings,optic white,F_W_2025/S_S_2026,AC_JEWELRY,Jewelry,Accessories,Jewelry,Accessories,true,R030,bal_macro_women_accessories,bal_super_micro_women_belts,2026-09-14,2026-09-28,14,false,,
7217504G8752308,saint-germain tag earrings,light espresso,F_W_2026,AC_JEWELRY,Jewelry,Accessories,Jewelry,Accessories,true,R030,bal_macro_women_accessories,bal_super_micro_women_belts,2026-07-06,2026-09-28,15,false,,
721750TO8WE0127,saint-germain tag earrings,shiny gold,F_W_2025,AC_JEWELRY,Jewelry,Accessories,Jewelry,Accessories,true,R030,bal_macro_women_accessories,bal_super_micro_women_jewelry,2026-07-06,2026-09-28,13,false,,
721750TTIT71090,saint-germain tag earrings,black/white,S_S_2026,AC_JEWELRY,Jewelry,Accessories,Jewelry,Accessories,true,R030,bal_macro_women_accessories,bal_super_micro_women_sunglasses,2026-07-06,2026-08-10,14,false,,
722096217AJ0926,soccer baggy sweatpants,shiny silver,F_W_2025/S_S_2026,RTW,Ready-to-Wear,Ready-to-Wear,Ready-to-Wear,,false,R049,bal_macro_men_rtw,bal_super_micro_men_knitwear,2026-08-17,2026-09-28,13,false,,
72209621QYP1000,soccer baggy sweatpants,black,F_W_2025,RTW,Ready-to-Wear,Ready-to-Wear,Ready-to-Wear,,false,R049,bal_macro_men_rtw,bal_super_micro_men_t_shirts,2026-07-06,2026-09-28,15,false,,
72209621SNX1000,soccer baggy sweatpants,black,F_W_2026/S_S_2026/S_S_2027,RTW,Ready-to-Wear,Ready-to-Wear,Ready-to-Wear,,false,R049,bal_macro_men_rtw,bal_super_micro_men_t_shirts,2026-07-06,2026-09-28,14,false,,
72209621Z3R1000,soccer baggy sweatpants,black,F_W_2026,RTW,Ready-to-Wear,Ready-to-Wear,Ready-to-Wear,,false,R049,bal_macro_men_rtw,bal_super_micro_men_coats_and_jackets,2026-07-06,2026-09-28,1,false,,
7220962ABCL3258,soccer baggy sweatpants,army green,F_W_2025/F_W_2026/S_S_2026,RTW,Ready-to-Wear,Ready-to-Wear,Ready-to-Wear,,false,R049,bal_macro_men_rtw,bal_super_micro_men_knitwear,2026-07-06,2026-09-28,14,false,,
7220962AKDV2533,soccer baggy sweatpants,camel,F_W_2026,RTW,Ready-to-Wear,Ready-to-Wear,Ready-to-Wear,,false,R049,bal_macro_men_rtw,bal_super_micro_men_sweatshirts,2026-07-06,2026-09-28,14,false,,
7220962ATG30926,soccer baggy sweatpants,shiny silver,S_S_2026,RTW,Ready-to-Wear,Ready-to-Wear,Ready-to-Wear,,false,R049,bal_macro_men_rtw,bal_super_micro_men_pants,2026-07-06,2026-09-28,14,false,,
722096TTDX81090,soccer baggy sweatpants,black/white,F_W_2026/S_S_2027,RTW,Ready-to-Wear,Ready-to-Wear,Ready-to-Wear,,false,R049,bal_macro_men_rtw,bal_super_micro_men_coats_and_jackets,2026-07-06,2026-09-28,13,false,,
722096TTPO32840,soccer baggy sweatpants,khaki,S_S_2026,RTW,Ready-to-Wear,Ready-to-Wear,Ready-to-Wear,,false,R049,bal_macro_men_rtw,bal_super_micro_men_pants,2026-07-06,2026-09-28,15,false,,
722181WEAU51084,le dix parfum,black/multicolor,S_S_2026,BEAUTY,Fragrance & Beauty,Beauty,Fragrance & Beauty,,false,R015,bal_macro_men_beauty|bal_macro_women_beauty,bal_super_micro_men_fragrances|bal_super_micro_women_fragrances,2026-07-27,2026-09-28,1,false,,
723305216JH5723,neo round sunglasses,petal pink,S_S_2025,AC_EYEWEAR,Eyewear,Accessories,Eyewear,Accessories,true,R025,bal_macro_men_eyewear|bal_macro_women_eyewear,bal_super_micro_men_sunglasses|bal_super_micro_women_sunglasses,2026-07-06,2026-09-28,13,false,,
723305TT7MT8122,neo round sunglasses,silver,F_W_2025/F_W_2026/S_S_2026,AC_EYEWEAR,Eyewear,Accessories,Eyewear,Accessories,true,R025,bal_macro_men_eyewear|bal_macro_women_eyewear,bal_super_micro_men_sunglasses|bal_super_micro_women_sunglasses,2026-07-06,2026-09-28,11,false,,
723305TX2RB8122,neo round sunglasses,silver,F_W_2026,AC_EYEWEAR,Eyewear,Accessories,Eyewear,Accessories,true,R025,bal_macro_men_eyewear|bal_macro_women_eyewear,bal_super_micro_men_sunglasses|bal_super_micro_women_sunglasses,2026-07-06,2026-09-28,14,false,,
7238022ALQU5723,le city basket medium,petal pink,S_S_2026,LG_BAGS,Bags,Leather Goods,Bags,Bags,true,R041,bal_macro_women_bags,bal_super_micro_women_handbags,2026-07-06,2026-09-28,14,false,,
723802TPE569000,le city basket medium,white,S_S_2026,LG_BAGS,Bags,Leather Goods,Bags,Bags,true,R041,bal_macro_women_bags,bal_super_micro_women_bags,2026-07-06,2026-09-28,14,false,,
723802TTN6J5723,le city basket medium,petal pink,F_W_2026,LG_BAGS,Bags,Leather Goods,Bags,Bags,true,R041,bal_macro_women_bags,bal_super_micro_women_bags,2026-07-06,2026-09-28,15,false,,
7247992ABQG0926,credit long wallet,shiny silver,F_W_2026/S_S_2027,LG_SLG,Small Leather Goods,Leather Goods,Small Leather Goods,Small Leather Goods,true,R010,bal_macro_men_slg,bal_super_micro_men_other_accessories,2026-07-06,2026-09-28,14,false,,
72532821OA90911,cash large long coin and card holder,antique silver,F_W_2025,LG_SLG,Small Leather Goods,Leather Goods,Small Leather Goods,Small Leather Goods,true,R010,bal_macro_women_slg,bal_super_micro_women_slg,2026-07-06,2026-09-28,16,false,,
725328TT8MU8122,cash large long coin and card holder,silver,F_W_2026/S_S_2026,LG_SLG,Small Leather Goods,Leather Goods,Small Leather Goods,Small Leather Goods,true,R010,bal_macro_women_slg,bal_super_micro_women_keyrings,2026-08-31,2026-09-28,14,false,,
725328TTV443258,cash large long coin and card holder,army green,F_W_2026,LG_SLG,Small Leather Goods,Leather Goods,Small Leather Goods,Small Leather Goods,true,R010,bal_macro_women_slg,bal_super_micro_women_keyrings,2026-07-06,2026-09-28,16,false,,
72600621HFN1210,bel air tote bag large,light grey,S_S_2026,LG_BAGS,Bags,Leather Goods,Bags,Bags,true,R012,bal_macro_women_bags,bal_super_micro_women_shoulder_bags,2026-07-06,2026-09-28,13,false,,
7260062ABJP0127,bel air tote bag large,shiny gold,S_S_2026,LG_BAGS,Bags,Leather Goods,Bags,Bags,true,R012,bal_macro_women_bags,bal_super_micro_women_handbags,2026-07-06,2026-09-28,16,false,,
7260062AINV9000,bel air tote bag large,white,F_W_2026/S_S_2026/S_S_2027,LG_BAGS,Bags,Leather Goods,Bags,Bags,true,R012,bal_macro_women_bags,bal_super_micro_women_bags,2026-07-20,2026-09-28,14,false,,
7260064GLKM1000,bel air tote bag large,black,F_W_2026/S_S_2026,LG_BAGS,Bags,Leather Goods,Bags,Bags,true,R012,bal_macro_women_bags,bal_super_micro_women_bags,2026-07-06,2026-09-28,15,false,,
728305219ID9002,rodeo handbag large,ivory,S_S_2026,LG_BAGS,Bags,Leather Goods,Bags,Bags,true,R012,bal_macro_women_bags,bal_super_micro_women_handbags,2026-07-06,2026-09-28,15,false,,
7283052ABY31090,rodeo handbag large,black,S_S_2026,LG_BAGS,Bags,Leather Goods,Bags,Bags,true,R012,bal_macro_women_bags,bal_super_micro_women_shoulder_bags,2026-07-06,2026-09-28,14,false,,
728305TTMFD1041,rodeo handbag large,faded black,S_S_2025,LG_BAGS,Bags,Leather Goods,Bags,Bags,true,R012,bal_macro_women_bags,bal_super_micro_women_handbags,2026-07-06,2026-09-28,13,false,,
728305TUZCI4011,rodeo handbag large,blue,S_S_2026/S_S_2027,LG_BAGS,Bags,Leather Goods,Bags,Bags,true,R012,bal_macro_women_bags,bal_super_micro_women_handbags,2026-07-06,2026-09-28,14,false,,
72872721NOR1090,bolero bowling bag mini,black/white,S_S_2026,LG_BAGS,Bags,Leather Goods,Bags,Bags,true,R012,bal_macro_women_leather_goods,bal_super_micro_women_small_leather_goods,2026-07-06,2026-09-28,13,false,,
728727WEHTC8065,bolero bowling bag mini,navy,F_W_2025/S_S_2026,LG_BAGS,Bags,Leather Goods,Bags,Bags,true,R012,bal_macro_women_leather_goods,bal_super_micro_women_small_leather_goods,2026-07-06,2026-09-28,14,false,,
72918421GJI3258,le city first bag,army green,F_W_2026,LG_BAGS,Bags,Leather Goods,Bags,Bags,true,R012,bal_macro_women_leather_goods,bal_super_micro_women_small_leather_goods,2026-07-06,2026-09-28,16,false,,
7297992A1LP1000,hourglass pochette with chain,black,S_S_2026,LG_BAGS,Bags,Leather Goods,Bags,Bags,true,R012,bal_macro_women_bags,bal_super_micro_women_tote_bags,2026-07-06,2026-09-28,13,false,,
7297992ABTM0926,hourglass pochette with chain,shiny silver,F_W_2026,LG_BAGS,Bags,Leather Goods,Bags,Bags,true,R012,bal_macro_women_bags,bal_super_micro_women_handbags,2026-07-06,2026-09-28,15,false,,
7297992ACVY2840,hourglass pochette with chain,khaki,F_W_2026/S_S_2026/S_S_2027,LG_BAGS,Bags,Leather Goods,Bags,Bags,true,R012,bal_macro_women_bags,bal_super_micro_women_clutches_and_pouches,2026-07-06,2026-09-28,13,false,,
729799TCOZE4200,hourglass pochette with chain,light blue,S_S_2026,LG_BAGS,Bags,Leather Goods,Bags,Bags,true,R012,bal_macro_women_bags,bal_super_micro_women_handbags,2026-07-06,2026-09-28,14,false,,
729799TTQ0W0911,hourglass pochette with chain,antique silver,S_S_2026,LG_BAGS,Bags,Leather Goods,Bags,Bags,true,R012,bal_macro_women_bags,bal_super_micro_women_shoulder_bags,2026-08-31,2026-09-28,11,false,,
729799W4YYO2533,hourglass pochette with chain,camel,S_S_2025,LG_BAGS,Bags,Leather Goods,Bags,Bags,true,R012,bal_macro_women_bags,bal_super_micro_women_shoulder_bags,2026-07-06,2026-09-28,15,false,,
730009211B48122,eisa xs earrings,silver,S_S_2026,AC_JEWELRY,Jewelry,Accessories,Jewelry,Accessories,true,R030,bal_macro_women_accessories,bal_super_micro_women_other_accessories,2026-07-06,2026-09-28,16,false,,
7300092A1NI1000,eisa xs earrings,black,F_W_2026,AC_JEWELRY,Jewelry,Accessories,Jewelry,Accessories,true,R030,bal_macro_women_accessories,bal_super_micro_women_belts,2026-07-06,2026-09-28,15,false,,
7300094GKHO0127,eisa xs earrings,shiny gold,F_W_2026/S_S_2027,AC_JEWELRY,Jewelry,Accessories,Jewelry,Accessories,true,R030,bal_macro_women_accessories,bal_super_micro_women_other_accessories,2026-07-20,2026-09-28,14,false,,
730009TE57H1000,eisa xs earrings,black,S_S_2026,AC_JEWELRY,Jewelry,Accessories,Jewelry,Accessories,true,R030,bal_macro_women_accessories,bal_super_micro_women_other_accessories,2026-07-06,2026-09-28,15,false,,
730009WQ5JX5723,eisa xs earrings,petal pink,F_W_2026/S_S_2027,AC_JEWELRY,Jewelry,Accessories,Jewelry,Accessories,true,R030,bal_macro_women_accessories,bal_super_micro_women_other_accessories,2026-07-06,2026-09-28,13,false,,
7311302ABV99104,rodeo messenger bag small,optic white,F_W_2026,LG_BAGS,Bags,Leather Goods,Bags,Bags,true,R012,bal_macro_men_bags,bal_super_micro_men_bags,2026-07-06,2026-09-28,14,false,,
731130TEWXC1000,rodeo messenger bag small,black,F_W_2025/S_S_2026,LG_BAGS,Bags,Leather Goods,Bags,Bags,true,R012,bal_macro_men_bags,bal_super_micro_men_shoulder_bags,2026-07-06,2026-09-28,13,false,,
73136321VD72308,the song of the highest tower oversized t-shirt,light espresso,F_W_2026/S_S_2026,RTW,Ready-to-Wear,Ready-to-Wear,Ready-to-Wear,,false,R049,bal_macro_men_rtw,bal_super_micro_men_t_shirts,2026-07-06,2026-09-28,15,false,,
731363TE45D8122,the song of the highest tower oversized t-shirt,silver,F_W_2026/S_S_2027,RTW,Ready-to-Wear,Ready-to-Wear,Ready-to-Wear,,false,R049,bal_macro_men_rtw,bal_super_micro_men_coats_and_jackets,2026-07-06,2026-09-28,13,false,,
731363TIHUU1000,the song of the highest tower oversized t-shirt,black,F_W_2026,RTW,Ready-to-Wear,Ready-to-Wear,Ready-to-Wear,,false,R049,bal_macro_men_rtw,bal_super_micro_men_coats_and_jackets,2026-07-06,2026-08-10,14,false,,
731363TTEWF1090,the song of the highest tower oversized t-shirt,black,F_W_2026,RTW,Ready-to-Wear,Ready-to-Wear,Ready-to-Wear,,false,R049,bal_macro_men_rtw,bal_super_micro_men_t_shirts,2026-07-06,2026-09-28,14,false,,
731363WWEVH1000,the song of the highest tower oversized t-shirt,black,S_S_2026,RTW,Ready-to-Wear,Ready-to-Wear,Ready-to-Wear,,false,R049,bal_macro_men_rtw,bal_super_micro_men_knitwear,2026-07-06,2026-09-28,15,false,,
732991TT49C0911,saint-germain ring necklace,antique silver,S_S_2026,AC_JEWELRY,Jewelry,Accessories,Jewelry,Accessories,true,R030,bal_macro_men_accessories|bal_macro_women_accessories,bal_super_micro_men_objects|bal_super_micro_women_objects,2026-07-27,2026-09-28,1,false,,
7347972ABFC2840,rodeo handbag mini with charms,khaki,F_W_2026/S_S_2027,AC_OTHER,Other Accessories,Accessories,Other Accessories,Accessories,true,R011,bal_macro_women_bags,bal_super_micro_women_handbags,2026-07-06,2026-08-31,14,false,,
734797W7EBY1041,rodeo handbag mini with charms,faded black,S_S_2026,AC_OTHER,Other Accessories,Accessories,Other Accessories,Accessories,true,R011,bal_macro_women_bags,bal_super_micro_women_shoulder_bags,2026-07-06,2026-09-28,15,false,,
735985TTEXM5723,neverlost ring,petal pink,F_W_2025,AC_JEWELRY,Jewelry,Accessories,Jewelry,Accessories,true,R030,bal_macro_men_accessories,bal_super_micro_men_caps,2026-07-06,2026-09-28,15,false,,
735985W25OH1210,neverlost ring,light grey,F_W_2026,AC_JEWELRY,Jewelry,Accessories,Jewelry,Accessories,true,R030,bal_macro_men_accessories,bal_super_micro_men_jewelry,2026-08-17,2026-09-28,13,false,,
735985WWXE00911,neverlost ring,antique silver,F_W_2026/S_S_2026,AC_JEWELRY,Jewelry,Accessories,Jewelry,Accessories,true,R030,bal_macro_men_accessories,bal_super_micro_men_belts,2026-07-06,2026-09-28,12,false,,
737309211RA3258,taxi jacket,army green,F_W_2025/S_S_2026,RTW,Ready-to-Wear,Ready-to-Wear,Ready-to-Wear,,false,R049,bal_macro_women_rtw,bal_super_micro_women_t_shirts,2026-07-06,2026-09-28,12,false,,
73730921R1L5723,taxi jacket,petal pink,F_W_2026/S_S_2026/S_S_2027,RTW,Ready-to-Wear,Ready-to-Wear,Ready-to-Wear,,false,R049,bal_macro_women_rtw,bal_super_micro_women_pants,2026-08-31,2026-09-28,15,false,,
73730921RFB3258,taxi jacket,army green,F_W_2026,RTW,Ready-to-Wear,Ready-to-Wear,Ready-to-Wear,,false,R049,bal_macro_women_rtw,bal_super_micro_women_pants,2026-07-06,2026-09-28,13,false,,
7373092ABP79002,taxi jacket,ivory,F_W_2025,RTW,Ready-to-Wear,Ready-to-Wear,Ready-to-Wear,,false,R049,bal_macro_women_rtw,bal_super_micro_women_t_shirts,2026-07-06,2026-09-28,15,false,,
7373094G0GM4200,taxi jacket,light blue,F_W_2025,RTW,Ready-to-Wear,Ready-to-Wear,Ready-to-Wear,,false,R049,bal_macro_women_rtw,bal_super_micro_women_dresses_and_skirts,2026-07-06,2026-09-28,11,false,,
7373094G9TU1090,taxi jacket,black/white,F_W_2026/S_S_2026,RTW,Ready-to-Wear,Ready-to-Wear,Ready-to-Wear,,false,R049,bal_macro_women_rtw,bal_super_micro_women_dresses_and_skirts,2026-07-06,2026-09-28,15,false,,
7373094GCZZ5723,taxi jacket,petal pink,F_W_2026/S_S_2027,RTW,Ready-to-Wear,Ready-to-Wear,Ready-to-Wear,,false,R049,bal_macro_women_rtw,bal_super_micro_women_coats_and_jackets,2026-09-28,2026-09-28,1,false,,
737309TLP1U9020,taxi jacket,cream,S_S_2026,RTW,Ready-to-Wear,Ready-to-Wear,Ready-to-Wear,,false,R049,bal_macro_women_rtw,bal_super_micro_women_pants,2026-07-06,2026-08-31,13,false,,
737309TTGPO1090,taxi jacket,black/white,S_S_2026,RTW,Ready-to-Wear,Ready-to-Wear,Ready-to-Wear,,false,R049,bal_macro_women_rtw,bal_super_micro_women_coats_and_jackets,2026-07-06,2026-09-28,13,false,,
7378382ABGT0926,le city tote bag mini,shiny silver,S_S_2026,LG_BAGS,Bags,Leather Goods,Bags,Bags,true,R012,bal_macro_women_leather_goods,bal_super_micro_women_small_leather_goods,2026-07-06,2026-09-28,15,false,,
739526217DQ9002,bloom pinky ring,ivory,F_W_2026,AC_JEWELRY,Jewelry,Accessories,Jewelry,Accessories,true,R030,bal_macro_women_accessories,bal_super_micro_women_belts,2026-07-06,2026-08-31,13,false,,
73952621DOU1090,bloom pinky ring,black,S_S_2026,AC_JEWELRY,Jewelry,Accessories,Jewelry,Accessories,true,R030,bal_macro_women_accessories,bal_super_micro_women_sunglasses,2026-07-06,2026-09-28,15,false,,
7395262AUV41000,bloom pinky ring,black,S_S_2026,AC_JEWELRY,Jewelry,Accessories,Jewelry,Accessories,true,R030,bal_macro_women_accessories,bal_super_micro_women_jewelry,2026-07-06,2026-09-28,14,false,,
7395264G8WM1000,bloom pinky ring,black,F_W_2026/S_S_2026,AC_JEWELRY,Jewelry,Accessories,Jewelry,Accessories,true,R030,bal_macro_women_accessories,bal_super_micro_women_keyrings,2026-07-06,2026-09-28,15,false,,
7395264GEP71090,bloom pinky ring,black/white,S_S_2026,AC_JEWELRY,Jewelry,Accessories,Jewelry,Accessories,true,R030,bal_macro_women_accessories,bal_super_micro_women_other_accessories,2026-07-06,2026-09-28,13,false,,
7395264GYXY8065,bloom pinky ring,navy,F_W_2025,AC_JEWELRY,Jewelry,Accessories,Jewelry,Accessories,true,R030,bal_macro_women_accessories,bal_super_micro_women_belts,2026-07-06,2026-09-28,14,false,,
739526TTIPN1000,bloom pinky ring,black,S_S_2026,AC_JEWELRY,Jewelry,Accessories,Jewelry,Accessories,true,R030,bal_macro_women_accessories,bal_super_micro_women_belts,2026-07-06,2026-09-28,13,false,,
739526TZV4J1090,bloom pinky ring,black/white,F_W_2026,AC_JEWELRY,Jewelry,Accessories,Jewelry,Accessories,true,R030,bal_macro_women_accessories,bal_super_micro_women_jewelry,2026-07-06,2026-09-28,13,false,,
739526WOZ129020,bloom pinky ring,cream,S_S_2026,AC_JEWELRY,Jewelry,Accessories,Jewelry,Accessories,true,R030,bal_macro_women_accessories,bal_super_micro_women_jewelry,2026-07-06,2026-09-28,13,false,,
74009021IIT1084,le city trifold wallet on strap,black/multicolor,F_W_2025/S_S_2026,LG_SLG,Small Leather Goods,Leather Goods,Small Leather Goods,Small Leather Goods,true,R010,bal_macro_men_slg,bal_super_micro_men_wallets,2026-07-06,2026-09-28,15,false,,
7400904G1H21240,le city trifold wallet on strap,grey,S_S_2026,LG_SLG,Small Leather Goods,Leather Goods,Small Leather Goods,Small Leather Goods,true,R010,bal_macro_men_slg,bal_super_micro_men_keyrings,2026-07-06,2026-09-28,14,false,,
740090TT35C4011,le city trifold wallet on strap,blue,S_S_2026,LG_SLG,Small Leather Goods,Leather Goods,Small Leather Goods,Small Leather Goods,true,R010,bal_macro_men_slg,bal_super_micro_men_keyrings,2026-07-06,2026-09-28,15,false,,
740090TTQWT5723,le city trifold wallet on strap,petal pink,F_W_2026,LG_SLG,Small Leather Goods,Leather Goods,Small Leather Goods,Small Leather Goods,true,R010,bal_macro_men_slg,bal_super_micro_men_keyrings,2026-07-06,2026-09-28,12,false,,
740277T84T59020,twenty four seven parfum refill,cream,F_W_2026/S_S_2027,BEAUTY,Fragrance & Beauty,Beauty,Fragrance & Beauty,,false,R015,bal_macro_men_beauty|bal_macro_women_beauty,bal_super_micro_men_fragrances|bal_super_micro_women_fragrances,2026-07-06,2026-09-28,15,false,,
740277TR6DJ1000,twenty four seven parfum refill,black,F_W_2026,BEAUTY,Fragrance & Beauty,Beauty,Fragrance & Beauty,,false,R015,bal_macro_men_beauty|bal_macro_women_beauty,bal_super_micro_men_fragrances|bal_super_micro_women_fragrances,2026-07-06,2026-09-28,16,false,,
74033321CKY8065,gossip rectangle m sunglasses,navy,F_W_2026/S_S_2026/S_S_2027,AC_EYEWEAR,Eyewear,Accessories,Eyewear,Accessories,true,R025,bal_macro_women_eyewear,bal_super_micro_women_sunglasses,2026-07-06,2026-09-28,1,false,,
7422312157H5723,hamptons worn-out sneaker,petal pink,F_W_2025,SH_SNEAKERS,Sneakers,Shoes,Sneakers,Shoes,true,R020,bal_macro_men_shoes,bal_super_micro_men_formal_shoes,2026-07-27,2026-09-28,13,false,,
7422312ARJA1240,hamptons worn-out sneaker,grey,F_W_2025/S_S_2026,SH_SNEAKERS,Sneakers,Shoes,Sneakers,Shoes,true,R020,bal_macro_men_shoes,bal_super_micro_men_sandals,2026-07-06,2026-09-28,14,false,,
742231TLUX58065,hamptons worn-out sneaker,navy,F_W_2026,SH_SNEAKERS,Sneakers,Shoes,Sneakers,Shoes,true,R020,bal_macro_men_shoes,bal_super_micro_men_boots_and_booties,2026-07-06,2026-09-28,12,false,,
742231TMUGV1000,hamptons worn-out sneaker,black,S_S_2026,SH_SNEAKERS,Sneakers,Shoes,Sneakers,Shoes,true,R020,bal_macro_men_shoes,bal_super_micro_men_sandals,2026-07-06,2026-09-28,14,false,,
742249211VH1251,hamptons platform sneaker,volcanic rock,F_W_2026,SH_SNEAKERS,Sneakers,Shoes,Sneakers,Shoes,true,R020,bal_macro_women_shoes,bal_super_micro_women_sneakers,2026-07-06,2026-09-28,14,false,,
7422494GMLC1090,hamptons platform sneaker,black/white,F_W_2026/S_S_2027,SH_SNEAKERS,Sneakers,Shoes,Sneakers,Shoes,true,R020,bal_macro_women_shoes,bal_super_micro_women_boots_and_booties,2026-07-06,2026-09-28,13,false,,
742249TSPBJ1000,hamptons platform sneaker,black,F_W_2025,SH_SNEAKERS,Sneakers,Shoes,Sneakers,Shoes,true,R020,bal_macro_women_shoes,bal_super_micro_women_sneakers,2026-07-06,2026-09-28,12,false,,
7434644GJUQ1251,le city phone strap with pouch,volcanic rock,F_W_2026/S_S_2026/S_S_2027,LG_SLG,Small Leather Goods,Leather Goods,Small Leather Goods,Small Leather Goods,true,R010,bal_macro_women_slg,bal_super_micro_women_cardholders,2026-07-06,2026-09-28,13,false,,
74369921XDR5723,painter's shirt medium fit hoodie,petal pink,F_W_2026/S_S_2026,RTW,Ready-to-Wear,Ready-to-Wear,Ready-to-Wear,,false,R049,bal_macro_men_rtw,bal_super_micro_men_coats_and_jackets,2026-07-06,2026-09-28,13,false,,
7436992A7J29000,painter's shirt medium fit hoodie,white,F_W_2026,RTW,Ready-to-Wear,Ready-to-Wear,Ready-to-Wear,,false,R049,bal_macro_men_rtw,bal_super_micro_men_knitwear,2026-07-06,2026-09-28,15,false,,
7436992AB721000,painter's shirt medium fit hoodie,black,S_S_2026,RTW,Ready-to-Wear,Ready-to-Wear,Ready-to-Wear,,false,R049,bal_macro_men_rtw,bal_super_micro_men_knitwear,2026-07-06,2026-09-28,14,false,,
7436992AIUD8122,painter's shirt medium fit hoodie,silver,F_W_2026,RTW,Ready-to-Wear,Ready-to-Wear,Ready-to-Wear,,false,R049,bal_macro_men_rtw,bal_super_micro_men_knitwear,2026-07-06,2026-09-28,13,false,,
7436994GNOV0911,painter's shirt medium fit hoodie,antique silver,F_W_2026,RTW,Ready-to-Wear,Ready-to-Wear,Ready-to-Wear,,false,R049,bal_macro_men_rtw,bal_super_micro_men_coats_and_jackets,2026-07-06,2026-09-28,15,false,,
743699T2K7P0926,painter's shirt medium fit hoodie,shiny silver,S_S_2026,RTW,Ready-to-Wear,Ready-to-Wear,Ready-to-Wear,,false,R049,bal_macro_men_rtw,bal_super_micro_men_knitwear,2026-07-06,2026-09-28,15,false,,
743699T5PFJ9000,painter's shirt medium fit hoodie,white,F_W_2026,RTW,Ready-to-Wear,Ready-to-Wear,Ready-to-Wear,,false,R049,bal_macro_men_rtw,bal_super_micro_men_coats_and_jackets,2026-07-06,2026-09-28,14,false,,
743699T9YP63258,painter's shirt medium fit hoodie,army green,S_S_2026,RTW,Ready-to-Wear,Ready-to-Wear,Ready-to-Wear,,false,R049,bal_macro_men_rtw,bal_super_micro_men_sweatshirts,2026-07-06,2026-09-28,12,false,,
743699TTI5G2308,painter's shirt medium fit hoodie,light espresso,F_W_2026,RTW,Ready-to-Wear,Ready-to-Wear,Ready-to-Wear,,false,R049,bal_macro_men_rtw,bal_super_micro_men_t_shirts,2026-07-06,2026-09-28,14,false,,
743699W2HL51041,painter's shirt medium fit hoodie,faded black,F_W_2026,RTW,Ready-to-Wear,Ready-to-Wear,Ready-to-Wear,,false,R049,bal_macro_men_rtw,bal_super_micro_men_coats_and_jackets,2026-07-06,2026-09-28,15,false,,
743699W322N0926,painter's shirt medium fit hoodie,shiny silver,F_W_2025/F_W_2026/S_S_2026,RTW,Ready-to-Wear,Ready-to-Wear,Ready-to-Wear,,false,R049,bal_macro_men_rtw,bal_super_micro_men_pants,2026-07-06,2026-09-28,14,false,,
743699WUWAR3258,painter's shirt medium fit hoodie,army green,S_S_2026,RTW,Ready-to-Wear,Ready-to-Wear,Ready-to-Wear,,false,R049,bal_macro_men_rtw,bal_super_micro_men_sweatshirts,2026-07-06,2026-09-28,14,false,,
745168217DM4011,cursive reversible tracksuit jacket,blue,S_S_2026,RTW,Ready-to-Wear,Ready-to-Wear,Ready-to-Wear,,false,R049,bal_macro_men_rtw,bal_super_micro_men_sweatshirts,2026-07-06,2026-09-28,15,false,,
74516821FVR2308,cursive reversible tracksuit jacket,light espresso,S_S_2026,RTW,Ready-to-Wear,Ready-to-Wear,Ready-to-Wear,,false,R049,bal_macro_men_rtw,bal_super_micro_men_pants,2026-07-06,2026-09-28,15,false,,
74516821YY91000,cursive reversible tracksuit jacket,black,F_W_2025,RTW,Ready-to-Wear,Ready-to-Wear,Ready-to-Wear,,false,R049,bal_macro_men_rtw,bal_super_micro_men_sweatshirts,2026-07-06,2026-09-28,11,false,,
7451682A8309104,cursive reversible tracksuit jacket,optic white,F_W_2026,RTW,Ready-to-Wear,Ready-to-Wear,Ready-to-Wear,,false,R049,bal_macro_men_rtw,bal_super_micro_men_sweatshirts,2026-07-06,2026-09-28,14,false,,
7451682ABTU1000,cursive reversible tracksuit jacket,black,S_S_2026,RTW,Ready-to-Wear,Ready-to-Wear,Ready-to-Wear,,false,R049,bal_macro_men_rtw,bal_super_micro_men_knitwear,2026-07-06,2026-09-28,12,false,,
7451682ARTP0911,cursive reversible tracksuit jacket,antique silver,F_W_2026,RTW,Ready-to-Wear,Ready-to-Wear,Ready-to-Wear,,false,R049,bal_macro_men_rtw,bal_super_micro_men_t_shirts,2026-09-21,2026-09-28,15,false,,
7451682AT8L0911,cursive reversible tracksuit jacket,antique silver,F_W_2026,RTW,Ready-to-Wear,Ready-to-Wear,Ready-to-Wear,,false,R049,bal_macro_men_rtw,bal_super_micro_men_t_shirts,2026-07-06,2026-09-28,14,false,,
7451684GGY61000,cursive reversible tracksuit jacket,black,F_W_2026,RTW,Ready-to-Wear,Ready-to-Wear,Ready-to-Wear,,false,R049,bal_macro_men_rtw,bal_super_micro_men_sweatshirts,2026-07-20,2026-09-28,13,false,,
7451684GMNU9020,cursive reversible tracksuit jacket,cream,S_S_2026,RTW,Ready-to-Wear,Ready-to-Wear,Ready-to-Wear,,false,R049,bal_macro_men_rtw,bal_super_micro_men_coats_and_jackets,2026-07-06,2026-07-20,7,false,,
745168WPSIZ1251,cursive reversible tracksuit jacket,volcanic rock,S_S_2026,RTW,Ready-to-Wear,Ready-to-Wear,Ready-to-Wear,,false,R049,bal_macro_men_rtw,bal_super_micro_men_knitwear,2026-07-06,2026-09-28,14,false,,
7454874GJVO2840,muscara parfum,khaki,S_S_2026,BEAUTY,Fragrance & Beauty,Beauty,Fragrance & Beauty,,false,R015,bal_macro_men_beauty|bal_macro_women_beauty,bal_super_micro_men_fragrances|bal_super_micro_women_fragrances,2026-07-06,2026-09-28,13,false,,
745487WF5RJ1084,muscara parfum,black/multicolor,F_W_2025,BEAUTY,Fragrance & Beauty,Beauty,Fragrance & Beauty,,false,R015,bal_macro_men_beauty|bal_macro_women_beauty,bal_super_micro_men_fragrances|bal_super_micro_women_fragrances,2026-07-06,2026-09-28,13,false,,
74818821RAQ1000,rodeo mini wallet,black,S_S_2025,LG_SLG,Small Leather Goods,Leather Goods,Small Leather Goods,Small Leather Goods,true,R010,bal_macro_men_slg,bal_super_micro_men_cardholders,2026-07-06,2026-09-28,15,false,,
7481882ABWW0911,rodeo mini wallet,antique silver,F_W_2026,LG_SLG,Small Leather Goods,Leather Goods,Small Leather Goods,Small Leather Goods,true,R010,bal_macro_men_slg,bal_super_micro_men_wallets,2026-07-06,2026-09-28,16,false,,
7481882AT142840,rodeo mini wallet,khaki,F_W_2025/S_S_2026,LG_SLG,Small Leather Goods,Leather Goods,Small Leather Goods,Small Leather Goods,true,R010,bal_macro_men_slg,bal_super_micro_men_other_accessories,2026-07-06,2026-07-27,12,false,,
7481884GUB61000,rodeo mini wallet,black,S_S_2026,LG_SLG,Small Leather Goods,Leather Goods,Small Leather Goods,Small Leather Goods,true,R010,bal_macro_men_slg,bal_super_micro_men_other_accessories,2026-07-06,2026-09-28,15,false,,
748188WJCDK9000,rodeo mini wallet,white,S_S_2025,LG_SLG,Small Leather Goods,Leather Goods,Small Leather Goods,Small Leather Goods,true,R010,bal_macro_men_slg,bal_super_micro_men_keyrings,2026-09-28,2026-09-28,16,false,,
7483542ABV39020,le city tote bag small,cream,F_W_2025,LG_BAGS,Bags,Leather Goods,Bags,Bags,true,R012,bal_macro_women_bags,bal_super_micro_women_bags,2026-07-06,2026-09-28,14,false,,
748354T1COL0911,le city tote bag small,antique silver,F_W_2026,LG_BAGS,Bags,Leather Goods,Bags,Bags,true,R012,bal_macro_women_bags,bal_super_micro_women_clutches_and_pouches,2026-07-06,2026-09-28,15,false,,
7497434GBKK3258,high waist slim jeans,army green,F_W_2025,RTW,Ready-to-Wear,Ready-to-Wear,Ready-to-Wear,,false,R049,bal_macro_women_rtw,bal_super_micro_women_dresses_and_skirts,2026-07-06,2026-09-28,14,false,,
749743T8BEB1000,high waist slim jeans,black,S_S_2026,RTW,Ready-to-Wear,Ready-to-Wear,Ready-to-Wear,,false,R049,bal_macro_women_rtw,bal_super_micro_women_dresses_and_skirts,2026-07-06,2026-09-28,13,false,,
749743THAFJ1000,high waist slim jeans,black,S_S_2026,RTW,Ready-to-Wear,Ready-to-Wear,Ready-to-Wear,,false,R049,bal_macro_women_rtw,bal_super_micro_women_coats_and_jackets,2026-09-14,2026-09-28,13,false,,
749743W0QB71240,high waist slim jeans,grey,F_W_2025,RTW,Ready-to-Wear,Ready-to-Wear,Ready-to-Wear,,false,R049,bal_macro_women_rtw,bal_super_micro_women_dresses_and_skirts,2026-07-06,2026-09-28,15,false,,
749743W7UYZ9104,high waist slim jeans,optic white,F_W_2025,RTW,Ready-to-Wear,Ready-to-Wear,Ready-to-Wear,,false,R049,bal_macro_women_rtw,bal_super_micro_women_t_shirts,2026-07-06,2026-09-28,1,false,,
7516092A3RN1000,les dix,black,F_W_2025,BEAUTY,Fragrance & Beauty,Beauty,Fragrance & Beauty,,false,R050,bal_macro_men_beauty|bal_macro_women_beauty,bal_super_micro_men_fragrances|bal_super_micro_women_fragrances,2026-07-27,2026-09-28,15,false,,
7517282110W1090,le city bifold wallet,black,F_W_2025/F_W_2026/S_S_2026,LG_SLG,Small Leather Goods,Leather Goods,Small Leather Goods,Small Leather Goods,true,R010,bal_macro_women_slg,bal_super_micro_women_slg,2026-07-06,2026-09-28,13,false,,
75172821F7M1210,le city bifold wallet,light grey,F_W_2026,LG_SLG,Small Leather Goods,Leather Goods,Small Leather Goods,Small Leather Goods,true,R010,bal_macro_women_slg,bal_super_micro_women_cardholders,2026-07-06,2026-09-28,14,false,,
75172821VET0926,le city bifold wallet,shiny silver,S_S_2026,LG_SLG,Small Leather Goods,Leather Goods,Small Leather Goods,Small Leather Goods,true,R010,bal_macro_women_slg,bal_super_micro_women_wallets,2026-07-06,2026-09-28,13,false,,
751728WJEN18122,le city bifold wallet,silver,F_W_2026/S_S_2026/S_S_2027,LG_SLG,Small Leather Goods,Leather Goods,Small Leather Goods,Small Leather Goods,true,R010,bal_macro_women_slg,bal_super_micro_women_slg,2026-07-06,2026-09-28,15,false,,
75494721TFU1041,bodies relaxed fit shorts,faded black,S_S_2026,RTW,Ready-to-Wear,Ready-to-Wear,Ready-to-Wear,,false,R049,bal_macro_men_rtw,bal_super_micro_men_pants,2026-07-06,2026-09-28,14,false,,
75494721XNT1251,bodies relaxed fit shorts,volcanic rock,F_W_2026,RTW,Ready-to-Wear,Ready-to-Wear,Ready-to-Wear,,false,R049,bal_macro_men_rtw,bal_super_micro_men_knitwear,2026-07-06,2026-09-28,13,false,,
7549472A4DE3258,bodies relaxed fit shorts,army green,S_S_2026,RTW,Ready-to-Wear,Ready-to-Wear,Ready-to-Wear,,false,R049,bal_macro_men_rtw,bal_super_micro_men_knitwear,2026-07-06,2026-09-28,15,false,,
7549472ABM81251,bodies relaxed fit shorts,volcanic rock,F_W_2025/S_S_2026,RTW,Ready-to-Wear,Ready-to-Wear,Ready-to-Wear,,false,R049,bal_macro_men_rtw,bal_super_micro_men_coats_and_jackets,2026-07-06,2026-09-28,14,false,,
7549472ADYA4200,bodies relaxed fit shorts,light blue,F_W_2026,RTW,Ready-to-Wear,Ready-to-Wear,Ready-to-Wear,,false,R049,bal_macro_men_rtw,bal_super_micro_men_coats_and_jackets,2026-07-06,2026-09-28,14,false,,
7549472AXU29104,bodies relaxed fit shorts,optic white,S_S_2026,RTW,Ready-to-Wear,Ready-to-Wear,Ready-to-Wear,,false,R049,bal_macro_men_rtw,bal_super_micro_men_knitwear,2026-07-06,2026-09-28,13,false,,
7549474GDZG1090,bodies relaxed fit shorts,black,F_W_2026,RTW,Ready-to-Wear,Ready-to-Wear,Ready-to-Wear,,false,R049,bal_macro_men_rtw,bal_super_micro_men_sweatshirts,2026-07-06,2026-08-03,14,false,,
7549474GJ9L4200,bodies relaxed fit shorts,light blue,F_W_2026,RTW,Ready-to-Wear,Ready-to-Wear,Ready-to-Wear,,false,R049,bal_macro_men_rtw,bal_super_micro_men_knitwear,2026-07-06,2026-09-28,11,false,,
754947TTR0A0911,bodies relaxed fit shorts,antique silver,S_S_2026,RTW,Ready-to-Wear,Ready-to-Wear,Ready-to-Wear,,false,R049,bal_macro_men_rtw,bal_super_micro_men_sweatshirts,2026-07-06,2026-09-28,15,false,,
754947WNP3J9020,bodies relaxed fit shorts,cream,F_W_2026,RTW,Ready-to-Wear,Ready-to-Wear,Ready-to-Wear,,false,R049,bal_macro_men_rtw,bal_super_micro_men_coats_and_jackets,2026-07-06,2026-07-06,7,false,,
757766TTP881000,eisa cuff,black,S_S_2026,AC_JEWELRY,Jewelry,Accessories,Jewelry,Accessories,true,R030,bal_macro_women_accessories,bal_super_micro_women_sunglasses,2026-07-06,2026-09-28,13,false,,
757766TTR551210,eisa cuff,light grey,F_W_2026/S_S_2026,AC_JEWELRY,Jewelry,Accessories,Jewelry,Accessories,true,R030,bal_macro_women_accessories,bal_super_micro_women_sunglasses,2026-07-06,2026-09-28,15,false,,
757766TZUKT2533,eisa cuff,camel,F_W_2025,AC_JEWELRY,Jewelry,Accessories,Jewelry,Accessories,true,R030,bal_macro_women_accessories,bal_super_micro_women_belts,2026-07-06,2026-09-28,15,false,,
7589882ABBR1000,monday ultra sneaker,black,F_W_2026/S_S_2027,SH_SNEAKERS,Sneakers,Shoes,Sneakers,Shoes,true,R020,bal_macro_men_shoes,bal_super_micro_men_sneakers,2026-07-06,2026-09-28,15,false,,
758988T8PSP9104,monday ultra sneaker,optic white,S_S_2026,SH_SNEAKERS,Sneakers,Shoes,Sneakers,Shoes,true,R020,bal_macro_men_shoes,bal_super_micro_men_boots_and_booties,2026-07-06,2026-09-28,15,false,,
758988TE0J41000,monday ultra sneaker,black,S_S_2026,SH_SNEAKERS,Sneakers,Shoes,Sneakers,Shoes,true,R020,bal_macro_men_shoes,bal_super_micro_men_mules_and_loafers,2026-07-06,2026-09-28,14,false,,
758988TMOYK1000,monday ultra sneaker,black,S_S_2026,SH_SNEAKERS,Sneakers,Shoes,Sneakers,Shoes,true,R020,bal_macro_men_shoes,bal_super_micro_men_mules_and_loafers,2026-07-06,2026-09-28,15,false,,
758988TTCI31251,monday ultra sneaker,volcanic rock,S_S_2026,SH_SNEAKERS,Sneakers,Shoes,Sneakers,Shoes,true,R020,bal_macro_men_shoes,bal_super_micro_men_sneakers,2026-07-06,2026-09-28,14,false,,
758988WDNNO0926,monday ultra sneaker,shiny silver,F_W_2026/S_S_2026/S_S_2027,SH_SNEAKERS,Sneakers,Shoes,Sneakers,Shoes,true,R020,bal_macro_men_shoes,bal_super_micro_men_sandals,2026-08-03,2026-09-28,14,false,,
7596482ABCM0127,3xl sneaker with charms,shiny gold,S_S_2026,AC_OTHER,Other Accessories,Accessories,Other Accessories,Accessories,true,R011,bal_macro_men_shoes,bal_super_micro_men_sneakers,2026-07-06,2026-09-28,15,false,,
7596482ABLJ9020,3xl sneaker with charms,cream,F_W_2024/S_S_2025,AC_OTHER,Other Accessories,Accessories,Other Accessories,Accessories,true,R011,bal_macro_men_shoes,bal_super_micro_men_sandals,2026-07-06,2026-09-28,15,false,,
759648TTOH18065,3xl sneaker with charms,navy,F_W_2026/S_S_2027,AC_OTHER,Other Accessories,Accessories,Other Accessories,Accessories,true,R011,bal_macro_men_shoes,bal_super_micro_men_formal_shoes,2026-07-06,2026-09-28,13,false,,
7616174GM071041,cash large long coin and card holder,faded black,S_S_2026,LG_SLG,Small Leather Goods,Leather Goods,Small Leather Goods,Small Leather Goods,true,R010,bal_macro_men_slg,bal_super_micro_men_keyrings,2026-07-06,2026-09-28,14,false,,
761617TL5HR1000,cash large long coin and card holder,black,S_S_2026,LG_SLG,Small Leather Goods,Leather Goods,Small Leather Goods,Small Leather Goods,true,R010,bal_macro_men_slg,bal_super_micro_men_keyrings,2026-07-06,2026-09-28,15,false,,
765665213FV0926,everyday bracelet,shiny silver,F_W_2026,AC_JEWELRY,Jewelry,Accessories,Jewelry,Accessories,true,R030,bal_macro_men_accessories|bal_macro_women_accessories,bal_super_micro_men_keyrings|bal_super_micro_women_keyrings,2026-08-24,2026-09-28,15,false,,
7656652ABOP1000,everyday bracelet,black,F_W_2026,AC_JEWELRY,Jewelry,Accessories,Jewelry,Accessories,true,R030,bal_macro_men_accessories|bal_macro_women_accessories,bal_super_micro_men_keyrings|bal_super_micro_women_keyrings,2026-07-06,2026-09-28,14,false,,
765665TT71I2308,everyday bracelet,light espresso,F_W_2025,AC_JEWELRY,Jewelry,Accessories,Jewelry,Accessories,true,R030,bal_macro_men_accessories|bal_macro_women_accessories,bal_super_micro_men_keyrings|bal_super_micro_women_keyrings,2026-07-06,2026-09-28,14,false,,
765665WH1KH4011,everyday bracelet,blue,F_W_2025,AC_JEWELRY,Jewelry,Accessories,Jewelry,Accessories,true,R030,bal_macro_men_accessories|bal_macro_women_accessories,bal_super_micro_men_objects|bal_super_micro_women_objects,2026-07-06,2026-09-28,13,false,,
768723WND8D1000,3xl sneaker,black,F_W_2025,SH_SNEAKERS,Sneakers,Shoes,Sneakers,Shoes,true,R020,bal_macro_men_shoes,bal_super_micro_men_sneakers,2026-07-06,2026-09-28,13,true,HERO-06,3XL Sneaker (black)
7691452ABCD1090,dumbo mule,black,S_S_2026/S_S_2027,SH_SHOES,Other Shoes,Shoes,Other Shoes,Shoes,true,R043,bal_macro_men_shoes,bal_super_micro_men_boots_and_booties,2026-07-06,2026-09-28,15,false,,
7691452AI6K1090,dumbo mule,black/white,F_W_2025/S_S_2026,SH_SHOES,Other Shoes,Shoes,Other Shoes,Shoes,true,R043,bal_macro_men_shoes,bal_super_micro_men_mules_and_loafers,2026-07-27,2026-09-28,15,false,,
7691454GXAV2533,dumbo mule,camel,F_W_2026/S_S_2027,SH_SHOES,Other Shoes,Shoes,Other Shoes,Shoes,true,R043,bal_macro_men_shoes,bal_super_micro_men_mules_and_loafers,2026-07-06,2026-09-28,14,false,,
769145WDEMZ1041,dumbo mule,faded black,S_S_2026,SH_SHOES,Other Shoes,Shoes,Other Shoes,Shoes,true,R043,bal_macro_men_shoes,bal_super_micro_men_boots_and_booties,2026-07-06,2026-09-28,16,false,,
7694294GVXM9020,nano link bracelet,cream,F_W_2025,AC_JEWELRY,Jewelry,Accessories,Jewelry,Accessories,true,R030,bal_macro_women_accessories,bal_super_micro_women_other_accessories,2026-07-06,2026-09-28,14,false,,
769429T7KOD1251,nano link bracelet,volcanic rock,F_W_2026/S_S_2027,AC_JEWELRY,Jewelry,Accessories,Jewelry,Accessories,true,R030,bal_macro_women_accessories,bal_super_micro_women_other_accessories,2026-07-06,2026-09-28,14,false,,
769429WEATA1041,nano link bracelet,faded black,S_S_2026,AC_JEWELRY,Jewelry,Accessories,Jewelry,Accessories,true,R030,bal_macro_women_accessories,bal_super_micro_women_belts,2026-07-06,2026-09-28,13,false,,
7702602AB191000,superbusy sling bag large,black,F_W_2025/S_S_2026,LG_BAGS,Bags,Leather Goods,Bags,Bags,true,R012,bal_macro_men_bags,bal_super_micro_men_bags,2026-07-06,2026-09-28,13,false,,
770260WXM7O1210,superbusy sling bag large,light grey,F_W_2025/S_S_2026,LG_BAGS,Bags,Leather Goods,Bags,Bags,true,R012,bal_macro_men_bags,bal_super_micro_men_backpacks,2026-07-06,2026-09-28,15,false,,
77047421DHX1000,biker jacket,black,F_W_2026,RTW,Ready-to-Wear,Ready-to-Wear,Ready-to-Wear,,false,R049,bal_macro_women_rtw,bal_super_micro_women_t_shirts,2026-07-06,2026-09-28,15,false,,
77047421H4W2308,biker jacket,light espresso,F_W_2025,RTW,Ready-to-Wear,Ready-to-Wear,Ready-to-Wear,,false,R049,bal_macro_women_rtw,bal_super_micro_women_t_shirts,2026-07-06,2026-09-28,14,false,,
77047421KSC1041,biker jacket,faded black,S_S_2026,RTW,Ready-to-Wear,Ready-to-Wear,Ready-to-Wear,,false,R049,bal_macro_women_rtw,bal_super_micro_women_t_shirts,2026-07-06,2026-09-28,12,false,,
77047421P9H2840,biker jacket,khaki,F_W_2024,RTW,Ready-to-Wear,Ready-to-Wear,Ready-to-Wear,,false,R049,bal_macro_women_rtw,bal_super_micro_women_t_shirts,2026-07-06,2026-09-28,14,false,,
77047421T8S0127,biker jacket,shiny gold,F_W_2026,RTW,Ready-to-Wear,Ready-to-Wear,Ready-to-Wear,,false,R049,bal_macro_women_rtw,bal_super_micro_women_tops_and_shirts,2026-07-06,2026-09-28,14,false,,
77047421WZN8065,biker jacket,navy,S_S_2026,RTW,Ready-to-Wear,Ready-to-Wear,Ready-to-Wear,,false,R049,bal_macro_women_rtw,bal_super_micro_women_dresses_and_skirts,2026-07-06,2026-09-28,13,false,,
7704744G42S1090,biker jacket,black/white,F_W_2026/S_S_2026/S_S_2027,RTW,Ready-to-Wear,Ready-to-Wear,Ready-to-Wear,,false,R049,bal_macro_women_rtw,bal_super_micro_women_dresses_and_skirts,2026-07-06,2026-09-28,12,false,,
7704744G4R29020,biker jacket,cream,F_W_2025/S_S_2026,RTW,Ready-to-Wear,Ready-to-Wear,Ready-to-Wear,,false,R049,bal_macro_women_rtw,bal_super_micro_women_coats_and_jackets,2026-07-06,2026-09-28,14,false,,
7704744GBCH1000,biker jacket,black,S_S_2026,RTW,Ready-to-Wear,Ready-to-Wear,Ready-to-Wear,,false,R049,bal_macro_women_rtw,bal_super_micro_women_t_shirts,2026-07-06,2026-09-28,15,false,,
7704744GW013258,biker jacket,army green,S_S_2026,RTW,Ready-to-Wear,Ready-to-Wear,Ready-to-Wear,,false,R049,bal_macro_women_rtw,bal_super_micro_women_coats_and_jackets,2026-07-06,2026-09-28,14,false,,
770474TP54S2840,biker jacket,khaki,F_W_2025,RTW,Ready-to-Wear,Ready-to-Wear,Ready-to-Wear,,false,R049,bal_macro_women_rtw,bal_super_micro_women_coats_and_jackets,2026-07-06,2026-09-28,13,false,,
770474TTO1O1000,biker jacket,black,F_W_2026,RTW,Ready-to-Wear,Ready-to-Wear,Ready-to-Wear,,false,R049,bal_macro_women_rtw,bal_super_micro_women_coats_and_jackets,2026-07-06,2026-09-28,13,false,,
77077921FFS1090,credit magnet card holder,black/white,F_W_2026/S_S_2026,LG_SLG,Small Leather Goods,Leather Goods,Small Leather Goods,Small Leather Goods,true,R010,bal_macro_men_slg,bal_super_micro_men_slg,2026-07-06,2026-09-28,16,false,,
77077921PII8122,credit magnet card holder,silver,F_W_2026,LG_SLG,Small Leather Goods,Leather Goods,Small Leather Goods,Small Leather Goods,true,R010,bal_macro_men_slg,bal_super_micro_men_cardholders,2026-07-06,2026-09-28,14,false,,
7707792A4VV4011,credit magnet card holder,blue,F_W_2026,LG_SLG,Small Leather Goods,Leather Goods,Small Leather Goods,Small Leather Goods,true,R010,bal_macro_men_slg,bal_super_micro_men_wallets,2026-07-06,2026-09-28,13,false,,
7707792ABU11084,credit magnet card holder,black/multicolor,F_W_2026,LG_SLG,Small Leather Goods,Leather Goods,Small Leather Goods,Small Leather Goods,true,R010,bal_macro_men_slg,bal_super_micro_men_keyrings,2026-07-06,2026-09-28,15,false,,
7707792ALGH1000,credit magnet card holder,black,F_W_2026/S_S_2026,LG_SLG,Small Leather Goods,Leather Goods,Small Leather Goods,Small Leather Goods,true,R010,bal_macro_men_slg,bal_super_micro_men_slg,2026-07-06,2026-09-28,14,false,,
7707794G8472308,credit magnet card holder,light espresso,F_W_2026,LG_SLG,Small Leather Goods,Leather Goods,Small Leather Goods,Small Leather Goods,true,R010,bal_macro_men_slg,bal_super_micro_men_cardholders,2026-07-06,2026-09-28,14,false,,
7707794GGLA1090,credit magnet card holder,black,S_S_2025,LG_SLG,Small Leather Goods,Leather Goods,Small Leather Goods,Small Leather Goods,true,R010,bal_macro_men_slg,bal_super_micro_men_slg,2026-07-06,2026-09-28,16,false,,
770779TCSA20127,credit magnet card holder,shiny gold,S_S_2026,LG_SLG,Small Leather Goods,Leather Goods,Small Leather Goods,Small Leather Goods,true,R010,bal_macro_men_slg,bal_super_micro_men_slg,2026-07-06,2026-09-28,13,false,,
7737732AFH35723,le city sleek tote bag large,petal pink,F_W_2026,LG_BAGS,Bags,Leather Goods,Bags,Bags,true,R012,bal_macro_women_leather_goods,bal_super_micro_women_small_leather_goods,2026-07-06,2026-09-28,14,false,,
7737734GF951000,le city sleek tote bag large,black,F_W_2026,LG_BAGS,Bags,Leather Goods,Bags,Bags,true,R012,bal_macro_women_leather_goods,bal_super_micro_women_small_leather_goods,2026-07-06,2026-09-28,12,false,,
7737734GROH1251,le city sleek tote bag large,volcanic rock,S_S_2026,LG_BAGS,Bags,Leather Goods,Bags,Bags,true,R012,bal_macro_women_leather_goods,bal_super_micro_women_bags,2026-07-27,2026-09-28,1,false,,
773773T62GR9104,le city sleek tote bag large,optic white,F_W_2026,LG_BAGS,Bags,Leather Goods,Bags,Bags,true,R012,bal_macro_women_leather_goods,bal_super_micro_women_small_leather_goods,2026-07-06,2026-09-28,15,false,,
773773W5BMK1240,le city sleek tote bag large,grey,F_W_2025/S_S_2026,LG_BAGS,Bags,Leather Goods,Bags,Bags,true,R012,bal_macro_women_leather_goods,bal_super_micro_women_handbags,2026-07-06,2026-09-28,15,false,,
7751222AB963258,monaco vertical bifold wallet,army green,F_W_2026,LG_SLG,Small Leather Goods,Leather Goods,Small Leather Goods,Small Leather Goods,true,R010,bal_macro_men_slg,bal_super_micro_men_keyrings,2026-07-06,2026-09-28,13,false,,
775122WM5075723,monaco vertical bifold wallet,petal pink,F_W_2025,LG_SLG,Small Leather Goods,Leather Goods,Small Leather Goods,Small Leather Goods,true,R010,bal_macro_men_slg,bal_super_micro_men_keyrings,2026-07-06,2026-09-28,15,false,,
7759572ABA01000,melrose signet ring,black,F_W_2026,AC_JEWELRY,Jewelry,Accessories,Jewelry,Accessories,true,R030,bal_macro_men_accessories|bal_macro_women_accessories,bal_super_micro_men_sunglasses|bal_super_micro_women_sunglasses,2026-07-06,2026-09-28,15,false,,
775957TTL808122,melrose signet ring,silver,F_W_2026,AC_JEWELRY,Jewelry,Accessories,Jewelry,Accessories,true,R030,bal_macro_men_accessories|bal_macro_women_accessories,bal_super_micro_men_hats_and_scarves|bal_super_micro_women_hats_and_scarves,2026-07-06,2026-09-28,15,false,,
775957TVJ0I1000,melrose signet ring,black,S_S_2026,AC_JEWELRY,Jewelry,Accessories,Jewelry,Accessories,true,R030,bal_macro_men_accessories|bal_macro_women_accessories,bal_super_micro_men_hats_and_scarves|bal_super_micro_women_hats_and_scarves,2026-07-06,2026-09-28,14,false,,
7764944G3JY2533,neck warmer cap,camel,F_W_2026,AC_HATS_SCARVES,Hats & Scarves,Accessories,Hats & Scarves,Accessories,true,R047,bal_macro_men_accessories,bal_super_micro_men_hats_and_scarves,2026-07-06,2026-09-28,13,false,,
7783482AAGM1041,crush flap coin and card holder quilted,faded black,S_S_2026,LG_SLG,Small Leather Goods,Leather Goods,Small Leather Goods,Small Leather Goods,true,R010,bal_macro_women_slg,bal_super_micro_women_wallets,2026-07-06,2026-09-28,14,false,,
7783482ABC80926,crush flap coin and card holder quilted,shiny silver,F_W_2026,LG_SLG,Small Leather Goods,Leather Goods,Small Leather Goods,Small Leather Goods,true,R010,bal_macro_women_slg,bal_super_micro_women_slg,2026-07-06,2026-09-28,13,false,,
7783482ARZA4011,crush flap coin and card holder quilted,blue,F_W_2026,LG_SLG,Small Leather Goods,Leather Goods,Small Leather Goods,Small Leather Goods,true,R010,bal_macro_women_slg,bal_super_micro_women_slg,2026-07-06,2026-09-28,14,false,,
778348TTK6R9002,crush flap coin and card holder quilted,ivory,F_W_2026/S_S_2027,LG_SLG,Small Leather Goods,Leather Goods,Small Leather Goods,Small Leather Goods,true,R010,bal_macro_women_slg,bal_super_micro_women_clutches_and_pouches,2026-07-06,2026-09-28,16,false,,
778348TTMNA0911,crush flap coin and card holder quilted,antique silver,S_S_2025,LG_SLG,Small Leather Goods,Leather Goods,Small Leather Goods,Small Leather Goods,true,R010,bal_macro_women_slg,bal_super_micro_women_wallets,2026-07-06,2026-09-28,14,false,,
778348WUVHU1210,crush flap coin and card holder quilted,light grey,S_S_2026,LG_SLG,Small Leather Goods,Leather Goods,Small Leather Goods,Small Leather Goods,true,R010,bal_macro_women_slg,bal_super_micro_women_keyrings,2026-07-06,2026-09-28,14,false,,
7793722AW9V1084,rodeo handbag small grained calfskin,black/multicolor,F_W_2026,LG_BAGS,Bags,Leather Goods,Bags,Bags,true,R012,bal_macro_women_bags,bal_super_micro_women_shoulder_bags,2026-07-06,2026-09-28,13,false,,
779372TOH4Y5723,rodeo handbag small grained calfskin,petal pink,F_W_2026/S_S_2026/S_S_2027,LG_BAGS,Bags,Leather Goods,Bags,Bags,true,R012,bal_macro_women_bags,bal_super_micro_women_tote_bags,2026-07-06,2026-09-28,13,false,,
779372W0A1B2533,rodeo handbag small grained calfskin,camel,F_W_2026,LG_BAGS,Bags,Leather Goods,Bags,Bags,true,R012,bal_macro_women_bags,bal_super_micro_women_handbags,2026-07-27,2026-09-28,1,false,,
7797972AQP39020,hourglass avenue top handle bag small,cream,S_S_2026,LG_BAGS,Bags,Leather Goods,Bags,Bags,true,R012,bal_macro_women_leather_goods,bal_super_micro_women_small_leather_goods,2026-07-06,2026-09-28,11,false,,
779797T061J1041,hourglass avenue top handle bag small,faded black,F_W_2026,LG_BAGS,Bags,Leather Goods,Bags,Bags,true,R012,bal_macro_women_leather_goods,bal_super_micro_women_small_leather_goods,2026-07-06,2026-09-28,14,false,,
7830972190M9104,rodeo handbag medium with charms,optic white,F_W_2026,AC_OTHER,Other Accessories,Accessories,Other Accessories,Accessories,true,R011,bal_macro_women_bags,bal_super_micro_women_bags,2026-07-06,2026-09-28,14,false,,
78309721JPY0127,rodeo handbag medium with charms,shiny gold,S_S_2026,AC_OTHER,Other Accessories,Accessories,Other Accessories,Accessories,true,R011,bal_macro_women_bags,bal_super_micro_women_clutches_and_pouches,2026-07-06,2026-09-28,13,false,,
7830974GC5O8065,rodeo handbag medium with charms,navy,F_W_2026/S_S_2027,AC_OTHER,Other Accessories,Accessories,Other Accessories,Accessories,true,R011,bal_macro_women_bags,bal_super_micro_women_handbags,2026-07-06,2026-09-28,14,false,,
783097T88LE4011,rodeo handbag medium with charms,blue,S_S_2026,AC_OTHER,Other Accessories,Accessories,Other Accessories,Accessories,true,R011,bal_macro_women_bags,bal_super_micro_women_tote_bags,2026-07-06,2026-09-28,14,false,,
783097TMYMH1251,rodeo handbag medium with charms,volcanic rock,F_W_2026/S_S_2027,AC_OTHER,Other Accessories,Accessories,Other Accessories,Accessories,true,R011,bal_macro_women_bags,bal_super_micro_women_bags,2026-09-14,2026-09-28,14,false,,
78321921EFI0926,balenciaga back gradient high collar hoodie,shiny silver,S_S_2026,RTW,Ready-to-Wear,Ready-to-Wear,Ready-to-Wear,,false,R049,bal_macro_men_rtw,bal_super_micro_men_pants,2026-07-06,2026-09-28,13,false,,
78321921FC60926,balenciaga back gradient high collar hoodie,shiny silver,S_S_2026,RTW,Ready-to-Wear,Ready-to-Wear,Ready-to-Wear,,false,R049,bal_macro_men_rtw,bal_super_micro_men_sweatshirts,2026-07-06,2026-09-28,15,false,,
78321921H3U9104,balenciaga back gradient high collar hoodie,optic white,S_S_2026,RTW,Ready-to-Wear,Ready-to-Wear,Ready-to-Wear,,false,R049,bal_macro_men_rtw,bal_super_micro_men_pants,2026-07-06,2026-09-28,15,false,,
7832192ABLO1090,balenciaga back gradient high collar hoodie,black,S_S_2026,RTW,Ready-to-Wear,Ready-to-Wear,Ready-to-Wear,,false,R049,bal_macro_men_rtw,bal_super_micro_men_knitwear,2026-07-06,2026-09-28,16,false,,
7832192ANLB9020,balenciaga back gradient high collar hoodie,cream,S_S_2026,RTW,Ready-to-Wear,Ready-to-Wear,Ready-to-Wear,,false,R049,bal_macro_men_rtw,bal_super_micro_men_pants,2026-07-06,2026-09-28,15,false,,
7832194G7H44011,balenciaga back gradient high collar hoodie,blue,F_W_2026,RTW,Ready-to-Wear,Ready-to-Wear,Ready-to-Wear,,false,R049,bal_macro_men_rtw,bal_super_micro_men_pants,2026-07-06,2026-09-28,14,false,,
7832194GZMZ1084,balenciaga back gradient high collar hoodie,black/multicolor,F_W_2026,RTW,Ready-to-Wear,Ready-to-Wear,Ready-to-Wear,,false,R049,bal_macro_men_rtw,bal_super_micro_men_sweatshirts,2026-07-06,2026-09-28,15,false,,
783219TDD372533,balenciaga back gradient high collar hoodie,camel,F_W_2026/S_S_2026/S_S_2027,RTW,Ready-to-Wear,Ready-to-Wear,Ready-to-Wear,,false,R049,bal_macro_men_rtw,bal_super_micro_men_t_shirts,2026-07-06,2026-09-28,16,false,,
783219WQ7U12308,balenciaga back gradient high collar hoodie,light espresso,F_W_2024,RTW,Ready-to-Wear,Ready-to-Wear,Ready-to-Wear,,false,R049,bal_macro_men_rtw,bal_super_micro_men_knitwear,2026-07-06,2026-09-28,15,false,,
7842954GWXL2308,le city moto medium,light espresso,S_S_2026,LG_BAGS,Bags,Leather Goods,Bags,Bags,true,R041,bal_macro_men_bags,bal_super_micro_men_bags,2026-07-06,2026-09-28,15,false,,
784295W03KY9000,le city moto medium,white,F_W_2026,LG_BAGS,Bags,Leather Goods,Bags,Bags,true,R041,bal_macro_men_bags,bal_super_micro_men_shoulder_bags,2026-07-06,2026-09-28,14,false,,
7846182AWFP1090,credit pouch,black,S_S_2026,AC_OTHER,Other Accessories,Accessories,Other Accessories,Accessories,true,R048,bal_macro_men_slg,bal_super_micro_men_other_accessories,2026-07-06,2026-09-28,15,false,,
784618T76JN1000,credit pouch,black,S_S_2026,LG_SLG,Small Leather Goods,Leather Goods,Small Leather Goods,Small Leather Goods,true,R040,bal_macro_men_slg,bal_super_micro_men_slg,2026-07-06,2026-09-28,12,false,,
7863602ABXP1000,saint-germain tag ring,black,S_S_2026,AC_JEWELRY,Jewelry,Accessories,Jewelry,Accessories,true,R030,bal_macro_women_accessories,bal_super_micro_women_jewelry,2026-08-24,2026-09-28,10,false,,
786691213DR2308,explorer beltpack,light espresso,F_W_2026,LG_BAGS,Bags,Leather Goods,Bags,Bags,true,R012,bal_macro_men_bags,bal_super_micro_men_shoulder_bags,2026-07-06,2026-09-28,13,false,,
7866912A6IT9002,explorer beltpack,ivory,F_W_2026/S_S_2026,LG_BAGS,Bags,Leather Goods,Bags,Bags,true,R012,bal_macro_men_bags,bal_super_micro_men_crossbody_bags,2026-07-06,2026-09-28,15,false,,
7866912ABIU2308,explorer beltpack,light espresso,S_S_2026,LG_BAGS,Bags,Leather Goods,Bags,Bags,true,R012,bal_macro_men_bags,bal_super_micro_men_backpacks,2026-07-06,2026-09-28,15,false,,
7866912AENG9104,explorer beltpack,optic white,F_W_2026,LG_BAGS,Bags,Leather Goods,Bags,Bags,true,R012,bal_macro_men_bags,bal_super_micro_men_beltbags,2026-07-06,2026-09-28,14,false,,
7869784G4602308,bb hourglass thin belt,light espresso,F_W_2026,AC_BELTS,Belts,Accessories,Belts,Accessories,true,R035,bal_macro_women_accessories,bal_super_micro_women_jewelry,2026-07-06,2026-09-28,14,false,,
786978TTUSI1000,bb hourglass thin belt,black,F_W_2025,AC_BELTS,Belts,Accessories,Belts,Accessories,true,R035,bal_macro_women_accessories,bal_super_micro_women_sunglasses,2026-07-06,2026-09-28,12,false,,
7875522A1102840,bolero b belt,khaki,F_W_2026,AC_BELTS,Belts,Accessories,Belts,Accessories,true,R035,bal_macro_women_accessories,bal_super_micro_women_belts,2026-07-06,2026-09-28,12,false,,
7875522AB170911,bolero b belt,antique silver,S_S_2026,AC_BELTS,Belts,Accessories,Belts,Accessories,true,R035,bal_macro_women_accessories,bal_super_micro_women_belts,2026-08-24,2026-09-28,15,false,,
7875522AB2H4200,bolero b belt,light blue,S_S_2026,AC_BELTS,Belts,Accessories,Belts,Accessories,true,R035,bal_macro_women_accessories,bal_super_micro_women_belts,2026-07-06,2026-09-28,15,false,,
7875522AB7Y9002,bolero b belt,ivory,S_S_2026,AC_BELTS,Belts,Accessories,Belts,Accessories,true,R035,bal_macro_women_accessories,bal_super_micro_women_belts,2026-07-06,2026-09-28,14,false,,
7875524GVQM1000,bolero b belt,black,S_S_2026,AC_BELTS,Belts,Accessories,Belts,Accessories,true,R035,bal_macro_women_accessories,bal_super_micro_women_other_accessories,2026-07-06,2026-09-28,13,false,,
787552WWJZG2840,bolero b belt,khaki,F_W_2026,AC_BELTS,Belts,Accessories,Belts,Accessories,true,R035,bal_macro_women_accessories,bal_super_micro_women_keyrings,2026-07-06,2026-09-28,14,false,,
78799621IQL2533,bodies medium fit hoodie,camel,F_W_2025/S_S_2026,RTW,Ready-to-Wear,Ready-to-Wear,Ready-to-Wear,,false,R049,bal_macro_men_rtw,bal_super_micro_men_pants,2026-07-06,2026-09-28,15,false,,
78799621SJP2840,bodies medium fit hoodie,khaki,S_S_2026,RTW,Ready-to-Wear,Ready-to-Wear,Ready-to-Wear,,false,R049,bal_macro_men_rtw,bal_super_micro_men_pants,2026-07-06,2026-09-28,14,false,,
7879962A5TB1000,bodies medium fit hoodie,black,S_S_2025,RTW,Ready-to-Wear,Ready-to-Wear,Ready-to-Wear,,false,R049,bal_macro_men_rtw,bal_super_micro_men_pants,2026-07-06,2026-09-28,15,false,,
7879962AB8F0127,bodies medium fit hoodie,shiny gold,F_W_2026,RTW,Ready-to-Wear,Ready-to-Wear,Ready-to-Wear,,false,R049,bal_macro_men_rtw,bal_super_micro_men_pants,2026-07-06,2026-09-28,15,false,,
7879962AF341000,bodies medium fit hoodie,black,F_W_2026,RTW,Ready-to-Wear,Ready-to-Wear,Ready-to-Wear,,false,R049,bal_macro_men_rtw,bal_super_micro_men_t_shirts,2026-07-06,2026-09-28,15,false,,
7879962ARI61084,bodies medium fit hoodie,black/multicolor,S_S_2026,RTW,Ready-to-Wear,Ready-to-Wear,Ready-to-Wear,,false,R049,bal_macro_men_rtw,bal_super_micro_men_knitwear,2026-08-31,2026-09-28,15,false,,
7879964GDZT0127,bodies medium fit hoodie,shiny gold,F_W_2026/S_S_2026,RTW,Ready-to-Wear,Ready-to-Wear,Ready-to-Wear,,false,R049,bal_macro_men_rtw,bal_super_micro_men_t_shirts,2026-07-06,2026-09-28,15,false,,
7879964GYCU1090,bodies medium fit hoodie,black/white,F_W_2026/S_S_2026/S_S_2027,RTW,Ready-to-Wear,Ready-to-Wear,Ready-to-Wear,,false,R049,bal_macro_men_rtw,bal_super_micro_men_coats_and_jackets,2026-07-06,2026-09-28,12,false,,
787996TT8S19020,bodies medium fit hoodie,cream,S_S_2026,RTW,Ready-to-Wear,Ready-to-Wear,Ready-to-Wear,,false,R049,bal_macro_men_rtw,bal_super_micro_men_pants,2026-07-27,2026-09-28,1,false,,
787996TTH6S8122,bodies medium fit hoodie,silver,S_S_2026,RTW,Ready-to-Wear,Ready-to-Wear,Ready-to-Wear,,false,R049,bal_macro_men_rtw,bal_super_micro_men_knitwear,2026-07-06,2026-09-28,14,false,,
788397219ZI1090,long sack dress,black/white,S_S_2026,RTW,Ready-to-Wear,Ready-to-Wear,Ready-to-Wear,,false,R049,bal_macro_women_rtw,bal_super_micro_women_tops_and_shirts,2026-07-06,2026-09-28,16,false,,
78839721AV71000,long sack dress,black,F_W_2026/S_S_2027,RTW,Ready-to-Wear,Ready-to-Wear,Ready-to-Wear,,false,R049,bal_macro_women_rtw,bal_super_micro_women_pants,2026-07-06,2026-09-28,12,false,,
78839721NZ31000,long sack dress,black,F_W_2026,RTW,Ready-to-Wear,Ready-to-Wear,Ready-to-Wear,,false,R049,bal_macro_women_rtw,bal_super_micro_women_tops_and_shirts,2026-07-06,2026-09-28,14,false,,
7883972APWB1240,long sack dress,grey,F_W_2025,RTW,Ready-to-Wear,Ready-to-Wear,Ready-to-Wear,,false,R049,bal_macro_women_rtw,bal_super_micro_women_t_shirts,2026-07-06,2026-09-28,14,false,,
7883972AUOC9104,long sack dress,optic white,S_S_2026,RTW,Ready-to-Wear,Ready-to-Wear,Ready-to-Wear,,false,R049,bal_macro_women_rtw,bal_super_micro_women_pants,2026-07-06,2026-09-28,13,false,,
7883972AWO68065,long sack dress,navy,F_W_2025/S_S_2026,RTW,Ready-to-Wear,Ready-to-Wear,Ready-to-Wear,,false,R049,bal_macro_women_rtw,bal_super_micro_women_tops_and_shirts,2026-07-06,2026-09-28,13,false,,
7883974GBHX1000,long sack dress,black,S_S_2026,RTW,Ready-to-Wear,Ready-to-Wear,Ready-to-Wear,,false,R049,bal_macro_women_rtw,bal_super_micro_women_pants,2026-07-06,2026-09-28,14,false,,
788397T74MN1240,long sack dress,grey,F_W_2025,RTW,Ready-to-Wear,Ready-to-Wear,Ready-to-Wear,,false,R049,bal_macro_women_rtw,bal_super_micro_women_pants,2026-07-06,2026-09-28,15,false,,
788397TXVWD1000,long sack dress,black,S_S_2026,RTW,Ready-to-Wear,Ready-to-Wear,Ready-to-Wear,,false,R049,bal_macro_women_rtw,bal_super_micro_women_pants,2026-07-06,2026-09-28,14,false,,
788397WM39R9002,long sack dress,ivory,F_W_2026,RTW,Ready-to-Wear,Ready-to-Wear,Ready-to-Wear,,false,R049,bal_macro_women_rtw,bal_super_micro_women_pants,2026-07-06,2026-09-28,12,false,,
788397WOCSE1210,long sack dress,light grey,S_S_2026,RTW,Ready-to-Wear,Ready-to-Wear,Ready-to-Wear,,false,R049,bal_macro_women_rtw,bal_super_micro_women_tops_and_shirts,2026-07-06,2026-09-28,13,false,,
788599TA73W1000,triple s canvas sneaker,black,F_W_2026,SH_SNEAKERS,Sneakers,Shoes,Sneakers,Shoes,true,R020,bal_macro_men_shoes,bal_super_micro_men_sneakers,2026-07-06,2026-09-28,12,false,,
788599TT7DO1000,triple s canvas sneaker,black,F_W_2026/S_S_2027,SH_SNEAKERS,Sneakers,Shoes,Sneakers,Shoes,true,R020,bal_macro_men_shoes,bal_super_micro_men_mules_and_loafers,2026-08-31,2026-09-28,14,false,,
79014021E841041,envelope long coin and card holder,faded black,F_W_2025,LG_SLG,Small Leather Goods,Leather Goods,Small Leather Goods,Small Leather Goods,true,R010,bal_macro_women_slg,bal_super_micro_women_clutches_and_pouches,2026-07-06,2026-09-28,15,false,,
7901402AB731000,envelope long coin and card holder,black,F_W_2026,LG_SLG,Small Leather Goods,Leather Goods,Small Leather Goods,Small Leather Goods,true,R010,bal_macro_women_slg,bal_super_micro_women_clutches_and_pouches,2026-07-06,2026-09-28,14,false,,
7901402AV4I0926,envelope long coin and card holder,shiny silver,F_W_2026,LG_SLG,Small Leather Goods,Leather Goods,Small Leather Goods,Small Leather Goods,true,R010,bal_macro_women_slg,bal_super_micro_women_wallets,2026-07-06,2026-09-28,14,false,,
790140WHM0Q1000,envelope long coin and card holder,black,F_W_2026,LG_SLG,Small Leather Goods,Leather Goods,Small Leather Goods,Small Leather Goods,true,R010,bal_macro_women_slg,bal_super_micro_women_keyrings,2026-07-06,2026-09-28,1,false,,
790140WMORY1090,envelope long coin and card holder,black/white,S_S_2026,LG_SLG,Small Leather Goods,Leather Goods,Small Leather Goods,Small Leather Goods,true,R010,bal_macro_women_slg,bal_super_micro_women_clutches_and_pouches,2026-09-07,2026-09-28,14,false,,
790421216UF9020,cash mini wallet on chain,cream,F_W_2026,LG_SLG,Small Leather Goods,Leather Goods,Small Leather Goods,Small Leather Goods,true,R010,bal_macro_women_leather_goods,bal_super_micro_women_bags,2026-07-06,2026-09-28,14,false,,
790421WLLWX1000,cash mini wallet on chain,black,F_W_2026,LG_SLG,Small Leather Goods,Leather Goods,Small Leather Goods,Small Leather Goods,true,R010,bal_macro_women_leather_goods,bal_super_micro_women_handbags,2026-07-06,2026-09-28,14,false,,
790824211VB9020,bodies medium fit t-shirt,cream,S_S_2026,RTW,Ready-to-Wear,Ready-to-Wear,Ready-to-Wear,,false,R049,bal_macro_men_rtw,bal_super_micro_men_knitwear,2026-07-06,2026-09-28,13,false,,
7908242ABBF9002,bodies medium fit t-shirt,ivory,F_W_2025/S_S_2026,RTW,Ready-to-Wear,Ready-to-Wear,Ready-to-Wear,,false,R049,bal_macro_men_rtw,bal_super_micro_men_pants,2026-07-06,2026-09-28,1,false,,
7908242ABRV1090,bodies medium fit t-shirt,black/white,F_W_2026/S_S_2026,RTW,Ready-to-Wear,Ready-to-Wear,Ready-to-Wear,,false,R049,bal_macro_men_rtw,bal_super_micro_men_pants,2026-09-14,2026-09-28,13,false,,
790824TAICN9020,bodies medium fit t-shirt,cream,F_W_2025,RTW,Ready-to-Wear,Ready-to-Wear,Ready-to-Wear,,false,R049,bal_macro_men_rtw,bal_super_micro_men_coats_and_jackets,2026-08-10,2026-09-28,16,false,,
790824TTAVN1251,bodies medium fit t-shirt,volcanic rock,S_S_2025,RTW,Ready-to-Wear,Ready-to-Wear,Ready-to-Wear,,false,R049,bal_macro_men_rtw,bal_super_micro_men_pants,2026-07-06,2026-09-28,16,false,,
790824WIWS61000,bodies medium fit t-shirt,black,S_S_2026,RTW,Ready-to-Wear,Ready-to-Wear,Ready-to-Wear,,false,R049,bal_macro_men_rtw,bal_super_micro_men_t_shirts,2026-07-06,2026-09-28,14,false,,
790824WONUB1000,bodies medium fit t-shirt,black,F_W_2026/S_S_2026,RTW,Ready-to-Wear,Ready-to-Wear,Ready-to-Wear,,false,R049,bal_macro_men_rtw,bal_super_micro_men_knitwear,2026-07-06,2026-09-28,13,false,,
791061TTORO1090,explorer multipocket weekender small,black/white,F_W_2026,LG_BAGS,Bags,Leather Goods,Bags,Bags,true,R012,bal_macro_men_leather_goods,bal_super_micro_men_crossbody_bags,2026-07-06,2026-09-28,15,false,,
792932218SJ1240,le city tote bag medium,grey,S_S_2026,LG_BAGS,Bags,Leather Goods,Bags,Bags,true,R012,bal_macro_women_bags,bal_super_micro_women_handbags,2026-07-06,2026-09-28,15,false,,
792932219O01251,le city tote bag medium,volcanic rock,S_S_2026,LG_BAGS,Bags,Leather Goods,Bags,Bags,true,R012,bal_macro_women_bags,bal_super_micro_women_tote_bags,2026-07-06,2026-09-28,14,false,,
792932219V09002,le city tote bag medium,ivory,F_W_2026,LG_BAGS,Bags,Leather Goods,Bags,Bags,true,R012,bal_macro_women_bags,bal_super_micro_women_clutches_and_pouches,2026-07-06,2026-09-28,16,false,,
79293221SBP1210,le city tote bag medium,light grey,S_S_2026,LG_BAGS,Bags,Leather Goods,Bags,Bags,true,R012,bal_macro_women_bags,bal_super_micro_women_bags,2026-07-06,2026-09-28,13,false,,
792932W27C95723,le city tote bag medium,petal pink,S_S_2026,LG_BAGS,Bags,Leather Goods,Bags,Bags,true,R012,bal_macro_women_bags,bal_super_micro_women_handbags,2026-07-06,2026-09-28,14,false,,
797121217WX1251,venice beach mask,volcanic rock,F_W_2026,AC_OTHER,Other Accessories,Accessories,Other Accessories,Accessories,true,R048,bal_macro_men_accessories|bal_macro_women_accessories,bal_super_micro_men_objects|bal_super_micro_women_objects,2026-07-06,2026-09-28,14,false,,
7971212AP2X1090,venice beach mask,black/white,F_W_2026,AC_HATS_SCARVES,Hats & Scarves,Accessories,Hats & Scarves,Accessories,true,R047,bal_macro_men_accessories|bal_macro_women_accessories,bal_super_micro_men_hats_and_scarves|bal_super_micro_women_hats_and_scarves,2026-07-06,2026-09-28,12,false,,
797121W5VOE1084,venice beach mask,black/multicolor,F_W_2024,AC_HATS_SCARVES,Hats & Scarves,Accessories,Hats & Scarves,Accessories,true,R047,bal_macro_men_accessories|bal_macro_women_accessories,bal_super_micro_men_hats_and_scarves|bal_super_micro_women_hats_and_scarves,2026-09-07,2026-09-28,14,false,,
797121WGTWD9002,venice beach mask,ivory,S_S_2026,AC_EYEWEAR,Eyewear,Accessories,Eyewear,Accessories,true,R046,bal_macro_men_accessories|bal_macro_women_accessories,bal_super_micro_men_sunglasses|bal_super_micro_women_sunglasses,2026-07-06,2026-09-28,1,false,,
79747021NTS1000,classic shirt,black,F_W_2025,RTW,Ready-to-Wear,Ready-to-Wear,Ready-to-Wear,,false,R049,bal_macro_women_rtw,bal_super_micro_women_dresses_and_skirts,2026-07-06,2026-09-28,14,false,,
7974702AAI02840,classic shirt,khaki,S_S_2026,RTW,Ready-to-Wear,Ready-to-Wear,Ready-to-Wear,,false,R049,bal_macro_women_rtw,bal_super_micro_women_tops_and_shirts,2026-08-31,2026-09-28,1,false,,
7974702AB0N1090,classic shirt,black,F_W_2024/S_S_2025,RTW,Ready-to-Wear,Ready-to-Wear,Ready-to-Wear,,false,R049,bal_macro_women_rtw,bal_super_micro_women_dresses_and_skirts,2026-07-06,2026-09-28,14,false,,
7974702ABND3258,classic shirt,army green,S_S_2026,RTW,Ready-to-Wear,Ready-to-Wear,Ready-to-Wear,,false,R049,bal_macro_women_rtw,bal_super_micro_women_t_shirts,2026-07-06,2026-09-28,15,false,,
7974702ABSK1000,classic shirt,black,F_W_2026,RTW,Ready-to-Wear,Ready-to-Wear,Ready-to-Wear,,false,R049,bal_macro_women_rtw,bal_super_micro_women_coats_and_jackets,2026-07-06,2026-09-28,11,false,,
7974702ABU29020,classic shirt,cream,F_W_2025,RTW,Ready-to-Wear,Ready-to-Wear,Ready-to-Wear,,false,R049,bal_macro_women_rtw,bal_super_micro_women_tops_and_shirts,2026-07-06,2026-09-28,14,false,,
7974702ABXE1240,classic shirt,grey,S_S_2026,RTW,Ready-to-Wear,Ready-to-Wear,Ready-to-Wear,,false,R049,bal_macro_women_rtw,bal_super_micro_women_coats_and_jackets,2026-07-06,2026-09-28,15,false,,
797470TA64Z1000,classic shirt,black,S_S_2026,RTW,Ready-to-Wear,Ready-to-Wear,Ready-to-Wear,,false,R049,bal_macro_women_rtw,bal_super_micro_women_coats_and_jackets,2026-08-31,2026-09-28,15,false,,
79778721CJ31000,anchor earrings,black,S_S_2026,AC_JEWELRY,Jewelry,Accessories,Jewelry,Accessories,true,R030,bal_macro_men_accessories|bal_macro_women_accessories,bal_super_micro_men_hats_and_scarves|bal_super_micro_women_hats_and_scarves,2026-07-06,2026-09-28,15,false,,
7977872ABL10926,anchor earrings,shiny silver,F_W_2025/F_W_2026/S_S_2026,AC_JEWELRY,Jewelry,Accessories,Jewelry,Accessories,true,R030,bal_macro_men_accessories|bal_macro_women_accessories,bal_super_micro_men_jewelry|bal_super_micro_women_jewelry,2026-07-06,2026-09-28,15,false,,
7977874G90S1000,anchor earrings,black,F_W_2025,AC_JEWELRY,Jewelry,Accessories,Jewelry,Accessories,true,R030,bal_macro_men_accessories|bal_macro_women_accessories,bal_super_micro_men_sunglasses|bal_super_micro_women_sunglasses,2026-09-14,2026-09-28,11,false,,
797787THJK53258,anchor earrings,army green,S_S_2026,AC_JEWELRY,Jewelry,Accessories,Jewelry,Accessories,true,R030,bal_macro_men_accessories|bal_macro_women_accessories,bal_super_micro_men_sunglasses|bal_super_micro_women_sunglasses,2026-07-06,2026-09-28,15,false,,
797787WS3V71090,anchor earrings,black/white,S_S_2026/S_S_2027,AC_JEWELRY,Jewelry,Accessories,Jewelry,Accessories,true,R030,bal_macro_men_accessories|bal_macro_women_accessories,bal_super_micro_men_jewelry|bal_super_micro_women_jewelry,2026-07-06,2026-09-28,16,false,,
7986072AB0P4011,chips passport holder,blue,S_S_2026,LG_SLG,Small Leather Goods,Leather Goods,Small Leather Goods,Small Leather Goods,true,R010,bal_macro_men_slg,bal_super_micro_men_other_accessories,2026-07-20,2026-09-28,14,false,,
798607WHH8S8065,chips passport holder,navy,F_W_2026,LG_SLG,Small Leather Goods,Leather Goods,Small Leather Goods,Small Leather Goods,true,R010,bal_macro_men_slg,bal_super_micro_men_cardholders,2026-07-06,2026-09-28,16,false,,
798796W57SY1084,melrose b keychain,black/multicolor,S_S_2026,AC_OTHER,Other Accessories,Accessories,Other Accessories,Accessories,true,R011,bal_macro_men_accessories|bal_macro_women_accessories,bal_super_micro_men_objects|bal_super_micro_women_objects,2026-07-06,2026-09-28,15,false,,
799696TTD8H8122,strike platform bootie,silver,F_W_2026,SH_SHOES,Other Shoes,Shoes,Other Shoes,Shoes,true,R043,bal_macro_women_shoes,bal_super_micro_women_boots_and_booties,2026-07-06,2026-09-28,14,false,,
801703T5XZU1210,cropped jacket,light grey,S_S_2026/S_S_2027,RTW,Ready-to-Wear,Ready-to-Wear,Ready-to-Wear,,false,R049,bal_macro_women_rtw,bal_super_micro_women_t_shirts,2026-08-24,2026-09-28,15,false,,
801703TCTRJ8065,cropped jacket,navy,F_W_2026,RTW,Ready-to-Wear,Ready-to-Wear,Ready-to-Wear,,false,R049,bal_macro_women_rtw,bal_super_micro_women_coats_and_jackets,2026-07-27,2026-09-28,1,false,,
801703TTREV1251,cropped jacket,volcanic rock,F_W_2025,RTW,Ready-to-Wear,Ready-to-Wear,Ready-to-Wear,,false,R049,bal_macro_women_rtw,bal_super_micro_women_coats_and_jackets,2026-07-06,2026-09-28,15,false,,
802252TTM6M1090,strike platform derby,black/white,F_W_2026/S_S_2026,SH_SHOES,Other Shoes,Shoes,Other Shoes,Shoes,true,R043,bal_macro_women_shoes,bal_super_micro_women_mules,2026-07-06,2026-09-28,15,false,,
802252WMFMQ1251,strike platform derby,volcanic rock,S_S_2026,SH_SHOES,Other Shoes,Shoes,Other Shoes,Shoes,true,R043,bal_macro_women_shoes,bal_super_micro_women_mules,2026-07-27,2026-09-28,1,false,,
8024024G8NY1000,nano stud earrings,black,S_S_2026,AC_JEWELRY,Jewelry,Accessories,Jewelry,Accessories,true,R030,bal_macro_men_accessories|bal_macro_women_accessories,bal_super_micro_men_objects|bal_super_micro_women_objects,2026-07-06,2026-07-27,14,false,,
8024024GE364200,nano stud earrings,light blue,F_W_2026,AC_JEWELRY,Jewelry,Accessories,Jewelry,Accessories,true,R030,bal_macro_men_accessories|bal_macro_women_accessories,bal_super_micro_men_sunglasses|bal_super_micro_women_sunglasses,2026-07-06,2026-09-28,14,false,,
8024024GX289104,nano stud earrings,optic white,F_W_2026,AC_JEWELRY,Jewelry,Accessories,Jewelry,Accessories,true,R030,bal_macro_men_accessories|bal_macro_women_accessories,bal_super_micro_men_hats_and_scarves|bal_super_micro_women_hats_and_scarves,2026-08-31,2026-09-28,1,false,,
802402T904T1000,nano stud earrings,black,S_S_2026,AC_JEWELRY,Jewelry,Accessories,Jewelry,Accessories,true,R030,bal_macro_men_accessories|bal_macro_women_accessories,bal_super_micro_men_hats_and_scarves|bal_super_micro_women_hats_and_scarves,2026-07-06,2026-09-28,15,false,,
802402TGQIG9000,nano stud earrings,white,S_S_2025,AC_JEWELRY,Jewelry,Accessories,Jewelry,Accessories,true,R030,bal_macro_men_accessories|bal_macro_women_accessories,bal_super_micro_men_sunglasses|bal_super_micro_women_sunglasses,2026-07-06,2026-09-28,14,false,,
802402TT6VO8065,nano stud earrings,navy,F_W_2025,AC_JEWELRY,Jewelry,Accessories,Jewelry,Accessories,true,R030,bal_macro_men_accessories|bal_macro_women_accessories,bal_super_micro_men_jewelry|bal_super_micro_women_jewelry,2026-07-06,2026-09-28,14,false,,
802402TTH641090,nano stud earrings,black,S_S_2026,AC_JEWELRY,Jewelry,Accessories,Jewelry,Accessories,true,R030,bal_macro_men_accessories|bal_macro_women_accessories,bal_super_micro_men_hats_and_scarves|bal_super_micro_women_hats_and_scarves,2026-07-27,2026-09-28,1,false,,
802402TZGJS3258,nano stud earrings,army green,F_W_2026,AC_JEWELRY,Jewelry,Accessories,Jewelry,Accessories,true,R030,bal_macro_men_accessories|bal_macro_women_accessories,bal_super_micro_men_keyrings|bal_super_micro_women_keyrings,2026-07-06,2026-09-28,12,false,,
80449121B4M0926,passport holder with rhinestones,shiny silver,S_S_2025,LG_SLG,Small Leather Goods,Leather Goods,Small Leather Goods,Small Leather Goods,true,R010,bal_macro_men_slg,bal_super_micro_men_slg,2026-07-27,2026-09-28,15,false,,
8044912AMNA4200,passport holder with rhinestones,light blue,S_S_2026,LG_SLG,Small Leather Goods,Leather Goods,Small Leather Goods,Small Leather Goods,true,R010,bal_macro_men_slg,bal_super_micro_men_cardholders,2026-07-06,2026-09-28,14,false,,
8044914G46E1000,passport holder with rhinestones,black,F_W_2026,LG_SLG,Small Leather Goods,Leather Goods,Small Leather Goods,Small Leather Goods,true,R010,bal_macro_men_slg,bal_super_micro_men_wallets,2026-07-06,2026-09-28,13,false,,
804491WB12H1000,passport holder with rhinestones,black,F_W_2026,LG_SLG,Small Leather Goods,Leather Goods,Small Leather Goods,Small Leather Goods,true,R010,bal_macro_men_slg,bal_super_micro_men_other_accessories,2026-07-06,2026-09-28,15,false,,
804491WDN3F1090,passport holder with rhinestones,black/white,F_W_2025,LG_SLG,Small Leather Goods,Leather Goods,Small Leather Goods,Small Leather Goods,true,R010,bal_macro_men_slg,bal_super_micro_men_slg,2026-07-06,2026-09-28,13,false,,
8055452AB7G9104,bb icon necklace,optic white,S_S_2026,AC_JEWELRY,Jewelry,Accessories,Jewelry,Accessories,true,R030,bal_macro_men_accessories,bal_super_micro_men_jewelry,2026-07-06,2026-09-28,15,false,,
8055454GZKF9002,bb icon necklace,ivory,S_S_2026,AC_JEWELRY,Jewelry,Accessories,Jewelry,Accessories,true,R030,bal_macro_men_accessories,bal_super_micro_men_other_accessories,2026-07-06,2026-09-28,15,false,,
805545TTVGV8065,bb icon necklace,navy,S_S_2026,AC_JEWELRY,Jewelry,Accessories,Jewelry,Accessories,true,R030,bal_macro_men_accessories,bal_super_micro_men_caps,2026-07-06,2026-09-28,14,false,,
805545WGAD03258,bb icon necklace,army green,F_W_2025/S_S_2026,AC_JEWELRY,Jewelry,Accessories,Jewelry,Accessories,true,R030,bal_macro_men_accessories,bal_super_micro_men_jewelry,2026-07-06,2026-09-28,14,false,,
8055742ABSL5723,crocs™ mule jibbitz™,petal pink,S_S_2026,SH_SHOES,Other Shoes,Shoes,Other Shoes,Shoes,true,R043,bal_macro_women_shoes,bal_super_micro_women_boots_and_booties,2026-08-10,2026-09-28,1,false,,
8055742AHX51210,crocs™ mule jibbitz™,light grey,S_S_2026,SH_SHOES,Other Shoes,Shoes,Other Shoes,Shoes,true,R043,bal_macro_women_shoes,bal_super_micro_women_sandals,2026-07-06,2026-09-28,14,false,,
805574T8TVX1000,crocs™ mule jibbitz™,black,F_W_2026,SH_SHOES,Other Shoes,Shoes,Other Shoes,Shoes,true,R043,bal_macro_women_shoes,bal_super_micro_women_boots_and_booties,2026-07-06,2026-09-28,15,false,,
8063012AB7J2533,tailoring belt,camel,S_S_2026,AC_BELTS,Belts,Accessories,Belts,Accessories,true,R035,bal_macro_men_accessories,bal_super_micro_men_caps,2026-07-06,2026-09-28,13,false,,
80759321G7A9000,track trail laces sneaker,white,F_W_2026/S_S_2026/S_S_2027,SH_SNEAKERS,Sneakers,Shoes,Sneakers,Shoes,true,R020,bal_macro_men_shoes,bal_super_micro_men_sneakers,2026-07-06,2026-09-28,14,false,,
8075932AB5T2308,track trail laces sneaker,light espresso,F_W_2026,SH_SNEAKERS,Sneakers,Shoes,Sneakers,Shoes,true,R020,bal_macro_men_shoes,bal_super_micro_men_mules_and_loafers,2026-07-06,2026-09-28,14,false,,
8075932AZPE9000,track trail laces sneaker,white,F_W_2026,SH_SNEAKERS,Sneakers,Shoes,Sneakers,Shoes,true,R020,bal_macro_men_shoes,bal_super_micro_men_mules_and_loafers,2026-07-06,2026-09-28,14,false,,
807593WLSKM1084,track trail laces sneaker,black/multicolor,S_S_2025,SH_SNEAKERS,Sneakers,Shoes,Sneakers,Shoes,true,R020,bal_macro_men_shoes,bal_super_micro_men_boots_and_booties,2026-07-06,2026-09-28,14,false,,
808895212MV4011,rodeo handbag mini with rhinestones,blue,S_S_2026,LG_BAGS,Bags,Leather Goods,Bags,Bags,true,R012,bal_macro_women_bags,bal_super_micro_women_tote_bags,2026-07-06,2026-09-28,1,false,,
8088952AB0I2840,rodeo handbag mini with rhinestones,khaki,S_S_2026,LG_BAGS,Bags,Leather Goods,Bags,Bags,true,R012,bal_macro_women_bags,bal_super_micro_women_bags,2026-07-06,2026-09-28,14,false,,
8088952AM3D0127,rodeo handbag mini with rhinestones,shiny gold,S_S_2026,LG_BAGS,Bags,Leather Goods,Bags,Bags,true,R012,bal_macro_women_bags,bal_super_micro_women_bags,2026-07-06,2026-09-28,14,false,,
808895TOVIZ2533,rodeo handbag mini with rhinestones,camel,S_S_2026,LG_BAGS,Bags,Leather Goods,Bags,Bags,true,R012,bal_macro_women_bags,bal_super_micro_women_handbags,2026-07-06,2026-09-28,14,false,,
809401TTXPE4200,alaska soft platform mule,light blue,F_W_2024/S_S_2025,SH_SHOES,Other Shoes,Shoes,Other Shoes,Shoes,true,R043,bal_macro_women_shoes,bal_super_micro_women_pumps,2026-07-06,2026-09-28,15,false,,
809401WEKTV1090,alaska soft platform mule,black,S_S_2026,SH_SHOES,Other Shoes,Shoes,Other Shoes,Shoes,true,R043,bal_macro_women_shoes,bal_super_micro_women_pumps,2026-07-27,2026-09-28,14,false,,
8098232A34M1041,amber crush extrait de parfum refill,faded black,F_W_2026,BEAUTY,Fragrance & Beauty,Beauty,Fragrance & Beauty,,false,R015,bal_macro_men_beauty|bal_macro_women_beauty,bal_super_micro_men_fragrances|bal_super_micro_women_fragrances,2026-07-06,2026-09-28,15,false,,
810365218K91084,speed 2.0 full clear sole recycled knit sneaker,black/multicolor,F_W_2026,SH_SNEAKERS,Sneakers,Shoes,Sneakers,Shoes,true,R020,bal_macro_women_shoes,bal_super_micro_women_mules,2026-07-13,2026-09-28,12,false,,
81036521AI31000,speed 2.0 full clear sole recycled knit sneaker,black,F_W_2026/S_S_2026/S_S_2027,SH_SNEAKERS,Sneakers,Shoes,Sneakers,Shoes,true,R020,bal_macro_women_shoes,bal_super_micro_women_pumps,2026-07-06,2026-09-28,13,false,,
8103652ABV49020,speed 2.0 full clear sole recycled knit sneaker,cream,F_W_2026,SH_SNEAKERS,Sneakers,Shoes,Sneakers,Shoes,true,R020,bal_macro_women_shoes,bal_super_micro_women_pumps,2026-07-06,2026-09-28,14,false,,
810365T0BR44200,speed 2.0 full clear sole recycled knit sneaker,light blue,F_W_2026,SH_SNEAKERS,Sneakers,Shoes,Sneakers,Shoes,true,R020,bal_macro_women_shoes,bal_super_micro_women_sandals,2026-07-06,2026-09-28,14,false,,
810365TA3CD4011,speed 2.0 full clear sole recycled knit sneaker,blue,S_S_2026,SH_SNEAKERS,Sneakers,Shoes,Sneakers,Shoes,true,R020,bal_macro_women_shoes,bal_super_micro_women_sandals,2026-07-06,2026-09-28,14,false,,
810365TT7OR9002,speed 2.0 full clear sole recycled knit sneaker,ivory,F_W_2026,SH_SNEAKERS,Sneakers,Shoes,Sneakers,Shoes,true,R020,bal_macro_women_shoes,bal_super_micro_women_pumps,2026-07-06,2026-09-28,15,false,,
810365TTRLP9000,speed 2.0 full clear sole recycled knit sneaker,white,S_S_2026,SH_SNEAKERS,Sneakers,Shoes,Sneakers,Shoes,true,R020,bal_macro_women_shoes,bal_super_micro_women_pumps,2026-07-06,2026-09-28,14,false,,
810365W5YSF1084,speed 2.0 full clear sole recycled knit sneaker,black/multicolor,F_W_2025,SH_SNEAKERS,Sneakers,Shoes,Sneakers,Shoes,true,R020,bal_macro_women_shoes,bal_super_micro_women_sneakers,2026-07-06,2026-09-28,13,false,,
8105362A5SM3258,dynasty rectangle sunglasses,army green,F_W_2026,AC_EYEWEAR,Eyewear,Accessories,Eyewear,Accessories,true,R025,bal_macro_men_accessories|bal_macro_women_accessories,bal_super_micro_men_hats_and_scarves|bal_super_micro_women_hats_and_scarves,2026-07-06,2026-09-28,14,false,,
8105364GKUK9000,dynasty rectangle sunglasses,white,S_S_2025,AC_EYEWEAR,Eyewear,Accessories,Eyewear,Accessories,true,R025,bal_macro_men_accessories|bal_macro_women_accessories,bal_super_micro_men_sunglasses|bal_super_micro_women_sunglasses,2026-07-06,2026-09-28,14,false,,
8105364GPSW1000,dynasty rectangle sunglasses,black,F_W_2026,AC_EYEWEAR,Eyewear,Accessories,Eyewear,Accessories,true,R025,bal_macro_men_accessories|bal_macro_women_accessories,bal_super_micro_men_jewelry|bal_super_micro_women_jewelry,2026-07-06,2026-09-28,13,false,,
810536W9Z8D1090,dynasty rectangle sunglasses,black/white,F_W_2025/S_S_2026,AC_EYEWEAR,Eyewear,Accessories,Eyewear,Accessories,true,R025,bal_macro_men_accessories|bal_macro_women_accessories,bal_super_micro_men_jewelry|bal_super_micro_women_jewelry,2026-07-06,2026-09-28,14,false,,
810536WMGJQ1000,dynasty rectangle sunglasses,black,S_S_2026,AC_EYEWEAR,Eyewear,Accessories,Eyewear,Accessories,true,R025,bal_macro_men_accessories|bal_macro_women_accessories,bal_super_micro_men_hats_and_scarves|bal_super_micro_women_hats_and_scarves,2026-07-06,2026-09-14,13,false,,
8133392ABV39002,army messenger bag small,ivory,F_W_2026/S_S_2026,LG_BAGS,Bags,Leather Goods,Bags,Bags,true,R012,bal_macro_men_leather_goods,bal_super_micro_men_backpacks,2026-07-06,2026-09-28,14,false,,
813339T5N990911,army messenger bag small,antique silver,F_W_2026/S_S_2026/S_S_2027,LG_BAGS,Bags,Leather Goods,Bags,Bags,true,R012,bal_macro_men_leather_goods,bal_super_micro_men_backpacks,2026-09-21,2026-09-28,15,false,,
813339TTM3T1000,army messenger bag small,black,F_W_2026,LG_BAGS,Bags,Leather Goods,Bags,Bags,true,R012,bal_macro_men_leather_goods,bal_super_micro_women_handbags,2026-07-06,2026-09-28,13,false,,
8134932A8OJ8065,denim stay press shorts,navy,S_S_2026,RTW,Ready-to-Wear,Ready-to-Wear,Ready-to-Wear,,false,R049,bal_macro_men_rtw,bal_super_micro_men_t_shirts,2026-07-06,2026-09-28,14,false,,
8134932AB501090,denim stay press shorts,black/white,S_S_2026,RTW,Ready-to-Wear,Ready-to-Wear,Ready-to-Wear,,false,R049,bal_macro_men_rtw,bal_super_micro_men_knitwear,2026-07-06,2026-09-28,14,false,,
8134932ABG51000,denim stay press shorts,black,S_S_2026,RTW,Ready-to-Wear,Ready-to-Wear,Ready-to-Wear,,false,R049,bal_macro_men_rtw,bal_super_micro_men_coats_and_jackets,2026-07-06,2026-09-28,15,false,,
8134932ABOW9002,denim stay press shorts,ivory,S_S_2026,RTW,Ready-to-Wear,Ready-to-Wear,Ready-to-Wear,,false,R049,bal_macro_men_rtw,bal_super_micro_men_pants,2026-07-06,2026-09-28,12,false,,
8134932AW0H9104,denim stay press shorts,optic white,F_W_2026,RTW,Ready-to-Wear,Ready-to-Wear,Ready-to-Wear,,false,R049,bal_macro_men_rtw,bal_super_micro_men_knitwear,2026-09-28,2026-09-28,14,false,,
8134934G1GH2533,denim stay press shorts,camel,F_W_2025/S_S_2026,RTW,Ready-to-Wear,Ready-to-Wear,Ready-to-Wear,,false,R049,bal_macro_men_rtw,bal_super_micro_men_sweatshirts,2026-07-06,2026-09-28,16,false,,
813493T2AOF1090,denim stay press shorts,black,S_S_2026,RTW,Ready-to-Wear,Ready-to-Wear,Ready-to-Wear,,false,R049,bal_macro_men_rtw,bal_super_micro_men_sweatshirts,2026-07-06,2026-09-28,12,false,,
81434121MXC2308,long double-faced cocoon coat,light espresso,S_S_2026,RTW,Ready-to-Wear,Ready-to-Wear,Ready-to-Wear,,false,R049,bal_macro_men_rtw,bal_super_micro_men_coats_and_jackets,2026-08-03,2026-09-28,9,false,,
8143412A7GP4200,long double-faced cocoon coat,light blue,F_W_2026/S_S_2026,RTW,Ready-to-Wear,Ready-to-Wear,Ready-to-Wear,,false,R049,bal_macro_men_rtw,bal_super_micro_men_sweatshirts,2026-07-06,2026-09-28,14,false,,
8143412ABIU9104,long double-faced cocoon coat,optic white,F_W_2024,RTW,Ready-to-Wear,Ready-to-Wear,Ready-to-Wear,,false,R049,bal_macro_men_rtw,bal_super_micro_men_knitwear,2026-07-06,2026-09-28,13,false,,
8143412ABKP0127,long double-faced cocoon coat,shiny gold,F_W_2026,RTW,Ready-to-Wear,Ready-to-Wear,Ready-to-Wear,,false,R049,bal_macro_men_rtw,bal_super_micro_men_coats_and_jackets,2026-07-06,2026-09-28,14,false,,
8143412AL4C4200,long double-faced cocoon coat,light blue,F_W_2025,RTW,Ready-to-Wear,Ready-to-Wear,Ready-to-Wear,,false,R049,bal_macro_men_rtw,bal_super_micro_men_sweatshirts,2026-07-06,2026-09-28,14,false,,
8143414G2CI3258,long double-faced cocoon coat,army green,F_W_2026,RTW,Ready-to-Wear,Ready-to-Wear,Ready-to-Wear,,false,R049,bal_macro_men_rtw,bal_super_micro_men_knitwear,2026-07-06,2026-09-28,15,false,,
814341T03EH1000,long double-faced cocoon coat,black,F_W_2026,RTW,Ready-to-Wear,Ready-to-Wear,Ready-to-Wear,,false,R049,bal_macro_men_rtw,bal_super_micro_men_knitwear,2026-07-06,2026-09-28,14,false,,
814341TTK679002,long double-faced cocoon coat,ivory,F_W_2026/S_S_2027,RTW,Ready-to-Wear,Ready-to-Wear,Ready-to-Wear,,false,R049,bal_macro_men_rtw,bal_super_micro_men_sweatshirts,2026-09-14,2026-09-28,11,false,,
814341TTM9F3258,long double-faced cocoon coat,army green,F_W_2026,RTW,Ready-to-Wear,Ready-to-Wear,Ready-to-Wear,,false,R049,bal_macro_men_rtw,bal_super_micro_men_knitwear,2026-07-06,2026-09-28,13,false,,
814341WQYHD8065,long double-faced cocoon coat,navy,F_W_2026,RTW,Ready-to-Wear,Ready-to-Wear,Ready-to-Wear,,false,R049,bal_macro_men_rtw,bal_super_micro_men_knitwear,2026-07-06,2026-09-28,12,false,,
81602221RJF1000,typo destroyed necklace,black,F_W_2025,AC_JEWELRY,Jewelry,Accessories,Jewelry,Accessories,true,R030,bal_macro_men_accessories|bal_macro_women_accessories,bal_super_micro_men_keyrings|bal_super_micro_women_keyrings,2026-07-06,2026-09-28,14,false,,
816022W3DMX9104,typo destroyed necklace,optic white,F_W_2026,AC_JEWELRY,Jewelry,Accessories,Jewelry,Accessories,true,R030,bal_macro_men_accessories|bal_macro_women_accessories,bal_super_micro_men_hats_and_scarves|bal_super_micro_women_hats_and_scarves,2026-07-06,2026-09-28,14,false,,
816022WNBOX1090,typo destroyed necklace,black,F_W_2026/S_S_2027,AC_JEWELRY,Jewelry,Accessories,Jewelry,Accessories,true,R030,bal_macro_men_accessories|bal_macro_women_accessories,bal_super_micro_men_hats_and_scarves|bal_super_micro_women_hats_and_scarves,2026-07-06,2026-09-28,15,false,,
81661121L3C2308,triple s tape type sneaker,light espresso,S_S_2026,SH_SNEAKERS,Sneakers,Shoes,Sneakers,Shoes,true,R020,bal_macro_men_shoes,bal_super_micro_men_formal_shoes,2026-07-06,2026-09-28,13,false,,
8166112ABLV2308,triple s tape type sneaker,light espresso,F_W_2024,SH_SNEAKERS,Sneakers,Shoes,Sneakers,Shoes,true,R020,bal_macro_men_shoes,bal_super_micro_men_mules_and_loafers,2026-07-06,2026-07-13,8,false,,
816611W3CDF4011,triple s tape type sneaker,blue,S_S_2026,SH_SNEAKERS,Sneakers,Shoes,Sneakers,Shoes,true,R020,bal_macro_men_shoes,bal_super_micro_men_boots_and_booties,2026-07-06,2026-09-28,13,false,,
8175562A3NQ1251,le city bag small,volcanic rock,S_S_2026,LG_BAGS,Bags,Leather Goods,Bags,Bags,true,R012,bal_macro_women_leather_goods,bal_super_micro_women_bags,2026-08-24,2026-09-28,13,false,,
817556TTCFN1090,le city bag small,black,S_S_2026,LG_BAGS,Bags,Leather Goods,Bags,Bags,true,R012,bal_macro_women_leather_goods,bal_super_micro_women_handbags,2026-07-06,2026-09-28,13,false,,
81955721MIX1210,le city pouch on strap,light grey,F_W_2026/S_S_2026/S_S_2027,LG_SLG,Small Leather Goods,Leather Goods,Small Leather Goods,Small Leather Goods,true,R040,bal_macro_women_slg,bal_super_micro_women_wallets,2026-07-06,2026-09-28,14,false,,
8195572AA863258,le city pouch on strap,army green,S_S_2026/S_S_2027,LG_SLG,Small Leather Goods,Leather Goods,Small Leather Goods,Small Leather Goods,true,R040,bal_macro_women_slg,bal_super_micro_women_slg,2026-07-06,2026-09-28,14,false,,
8223032AB7V1000,cash mini wallet,black,F_W_2026/S_S_2027,LG_SLG,Small Leather Goods,Leather Goods,Small Leather Goods,Small Leather Goods,true,R010,bal_macro_women_leather_goods,bal_super_micro_women_bags,2026-08-03,2026-09-28,15,false,,
8223032AF5D1041,cash mini wallet,faded black,F_W_2026/S_S_2026/S_S_2027,LG_SLG,Small Leather Goods,Leather Goods,Small Leather Goods,Small Leather Goods,true,R010,bal_macro_women_leather_goods,bal_super_micro_women_handbags,2026-07-06,2026-09-28,13,false,,
822303TTHOD8065,cash mini wallet,navy,F_W_2025/S_S_2026,LG_SLG,Small Leather Goods,Leather Goods,Small Leather Goods,Small Leather Goods,true,R010,bal_macro_women_leather_goods,bal_super_micro_women_bags,2026-07-06,2026-09-28,14,false,,
824002TJQAV2308,le city toiletry pouch,light espresso,F_W_2026,LG_SLG,Small Leather Goods,Leather Goods,Small Leather Goods,Small Leather Goods,true,R040,bal_macro_men_slg,bal_super_micro_men_cardholders,2026-07-06,2026-09-28,13,false,,
824336WPNPA2840,100% parfum,khaki,S_S_2025,BEAUTY,Fragrance & Beauty,Beauty,Fragrance & Beauty,,false,R015,bal_macro_men_beauty|bal_macro_women_beauty,bal_super_micro_men_fragrances|bal_super_micro_women_fragrances,2026-07-06,2026-09-28,13,false,,
82443621AQF0127,crush continental wallet quilted,shiny gold,S_S_2026,LG_SLG,Small Leather Goods,Leather Goods,Small Leather Goods,Small Leather Goods,true,R010,bal_macro_women_slg,bal_super_micro_women_slg,2026-07-06,2026-09-28,15,false,,
82443621FE11000,crush continental wallet quilted,black,S_S_2026,LG_SLG,Small Leather Goods,Leather Goods,Small Leather Goods,Small Leather Goods,true,R010,bal_macro_women_slg,bal_super_micro_women_clutches_and_pouches,2026-07-06,2026-09-28,14,false,,
8244362A4UN1000,crush continental wallet quilted,black,F_W_2025/S_S_2026,LG_SLG,Small Leather Goods,Leather Goods,Small Leather Goods,Small Leather Goods,true,R010,bal_macro_women_slg,bal_super_micro_women_keyrings,2026-07-06,2026-09-28,14,false,,
824436W9DJB2308,crush continental wallet quilted,light espresso,F_W_2026,LG_SLG,Small Leather Goods,Leather Goods,Small Leather Goods,Small Leather Goods,true,R010,bal_macro_women_slg,bal_super_micro_women_clutches_and_pouches,2026-07-06,2026-09-28,14,false,,
8245244GV630926,charm/keychain mini alaska boot,shiny silver,F_W_2025/F_W_2026/S_S_2026,AC_OTHER,Other Accessories,Accessories,Other Accessories,Accessories,true,R011,bal_macro_women_slg,bal_super_micro_women_slg,2026-08-10,2026-09-28,15,false,,
824524WX63L1000,charm/keychain mini alaska boot,black,F_W_2026,AC_OTHER,Other Accessories,Accessories,Other Accessories,Accessories,true,R011,bal_macro_women_slg,bal_super_micro_women_clutches_and_pouches,2026-07-06,2026-09-28,15,false,,
82471921O2S3258,neverlost thin necklace,army green,F_W_2026/S_S_2026,AC_JEWELRY,Jewelry,Accessories,Jewelry,Accessories,true,R030,bal_macro_men_accessories,bal_super_micro_men_caps,2026-07-13,2026-09-28,14,false,,
82471921YF64011,neverlost thin necklace,blue,F_W_2026,AC_JEWELRY,Jewelry,Accessories,Jewelry,Accessories,true,R030,bal_macro_men_accessories,bal_super_micro_men_hats_and_scarves,2026-07-06,2026-09-28,12,false,,
8247192AB4B9104,neverlost thin necklace,optic white,S_S_2026,AC_JEWELRY,Jewelry,Accessories,Jewelry,Accessories,true,R030,bal_macro_men_accessories,bal_super_micro_men_jewelry,2026-07-06,2026-09-28,15,false,,
8247194G1532840,neverlost thin necklace,khaki,S_S_2026,AC_JEWELRY,Jewelry,Accessories,Jewelry,Accessories,true,R030,bal_macro_men_accessories,bal_super_micro_men_caps,2026-09-28,2026-09-28,1,false,,
824719TTOG09002,neverlost thin necklace,ivory,F_W_2026,AC_JEWELRY,Jewelry,Accessories,Jewelry,Accessories,true,R030,bal_macro_men_accessories,bal_super_micro_men_belts,2026-07-06,2026-09-28,14,false,,
824719TTVN73258,neverlost thin necklace,army green,S_S_2026,AC_JEWELRY,Jewelry,Accessories,Jewelry,Accessories,true,R030,bal_macro_men_accessories,bal_super_micro_men_jewelry,2026-07-06,2026-09-28,13,false,,
82607121B2V1041,le city basket small,faded black,S_S_2026,LG_BAGS,Bags,Leather Goods,Bags,Bags,true,R041,bal_macro_women_leather_goods,bal_super_micro_women_bags,2026-07-06,2026-09-28,14,false,,
8260712A4T11000,le city basket small,black,F_W_2026,LG_BAGS,Bags,Leather Goods,Bags,Bags,true,R041,bal_macro_women_leather_goods,bal_super_micro_women_bags,2026-07-06,2026-09-28,11,false,,
8260712ABPL3258,le city basket small,army green,F_W_2026,LG_BAGS,Bags,Leather Goods,Bags,Bags,true,R041,bal_macro_women_leather_goods,bal_super_micro_women_bags,2026-07-06,2026-09-28,14,false,,
8260712ARAQ4200,le city basket small,light blue,F_W_2026,LG_BAGS,Bags,Leather Goods,Bags,Bags,true,R041,bal_macro_women_leather_goods,bal_super_micro_women_bags,2026-09-28,2026-09-28,14,false,,
826071TTV961251,le city basket small,volcanic rock,S_S_2026/S_S_2027,LG_BAGS,Bags,Leather Goods,Bags,Bags,true,R041,bal_macro_women_leather_goods,bal_super_micro_women_bags,2026-07-27,2026-09-28,1,false,,
826071W06VT2533,le city basket small,camel,F_W_2026,LG_BAGS,Bags,Leather Goods,Bags,Bags,true,R041,bal_macro_women_leather_goods,bal_super_micro_women_bags,2026-07-06,2026-09-28,14,false,,
82774321ZDT2308,vintage surfer zip-up hoodie,light espresso,F_W_2026/S_S_2026,RTW,Ready-to-Wear,Ready-to-Wear,Ready-to-Wear,,false,R049,bal_macro_men_rtw,bal_super_micro_men_coats_and_jackets,2026-07-06,2026-09-28,14,false,,
8277432AB7Z5723,vintage surfer zip-up hoodie,petal pink,F_W_2025/F_W_2026/S_S_2026,RTW,Ready-to-Wear,Ready-to-Wear,Ready-to-Wear,,false,R049,bal_macro_men_rtw,bal_super_micro_men_knitwear,2026-07-06,2026-09-28,15,false,,
8277432ABG11000,vintage surfer zip-up hoodie,black,S_S_2026,RTW,Ready-to-Wear,Ready-to-Wear,Ready-to-Wear,,false,R049,bal_macro_men_rtw,bal_super_micro_men_t_shirts,2026-07-06,2026-09-28,13,false,,
8277432AMIP1084,vintage surfer zip-up hoodie,black/multicolor,F_W_2026,RTW,Ready-to-Wear,Ready-to-Wear,Ready-to-Wear,,false,R049,bal_macro_men_rtw,bal_super_micro_men_knitwear,2026-07-06,2026-08-31,14,false,,
827743T3GHQ1090,vintage surfer zip-up hoodie,black,F_W_2026/S_S_2027,RTW,Ready-to-Wear,Ready-to-Wear,Ready-to-Wear,,false,R049,bal_macro_men_rtw,bal_super_micro_men_pants,2026-07-06,2026-09-28,15,false,,
827743TIJYR2840,vintage surfer zip-up hoodie,khaki,S_S_2026/S_S_2027,RTW,Ready-to-Wear,Ready-to-Wear,Ready-to-Wear,,false,R049,bal_macro_men_rtw,bal_super_micro_men_knitwear,2026-07-06,2026-09-28,15,false,,
827743TT21H0926,vintage surfer zip-up hoodie,shiny silver,F_W_2025,RTW,Ready-to-Wear,Ready-to-Wear,Ready-to-Wear,,false,R049,bal_macro_men_rtw,bal_super_micro_men_pants,2026-07-06,2026-09-28,16,false,,
827743TTR759104,vintage surfer zip-up hoodie,optic white,S_S_2026,RTW,Ready-to-Wear,Ready-to-Wear,Ready-to-Wear,,false,R049,bal_macro_men_rtw,bal_super_micro_men_coats_and_jackets,2026-07-06,2026-09-28,16,false,,
827743WKECT1240,vintage surfer zip-up hoodie,grey,F_W_2026,RTW,Ready-to-Wear,Ready-to-Wear,Ready-to-Wear,,false,R049,bal_macro_men_rtw,bal_super_micro_men_sweatshirts,2026-08-31,2026-09-28,16,false,,
8278752ABBU9000,tracksuit pants,white,F_W_2025/F_W_2026/S_S_2026,RTW,Ready-to-Wear,Ready-to-Wear,Ready-to-Wear,,false,R049,bal_macro_men_rtw,bal_super_micro_men_coats_and_jackets,2026-07-06,2026-09-28,15,false,,
8278752ABD41041,tracksuit pants,faded black,F_W_2025/S_S_2026,RTW,Ready-to-Wear,Ready-to-Wear,Ready-to-Wear,,false,R049,bal_macro_men_rtw,bal_super_micro_men_coats_and_jackets,2026-07-27,2026-09-28,1,false,,
8278754G6851251,tracksuit pants,volcanic rock,F_W_2026/S_S_2026,RTW,Ready-to-Wear,Ready-to-Wear,Ready-to-Wear,,false,R049,bal_macro_men_rtw,bal_super_micro_men_t_shirts,2026-07-06,2026-09-28,15,false,,
8278754G8Y31251,tracksuit pants,volcanic rock,S_S_2026,RTW,Ready-to-Wear,Ready-to-Wear,Ready-to-Wear,,false,R049,bal_macro_men_rtw,bal_super_micro_men_coats_and_jackets,2026-08-03,2026-09-28,14,false,,
8278754GI4V2840,tracksuit pants,khaki,S_S_2026,RTW,Ready-to-Wear,Ready-to-Wear,Ready-to-Wear,,false,R049,bal_macro_men_rtw,bal_super_micro_men_knitwear,2026-07-06,2026-09-28,15,false,,
827875T0R889002,tracksuit pants,ivory,F_W_2026,RTW,Ready-to-Wear,Ready-to-Wear,Ready-to-Wear,,false,R049,bal_macro_men_rtw,bal_super_micro_men_t_shirts,2026-07-06,2026-09-28,13,false,,
827875TT9SC4200,tracksuit pants,light blue,F_W_2026,RTW,Ready-to-Wear,Ready-to-Wear,Ready-to-Wear,,false,R049,bal_macro_men_rtw,bal_super_micro_men_sweatshirts,2026-07-06,2026-09-28,13,false,,
82803321PQF1090,bloom cuff,black/white,S_S_2026,AC_JEWELRY,Jewelry,Accessories,Jewelry,Accessories,true,R030,bal_macro_women_accessories,bal_super_micro_women_belts,2026-07-06,2026-09-28,13,false,,
82803321TD62840,bloom cuff,khaki,F_W_2026/S_S_2026/S_S_2027,AC_JEWELRY,Jewelry,Accessories,Jewelry,Accessories,true,R030,bal_macro_women_accessories,bal_super_micro_women_keyrings,2026-07-06,2026-09-28,15,false,,
8280332AUQH9020,bloom cuff,cream,S_S_2026,AC_JEWELRY,Jewelry,Accessories,Jewelry,Accessories,true,R030,bal_macro_women_accessories,bal_super_micro_women_belts,2026-07-06,2026-09-28,15,false,,
8280334G0PI2308,bloom cuff,light espresso,F_W_2025/S_S_2026,AC_JEWELRY,Jewelry,Accessories,Jewelry,Accessories,true,R030,bal_macro_women_accessories,bal_super_micro_women_jewelry,2026-07-06,2026-08-10,15,false,,
8280334GK2O1084,bloom cuff,black/multicolor,F_W_2026,AC_JEWELRY,Jewelry,Accessories,Jewelry,Accessories,true,R030,bal_macro_women_accessories,bal_super_micro_women_sunglasses,2026-07-06,2026-09-28,15,false,,
8280334GZOW2308,bloom cuff,light espresso,S_S_2026,AC_JEWELRY,Jewelry,Accessories,Jewelry,Accessories,true,R030,bal_macro_women_accessories,bal_super_micro_women_jewelry,2026-07-06,2026-09-28,13,false,,
828033TEG009002,bloom cuff,ivory,S_S_2025,AC_JEWELRY,Jewelry,Accessories,Jewelry,Accessories,true,R030,bal_macro_women_accessories,bal_super_micro_women_other_accessories,2026-07-06,2026-09-28,15,false,,
828033TTBIN9002,bloom cuff,ivory,S_S_2026/S_S_2027,AC_JEWELRY,Jewelry,Accessories,Jewelry,Accessories,true,R030,bal_macro_women_accessories,bal_super_micro_women_sunglasses,2026-07-06,2026-09-28,12,false,,
828033WX01E1090,bloom cuff,black,F_W_2025,AC_JEWELRY,Jewelry,Accessories,Jewelry,Accessories,true,R030,bal_macro_women_accessories,bal_super_micro_women_jewelry,2026-07-06,2026-09-28,15,false,,
8287712ABI90911,hourglass phone pouch,antique silver,S_S_2026,LG_SLG,Small Leather Goods,Leather Goods,Small Leather Goods,Small Leather Goods,true,R010,bal_macro_women_slg,bal_super_micro_women_slg,2026-07-06,2026-09-28,14,false,,
828771T50DI1000,hourglass phone pouch,black,S_S_2026,LG_SLG,Small Leather Goods,Leather Goods,Small Leather Goods,Small Leather Goods,true,R010,bal_macro_women_slg,bal_super_micro_women_slg,2026-07-06,2026-08-24,13,false,,
828771TTCTJ0911,hourglass phone pouch,antique silver,F_W_2025,LG_SLG,Small Leather Goods,Leather Goods,Small Leather Goods,Small Leather Goods,true,R010,bal_macro_women_slg,bal_super_micro_women_wallets,2026-07-06,2026-09-28,14,false,,
8288684G4KR2840,midnight xs earrings,khaki,S_S_2026,AC_JEWELRY,Jewelry,Accessories,Jewelry,Accessories,true,R030,bal_macro_women_accessories,bal_super_micro_women_other_accessories,2026-09-14,2026-09-28,15,false,,
828868TT78L1000,midnight xs earrings,black,F_W_2026/S_S_2026,AC_JEWELRY,Jewelry,Accessories,Jewelry,Accessories,true,R030,bal_macro_women_accessories,bal_super_micro_women_belts,2026-07-27,2026-09-28,1,false,,
828868TT8603258,midnight xs earrings,army green,S_S_2026,AC_JEWELRY,Jewelry,Accessories,Jewelry,Accessories,true,R030,bal_macro_women_accessories,bal_super_micro_women_sunglasses,2026-07-06,2026-09-28,14,false,,
828868TTBGF0127,midnight xs earrings,shiny gold,S_S_2026,AC_JEWELRY,Jewelry,Accessories,Jewelry,Accessories,true,R030,bal_macro_women_accessories,bal_super_micro_women_belts,2026-07-06,2026-09-28,15,false,,
828868TVWEX0926,midnight xs earrings,shiny silver,F_W_2025/F_W_2026/S_S_2026,AC_JEWELRY,Jewelry,Accessories,Jewelry,Accessories,true,R030,bal_macro_women_accessories,bal_super_micro_women_keyrings,2026-07-06,2026-09-28,15,false,,
828868W0BG21000,midnight xs earrings,black,S_S_2026,AC_JEWELRY,Jewelry,Accessories,Jewelry,Accessories,true,R030,bal_macro_women_accessories,bal_super_micro_women_jewelry,2026-07-06,2026-09-28,14,false,,
829451218LU4011,balenciaga | j.m. weston loafer,blue,F_W_2025,SH_SHOES,Other Shoes,Shoes,Other Shoes,Shoes,true,R043,bal_macro_men_shoes,bal_super_micro_men_mules_and_loafers,2026-07-06,2026-09-28,12,false,,
82945121APZ9002,balenciaga | j.m. weston loafer,ivory,F_W_2026,SH_SHOES,Other Shoes,Shoes,Other Shoes,Shoes,true,R043,bal_macro_men_shoes,bal_super_micro_men_mules_and_loafers,2026-07-06,2026-09-28,15,false,,
829451TJ9ST1084,balenciaga | j.m. weston loafer,black/multicolor,S_S_2026,SH_SHOES,Other Shoes,Shoes,Other Shoes,Shoes,true,R043,bal_macro_men_shoes,bal_super_micro_men_boots_and_booties,2026-07-06,2026-09-28,1,false,,
829451TTW0A0911,balenciaga | j.m. weston loafer,antique silver,S_S_2026,SH_SNEAKERS,Sneakers,Shoes,Sneakers,Shoes,true,R042,bal_macro_men_shoes,bal_super_micro_men_sneakers,2026-07-06,2026-09-14,12,false,,
82993321F499020,bb super thin belt,cream,F_W_2026/S_S_2026/S_S_2027,AC_BELTS,Belts,Accessories,Belts,Accessories,true,R035,bal_macro_women_accessories,bal_super_micro_women_jewelry,2026-07-06,2026-09-28,13,false,,
829933TTDJD1090,bb super thin belt,black,S_S_2026,AC_BELTS,Belts,Accessories,Belts,Accessories,true,R035,bal_macro_women_accessories,bal_super_micro_women_belts,2026-07-06,2026-09-28,14,false,,
829933TTV4B0926,bb super thin belt,shiny silver,S_S_2026,AC_BELTS,Belts,Accessories,Belts,Accessories,true,R035,bal_macro_women_accessories,bal_super_micro_women_other_accessories,2026-07-06,2026-09-28,12,false,,
830936WU99V9002,cash continental wallet,ivory,S_S_2026,LG_SLG,Small Leather Goods,Leather Goods,Small Leather Goods,Small Leather Goods,true,R010,bal_macro_men_leather_goods,bal_super_micro_men_backpacks,2026-07-06,2026-09-28,15,false,,
8311342ABU61090,le city hobo bag medium,black/white,S_S_2026,LG_BAGS,Bags,Leather Goods,Bags,Bags,true,R012,bal_macro_women_leather_goods,bal_super_micro_women_handbags,2026-07-13,2026-09-28,14,false,,
8311344GKAG3258,le city hobo bag medium,army green,F_W_2026/S_S_2026,LG_BAGS,Bags,Leather Goods,Bags,Bags,true,R012,bal_macro_women_leather_goods,bal_super_micro_women_bags,2026-07-06,2026-09-28,15,false,,
831134T9FMJ0911,le city hobo bag medium,antique silver,S_S_2026,LG_BAGS,Bags,Leather Goods,Bags,Bags,true,R012,bal_macro_women_leather_goods,bal_super_micro_women_bags,2026-07-06,2026-09-28,14,false,,
831134TEOO93258,le city hobo bag medium,army green,F_W_2026,LG_BAGS,Bags,Leather Goods,Bags,Bags,true,R012,bal_macro_women_leather_goods,bal_super_micro_women_small_leather_goods,2026-07-06,2026-09-28,16,false,,
833006217XM0911,le 7 bowling bag small,antique silver,F_W_2025,LG_BAGS,Bags,Leather Goods,Bags,Bags,true,R012,bal_macro_women_leather_goods,bal_super_micro_women_small_leather_goods,2026-07-06,2026-09-28,13,false,,
8330062AB421000,le 7 bowling bag small,black,S_S_2026,LG_BAGS,Bags,Leather Goods,Bags,Bags,true,R012,bal_macro_women_leather_goods,bal_super_micro_women_handbags,2026-07-06,2026-09-28,13,false,,
8330062ABAZ2840,le 7 bowling bag small,khaki,F_W_2026/S_S_2026/S_S_2027,LG_BAGS,Bags,Leather Goods,Bags,Bags,true,R012,bal_macro_women_leather_goods,bal_super_micro_women_small_leather_goods,2026-07-06,2026-09-28,13,false,,
833006TTII71041,le 7 bowling bag small,faded black,F_W_2026,LG_BAGS,Bags,Leather Goods,Bags,Bags,true,R012,bal_macro_women_leather_goods,bal_super_micro_women_bags,2026-07-06,2026-09-28,12,false,,
834058214S09104,le city sleek box bag,optic white,F_W_2025,LG_BAGS,Bags,Leather Goods,Bags,Bags,true,R012,bal_macro_women_leather_goods,bal_super_micro_women_handbags,2026-07-06,2026-09-28,13,false,,
834058214ZY1090,le city sleek box bag,black/white,F_W_2026/S_S_2026/S_S_2027,LG_BAGS,Bags,Leather Goods,Bags,Bags,true,R012,bal_macro_women_leather_goods,bal_super_micro_women_bags,2026-07-06,2026-07-06,8,false,,
834058218YP5723,le city sleek box bag,petal pink,S_S_2026,LG_BAGS,Bags,Leather Goods,Bags,Bags,true,R012,bal_macro_women_leather_goods,bal_super_micro_women_handbags,2026-07-06,2026-09-28,11,false,,
8340582ABC31000,le city sleek box bag,black,F_W_2026,LG_BAGS,Bags,Leather Goods,Bags,Bags,true,R012,bal_macro_women_leather_goods,bal_super_micro_women_bags,2026-07-06,2026-09-28,14,false,,
8340582AVMT5723,le city sleek box bag,petal pink,S_S_2026,LG_BAGS,Bags,Leather Goods,Bags,Bags,true,R012,bal_macro_women_leather_goods,bal_super_micro_women_handbags,2026-07-06,2026-09-28,15,false,,
834058WETXP1041,le city sleek box bag,faded black,F_W_2026,LG_BAGS,Bags,Leather Goods,Bags,Bags,true,R012,bal_macro_women_leather_goods,bal_super_micro_women_small_leather_goods,2026-07-06,2026-09-28,15,false,,
834058WWA8W4200,le city sleek box bag,light blue,S_S_2026,LG_BAGS,Bags,Leather Goods,Bags,Bags,true,R012,bal_macro_women_leather_goods,bal_super_micro_women_small_leather_goods,2026-07-06,2026-09-28,14,false,,
83532321F6W8065,a-line dress,navy,S_S_2025,RTW,Ready-to-Wear,Ready-to-Wear,Ready-to-Wear,,false,R049,bal_macro_women_rtw,bal_super_micro_women_tops_and_shirts,2026-08-31,2026-09-28,12,false,,
8353232A3OX9020,a-line dress,cream,F_W_2026,RTW,Ready-to-Wear,Ready-to-Wear,Ready-to-Wear,,false,R049,bal_macro_women_rtw,bal_super_micro_women_tops_and_shirts,2026-07-06,2026-09-28,14,false,,
8353232AB1J2533,a-line dress,camel,F_W_2026,RTW,Ready-to-Wear,Ready-to-Wear,Ready-to-Wear,,false,R049,bal_macro_women_rtw,bal_super_micro_women_dresses_and_skirts,2026-07-06,2026-09-28,11,false,,
8353232AHWM4200,a-line dress,light blue,F_W_2026,RTW,Ready-to-Wear,Ready-to-Wear,Ready-to-Wear,,false,R049,bal_macro_women_rtw,bal_super_micro_women_dresses_and_skirts,2026-07-27,2026-09-28,1,false,,
8353232AKM59000,a-line dress,white,F_W_2026/S_S_2026/S_S_2027,RTW,Ready-to-Wear,Ready-to-Wear,Ready-to-Wear,,false,R049,bal_macro_women_rtw,bal_super_micro_women_pants,2026-07-06,2026-09-28,15,false,,
8353232ARNI1251,a-line dress,volcanic rock,S_S_2026,RTW,Ready-to-Wear,Ready-to-Wear,Ready-to-Wear,,false,R049,bal_macro_women_rtw,bal_super_micro_women_t_shirts,2026-07-06,2026-09-28,14,false,,
8353234GWIM8122,a-line dress,silver,F_W_2026,RTW,Ready-to-Wear,Ready-to-Wear,Ready-to-Wear,,false,R049,bal_macro_women_rtw,bal_super_micro_women_t_shirts,2026-07-06,2026-09-28,13,false,,
835323T3DO30127,a-line dress,shiny gold,F_W_2026,RTW,Ready-to-Wear,Ready-to-Wear,Ready-to-Wear,,false,R049,bal_macro_women_rtw,bal_super_micro_women_t_shirts,2026-07-06,2026-09-28,13,false,,
835323T8NM81090,a-line dress,black/white,S_S_2026,RTW,Ready-to-Wear,Ready-to-Wear,Ready-to-Wear,,false,R049,bal_macro_women_rtw,bal_super_micro_women_coats_and_jackets,2026-07-06,2026-09-28,14,false,,
835323TL6F80127,a-line dress,shiny gold,S_S_2026,RTW,Ready-to-Wear,Ready-to-Wear,Ready-to-Wear,,false,R049,bal_macro_women_rtw,bal_super_micro_women_dresses_and_skirts,2026-08-31,2026-09-28,14,false,,
835323TMT9A1210,a-line dress,light grey,F_W_2026/S_S_2026/S_S_2027,RTW,Ready-to-Wear,Ready-to-Wear,Ready-to-Wear,,false,R049,bal_macro_women_rtw,bal_super_micro_women_dresses_and_skirts,2026-07-06,2026-09-28,11,false,,
835323TT5XT1000,a-line dress,black,F_W_2026,RTW,Ready-to-Wear,Ready-to-Wear,Ready-to-Wear,,false,R049,bal_macro_women_rtw,bal_super_micro_women_tops_and_shirts,2026-07-06,2026-09-28,1,false,,
835323W8U1F0926,a-line dress,shiny silver,F_W_2026,RTW,Ready-to-Wear,Ready-to-Wear,Ready-to-Wear,,false,R049,bal_macro_women_rtw,bal_super_micro_women_coats_and_jackets,2026-07-06,2026-09-28,14,false,,
8363742176B0127,blouson,shiny gold,F_W_2025/F_W_2026/S_S_2026,RTW,Ready-to-Wear,Ready-to-Wear,Ready-to-Wear,,false,R049,bal_macro_men_rtw,bal_super_micro_men_pants,2026-07-06,2026-09-28,15,false,,
8363742ABSV1251,blouson,volcanic rock,F_W_2026/S_S_2026,RTW,Ready-to-Wear,Ready-to-Wear,Ready-to-Wear,,false,R049,bal_macro_men_rtw,bal_super_micro_men_pants,2026-07-06,2026-09-28,15,false,,
8363742AQW41000,blouson,black,S_S_2025,RTW,Ready-to-Wear,Ready-to-Wear,Ready-to-Wear,,false,R049,bal_macro_men_rtw,bal_super_micro_men_pants,2026-07-06,2026-09-28,15,false,,
836374T3RY81041,blouson,faded black,S_S_2026,RTW,Ready-to-Wear,Ready-to-Wear,Ready-to-Wear,,false,R049,bal_macro_men_rtw,bal_super_micro_men_sweatshirts,2026-07-06,2026-09-07,15,false,,
8384312A58P8065,speed 2.0 iridescent sneaker,navy,F_W_2026,SH_SNEAKERS,Sneakers,Shoes,Sneakers,Shoes,true,R020,bal_macro_women_shoes,bal_super_micro_women_boots_and_booties,2026-07-06,2026-09-28,14,false,,
8384312A9341240,speed 2.0 iridescent sneaker,grey,S_S_2026,SH_SNEAKERS,Sneakers,Shoes,Sneakers,Shoes,true,R020,bal_macro_women_shoes,bal_super_micro_women_pumps,2026-07-06,2026-09-28,15,false,,
8384312AY4L1251,speed 2.0 iridescent sneaker,volcanic rock,S_S_2026,SH_SNEAKERS,Sneakers,Shoes,Sneakers,Shoes,true,R020,bal_macro_women_shoes,bal_super_micro_women_boots_and_booties,2026-07-06,2026-09-28,14,false,,
8384314GJG81000,speed 2.0 iridescent sneaker,black,F_W_2025,SH_SNEAKERS,Sneakers,Shoes,Sneakers,Shoes,true,R020,bal_macro_women_shoes,bal_super_micro_women_sandals,2026-07-06,2026-09-28,14,false,,
838431TEMF51000,speed 2.0 iridescent sneaker,black,S_S_2026,SH_SNEAKERS,Sneakers,Shoes,Sneakers,Shoes,true,R020,bal_macro_women_shoes,bal_super_micro_women_sneakers,2026-07-06,2026-09-28,14,false,,
838431TFGI20127,speed 2.0 iridescent sneaker,shiny gold,S_S_2026,SH_SNEAKERS,Sneakers,Shoes,Sneakers,Shoes,true,R020,bal_macro_women_shoes,bal_super_micro_women_mules,2026-07-06,2026-09-28,14,false,,
838431TJL3Y9002,speed 2.0 iridescent sneaker,ivory,F_W_2025,SH_SNEAKERS,Sneakers,Shoes,Sneakers,Shoes,true,R020,bal_macro_women_shoes,bal_super_micro_women_boots_and_booties,2026-07-06,2026-09-28,13,false,,
838431TTUX09002,speed 2.0 iridescent sneaker,ivory,F_W_2026,SH_SNEAKERS,Sneakers,Shoes,Sneakers,Shoes,true,R020,bal_macro_women_shoes,bal_super_micro_women_mules,2026-07-06,2026-09-28,15,false,,
8401812AKBD1000,passport holder,black,F_W_2025/F_W_2026/S_S_2026,LG_SLG,Small Leather Goods,Leather Goods,Small Leather Goods,Small Leather Goods,true,R010,bal_macro_men_slg,bal_super_micro_men_slg,2026-07-06,2026-09-28,14,false,,
840181TT76P9000,passport holder,white,F_W_2025,LG_SLG,Small Leather Goods,Leather Goods,Small Leather Goods,Small Leather Goods,true,R010,bal_macro_men_slg,bal_super_micro_men_wallets,2026-07-06,2026-09-28,13,false,,
840181TTX3A0926,passport holder,shiny silver,F_W_2026,LG_SLG,Small Leather Goods,Leather Goods,Small Leather Goods,Small Leather Goods,true,R010,bal_macro_men_slg,bal_super_micro_men_cardholders,2026-07-06,2026-09-28,14,false,,
840181WKE7A1090,passport holder,black/white,S_S_2025,LG_SLG,Small Leather Goods,Leather Goods,Small Leather Goods,Small Leather Goods,true,R010,bal_macro_men_slg,bal_super_micro_men_keyrings,2026-07-06,2026-09-28,14,false,,
8407822138Z1090,gossip oval af sunglasses,black,S_S_2026,AC_EYEWEAR,Eyewear,Accessories,Eyewear,Accessories,true,R025,bal_macro_men_eyewear|bal_macro_women_eyewear,bal_super_micro_men_sunglasses|bal_super_micro_women_sunglasses,2026-07-06,2026-09-28,14,false,,
8407824GPZZ9020,gossip oval af sunglasses,cream,S_S_2026,AC_EYEWEAR,Eyewear,Accessories,Eyewear,Accessories,true,R025,bal_macro_men_eyewear|bal_macro_women_eyewear,bal_super_micro_men_sunglasses|bal_super_micro_women_sunglasses,2026-07-06,2026-09-14,14,false,,
843962218RO1251,nano thin necklace,volcanic rock,S_S_2026,AC_JEWELRY,Jewelry,Accessories,Jewelry,Accessories,true,R030,bal_macro_men_accessories|bal_macro_women_accessories,bal_super_micro_men_keyrings|bal_super_micro_women_keyrings,2026-07-06,2026-09-28,12,false,,
8439622AO0N1041,nano thin necklace,faded black,S_S_2026,AC_JEWELRY,Jewelry,Accessories,Jewelry,Accessories,true,R030,bal_macro_men_accessories|bal_macro_women_accessories,bal_super_micro_men_sunglasses|bal_super_micro_women_sunglasses,2026-07-06,2026-09-28,15,false,,
843962TT5YQ1000,nano thin necklace,black,F_W_2026/S_S_2027,AC_JEWELRY,Jewelry,Accessories,Jewelry,Accessories,true,R030,bal_macro_men_accessories|bal_macro_women_accessories,bal_super_micro_men_sunglasses|bal_super_micro_women_sunglasses,2026-07-06,2026-09-28,14,false,,
844132TD4EC9104,le 7 bowling bag medium,optic white,F_W_2026,LG_BAGS,Bags,Leather Goods,Bags,Bags,true,R012,bal_macro_women_leather_goods,bal_super_micro_women_small_leather_goods,2026-07-06,2026-09-28,14,false,,
845436216410127,le city hobo bag medium,shiny gold,F_W_2026,LG_BAGS,Bags,Leather Goods,Bags,Bags,true,R012,bal_macro_women_bags,bal_super_micro_women_clutches_and_pouches,2026-07-06,2026-09-28,15,false,,
8454362ABSV9000,le city hobo bag medium,white,S_S_2026,LG_BAGS,Bags,Leather Goods,Bags,Bags,true,R012,bal_macro_women_bags,bal_super_micro_women_handbags,2026-07-06,2026-09-28,15,false,,
8454364GBTX9000,le city hobo bag medium,white,F_W_2026,LG_BAGS,Bags,Leather Goods,Bags,Bags,true,R012,bal_macro_women_bags,bal_super_micro_women_shoulder_bags,2026-07-06,2026-09-28,14,false,,
845436THX071000,le city hobo bag medium,black,F_W_2025,LG_BAGS,Bags,Leather Goods,Bags,Bags,true,R012,bal_macro_women_bags,bal_super_micro_women_shoulder_bags,2026-07-06,2026-09-28,16,false,,
845436TTCJ71000,le city hobo bag medium,black,S_S_2025,LG_BAGS,Bags,Leather Goods,Bags,Bags,true,R012,bal_macro_women_bags,bal_super_micro_women_shoulder_bags,2026-07-06,2026-09-28,13,false,,
845436TTGI61251,le city hobo bag medium,volcanic rock,F_W_2026,LG_BAGS,Bags,Leather Goods,Bags,Bags,true,R012,bal_macro_women_bags,bal_super_micro_women_shoulder_bags,2026-07-06,2026-09-28,13,false,,
845436W94521090,le city hobo bag medium,black,F_W_2025/S_S_2026,LG_BAGS,Bags,Leather Goods,Bags,Bags,true,R012,bal_macro_women_bags,bal_super_micro_women_clutches_and_pouches,2026-07-06,2026-09-28,15,false,,
84679921D7G0911,curved jeans,antique silver,S_S_2026,RTW,Ready-to-Wear,Ready-to-Wear,Ready-to-Wear,,false,R049,bal_macro_men_rtw,bal_super_micro_men_pants,2026-07-06,2026-09-28,14,false,,
84679921FJA9002,curved jeans,ivory,F_W_2026,RTW,Ready-to-Wear,Ready-to-Wear,Ready-to-Wear,,false,R049,bal_macro_men_rtw,bal_super_micro_men_knitwear,2026-07-06,2026-09-28,14,false,,
84679921FJD8065,curved jeans,navy,S_S_2026,RTW,Ready-to-Wear,Ready-to-Wear,Ready-to-Wear,,false,R049,bal_macro_men_rtw,bal_super_micro_men_t_shirts,2026-07-06,2026-09-28,14,false,,
8467992AENN4011,curved jeans,blue,S_S_2026,RTW,Ready-to-Wear,Ready-to-Wear,Ready-to-Wear,,false,R049,bal_macro_men_rtw,bal_super_micro_men_sweatshirts,2026-07-06,2026-09-28,15,false,,
8467992AKIC3258,curved jeans,army green,F_W_2025/F_W_2026/S_S_2026,RTW,Ready-to-Wear,Ready-to-Wear,Ready-to-Wear,,false,R049,bal_macro_men_rtw,bal_super_micro_men_knitwear,2026-07-06,2026-09-28,14,false,,
8467992ALRZ0127,curved jeans,shiny gold,F_W_2025,RTW,Ready-to-Wear,Ready-to-Wear,Ready-to-Wear,,false,R049,bal_macro_men_rtw,bal_super_micro_men_sweatshirts,2026-07-06,2026-09-28,14,false,,
8467992AVT62840,curved jeans,khaki,F_W_2025,RTW,Ready-to-Wear,Ready-to-Wear,Ready-to-Wear,,false,R049,bal_macro_men_rtw,bal_super_micro_men_coats_and_jackets,2026-07-06,2026-09-28,15,false,,
8467992AVZK1240,curved jeans,grey,S_S_2025,RTW,Ready-to-Wear,Ready-to-Wear,Ready-to-Wear,,false,R049,bal_macro_men_rtw,bal_super_micro_men_knitwear,2026-07-06,2026-09-28,14,false,,
8467994GGAQ1000,curved jeans,black,F_W_2025,RTW,Ready-to-Wear,Ready-to-Wear,Ready-to-Wear,,false,R049,bal_macro_men_rtw,bal_super_micro_men_sweatshirts,2026-09-21,2026-09-28,16,false,,
846799T2YAZ3258,curved jeans,army green,F_W_2026/S_S_2027,RTW,Ready-to-Wear,Ready-to-Wear,Ready-to-Wear,,false,R049,bal_macro_men_rtw,bal_super_micro_men_t_shirts,2026-08-10,2026-09-28,14,false,,
846799TAT442533,curved jeans,camel,S_S_2026,RTW,Ready-to-Wear,Ready-to-Wear,Ready-to-Wear,,false,R049,bal_macro_men_rtw,bal_super_micro_men_t_shirts,2026-07-06,2026-09-28,13,false,,
846799TDLJO1090,curved jeans,black,F_W_2026/S_S_2026/S_S_2027,RTW,Ready-to-Wear,Ready-to-Wear,Ready-to-Wear,,false,R049,bal_macro_men_rtw,bal_super_micro_men_pants,2026-07-06,2026-09-28,13,false,,
846799TNKFG1084,curved jeans,black/multicolor,S_S_2026,RTW,Ready-to-Wear,Ready-to-Wear,Ready-to-Wear,,false,R049,bal_macro_men_rtw,bal_super_micro_men_sweatshirts,2026-07-06,2026-09-28,15,false,,
846799TTCXB8065,curved jeans,navy,F_W_2026,RTW,Ready-to-Wear,Ready-to-Wear,Ready-to-Wear,,false,R049,bal_macro_men_rtw,bal_super_micro_men_sweatshirts,2026-07-06,2026-09-28,15,false,,
84691121MNT1000,nano mini link ring,black,F_W_2025,AC_JEWELRY,Jewelry,Accessories,Jewelry,Accessories,true,R030,bal_macro_women_accessories,bal_super_micro_women_belts,2026-07-06,2026-09-28,15,false,,
8469112A29S1000,nano mini link ring,black,F_W_2026,AC_JEWELRY,Jewelry,Accessories,Jewelry,Accessories,true,R030,bal_macro_women_accessories,bal_super_micro_women_sunglasses,2026-07-06,2026-09-28,14,false,,
8469112A3DZ5723,nano mini link ring,petal pink,F_W_2025/S_S_2026,AC_JEWELRY,Jewelry,Accessories,Jewelry,Accessories,true,R030,bal_macro_women_accessories,bal_super_micro_women_sunglasses,2026-07-27,2026-09-28,1,false,,
8469112A5FN3258,nano mini link ring,army green,F_W_2026,AC_JEWELRY,Jewelry,Accessories,Jewelry,Accessories,true,R030,bal_macro_women_accessories,bal_super_micro_women_jewelry,2026-07-06,2026-09-28,14,false,,
846911TT0A11090,nano mini link ring,black,F_W_2026,AC_JEWELRY,Jewelry,Accessories,Jewelry,Accessories,true,R030,bal_macro_women_accessories,bal_super_micro_women_belts,2026-07-06,2026-09-28,14,false,,
846911TTD922533,nano mini link ring,camel,F_W_2026,AC_JEWELRY,Jewelry,Accessories,Jewelry,Accessories,true,R030,bal_macro_women_accessories,bal_super_micro_women_jewelry,2026-07-06,2026-09-28,15,false,,
846911TTK184200,nano mini link ring,light blue,F_W_2026/S_S_2026,AC_JEWELRY,Jewelry,Accessories,Jewelry,Accessories,true,R030,bal_macro_women_accessories,bal_super_micro_women_jewelry,2026-07-06,2026-08-31,12,false,,
846911TX6AS1210,nano mini link ring,light grey,F_W_2025/S_S_2026,AC_JEWELRY,Jewelry,Accessories,Jewelry,Accessories,true,R030,bal_macro_women_accessories,bal_super_micro_women_belts,2026-07-27,2026-09-28,1,false,,
8490792A8TD8122,fragrance comb,silver,F_W_2026/S_S_2026,AC_EYEWEAR,Eyewear,Accessories,Eyewear,Accessories,true,R046,bal_macro_men_accessories|bal_macro_women_accessories,bal_super_micro_men_sunglasses|bal_super_micro_women_sunglasses,2026-07-06,2026-09-28,14,false,,
8490792ABJO9002,fragrance comb,ivory,F_W_2025/F_W_2026/S_S_2026,AC_EYEWEAR,Eyewear,Accessories,Eyewear,Accessories,true,R046,bal_macro_men_accessories|bal_macro_women_accessories,bal_super_micro_men_sunglasses|bal_super_micro_women_sunglasses,2026-07-06,2026-09-28,12,false,,
8501442AB0O1000,le 7 cube messenger bag small,black,S_S_2025,LG_BAGS,Bags,Leather Goods,Bags,Bags,true,R012,bal_macro_men_leather_goods,bal_super_micro_men_bags,2026-07-06,2026-09-28,12,false,,
8514352A4CY1000,envelope long wallet with card holder,black,S_S_2026,LG_SLG,Small Leather Goods,Leather Goods,Small Leather Goods,Small Leather Goods,true,R010,bal_macro_women_slg,bal_super_micro_women_cardholders,2026-07-06,2026-09-28,15,false,,
8514352ABUW1084,envelope long wallet with card holder,black/multicolor,S_S_2026,LG_SLG,Small Leather Goods,Leather Goods,Small Leather Goods,Small Leather Goods,true,R010,bal_macro_women_slg,bal_super_micro_women_clutches_and_pouches,2026-07-06,2026-09-28,15,false,,
851435TTZ7I8065,envelope long wallet with card holder,navy,F_W_2025,LG_SLG,Small Leather Goods,Leather Goods,Small Leather Goods,Small Leather Goods,true,R010,bal_macro_women_slg,bal_super_micro_women_slg,2026-07-06,2026-07-06,7,false,,
851435W66F78065,envelope long wallet with card holder,navy,F_W_2026/S_S_2026,LG_SLG,Small Leather Goods,Leather Goods,Small Leather Goods,Small Leather Goods,true,R010,bal_macro_women_slg,bal_super_micro_women_slg,2026-07-06,2026-09-28,14,false,,
85254221FH01000,superbusy long coin and card holder,black,F_W_2026/S_S_2026/S_S_2027,LG_SLG,Small Leather Goods,Leather Goods,Small Leather Goods,Small Leather Goods,true,R010,bal_macro_men_slg,bal_super_micro_men_other_accessories,2026-07-06,2026-09-28,15,false,,
85254221MXR4011,superbusy long coin and card holder,blue,F_W_2025/S_S_2026,LG_SLG,Small Leather Goods,Leather Goods,Small Leather Goods,Small Leather Goods,true,R010,bal_macro_men_slg,bal_super_micro_men_cardholders,2026-07-06,2026-09-28,15,false,,
8525422AB5G1090,superbusy long coin and card holder,black,F_W_2026/S_S_2026,LG_SLG,Small Leather Goods,Leather Goods,Small Leather Goods,Small Leather Goods,true,R010,bal_macro_men_slg,bal_super_micro_men_other_accessories,2026-07-06,2026-09-28,16,false,,
852542T3UE31090,superbusy long coin and card holder,black,F_W_2026,LG_SLG,Small Leather Goods,Leather Goods,Small Leather Goods,Small Leather Goods,true,R010,bal_macro_men_slg,bal_super_micro_men_cardholders,2026-07-06,2026-09-28,15,false,,
852542TRTB02840,superbusy long coin and card holder,khaki,F_W_2026,LG_SLG,Small Leather Goods,Leather Goods,Small Leather Goods,Small Leather Goods,true,R010,bal_macro_men_slg,bal_super_micro_men_slg,2026-07-06,2026-09-28,15,false,,
852542WCMOK5723,superbusy long coin and card holder,petal pink,F_W_2026,LG_SLG,Small Leather Goods,Leather Goods,Small Leather Goods,Small Leather Goods,true,R010,bal_macro_men_slg,bal_super_micro_men_wallets,2026-07-06,2026-09-28,15,false,,
853730TSK8A1251,b xs hoop earrings,volcanic rock,F_W_2026,AC_JEWELRY,Jewelry,Accessories,Jewelry,Accessories,true,R030,bal_macro_women_accessories,bal_super_micro_women_other_accessories,2026-09-28,2026-09-28,14,false,,
8540652AB4N1000,gothic placement no closure cap,black,S_S_2026,AC_HATS_SCARVES,Hats & Scarves,Accessories,Hats & Scarves,Accessories,true,R047,bal_macro_men_accessories,bal_super_micro_men_caps,2026-07-06,2026-09-28,13,false,,
8540652AJMX1000,gothic placement no closure cap,black,S_S_2026,AC_JEWELRY,Jewelry,Accessories,Jewelry,Accessories,true,R044,bal_macro_men_accessories,bal_super_micro_men_jewelry,2026-07-06,2026-09-28,14,false,,
854065TYF3U1240,gothic placement no closure cap,grey,S_S_2026,AC_HATS_SCARVES,Hats & Scarves,Accessories,Hats & Scarves,Accessories,true,R047,bal_macro_men_accessories,bal_super_micro_men_caps,2026-07-06,2026-09-28,14,false,,
854065WDA1C3258,gothic placement no closure cap,army green,F_W_2026/S_S_2027,AC_HATS_SCARVES,Hats & Scarves,Accessories,Hats & Scarves,Accessories,true,R047,bal_macro_men_accessories,bal_super_micro_men_caps,2026-07-06,2026-09-28,15,false,,
854283T9Z563258,nano link necklace,army green,F_W_2026,AC_JEWELRY,Jewelry,Accessories,Jewelry,Accessories,true,R030,bal_macro_women_accessories,bal_super_micro_women_belts,2026-07-06,2026-09-28,14,false,,
8543302AB0N8065,soccer oversized zip-up hoodie,navy,S_S_2026,RTW,Ready-to-Wear,Ready-to-Wear,Ready-to-Wear,,false,R049,bal_macro_men_rtw,bal_super_micro_men_knitwear,2026-07-06,2026-09-28,12,false,,
8543302ABOB1000,soccer oversized zip-up hoodie,black,F_W_2026,RTW,Ready-to-Wear,Ready-to-Wear,Ready-to-Wear,,false,R049,bal_macro_men_rtw,bal_super_micro_men_knitwear,2026-07-06,2026-09-28,11,false,,
8543302ABWB0127,soccer oversized zip-up hoodie,shiny gold,F_W_2025,RTW,Ready-to-Wear,Ready-to-Wear,Ready-to-Wear,,false,R049,bal_macro_men_rtw,bal_super_micro_men_knitwear,2026-07-06,2026-09-28,15,false,,
854330T6H2N0127,soccer oversized zip-up hoodie,shiny gold,F_W_2025/S_S_2026,RTW,Ready-to-Wear,Ready-to-Wear,Ready-to-Wear,,false,R049,bal_macro_men_rtw,bal_super_micro_men_t_shirts,2026-07-06,2026-07-20,7,false,,
854330TZVRE9020,soccer oversized zip-up hoodie,cream,F_W_2026,RTW,Ready-to-Wear,Ready-to-Wear,Ready-to-Wear,,false,R049,bal_macro_men_rtw,bal_super_micro_men_t_shirts,2026-08-10,2026-09-28,14,false,,
854330W6K0J2840,soccer oversized zip-up hoodie,khaki,F_W_2026,RTW,Ready-to-Wear,Ready-to-Wear,Ready-to-Wear,,false,R049,bal_macro_men_rtw,bal_super_micro_men_coats_and_jackets,2026-07-06,2026-09-28,14,false,,
854330WSFW50926,soccer oversized zip-up hoodie,shiny silver,F_W_2026,RTW,Ready-to-Wear,Ready-to-Wear,Ready-to-Wear,,false,R049,bal_macro_men_rtw,bal_super_micro_men_t_shirts,2026-07-06,2026-09-28,14,false,,
854330WT6Z81000,soccer oversized zip-up hoodie,black,S_S_2026,RTW,Ready-to-Wear,Ready-to-Wear,Ready-to-Wear,,false,R049,bal_macro_men_rtw,bal_super_micro_men_pants,2026-07-06,2026-09-14,12,false,,
8561912110W1000,credit toiletry pouch,black,F_W_2026,LG_SLG,Small Leather Goods,Leather Goods,Small Leather Goods,Small Leather Goods,true,R040,bal_macro_men_slg,bal_super_micro_men_cardholders,2026-07-06,2026-09-28,14,false,,
85619121YVI1000,credit toiletry pouch,black,S_S_2026,LG_SLG,Small Leather Goods,Leather Goods,Small Leather Goods,Small Leather Goods,true,R040,bal_macro_men_slg,bal_super_micro_men_cardholders,2026-07-06,2026-09-28,13,false,,
8561912ALSA9104,credit toiletry pouch,optic white,F_W_2026,LG_SLG,Small Leather Goods,Leather Goods,Small Leather Goods,Small Leather Goods,true,R040,bal_macro_men_slg,bal_super_micro_men_wallets,2026-07-06,2026-07-20,8,false,,
8561914G2MM9020,credit toiletry pouch,cream,F_W_2025/F_W_2026/S_S_2026,LG_SLG,Small Leather Goods,Leather Goods,Small Leather Goods,Small Leather Goods,true,R040,bal_macro_men_slg,bal_super_micro_men_wallets,2026-07-06,2026-09-28,14,false,,
856191T2DEI9104,credit toiletry pouch,optic white,S_S_2026,LG_SLG,Small Leather Goods,Leather Goods,Small Leather Goods,Small Leather Goods,true,R040,bal_macro_men_slg,bal_super_micro_men_wallets,2026-07-06,2026-09-28,13,false,,
856191T74RJ1210,credit toiletry pouch,light grey,F_W_2026,LG_SLG,Small Leather Goods,Leather Goods,Small Leather Goods,Small Leather Goods,true,R040,bal_macro_men_slg,bal_super_micro_men_slg,2026-07-06,2026-09-28,14,false,,
856191TTCXJ0926,credit toiletry pouch,shiny silver,F_W_2026,LG_SLG,Small Leather Goods,Leather Goods,Small Leather Goods,Small Leather Goods,true,R040,bal_macro_men_slg,bal_super_micro_men_cardholders,2026-07-06,2026-09-28,13,false,,
856191TTRG19002,credit toiletry pouch,ivory,F_W_2026,LG_SLG,Small Leather Goods,Leather Goods,Small Leather Goods,Small Leather Goods,true,R040,bal_macro_men_slg,bal_super_micro_men_cardholders,2026-07-06,2026-09-28,14,false,,
856666218I42308,masking tape tracksuit jacket medium fit,light espresso,F_W_2026,RTW,Ready-to-Wear,Ready-to-Wear,Ready-to-Wear,,false,R049,bal_macro_men_rtw,bal_super_micro_men_coats_and_jackets,2026-07-06,2026-09-28,14,false,,
85666621SY80911,masking tape tracksuit jacket medium fit,antique silver,F_W_2026,RTW,Ready-to-Wear,Ready-to-Wear,Ready-to-Wear,,false,R049,bal_macro_men_rtw,bal_super_micro_men_pants,2026-07-06,2026-09-28,15,false,,
8566662AB810127,masking tape tracksuit jacket medium fit,shiny gold,S_S_2026,RTW,Ready-to-Wear,Ready-to-Wear,Ready-to-Wear,,false,R049,bal_macro_men_rtw,bal_super_micro_men_pants,2026-07-06,2026-09-28,13,false,,
8566664GGH30926,masking tape tracksuit jacket medium fit,shiny silver,S_S_2026,RTW,Ready-to-Wear,Ready-to-Wear,Ready-to-Wear,,false,R049,bal_macro_men_rtw,bal_super_micro_men_pants,2026-07-20,2026-09-28,15,false,,
856666TL4IM4011,masking tape tracksuit jacket medium fit,blue,F_W_2026,RTW,Ready-to-Wear,Ready-to-Wear,Ready-to-Wear,,false,R049,bal_macro_men_rtw,bal_super_micro_men_coats_and_jackets,2026-07-06,2026-09-28,13,false,,
856666TTT9H1240,masking tape tracksuit jacket medium fit,grey,F_W_2025/F_W_2026/S_S_2026,RTW,Ready-to-Wear,Ready-to-Wear,Ready-to-Wear,,false,R049,bal_macro_men_rtw,bal_super_micro_men_knitwear,2026-07-06,2026-09-28,13,false,,
856666WRT5J9000,masking tape tracksuit jacket medium fit,white,F_W_2026,RTW,Ready-to-Wear,Ready-to-Wear,Ready-to-Wear,,false,R049,bal_macro_men_rtw,bal_super_micro_men_coats_and_jackets,2026-07-06,2026-09-28,15,false,,
85694321KG61000,nano mini link bracelet,black,F_W_2025,AC_JEWELRY,Jewelry,Accessories,Jewelry,Accessories,true,R030,bal_macro_women_accessories,bal_super_micro_women_belts,2026-07-06,2026-09-28,15,false,,
8569432A0Z50911,nano mini link bracelet,antique silver,F_W_2025/S_S_2026,AC_JEWELRY,Jewelry,Accessories,Jewelry,Accessories,true,R030,bal_macro_women_accessories,bal_super_micro_women_belts,2026-07-06,2026-09-28,13,false,,
8570302AB671090,the door oversized t-shirt,black,F_W_2025,RTW,Ready-to-Wear,Ready-to-Wear,Ready-to-Wear,,false,R049,bal_macro_women_rtw,bal_super_micro_women_pants,2026-07-06,2026-09-28,1,false,,
8570302ABH01000,the door oversized t-shirt,black,F_W_2026,RTW,Ready-to-Wear,Ready-to-Wear,Ready-to-Wear,,false,R049,bal_macro_women_rtw,bal_super_micro_women_t_shirts,2026-07-06,2026-09-28,1,false,,
857030T5Z3P9104,the door oversized t-shirt,optic white,S_S_2026,RTW,Ready-to-Wear,Ready-to-Wear,Ready-to-Wear,,false,R049,bal_macro_women_rtw,bal_super_micro_women_tops_and_shirts,2026-07-06,2026-09-28,14,false,,
857030TMBHG9002,the door oversized t-shirt,ivory,F_W_2026,RTW,Ready-to-Wear,Ready-to-Wear,Ready-to-Wear,,false,R049,bal_macro_women_rtw,bal_super_micro_women_t_shirts,2026-07-06,2026-09-28,15,false,,
857030TTCO30911,the door oversized t-shirt,antique silver,S_S_2025,RTW,Ready-to-Wear,Ready-to-Wear,Ready-to-Wear,,false,R049,bal_macro_women_rtw,bal_super_micro_women_dresses_and_skirts,2026-07-06,2026-09-28,14,false,,
857030W2Y2J1240,the door oversized t-shirt,grey,S_S_2026,RTW,Ready-to-Wear,Ready-to-Wear,Ready-to-Wear,,false,R049,bal_macro_women_rtw,bal_super_micro_women_pants,2026-07-06,2026-09-28,15,false,,
858352T8N060127,le city money long wallet,shiny gold,F_W_2025,LG_SLG,Small Leather Goods,Leather Goods,Small Leather Goods,Small Leather Goods,true,R010,bal_macro_women_slg,bal_super_micro_women_clutches_and_pouches,2026-07-06,2026-09-28,14,false,,
858352TTBLY1041,le city money long wallet,faded black,F_W_2026/S_S_2026,LG_SLG,Small Leather Goods,Leather Goods,Small Leather Goods,Small Leather Goods,true,R010,bal_macro_women_slg,bal_super_micro_women_cardholders,2026-07-06,2026-09-28,15,false,,
858352TTM0W1090,le city money long wallet,black,F_W_2026,LG_SLG,Small Leather Goods,Leather Goods,Small Leather Goods,Small Leather Goods,true,R010,bal_macro_women_slg,bal_super_micro_women_keyrings,2026-07-20,2026-07-20,8,false,,
859181219SJ1000,knife pump,black,S_S_2026,SH_SHOES,Other Shoes,Shoes,Other Shoes,Shoes,true,R043,bal_macro_women_shoes,bal_super_micro_women_mules,2026-07-06,2026-09-28,15,false,,
85918121Y5R9020,knife pump,cream,F_W_2026/S_S_2026,SH_SHOES,Other Shoes,Shoes,Other Shoes,Shoes,true,R043,bal_macro_women_shoes,bal_super_micro_women_mules,2026-07-06,2026-09-28,13,false,,
8591812AB7C3258,knife pump,army green,F_W_2026/S_S_2026/S_S_2027,SH_SNEAKERS,Sneakers,Shoes,Sneakers,Shoes,true,R042,bal_macro_women_shoes,bal_super_micro_women_sneakers,2026-07-06,2026-09-28,11,false,,
8592792AZWF1251,rodeo phone pouch,volcanic rock,F_W_2026/S_S_2026/S_S_2027,LG_SLG,Small Leather Goods,Leather Goods,Small Leather Goods,Small Leather Goods,true,R010,bal_macro_women_slg,bal_super_micro_women_slg,2026-07-06,2026-09-28,10,false,,
8592794GT7H9104,rodeo phone pouch,optic white,F_W_2026,LG_SLG,Small Leather Goods,Leather Goods,Small Leather Goods,Small Leather Goods,true,R010,bal_macro_women_slg,bal_super_micro_women_keyrings,2026-07-06,2026-09-28,15,false,,
859279TO9XU1090,rodeo phone pouch,black,F_W_2026,LG_SLG,Small Leather Goods,Leather Goods,Small Leather Goods,Small Leather Goods,true,R010,bal_macro_women_slg,bal_super_micro_women_wallets,2026-07-27,2026-09-28,1,false,,
859279W880O1210,rodeo phone pouch,light grey,F_W_2026/S_S_2026/S_S_2027,LG_SLG,Small Leather Goods,Leather Goods,Small Leather Goods,Small Leather Goods,true,R010,bal_macro_women_slg,bal_super_micro_women_slg,2026-09-28,2026-09-28,15,false,,
86032321BGQ9020,duchesse mule,cream,F_W_2026,SH_SHOES,Other Shoes,Shoes,Other Shoes,Shoes,true,R043,bal_macro_women_shoes,bal_super_micro_women_pumps,2026-07-06,2026-09-07,13,false,,
860458WVPJ84200,le city bag large,light blue,F_W_2025/S_S_2026,LG_BAGS,Bags,Leather Goods,Bags,Bags,true,R012,bal_macro_men_leather_goods,bal_super_micro_men_small_leather_goods,2026-07-06,2026-09-28,15,false,,
8621672ABNG8122,nano xs stud earrings,silver,S_S_2025,AC_JEWELRY,Jewelry,Accessories,Jewelry,Accessories,true,R030,bal_macro_men_accessories|bal_macro_women_accessories,bal_super_micro_men_sunglasses|bal_super_micro_women_sunglasses,2026-07-06,2026-09-28,14,false,,
862167TTQZF1041,nano xs stud earrings,faded black,S_S_2026,AC_JEWELRY,Jewelry,Accessories,Jewelry,Accessories,true,R030,bal_macro_men_accessories|bal_macro_women_accessories,bal_super_micro_men_jewelry|bal_super_micro_women_jewelry,2026-07-06,2026-09-28,15,false,,
862167TTZOT0926,nano xs stud earrings,shiny silver,S_S_2026,AC_JEWELRY,Jewelry,Accessories,Jewelry,Accessories,true,R030,bal_macro_men_accessories|bal_macro_women_accessories,bal_super_micro_men_keyrings|bal_super_micro_women_keyrings,2026-07-06,2026-09-28,13,false,,
862167WWV204011,nano xs stud earrings,blue,F_W_2026,AC_JEWELRY,Jewelry,Accessories,Jewelry,Accessories,true,R030,bal_macro_men_accessories|bal_macro_women_accessories,bal_super_micro_men_jewelry|bal_super_micro_women_jewelry,2026-07-06,2026-09-28,12,false,,
8629362ABJP8122,clicca belt,silver,S_S_2026,AC_BELTS,Belts,Accessories,Belts,Accessories,true,R035,bal_macro_women_accessories,bal_super_micro_women_other_accessories,2026-07-27,2026-09-28,1,false,,
8629362ABNZ1000,clicca belt,black,F_W_2026,AC_BELTS,Belts,Accessories,Belts,Accessories,true,R035,bal_macro_women_accessories,bal_super_micro_women_keyrings,2026-07-06,2026-09-28,14,false,,
8629362AFAD1210,clicca belt,light grey,F_W_2026,AC_BELTS,Belts,Accessories,Belts,Accessories,true,R035,bal_macro_women_accessories,bal_super_micro_women_keyrings,2026-07-06,2026-09-28,14,false,,
862936TN6CS9104,clicca belt,optic white,S_S_2026,AC_BELTS,Belts,Accessories,Belts,Accessories,true,R035,bal_macro_women_accessories,bal_super_micro_women_belts,2026-07-06,2026-09-28,15,false,,
862936TT8SI1210,clicca belt,light grey,F_W_2026/S_S_2026,AC_BELTS,Belts,Accessories,Belts,Accessories,true,R035,bal_macro_women_accessories,bal_super_micro_women_sunglasses,2026-07-06,2026-09-28,15,false,,
862936TTZPG0911,clicca belt,antique silver,F_W_2026/S_S_2026/S_S_2027,AC_BELTS,Belts,Accessories,Belts,Accessories,true,R035,bal_macro_women_accessories,bal_super_micro_women_keyrings,2026-07-27,2026-09-28,1,false,,
8665422AB2D9104,charm zipped pouch,optic white,S_S_2026,AC_OTHER,Other Accessories,Accessories,Other Accessories,Accessories,true,R011,bal_macro_men_slg,bal_super_micro_men_slg,2026-07-06,2026-09-28,12,false,,
8665424G8ZY1000,charm zipped pouch,black,F_W_2025/F_W_2026/S_S_2026,AC_OTHER,Other Accessories,Accessories,Other Accessories,Accessories,true,R011,bal_macro_men_slg,bal_super_micro_men_slg,2026-07-06,2026-09-28,14,false,,
8666412ABDL2533,atom hoop earrings,camel,S_S_2026,AC_JEWELRY,Jewelry,Accessories,Jewelry,Accessories,true,R030,bal_macro_men_accessories|bal_macro_women_accessories,bal_super_micro_men_sunglasses|bal_super_micro_women_sunglasses,2026-07-06,2026-09-28,13,false,,
8666412ABW31251,atom hoop earrings,volcanic rock,F_W_2026,AC_JEWELRY,Jewelry,Accessories,Jewelry,Accessories,true,R030,bal_macro_men_accessories|bal_macro_women_accessories,bal_super_micro_men_jewelry|bal_super_micro_women_jewelry,2026-07-06,2026-09-28,13,false,,
8666412ABZI9002,atom hoop earrings,ivory,F_W_2026/S_S_2027,AC_JEWELRY,Jewelry,Accessories,Jewelry,Accessories,true,R030,bal_macro_men_accessories|bal_macro_women_accessories,bal_super_micro_men_objects|bal_super_micro_women_objects,2026-07-06,2026-09-28,15,false,,
866641W5KRJ1000,atom hoop earrings,black,F_W_2026,AC_JEWELRY,Jewelry,Accessories,Jewelry,Accessories,true,R030,bal_macro_men_accessories|bal_macro_women_accessories,bal_super_micro_men_objects|bal_super_micro_women_objects,2026-07-06,2026-09-28,11,false,,
86671521G731210,no comment parfum refill,light grey,S_S_2026,BEAUTY,Fragrance & Beauty,Beauty,Fragrance & Beauty,,false,R015,bal_macro_men_beauty|bal_macro_women_beauty,bal_super_micro_men_fragrances|bal_super_micro_women_fragrances,2026-07-06,2026-09-28,14,false,,
86694821ATN1084,b xs earrings,black/multicolor,F_W_2026/S_S_2026/S_S_2027,AC_JEWELRY,Jewelry,Accessories,Jewelry,Accessories,true,R030,bal_macro_women_accessories,bal_super_micro_women_jewelry,2026-07-06,2026-09-28,15,false,,
86694821K6K1000,b xs earrings,black,F_W_2026,AC_JEWELRY,Jewelry,Accessories,Jewelry,Accessories,true,R030,bal_macro_women_accessories,bal_super_micro_women_keyrings,2026-07-06,2026-09-28,11,false,,
8669482ARYY1000,b xs earrings,black,F_W_2026/S_S_2026,AC_JEWELRY,Jewelry,Accessories,Jewelry,Accessories,true,R030,bal_macro_women_accessories,bal_super_micro_women_belts,2026-07-06,2026-09-28,14,false,,
866948W02NE1090,b xs earrings,black/white,F_W_2026,AC_JEWELRY,Jewelry,Accessories,Jewelry,Accessories,true,R030,bal_macro_women_accessories,bal_super_micro_women_keyrings,2026-07-06,2026-09-28,14,false,,
8671922ABIT1210,balenciaga | nba collaboration cash square folded wallet,light grey,S_S_2026,LG_SLG,Small Leather Goods,Leather Goods,Small Leather Goods,Small Leather Goods,true,R010,bal_macro_men_slg,bal_super_micro_men_cardholders,2026-07-06,2026-09-28,14,false,,
86903621RRO9000,le city uptown bag medium,white,F_W_2024/S_S_2025,LG_BAGS,Bags,Leather Goods,Bags,Bags,true,R012,bal_macro_women_leather_goods,bal_super_micro_women_small_leather_goods,2026-07-06,2026-09-28,1,false,,
8690362ABPU2308,le city uptown bag medium,light espresso,S_S_2026,LG_BAGS,Bags,Leather Goods,Bags,Bags,true,R012,bal_macro_women_leather_goods,bal_super_micro_women_handbags,2026-07-06,2026-09-28,13,false,,
8690364G7ZC4200,le city uptown bag medium,light blue,S_S_2026,LG_BAGS,Bags,Leather Goods,Bags,Bags,true,R012,bal_macro_women_leather_goods,bal_super_micro_women_bags,2026-07-06,2026-09-28,15,false,,
86935021KK58122,shopper dust bag crossbody pouch large,silver,S_S_2026,LG_BAGS,Bags,Leather Goods,Bags,Bags,true,R012,bal_macro_men_bags,bal_super_micro_men_crossbody_bags,2026-07-06,2026-09-28,13,false,,
8693502ABN44011,shopper dust bag crossbody pouch large,blue,S_S_2026,LG_BAGS,Bags,Leather Goods,Bags,Bags,true,R012,bal_macro_men_bags,bal_super_micro_men_beltbags,2026-07-13,2026-08-24,14,false,,
87106621E9Y1000,techwear technical socks,black,F_W_2026,AC_EYEWEAR,Eyewear,Accessories,Eyewear,Accessories,true,R046,bal_macro_women_accessories,bal_super_micro_women_sunglasses,2026-07-06,2026-09-28,14,false,,
87106621F2W3258,techwear technical socks,army green,S_S_2026,AC_OTHER,Other Accessories,Accessories,Other Accessories,Accessories,true,R048,bal_macro_women_accessories,bal_super_micro_women_keyrings,2026-07-06,2026-09-28,15,false,,
8710662ABNQ1000,techwear technical socks,black,S_S_2026,AC_JEWELRY,Jewelry,Accessories,Jewelry,Accessories,true,R044,bal_macro_women_accessories,bal_super_micro_women_jewelry,2026-07-06,2026-09-28,14,false,,
8710664GSC49000,techwear technical socks,white,F_W_2026,AC_OTHER,Other Accessories,Accessories,Other Accessories,Accessories,true,R048,bal_macro_women_accessories,bal_super_micro_women_keyrings,2026-07-06,2026-09-28,13,false,,
871066T5DTK1000,techwear technical socks,black,S_S_2026,AC_EYEWEAR,Eyewear,Accessories,Eyewear,Accessories,true,R046,bal_macro_women_accessories,bal_super_micro_women_sunglasses,2026-07-06,2026-09-28,14,false,,
871066TT1BK1251,techwear technical socks,volcanic rock,S_S_2026,AC_BELTS,Belts,Accessories,Belts,Accessories,true,R045,bal_macro_women_accessories,bal_super_micro_women_belts,2026-07-06,2026-09-28,14,false,,
872657T5LG94200,cosmo rectangle sunglasses,light blue,F_W_2026,AC_EYEWEAR,Eyewear,Accessories,Eyewear,Accessories,true,R025,bal_macro_women_eyewear,bal_super_micro_women_sunglasses,2026-07-06,2026-09-28,14,false,,
872824210711240,wool solid tie,grey,S_S_2026,AC_HATS_SCARVES,Hats & Scarves,Accessories,Hats & Scarves,Accessories,true,R047,bal_macro_men_accessories,bal_super_micro_men_caps,2026-07-06,2026-09-28,13,false,,
8728242AB361000,wool solid tie,black,F_W_2026/S_S_2027,AC_BELTS,Belts,Accessories,Belts,Accessories,true,R045,bal_macro_men_accessories,bal_super_micro_men_belts,2026-07-06,2026-09-28,13,false,,
8728244GC7A9002,wool solid tie,ivory,F_W_2026/S_S_2026,AC_BELTS,Belts,Accessories,Belts,Accessories,true,R045,bal_macro_men_accessories,bal_super_micro_men_belts,2026-07-06,2026-09-28,15,false,,
8737652ABL11240,b chain xl earrings,grey,S_S_2026,AC_JEWELRY,Jewelry,Accessories,Jewelry,Accessories,true,R030,bal_macro_women_accessories,bal_super_micro_women_sunglasses,2026-07-06,2026-09-28,14,false,,
8737652ABZV2840,b chain xl earrings,khaki,F_W_2026,AC_JEWELRY,Jewelry,Accessories,Jewelry,Accessories,true,R030,bal_macro_women_accessories,bal_super_micro_women_sunglasses,2026-07-06,2026-09-28,13,false,,
873765T88AM8122,b chain xl earrings,silver,F_W_2024,AC_JEWELRY,Jewelry,Accessories,Jewelry,Accessories,true,R030,bal_macro_women_accessories,bal_super_micro_women_belts,2026-07-06,2026-09-28,10,false,,
873765W2ZE21251,b chain xl earrings,volcanic rock,F_W_2026/S_S_2027,AC_JEWELRY,Jewelry,Accessories,Jewelry,Accessories,true,R030,bal_macro_women_accessories,bal_super_micro_women_keyrings,2026-07-06,2026-09-28,15,false,,
8738792193Y9000,le city bag medium,white,S_S_2026,LG_BAGS,Bags,Leather Goods,Bags,Bags,true,R012,bal_macro_women_bags,bal_super_micro_women_bags,2026-09-07,2026-09-28,13,false,,
87387921LMR0926,le city bag medium,shiny silver,F_W_2026,LG_BAGS,Bags,Leather Goods,Bags,Bags,true,R012,bal_macro_women_bags,bal_super_micro_women_shoulder_bags,2026-07-06,2026-09-28,14,false,,
8738792A2QI4011,le city bag medium,blue,F_W_2026/S_S_2027,LG_BAGS,Bags,Leather Goods,Bags,Bags,true,R012,bal_macro_women_bags,bal_super_micro_women_bags,2026-07-06,2026-09-28,13,false,,
8738792AB9B1090,le city bag medium,black,F_W_2025,LG_BAGS,Bags,Leather Goods,Bags,Bags,true,R012,bal_macro_women_bags,bal_super_micro_women_bags,2026-07-06,2026-07-13,8,false,,
8738792ABM71041,le city bag medium,faded black,F_W_2025,LG_BAGS,Bags,Leather Goods,Bags,Bags,true,R012,bal_macro_women_bags,bal_super_micro_women_clutches_and_pouches,2026-07-06,2026-09-28,14,false,,
8738794GJIL0911,le city bag medium,antique silver,F_W_2025/F_W_2026/S_S_2026,LG_BAGS,Bags,Leather Goods,Bags,Bags,true,R012,bal_macro_women_bags,bal_super_micro_women_handbags,2026-07-06,2026-08-03,14,false,,
873879TSIMN8122,le city bag medium,silver,F_W_2025,LG_BAGS,Bags,Leather Goods,Bags,Bags,true,R012,bal_macro_women_bags,bal_super_micro_women_handbags,2026-07-06,2026-09-28,15,false,,
874360213V92840,speed 2.0 iridescent sneaker,khaki,S_S_2026,SH_SNEAKERS,Sneakers,Shoes,Sneakers,Shoes,true,R020,bal_macro_men_shoes,bal_super_micro_men_sandals,2026-07-06,2026-09-28,14,false,,
87436021D2S2308,speed 2.0 iridescent sneaker,light espresso,F_W_2025,SH_SNEAKERS,Sneakers,Shoes,Sneakers,Shoes,true,R020,bal_macro_men_shoes,bal_super_micro_men_mules_and_loafers,2026-07-06,2026-09-28,14,false,,
87436021DZC9000,speed 2.0 iridescent sneaker,white,S_S_2026,SH_SNEAKERS,Sneakers,Shoes,Sneakers,Shoes,true,R020,bal_macro_men_shoes,bal_super_micro_men_mules_and_loafers,2026-07-06,2026-08-24,16,false,,
87436021IS74200,speed 2.0 iridescent sneaker,light blue,F_W_2026,SH_SNEAKERS,Sneakers,Shoes,Sneakers,Shoes,true,R020,bal_macro_men_shoes,bal_super_micro_men_boots_and_booties,2026-07-06,2026-09-28,15,false,,
8743604G77P2308,speed 2.0 iridescent sneaker,light espresso,F_W_2026,SH_SNEAKERS,Sneakers,Shoes,Sneakers,Shoes,true,R020,bal_macro_men_shoes,bal_super_micro_men_formal_shoes,2026-07-06,2026-09-28,12,false,,
874360W9I0B0926,speed 2.0 iridescent sneaker,shiny silver,S_S_2026,SH_SNEAKERS,Sneakers,Shoes,Sneakers,Shoes,true,R020,bal_macro_men_shoes,bal_super_micro_men_formal_shoes,2026-07-06,2026-09-28,15,false,,
87463021GU18065,bodies cropped puffer,navy,F_W_2026,RTW,Ready-to-Wear,Ready-to-Wear,Ready-to-Wear,,false,R049,bal_macro_women_rtw,bal_super_micro_women_dresses_and_skirts,2026-07-06,2026-09-28,11,false,,
8746302A6RO1000,bodies cropped puffer,black,S_S_2026,RTW,Ready-to-Wear,Ready-to-Wear,Ready-to-Wear,,false,R049,bal_macro_women_rtw,bal_super_micro_women_tops_and_shirts,2026-07-06,2026-09-28,15,false,,
8746302ABM91000,bodies cropped puffer,black,F_W_2026,RTW,Ready-to-Wear,Ready-to-Wear,Ready-to-Wear,,false,R049,bal_macro_women_rtw,bal_super_micro_women_pants,2026-07-06,2026-09-28,12,false,,
8746302AE155723,bodies cropped puffer,petal pink,S_S_2025,RTW,Ready-to-Wear,Ready-to-Wear,Ready-to-Wear,,false,R049,bal_macro_women_rtw,bal_super_micro_women_coats_and_jackets,2026-07-06,2026-08-03,12,false,,
8746304GHGI3258,bodies cropped puffer,army green,F_W_2026,RTW,Ready-to-Wear,Ready-to-Wear,Ready-to-Wear,,false,R049,bal_macro_women_rtw,bal_super_micro_women_dresses_and_skirts,2026-07-06,2026-09-28,13,false,,
87470121F5V1090,skinny tailored pants,black,S_S_2026,RTW,Ready-to-Wear,Ready-to-Wear,Ready-to-Wear,,false,R049,bal_macro_men_rtw,bal_super_micro_men_sweatshirts,2026-07-06,2026-09-28,12,false,,
87470121G054200,skinny tailored pants,light blue,S_S_2026,RTW,Ready-to-Wear,Ready-to-Wear,Ready-to-Wear,,false,R049,bal_macro_men_rtw,bal_super_micro_men_t_shirts,2026-07-06,2026-09-28,15,false,,
87470121Q941000,skinny tailored pants,black,S_S_2026,RTW,Ready-to-Wear,Ready-to-Wear,Ready-to-Wear,,false,R049,bal_macro_men_rtw,bal_super_micro_men_pants,2026-07-06,2026-09-28,14,false,,
8747012ABZ99002,skinny tailored pants,ivory,F_W_2026,RTW,Ready-to-Wear,Ready-to-Wear,Ready-to-Wear,,false,R049,bal_macro_men_rtw,bal_super_micro_men_t_shirts,2026-07-06,2026-09-28,14,false,,
8747012AHMT1251,skinny tailored pants,volcanic rock,F_W_2026,RTW,Ready-to-Wear,Ready-to-Wear,Ready-to-Wear,,false,R049,bal_macro_men_rtw,bal_super_micro_men_knitwear,2026-07-06,2026-09-28,13,false,,
8747014G3PN8122,skinny tailored pants,silver,F_W_2026,RTW,Ready-to-Wear,Ready-to-Wear,Ready-to-Wear,,false,R049,bal_macro_men_rtw,bal_super_micro_men_t_shirts,2026-07-06,2026-08-03,13,false,,
8747014GF3M1210,skinny tailored pants,light grey,F_W_2026,RTW,Ready-to-Wear,Ready-to-Wear,Ready-to-Wear,,false,R049,bal_macro_men_rtw,bal_super_micro_men_sweatshirts,2026-07-06,2026-09-28,14,false,,
874701TBM980127,skinny tailored pants,shiny gold,S_S_2026,RTW,Ready-to-Wear,Ready-to-Wear,Ready-to-Wear,,false,R049,bal_macro_men_rtw,bal_super_micro_men_t_shirts,2026-07-06,2026-09-28,12,false,,
874701TLD0T3258,skinny tailored pants,army green,F_W_2026,RTW,Ready-to-Wear,Ready-to-Wear,Ready-to-Wear,,false,R049,bal_macro_men_rtw,bal_super_micro_men_pants,2026-07-06,2026-09-28,14,false,,
874701TTAOS9104,skinny tailored pants,optic white,F_W_2026,RTW,Ready-to-Wear,Ready-to-Wear,Ready-to-Wear,,false,R049,bal_macro_men_rtw,bal_super_micro_men_sweatshirts,2026-07-06,2026-07-06,7,false,,
874701WONWB8065,skinny tailored pants,navy,F_W_2026,RTW,Ready-to-Wear,Ready-to-Wear,Ready-to-Wear,,false,R049,bal_macro_men_rtw,bal_super_micro_men_pants,2026-07-06,2026-09-28,14,false,,
8750414GAUA1000,le city boston bag large,black,S_S_2026,LG_BAGS,Bags,Leather Goods,Bags,Bags,true,R012,bal_macro_men_leather_goods,bal_super_micro_men_crossbody_bags,2026-07-06,2026-09-28,14,false,,
87546121MAY3258,straight fit pants,army green,S_S_2026,RTW,Ready-to-Wear,Ready-to-Wear,Ready-to-Wear,,false,R049,bal_macro_women_rtw,bal_super_micro_women_pants,2026-07-06,2026-09-28,15,false,,
8754612AB2Q1251,straight fit pants,volcanic rock,F_W_2026,RTW,Ready-to-Wear,Ready-to-Wear,Ready-to-Wear,,false,R049,bal_macro_women_rtw,bal_super_micro_women_dresses_and_skirts,2026-07-06,2026-09-28,11,false,,
8754612ABGN0127,straight fit pants,shiny gold,F_W_2025/S_S_2026,RTW,Ready-to-Wear,Ready-to-Wear,Ready-to-Wear,,false,R049,bal_macro_women_rtw,bal_super_micro_women_coats_and_jackets,2026-08-24,2026-09-07,13,false,,
8754612ABKC1240,straight fit pants,grey,S_S_2025,RTW,Ready-to-Wear,Ready-to-Wear,Ready-to-Wear,,false,R049,bal_macro_women_rtw,bal_super_micro_women_dresses_and_skirts,2026-07-06,2026-09-28,1,false,,
8754612ABLQ4200,straight fit pants,light blue,F_W_2026,RTW,Ready-to-Wear,Ready-to-Wear,Ready-to-Wear,,false,R049,bal_macro_women_rtw,bal_super_micro_women_tops_and_shirts,2026-07-06,2026-09-28,12,false,,
8754612ABXX9020,straight fit pants,cream,S_S_2026,RTW,Ready-to-Wear,Ready-to-Wear,Ready-to-Wear,,false,R049,bal_macro_women_rtw,bal_super_micro_women_tops_and_shirts,2026-07-06,2026-09-28,14,false,,
8754612AJMO4011,straight fit pants,blue,S_S_2026,RTW,Ready-to-Wear,Ready-to-Wear,Ready-to-Wear,,false,R049,bal_macro_women_rtw,bal_super_micro_women_tops_and_shirts,2026-07-06,2026-09-28,15,false,,
8754614G87Y1000,straight fit pants,black,S_S_2026,RTW,Ready-to-Wear,Ready-to-Wear,Ready-to-Wear,,false,R049,bal_macro_women_rtw,bal_super_micro_women_coats_and_jackets,2026-07-06,2026-09-28,15,false,,
875461TT2511000,straight fit pants,black,S_S_2026,RTW,Ready-to-Wear,Ready-to-Wear,Ready-to-Wear,,false,R049,bal_macro_women_rtw,bal_super_micro_women_tops_and_shirts,2026-09-28,2026-09-28,15,false,,
875461TTDDV0127,straight fit pants,shiny gold,F_W_2026,RTW,Ready-to-Wear,Ready-to-Wear,Ready-to-Wear,,false,R049,bal_macro_women_rtw,bal_super_micro_women_pants,2026-07-06,2026-09-28,14,false,,
875461TVOEI2308,straight fit pants,light espresso,F_W_2025/S_S_2026,RTW,Ready-to-Wear,Ready-to-Wear,Ready-to-Wear,,false,R049,bal_macro_women_rtw,bal_super_micro_women_dresses_and_skirts,2026-07-06,2026-09-28,1,false,,
875461WRSHM8122,straight fit pants,silver,F_W_2025,RTW,Ready-to-Wear,Ready-to-Wear,Ready-to-Wear,,false,R049,bal_macro_women_rtw,bal_super_micro_women_t_shirts,2026-07-06,2026-09-28,15,false,,
875461WZP2S1251,straight fit pants,volcanic rock,F_W_2026,RTW,Ready-to-Wear,Ready-to-Wear,Ready-to-Wear,,false,R049,bal_macro_women_rtw,bal_super_micro_women_t_shirts,2026-07-06,2026-09-28,14,false,,
8760242AEGS2308,turbo rectangle sunglasses,light espresso,S_S_2026,AC_EYEWEAR,Eyewear,Accessories,Eyewear,Accessories,true,R025,bal_macro_men_accessories|bal_macro_women_accessories,bal_super_micro_men_hats_and_scarves|bal_super_micro_women_hats_and_scarves,2026-07-06,2026-09-28,13,false,,
876024TTWJN1251,turbo rectangle sunglasses,volcanic rock,F_W_2025,AC_EYEWEAR,Eyewear,Accessories,Eyewear,Accessories,true,R025,bal_macro_men_accessories|bal_macro_women_accessories,bal_super_micro_men_objects|bal_super_micro_women_objects,2026-07-06,2026-09-28,13,false,,
876024W2AL95723,turbo rectangle sunglasses,petal pink,F_W_2025,AC_EYEWEAR,Eyewear,Accessories,Eyewear,Accessories,true,R025,bal_macro_men_accessories|bal_macro_women_accessories,bal_super_micro_men_objects|bal_super_micro_women_objects,2026-07-06,2026-09-28,14,false,,
877113TTIDQ1084,extra parfum refill,black/multicolor,S_S_2026,BEAUTY,Fragrance & Beauty,Beauty,Fragrance & Beauty,,false,R015,bal_macro_men_beauty|bal_macro_women_beauty,bal_super_micro_men_fragrances|bal_super_micro_women_fragrances,2026-07-06,2026-09-28,16,false,,
8783362A8270926,combat strike boot,shiny silver,S_S_2026,SH_SHOES,Other Shoes,Shoes,Other Shoes,Shoes,true,R043,bal_macro_men_shoes,bal_super_micro_men_boots_and_booties,2026-07-06,2026-09-28,13,false,,
878336T0EST1041,combat strike boot,faded black,F_W_2026/S_S_2026,SH_SHOES,Other Shoes,Shoes,Other Shoes,Shoes,true,R043,bal_macro_men_shoes,bal_super_micro_men_formal_shoes,2026-07-06,2026-09-28,14,false,,
878336T4M2Z9020,combat strike boot,cream,S_S_2026,SH_SHOES,Other Shoes,Shoes,Other Shoes,Shoes,true,R043,bal_macro_men_shoes,bal_super_micro_men_formal_shoes,2026-07-27,2026-09-28,15,false,,
8785922148K1000,avenue pump,black,S_S_2026,SH_SHOES,Other Shoes,Shoes,Other Shoes,Shoes,true,R043,bal_macro_women_shoes,bal_super_micro_women_sandals,2026-07-06,2026-09-28,14,false,,
87859221FA21000,avenue pump,black,F_W_2026,SH_SHOES,Other Shoes,Shoes,Other Shoes,Shoes,true,R043,bal_macro_women_shoes,bal_super_micro_women_mules,2026-07-06,2026-09-28,14,false,,
8785924GRV62840,avenue pump,khaki,F_W_2025/F_W_2026/S_S_2026,SH_SHOES,Other Shoes,Shoes,Other Shoes,Shoes,true,R043,bal_macro_women_shoes,bal_super_micro_women_sandals,2026-07-27,2026-09-28,1,false,,
878592TBEAH5723,avenue pump,petal pink,F_W_2025,SH_SHOES,Other Shoes,Shoes,Other Shoes,Shoes,true,R043,bal_macro_women_shoes,bal_super_micro_women_boots_and_booties,2026-09-28,2026-09-28,16,false,,
8793072A59L1000,portofino loafer,black,F_W_2025,SH_SHOES,Other Shoes,Shoes,Other Shoes,Shoes,true,R043,bal_macro_men_shoes,bal_super_micro_men_formal_shoes,2026-07-06,2026-09-28,14,false,,
8793074GOM90127,portofino loafer,shiny gold,F_W_2025,SH_SHOES,Other Shoes,Shoes,Other Shoes,Shoes,true,R043,bal_macro_men_shoes,bal_super_micro_men_formal_shoes,2026-07-06,2026-09-28,14,false,,
879307TPJ7X4200,portofino loafer,light blue,S_S_2026,SH_SHOES,Other Shoes,Shoes,Other Shoes,Shoes,true,R043,bal_macro_men_shoes,bal_super_micro_men_boots_and_booties,2026-07-06,2026-09-28,13,false,,
879307WJOZG8122,portofino loafer,silver,S_S_2026,SH_SHOES,Other Shoes,Shoes,Other Shoes,Shoes,true,R043,bal_macro_men_shoes,bal_super_micro_men_sandals,2026-07-06,2026-09-28,16,false,,
879307WL3CN1000,portofino loafer,black,S_S_2026,SH_SHOES,Other Shoes,Shoes,Other Shoes,Shoes,true,R043,bal_macro_men_shoes,bal_super_micro_men_boots_and_booties,2026-09-14,2026-09-28,13,false,,
88169121JMH9002,max square af sunglasses,ivory,S_S_2026,AC_EYEWEAR,Eyewear,Accessories,Eyewear,Accessories,true,R025,bal_macro_men_accessories|bal_macro_women_accessories,bal_super_micro_men_objects|bal_super_micro_women_objects,2026-07-06,2026-07-13,7,false,,
882680TT5RG0911,daily rectangle sunglasses,antique silver,F_W_2025,AC_EYEWEAR,Eyewear,Accessories,Eyewear,Accessories,true,R025,bal_macro_men_eyewear|bal_macro_women_eyewear,bal_super_micro_men_sunglasses|bal_super_micro_women_sunglasses,2026-07-06,2026-09-28,14,false,,
8837202AB1Q1000,hourglass small flat pouch with flap crocodile embossed,black,F_W_2026/S_S_2027,LG_SLG,Small Leather Goods,Leather Goods,Small Leather Goods,Small Leather Goods,true,R040,bal_macro_women_slg,bal_super_micro_women_wallets,2026-07-06,2026-09-28,14,false,,
883720W1IKV1000,hourglass small flat pouch with flap crocodile embossed,black,S_S_2026,LG_SLG,Small Leather Goods,Leather Goods,Small Leather Goods,Small Leather Goods,true,R040,bal_macro_women_slg,bal_super_micro_women_slg,2026-07-06,2026-09-28,13,false,,
8842372ABW80926,typo metal necklace,shiny silver,F_W_2026,AC_JEWELRY,Jewelry,Accessories,Jewelry,Accessories,true,R030,bal_macro_men_accessories|bal_macro_women_accessories,bal_super_micro_men_objects|bal_super_micro_women_objects,2026-07-06,2026-09-28,14,false,,
884237WCUF49020,typo metal necklace,cream,F_W_2026,AC_JEWELRY,Jewelry,Accessories,Jewelry,Accessories,true,R030,bal_macro_men_accessories|bal_macro_women_accessories,bal_super_micro_men_sunglasses|bal_super_micro_women_sunglasses,2026-07-06,2026-09-28,16,false,,
88445621WO28122,le city square folded wallet,silver,S_S_2026,LG_SLG,Small Leather Goods,Leather Goods,Small Leather Goods,Small Leather Goods,true,R010,bal_macro_men_slg,bal_super_micro_men_cardholders,2026-07-06,2026-09-28,10,false,,
8844562AB381090,le city square folded wallet,black/white,F_W_2025,LG_SLG,Small Leather Goods,Leather Goods,Small Leather Goods,Small Leather Goods,true,R010,bal_macro_men_slg,bal_super_micro_men_slg,2026-07-06,2026-09-28,14,false,,
8844564GWNC1251,le city square folded wallet,volcanic rock,F_W_2024,LG_SLG,Small Leather Goods,Leather Goods,Small Leather Goods,Small Leather Goods,true,R010,bal_macro_men_slg,bal_super_micro_men_keyrings,2026-07-27,2026-09-28,1,false,,
884456W04Y51000,le city square folded wallet,black,F_W_2025/S_S_2026,LG_SLG,Small Leather Goods,Leather Goods,Small Leather Goods,Small Leather Goods,true,R010,bal_macro_men_slg,bal_super_micro_men_other_accessories,2026-09-28,2026-09-28,14,false,,
884456WJDGM1251,le city square folded wallet,volcanic rock,F_W_2025/S_S_2026,LG_SLG,Small Leather Goods,Leather Goods,Small Leather Goods,Small Leather Goods,true,R010,bal_macro_men_slg,bal_super_micro_men_slg,2026-07-06,2026-08-24,14,false,,
885066213PL0926,triple s.2 sneaker,shiny silver,F_W_2025/S_S_2026,SH_SNEAKERS,Sneakers,Shoes,Sneakers,Shoes,true,R020,bal_macro_women_shoes,bal_super_micro_women_pumps,2026-07-06,2026-09-28,14,false,,
8850662AB121000,triple s.2 sneaker,black,S_S_2026,SH_SNEAKERS,Sneakers,Shoes,Sneakers,Shoes,true,R020,bal_macro_women_shoes,bal_super_micro_women_mules,2026-08-17,2026-09-28,14,false,,
8850662ARRG8065,triple s.2 sneaker,navy,F_W_2025,SH_SNEAKERS,Sneakers,Shoes,Sneakers,Shoes,true,R020,bal_macro_women_shoes,bal_super_micro_women_mules,2026-09-21,2026-09-28,14,false,,
8850664GYMU3258,triple s.2 sneaker,army green,F_W_2026/S_S_2026,SH_SNEAKERS,Sneakers,Shoes,Sneakers,Shoes,true,R020,bal_macro_women_shoes,bal_super_micro_women_pumps,2026-07-06,2026-09-28,13,false,,
8863144G5AR8065,superbusy square folded wallet,navy,F_W_2025/S_S_2026,LG_SLG,Small Leather Goods,Leather Goods,Small Leather Goods,Small Leather Goods,true,R010,bal_macro_men_slg,bal_super_micro_men_wallets,2026-07-06,2026-09-28,13,false,,
886314TRWKN1090,superbusy square folded wallet,black/white,F_W_2026,LG_SLG,Small Leather Goods,Leather Goods,Small Leather Goods,Small Leather Goods,true,R010,bal_macro_men_slg,bal_super_micro_men_keyrings,2026-07-06,2026-09-28,14,false,,
886314TT7F98122,superbusy square folded wallet,silver,S_S_2026,LG_SLG,Small Leather Goods,Leather Goods,Small Leather Goods,Small Leather Goods,true,R010,bal_macro_men_slg,bal_super_micro_men_wallets,2026-07-06,2026-09-28,15,false,,
8865332ABB18065,minimal fluid pants,navy,F_W_2026,RTW,Ready-to-Wear,Ready-to-Wear,Ready-to-Wear,,false,R049,bal_macro_women_rtw,bal_super_micro_women_pants,2026-07-06,2026-09-28,15,false,,
8865332ABJH8122,minimal fluid pants,silver,S_S_2026,RTW,Ready-to-Wear,Ready-to-Wear,Ready-to-Wear,,false,R049,bal_macro_women_rtw,bal_super_micro_women_dresses_and_skirts,2026-07-06,2026-09-28,13,false,,
8865332AEDP5723,minimal fluid pants,petal pink,F_W_2025,RTW,Ready-to-Wear,Ready-to-Wear,Ready-to-Wear,,false,R049,bal_macro_women_rtw,bal_super_micro_women_tops_and_shirts,2026-07-06,2026-09-28,15,false,,
8865334GDD29002,minimal fluid pants,ivory,S_S_2026,RTW,Ready-to-Wear,Ready-to-Wear,Ready-to-Wear,,false,R049,bal_macro_women_rtw,bal_super_micro_women_tops_and_shirts,2026-07-06,2026-09-28,13,false,,
886533TGN0M9002,minimal fluid pants,ivory,F_W_2026,RTW,Ready-to-Wear,Ready-to-Wear,Ready-to-Wear,,false,R049,bal_macro_women_rtw,bal_super_micro_women_tops_and_shirts,2026-07-06,2026-09-28,13,false,,
886533TTTMH0926,minimal fluid pants,shiny silver,F_W_2026,RTW,Ready-to-Wear,Ready-to-Wear,Ready-to-Wear,,false,R049,bal_macro_women_rtw,bal_super_micro_women_dresses_and_skirts,2026-07-27,2026-09-28,1,false,,
8872612AB144200,le city uptown card holder,light blue,F_W_2026,LG_SLG,Small Leather Goods,Leather Goods,Small Leather Goods,Small Leather Goods,true,R010,bal_macro_men_slg,bal_super_micro_men_slg,2026-07-06,2026-09-28,14,false,,
888240214TG5723,credit vertical folded card holder,petal pink,F_W_2025/S_S_2026,LG_SLG,Small Leather Goods,Leather Goods,Small Leather Goods,Small Leather Goods,true,R010,bal_macro_men_slg,bal_super_micro_men_keyrings,2026-07-06,2026-09-28,15,false,,
888240TTFJ59020,credit vertical folded card holder,cream,S_S_2026,LG_SLG,Small Leather Goods,Leather Goods,Small Leather Goods,Small Leather Goods,true,R010,bal_macro_men_slg,bal_super_micro_men_keyrings,2026-07-06,2026-09-28,12,false,,
888240TTFRH4200,credit vertical folded card holder,light blue,F_W_2025,LG_SLG,Small Leather Goods,Leather Goods,Small Leather Goods,Small Leather Goods,true,R010,bal_macro_men_slg,bal_super_micro_men_wallets,2026-07-27,2026-09-28,14,false,,
8894794GSAU1000,tag 2.0 navigator sunglasses,black,F_W_2024/S_S_2025,AC_EYEWEAR,Eyewear,Accessories,Eyewear,Accessories,true,R025,bal_macro_men_eyewear|bal_macro_women_eyewear,bal_super_micro_men_sunglasses|bal_super_micro_women_sunglasses,2026-07-06,2026-09-28,15,false,,
889479TJMT20911,tag 2.0 navigator sunglasses,antique silver,F_W_2026/S_S_2026/S_S_2027,AC_EYEWEAR,Eyewear,Accessories,Eyewear,Accessories,true,R025,bal_macro_men_eyewear|bal_macro_women_eyewear,bal_super_micro_men_sunglasses|bal_super_micro_women_sunglasses,2026-07-06,2026-09-28,1,false,,
8899372ABIK1084,eisa ring,black/multicolor,F_W_2024/S_S_2025,AC_JEWELRY,Jewelry,Accessories,Jewelry,Accessories,true,R030,bal_macro_men_accessories|bal_macro_women_accessories,bal_super_micro_men_jewelry|bal_super_micro_women_jewelry,2026-07-06,2026-09-28,14,false,,
8899372AFP49002,eisa ring,ivory,S_S_2026,AC_JEWELRY,Jewelry,Accessories,Jewelry,Accessories,true,R030,bal_macro_men_accessories|bal_macro_women_accessories,bal_super_micro_men_jewelry|bal_super_micro_women_jewelry,2026-07-27,2026-09-28,1,false,,
8899372AM742840,eisa ring,khaki,F_W_2025,AC_JEWELRY,Jewelry,Accessories,Jewelry,Accessories,true,R030,bal_macro_men_accessories|bal_macro_women_accessories,bal_super_micro_men_hats_and_scarves|bal_super_micro_women_hats_and_scarves,2026-07-06,2026-09-28,15,false,,
8902582ABVL1251,rodeo handbag xl,volcanic rock,S_S_2026,LG_BAGS,Bags,Leather Goods,Bags,Bags,true,R012,bal_macro_men_bags,bal_super_micro_men_backpacks,2026-07-06,2026-09-28,14,false,,
89108521JKU1000,carcoat jacket,black,F_W_2025,RTW,Ready-to-Wear,Ready-to-Wear,Ready-to-Wear,,false,R049,bal_macro_men_rtw,bal_super_micro_men_t_shirts,2026-07-27,2026-09-28,1,false,,
8910852ABQP0911,carcoat jacket,antique silver,F_W_2026/S_S_2026,RTW,Ready-to-Wear,Ready-to-Wear,Ready-to-Wear,,false,R049,bal_macro_men_rtw,bal_super_micro_men_knitwear,2026-07-06,2026-09-28,14,false,,
891085TC67O2308,carcoat jacket,light espresso,F_W_2026,RTW,Ready-to-Wear,Ready-to-Wear,Ready-to-Wear,,false,R049,bal_macro_men_rtw,bal_super_micro_men_coats_and_jackets,2026-07-06,2026-09-28,13,false,,
891085TNC3Y9020,carcoat jacket,cream,S_S_2026,RTW,Ready-to-Wear,Ready-to-Wear,Ready-to-Wear,,false,R049,bal_macro_men_rtw,bal_super_micro_men_knitwear,2026-07-06,2026-09-28,15,false,,
891085TTSTG4011,carcoat jacket,blue,S_S_2026,RTW,Ready-to-Wear,Ready-to-Wear,Ready-to-Wear,,false,R049,bal_macro_men_rtw,bal_super_micro_men_t_shirts,2026-07-06,2026-09-28,15,false,,
8919862AB0Q9000,no comment parfum,white,F_W_2026,BEAUTY,Fragrance & Beauty,Beauty,Fragrance & Beauty,,false,R015,bal_macro_men_beauty|bal_macro_women_beauty,bal_super_micro_men_fragrances|bal_super_micro_women_fragrances,2026-07-06,2026-09-28,12,false,,
89310521G2W1240,rodeo handbag mini,grey,S_S_2026,LG_BAGS,Bags,Leather Goods,Bags,Bags,true,R012,bal_macro_women_bags,bal_super_micro_women_shoulder_bags,2026-07-06,2026-09-28,13,false,,
89310521IZ84011,rodeo handbag mini,blue,F_W_2025/S_S_2026,LG_BAGS,Bags,Leather Goods,Bags,Bags,true,R012,bal_macro_women_bags,bal_super_micro_women_clutches_and_pouches,2026-08-24,2026-09-28,1,false,,
89310521KQS1251,rodeo handbag mini,volcanic rock,F_W_2026,LG_BAGS,Bags,Leather Goods,Bags,Bags,true,R012,bal_macro_women_bags,bal_super_micro_women_bags,2026-07-06,2026-09-28,14,false,,
8931052A3PL2533,rodeo handbag mini,camel,F_W_2026,LG_BAGS,Bags,Leather Goods,Bags,Bags,true,R012,bal_macro_women_bags,bal_super_micro_women_shoulder_bags,2026-07-06,2026-09-28,12,false,,
893105TTXTD1240,rodeo handbag mini,grey,S_S_2026,LG_BAGS,Bags,Leather Goods,Bags,Bags,true,R012,bal_macro_women_bags,bal_super_micro_women_bags,2026-07-06,2026-09-28,14,false,,
89380621EAN5723,diy balenciaga back regular fit zip-up hoodie,petal pink,F_W_2026,RTW,Ready-to-Wear,Ready-to-Wear,Ready-to-Wear,,false,R049,bal_macro_men_rtw,bal_super_micro_men_sweatshirts,2026-07-06,2026-09-28,14,false,,
8938064G0849104,diy balenciaga back regular fit zip-up hoodie,optic white,S_S_2026,RTW,Ready-to-Wear,Ready-to-Wear,Ready-to-Wear,,false,R049,bal_macro_men_rtw,bal_super_micro_men_pants,2026-07-06,2026-09-28,14,false,,
8938064G8JJ2308,diy balenciaga back regular fit zip-up hoodie,light espresso,S_S_2026,RTW,Ready-to-Wear,Ready-to-Wear,Ready-to-Wear,,false,R049,bal_macro_men_rtw,bal_super_micro_men_knitwear,2026-07-06,2026-09-28,15,false,,
893806THFX99000,diy balenciaga back regular fit zip-up hoodie,white,F_W_2026,RTW,Ready-to-Wear,Ready-to-Wear,Ready-to-Wear,,false,R049,bal_macro_men_rtw,bal_super_micro_men_coats_and_jackets,2026-07-06,2026-09-28,15,false,,
893806TJB9U9104,diy balenciaga back regular fit zip-up hoodie,optic white,F_W_2025/F_W_2026/S_S_2026,RTW,Ready-to-Wear,Ready-to-Wear,Ready-to-Wear,,false,R049,bal_macro_men_rtw,bal_super_micro_men_coats_and_jackets,2026-07-06,2026-09-28,15,false,,
893806TT7C21084,diy balenciaga back regular fit zip-up hoodie,black/multicolor,F_W_2025,RTW,Ready-to-Wear,Ready-to-Wear,Ready-to-Wear,,false,R049,bal_macro_men_rtw,bal_super_micro_men_coats_and_jackets,2026-09-21,2026-09-28,15,false,,
893806TTCPW4011,diy balenciaga back regular fit zip-up hoodie,blue,S_S_2026,RTW,Ready-to-Wear,Ready-to-Wear,Ready-to-Wear,,false,R049,bal_macro_men_rtw,bal_super_micro_men_coats_and_jackets,2026-07-06,2026-09-28,13,false,,
893806TTQ2V1210,diy balenciaga back regular fit zip-up hoodie,light grey,F_W_2025/F_W_2026/S_S_2026,RTW,Ready-to-Wear,Ready-to-Wear,Ready-to-Wear,,false,R049,bal_macro_men_rtw,bal_super_micro_men_pants,2026-07-06,2026-09-28,15,false,,
893806W28K81000,diy balenciaga back regular fit zip-up hoodie,black,F_W_2026,RTW,Ready-to-Wear,Ready-to-Wear,Ready-to-Wear,,false,R049,bal_macro_men_rtw,bal_super_micro_men_coats_and_jackets,2026-07-06,2026-09-28,15,false,,
8945912AEYF1090,hourglass wallet on chain,black/white,F_W_2025,LG_SLG,Small Leather Goods,Leather Goods,Small Leather Goods,Small Leather Goods,true,R010,bal_macro_women_leather_goods,bal_super_micro_women_handbags,2026-07-06,2026-09-28,15,false,,
8945912AHW24200,hourglass wallet on chain,light blue,S_S_2025,LG_SLG,Small Leather Goods,Leather Goods,Small Leather Goods,Small Leather Goods,true,R010,bal_macro_women_leather_goods,bal_super_micro_women_small_leather_goods,2026-07-06,2026-09-28,13,false,,
894591TTFLA4200,hourglass wallet on chain,light blue,F_W_2025/F_W_2026/S_S_2026,LG_SLG,Small Leather Goods,Leather Goods,Small Leather Goods,Small Leather Goods,true,R010,bal_macro_women_leather_goods,bal_super_micro_women_bags,2026-07-06,2026-09-28,15,false,,
894919218UH1240,rodeo handbag medium grained calfskin,grey,S_S_2025,LG_BAGS,Bags,Leather Goods,Bags,Bags,true,R012,bal_macro_women_bags,bal_super_micro_women_shoulder_bags,2026-07-06,2026-09-28,13,false,,
894919W7KYF4200,rodeo handbag medium grained calfskin,light blue,F_W_2025,LG_BAGS,Bags,Leather Goods,Bags,Bags,true,R012,bal_macro_women_bags,bal_super_micro_women_tote_bags,2026-07-06,2026-09-28,14,false,,
89504321IWB1084,hourglass handbag xs,black/multicolor,F_W_2026,LG_BAGS,Bags,Leather Goods,Bags,Bags,true,R012,bal_macro_women_bags,bal_super_micro_women_bags,2026-07-06,2026-09-28,15,false,,
8950432ATN89104,hourglass handbag xs,optic white,F_W_2025,LG_BAGS,Bags,Leather Goods,Bags,Bags,true,R012,bal_macro_women_bags,bal_super_micro_women_tote_bags,2026-07-06,2026-09-28,14,false,,
895043TTYCV1000,hourglass handbag xs,black,S_S_2026,LG_BAGS,Bags,Leather Goods,Bags,Bags,true,R012,bal_macro_women_bags,bal_super_micro_women_shoulder_bags,2026-07-06,2026-09-28,15,false,,
895043WA6731000,hourglass handbag xs,black,F_W_2026,LG_BAGS,Bags,Leather Goods,Bags,Bags,true,R012,bal_macro_women_bags,bal_super_micro_women_shoulder_bags,2026-07-06,2026-09-28,13,false,,
895043WGL148122,hourglass handbag xs,silver,F_W_2025,LG_BAGS,Bags,Leather Goods,Bags,Bags,true,R012,bal_macro_women_bags,bal_super_micro_women_handbags,2026-07-06,2026-09-28,13,false,,
895694W5THT2840,atom ear cuff,khaki,F_W_2026,AC_JEWELRY,Jewelry,Accessories,Jewelry,Accessories,true,R030,bal_macro_men_accessories|bal_macro_women_accessories,bal_super_micro_men_objects|bal_super_micro_women_objects,2026-07-06,2026-09-28,15,false,,
89677421U601251,nano d-frame sunglasses,volcanic rock,S_S_2025,AC_EYEWEAR,Eyewear,Accessories,Eyewear,Accessories,true,R025,bal_macro_women_eyewear,bal_super_micro_women_sunglasses,2026-07-06,2026-09-28,13,false,,
896774WL8MH1000,nano d-frame sunglasses,black,F_W_2025/S_S_2026,AC_EYEWEAR,Eyewear,Accessories,Eyewear,Accessories,true,R025,bal_macro_women_eyewear,bal_super_micro_women_sunglasses,2026-07-06,2026-09-28,15,false,,
896900216FX5723,avenue bow sandal,petal pink,S_S_2026,SH_SHOES,Other Shoes,Shoes,Other Shoes,Shoes,true,R043,bal_macro_women_shoes,bal_super_micro_women_boots_and_booties,2026-07-06,2026-09-28,13,false,,
89690021IOL1210,avenue bow sandal,light grey,S_S_2026,SH_SNEAKERS,Sneakers,Shoes,Sneakers,Shoes,true,R042,bal_macro_women_shoes,bal_super_micro_women_sneakers,2026-07-06,2026-09-28,15,false,,
8969002ABYY1000,avenue bow sandal,black,F_W_2026/S_S_2027,SH_SHOES,Other Shoes,Shoes,Other Shoes,Shoes,true,R043,bal_macro_women_shoes,bal_super_micro_women_mules,2026-07-06,2026-09-28,16,false,,
8969004GKNM1000,avenue bow sandal,black,S_S_2026,SH_SNEAKERS,Sneakers,Shoes,Sneakers,Shoes,true,R042,bal_macro_women_shoes,bal_super_micro_women_sneakers,2026-07-06,2026-09-28,13,false,,
8969004GLD92533,avenue bow sandal,camel,F_W_2026,SH_SHOES,Other Shoes,Shoes,Other Shoes,Shoes,true,R043,bal_macro_women_shoes,bal_super_micro_women_pumps,2026-07-06,2026-09-28,13,false,,
896900TEVEN1000,avenue bow sandal,black,F_W_2026,SH_SHOES,Other Shoes,Shoes,Other Shoes,Shoes,true,R043,bal_macro_women_shoes,bal_super_micro_women_pumps,2026-07-06,2026-09-28,12,false,,
896900TN19L2533,avenue bow sandal,camel,F_W_2025/F_W_2026/S_S_2026,SH_SHOES,Other Shoes,Shoes,Other Shoes,Shoes,true,R043,bal_macro_women_shoes,bal_super_micro_women_boots_and_booties,2026-08-31,2026-09-28,14,false,,
896900TTJN79000,avenue bow sandal,white,S_S_2026,SH_SHOES,Other Shoes,Shoes,Other Shoes,Shoes,true,R043,bal_macro_women_shoes,bal_super_micro_women_pumps,2026-07-06,2026-09-28,15,false,,
8980322ABXL9000,debossed logo belt,white,F_W_2025/S_S_2026,AC_BELTS,Belts,Accessories,Belts,Accessories,true,R035,bal_macro_men_accessories,bal_super_micro_men_hats_and_scarves,2026-07-06,2026-09-28,13,false,,
898032T8LKV9000,debossed logo belt,white,F_W_2026,AC_BELTS,Belts,Accessories,Belts,Accessories,true,R035,bal_macro_men_accessories,bal_super_micro_men_hats_and_scarves,2026-07-06,2026-09-28,14,false,,
898032TT2N00926,debossed logo belt,shiny silver,S_S_2026,AC_BELTS,Belts,Accessories,Belts,Accessories,true,R035,bal_macro_men_accessories,bal_super_micro_men_belts,2026-07-06,2026-09-28,14,false,,
898032WQW7A1000,debossed logo belt,black,S_S_2025,AC_BELTS,Belts,Accessories,Belts,Accessories,true,R035,bal_macro_men_accessories,bal_super_micro_men_hats_and_scarves,2026-09-21,2026-09-28,15,false,,
898575TQZMS5723,le city charm eiffel,petal pink,S_S_2026,AC_OTHER,Other Accessories,Accessories,Other Accessories,Accessories,true,R011,bal_macro_men_accessories|bal_macro_women_accessories,bal_super_micro_men_sunglasses|bal_super_micro_women_sunglasses,2026-07-06,2026-09-28,14,false,,
898575TTE5Y4011,le city charm eiffel,blue,F_W_2025,AC_OTHER,Other Accessories,Accessories,Other Accessories,Accessories,true,R011,bal_macro_men_accessories|bal_macro_women_accessories,bal_super_micro_men_objects|bal_super_micro_women_objects,2026-07-06,2026-09-28,15,false,,
A00J7K2ABJO0926,superbusy sling bag small,shiny silver,S_S_2026,LG_BAGS,Bags,Leather Goods,Bags,Bags,true,R012,bal_macro_men_bags,bal_super_micro_men_bags,2026-07-06,2026-09-28,14,false,,
A00J7KTT7PD1251,superbusy sling bag small,volcanic rock,S_S_2026,LG_BAGS,Bags,Leather Goods,Bags,Bags,true,R012,bal_macro_men_bags,bal_super_micro_men_backpacks,2026-07-06,2026-09-28,15,false,,
A00OYW21T811000,loop xxs earrings,black,F_W_2026,AC_JEWELRY,Jewelry,Accessories,Jewelry,Accessories,true,R030,bal_macro_women_accessories,bal_super_micro_women_other_accessories,2026-07-06,2026-09-28,15,false,,
A00OYW2AB0V9002,loop xxs earrings,ivory,F_W_2025/S_S_2026,AC_JEWELRY,Jewelry,Accessories,Jewelry,Accessories,true,R030,bal_macro_women_accessories,bal_super_micro_women_sunglasses,2026-07-06,2026-09-28,14,false,,
A00OYW4G62N1240,loop xxs earrings,grey,F_W_2025/F_W_2026/S_S_2026,AC_JEWELRY,Jewelry,Accessories,Jewelry,Accessories,true,R030,bal_macro_women_accessories,bal_super_micro_women_jewelry,2026-07-06,2026-09-28,12,false,,
A00OYWTLSE18122,loop xxs earrings,silver,F_W_2026,AC_JEWELRY,Jewelry,Accessories,Jewelry,Accessories,true,R030,bal_macro_women_accessories,bal_super_micro_women_jewelry,2026-07-20,2026-09-28,12,false,,
A00OYWTTSRX9020,loop xxs earrings,cream,S_S_2026,AC_JEWELRY,Jewelry,Accessories,Jewelry,Accessories,true,R030,bal_macro_women_accessories,bal_super_micro_women_other_accessories,2026-07-06,2026-09-28,14,false,,
A00OYWW4QGJ9002,loop xxs earrings,ivory,S_S_2026,AC_JEWELRY,Jewelry,Accessories,Jewelry,Accessories,true,R030,bal_macro_women_accessories,bal_super_micro_women_sunglasses,2026-07-06,2026-09-28,14,false,,
A042712ABQZ9020,le city first bag,cream,S_S_2026,LG_BAGS,Bags,Leather Goods,Bags,Bags,true,R012,bal_macro_women_bags,bal_super_micro_women_shoulder_bags,2026-07-06,2026-09-28,14,false,,
A042712AMT61210,le city first bag,light grey,F_W_2026,LG_BAGS,Bags,Leather Goods,Bags,Bags,true,R012,bal_macro_women_bags,bal_super_micro_women_clutches_and_pouches,2026-07-06,2026-09-28,16,false,,
A05BRS210PL1041,large tailored pants,faded black,F_W_2025,RTW,Ready-to-Wear,Ready-to-Wear,Ready-to-Wear,,false,R049,bal_macro_men_rtw,bal_super_micro_men_pants,2026-07-06,2026-07-20,8,false,,
A05BRS2A1LQ4200,large tailored pants,light blue,S_S_2026,RTW,Ready-to-Wear,Ready-to-Wear,Ready-to-Wear,,false,R049,bal_macro_men_rtw,bal_super_micro_men_knitwear,2026-08-17,2026-09-28,12,false,,
A05BRS4G60G4011,large tailored pants,blue,S_S_2026,RTW,Ready-to-Wear,Ready-to-Wear,Ready-to-Wear,,false,R049,bal_macro_men_rtw,bal_super_micro_men_t_shirts,2026-07-06,2026-09-28,15,false,,
A05BRS4GF7F2533,large tailored pants,camel,F_W_2025,RTW,Ready-to-Wear,Ready-to-Wear,Ready-to-Wear,,false,R049,bal_macro_men_rtw,bal_super_micro_men_knitwear,2026-07-06,2026-09-28,14,false,,
A05BRS4GSEN0926,large tailored pants,shiny silver,F_W_2025,RTW,Ready-to-Wear,Ready-to-Wear,Ready-to-Wear,,false,R049,bal_macro_men_rtw,bal_super_micro_men_t_shirts,2026-07-06,2026-09-28,15,false,,
A05BRSTMFYR1000,large tailored pants,black,S_S_2026,RTW,Ready-to-Wear,Ready-to-Wear,Ready-to-Wear,,false,R049,bal_macro_men_rtw,bal_super_micro_men_coats_and_jackets,2026-07-06,2026-08-03,15,false,,
A05BRSTTUCJ5723,large tailored pants,petal pink,S_S_2026,RTW,Ready-to-Wear,Ready-to-Wear,Ready-to-Wear,,false,R049,bal_macro_men_rtw,bal_super_micro_men_coats_and_jackets,2026-07-06,2026-09-28,15,false,,
A05BRSWB51I1240,large tailored pants,grey,S_S_2026,RTW,Ready-to-Wear,Ready-to-Wear,Ready-to-Wear,,false,R049,bal_macro_men_rtw,bal_super_micro_men_t_shirts,2026-08-03,2026-09-28,14,false,,
A05BRSWXKJS1041,large tailored pants,faded black,F_W_2026,RTW,Ready-to-Wear,Ready-to-Wear,Ready-to-Wear,,false,R049,bal_macro_men_rtw,bal_super_micro_men_knitwear,2026-07-06,2026-09-28,14,false,,
A05K8B2ASBF4200,rodeo wallet on chain,light blue,S_S_2026,LG_SLG,Small Leather Goods,Leather Goods,Small Leather Goods,Small Leather Goods,true,R010,bal_macro_women_slg,bal_super_micro_women_cardholders,2026-07-06,2026-09-28,15,false,,
A05K8B2AX991000,rodeo wallet on chain,black,S_S_2026,LG_SLG,Small Leather Goods,Leather Goods,Small Leather Goods,Small Leather Goods,true,R010,bal_macro_women_slg,bal_super_micro_women_keyrings,2026-07-27,2026-09-28,1,false,,
A05K8B4GB691210,rodeo wallet on chain,light grey,F_W_2025,LG_SLG,Small Leather Goods,Leather Goods,Small Leather Goods,Small Leather Goods,true,R010,bal_macro_women_slg,bal_super_micro_women_clutches_and_pouches,2026-07-06,2026-09-28,13,false,,
A05K8BTJ0TE9002,rodeo wallet on chain,ivory,S_S_2026,LG_SLG,Small Leather Goods,Leather Goods,Small Leather Goods,Small Leather Goods,true,R010,bal_macro_women_slg,bal_super_micro_women_cardholders,2026-07-06,2026-09-28,15,false,,
A05K8BTSM663258,rodeo wallet on chain,army green,S_S_2025,LG_SLG,Small Leather Goods,Leather Goods,Small Leather Goods,Small Leather Goods,true,R010,bal_macro_women_slg,bal_super_micro_women_cardholders,2026-07-06,2026-09-28,16,false,,
A05K8BTTMMU9104,rodeo wallet on chain,optic white,S_S_2026,LG_SLG,Small Leather Goods,Leather Goods,Small Leather Goods,Small Leather Goods,true,R010,bal_macro_women_slg,bal_super_micro_women_keyrings,2026-07-06,2026-09-28,14,false,,
A064YD4GOOO0926,le city card holder,shiny silver,F_W_2025/S_S_2026,LG_SLG,Small Leather Goods,Leather Goods,Small Leather Goods,Small Leather Goods,true,R010,bal_macro_women_slg,bal_super_micro_women_keyrings,2026-07-06,2026-09-28,10,false,,
A064YD4GQIW1000,le city card holder,black,F_W_2026/S_S_2026/S_S_2027,LG_SLG,Small Leather Goods,Leather Goods,Small Leather Goods,Small Leather Goods,true,R010,bal_macro_women_slg,bal_super_micro_women_keyrings,2026-07-06,2026-09-28,15,true,HERO-07,Le City Card Holder (black)
A064YDTKNEL3258,le city card holder,army green,F_W_2026,LG_SLG,Small Leather Goods,Leather Goods,Small Leather Goods,Small Leather Goods,true,R010,bal_macro_women_slg,bal_super_micro_women_slg,2026-07-06,2026-09-28,15,false,,
A064YDTTENX9002,le city card holder,ivory,S_S_2026,LG_SLG,Small Leather Goods,Leather Goods,Small Leather Goods,Small Leather Goods,true,R010,bal_macro_women_slg,bal_super_micro_women_slg,2026-07-06,2026-09-28,14,false,,
A06IG921IN39020,fitted bustier top,cream,F_W_2026,RTW,Ready-to-Wear,Ready-to-Wear,Ready-to-Wear,,false,R049,bal_macro_women_rtw,bal_super_micro_women_pants,2026-07-06,2026-07-06,7,false,,
A06IG92A6GH2308,fitted bustier top,light espresso,F_W_2025/S_S_2026,RTW,Ready-to-Wear,Ready-to-Wear,Ready-to-Wear,,false,R049,bal_macro_women_rtw,bal_super_micro_women_tops_and_shirts,2026-07-06,2026-09-28,14,false,,
A06IG92ABRP5723,fitted bustier top,petal pink,F_W_2025/S_S_2026,RTW,Ready-to-Wear,Ready-to-Wear,Ready-to-Wear,,false,R049,bal_macro_women_rtw,bal_super_micro_women_tops_and_shirts,2026-07-06,2026-09-28,14,false,,
A06IG92AHWK5723,fitted bustier top,petal pink,S_S_2026,RTW,Ready-to-Wear,Ready-to-Wear,Ready-to-Wear,,false,R049,bal_macro_women_rtw,bal_super_micro_women_t_shirts,2026-07-06,2026-09-28,14,false,,
A06IG94GJLL1090,fitted bustier top,black/white,S_S_2026,RTW,Ready-to-Wear,Ready-to-Wear,Ready-to-Wear,,false,R049,bal_macro_women_rtw,bal_super_micro_women_t_shirts,2026-07-06,2026-09-28,14,false,,
A06IG94GJQZ1240,fitted bustier top,grey,F_W_2026,RTW,Ready-to-Wear,Ready-to-Wear,Ready-to-Wear,,false,R049,bal_macro_women_rtw,bal_super_micro_women_t_shirts,2026-07-06,2026-09-28,14,false,,
A06IG94GRXZ0911,fitted bustier top,antique silver,S_S_2026,RTW,Ready-to-Wear,Ready-to-Wear,Ready-to-Wear,,false,R049,bal_macro_women_rtw,bal_super_micro_women_t_shirts,2026-07-06,2026-09-28,15,false,,
A06IG9TTJM90127,fitted bustier top,shiny gold,F_W_2026,RTW,Ready-to-Wear,Ready-to-Wear,Ready-to-Wear,,false,R049,bal_macro_women_rtw,bal_super_micro_women_dresses_and_skirts,2026-07-06,2026-09-28,13,false,,
A06IG9TYEEB9104,fitted bustier top,optic white,S_S_2026,RTW,Ready-to-Wear,Ready-to-Wear,Ready-to-Wear,,false,R049,bal_macro_women_rtw,bal_super_micro_women_dresses_and_skirts,2026-07-06,2026-09-28,15,false,,
A06IG9W4H7M9000,fitted bustier top,white,F_W_2026,RTW,Ready-to-Wear,Ready-to-Wear,Ready-to-Wear,,false,R049,bal_macro_women_rtw,bal_super_micro_women_tops_and_shirts,2026-07-06,2026-09-28,14,false,,
A06IG9WEUM29020,fitted bustier top,cream,S_S_2025,RTW,Ready-to-Wear,Ready-to-Wear,Ready-to-Wear,,false,R049,bal_macro_women_rtw,bal_super_micro_women_tops_and_shirts,2026-07-06,2026-09-28,15,false,,
A06RN2216DW1084,le city moto bag mini,black/multicolor,F_W_2025,LG_BAGS,Bags,Leather Goods,Bags,Bags,true,R012,bal_macro_women_leather_goods,bal_super_micro_women_bags,2026-07-06,2026-09-28,13,false,,
A06RN22AB2X1041,le city moto bag mini,faded black,S_S_2026,LG_BAGS,Bags,Leather Goods,Bags,Bags,true,R012,bal_macro_women_leather_goods,bal_super_micro_women_small_leather_goods,2026-07-06,2026-09-28,14,false,,
A06RN22ABS95723,le city moto bag mini,petal pink,S_S_2026,LG_BAGS,Bags,Leather Goods,Bags,Bags,true,R012,bal_macro_women_leather_goods,bal_super_micro_women_handbags,2026-08-31,2026-09-28,16,false,,
A06RN2WFFSA0911,le city moto bag mini,antique silver,F_W_2026/S_S_2026/S_S_2027,LG_BAGS,Bags,Leather Goods,Bags,Bags,true,R012,bal_macro_women_leather_goods,bal_super_micro_women_bags,2026-07-06,2026-08-03,14,false,,
A06ZOI2A3DK1000,laurel classic regular polo,black,F_W_2026,RTW,Ready-to-Wear,Ready-to-Wear,Ready-to-Wear,,false,R049,bal_macro_men_rtw,bal_super_micro_men_sweatshirts,2026-08-24,2026-09-28,16,false,,
A06ZOI2A4445723,laurel classic regular polo,petal pink,F_W_2026/S_S_2026,RTW,Ready-to-Wear,Ready-to-Wear,Ready-to-Wear,,false,R049,bal_macro_men_rtw,bal_super_micro_men_coats_and_jackets,2026-07-06,2026-09-28,13,false,,
A06ZOI2ABCT0926,laurel classic regular polo,shiny silver,F_W_2026/S_S_2026/S_S_2027,RTW,Ready-to-Wear,Ready-to-Wear,Ready-to-Wear,,false,R049,bal_macro_men_rtw,bal_super_micro_men_coats_and_jackets,2026-07-06,2026-09-28,15,false,,
A06ZOI4GTX19000,laurel classic regular polo,white,S_S_2026/S_S_2027,RTW,Ready-to-Wear,Ready-to-Wear,Ready-to-Wear,,false,R049,bal_macro_men_rtw,bal_super_micro_men_knitwear,2026-07-06,2026-09-28,14,false,,
A06ZOITN8DP1251,laurel classic regular polo,volcanic rock,S_S_2026,RTW,Ready-to-Wear,Ready-to-Wear,Ready-to-Wear,,false,R049,bal_macro_men_rtw,bal_super_micro_men_knitwear,2026-07-06,2026-09-28,13,false,,
A06ZOITTJVF1090,laurel classic regular polo,black,F_W_2026,RTW,Ready-to-Wear,Ready-to-Wear,Ready-to-Wear,,false,R049,bal_macro_men_rtw,bal_super_micro_men_coats_and_jackets,2026-07-06,2026-09-28,14,false,,
A07WXJ21SEY1240,le city tote phone holder,grey,F_W_2026,LG_SLG,Small Leather Goods,Leather Goods,Small Leather Goods,Small Leather Goods,true,R010,bal_macro_women_slg,bal_super_micro_women_slg,2026-07-06,2026-09-28,13,false,,
A07WXJW005D1090,le city tote phone holder,black,F_W_2026,LG_SLG,Small Leather Goods,Leather Goods,Small Leather Goods,Small Leather Goods,true,R010,bal_macro_women_slg,bal_super_micro_women_wallets,2026-08-31,2026-09-28,15,false,,
A07XQJ2ABFT1240,passport long coin and card holder,grey,S_S_2026,LG_SLG,Small Leather Goods,Leather Goods,Small Leather Goods,Small Leather Goods,true,R010,bal_macro_men_slg,bal_super_micro_men_wallets,2026-07-06,2026-09-28,12,false,,
A07XQJTTA4R0911,passport long coin and card holder,antique silver,S_S_2026,LG_SLG,Small Leather Goods,Leather Goods,Small Leather Goods,Small Leather Goods,true,R010,bal_macro_men_slg,bal_super_micro_men_cardholders,2026-07-06,2026-09-28,15,false,,
A07XQJW4FMO5723,passport long coin and card holder,petal pink,S_S_2026,LG_SLG,Small Leather Goods,Leather Goods,Small Leather Goods,Small Leather Goods,true,R010,bal_macro_men_slg,bal_super_micro_men_slg,2026-07-06,2026-09-28,12,false,,
A0A7XH2ABYM3258,long gloves,army green,S_S_2026,AC_OTHER,Other Accessories,Accessories,Other Accessories,Accessories,true,R048,bal_macro_women_accessories,bal_super_micro_women_other_accessories,2026-07-06,2026-09-28,14,false,,
A0A7XHT83SS4011,long gloves,blue,S_S_2026,AC_EYEWEAR,Eyewear,Accessories,Eyewear,Accessories,true,R046,bal_macro_women_accessories,bal_super_micro_women_sunglasses,2026-07-06,2026-09-28,15,false,,
A0A7XHTPU0C1090,long gloves,black/white,F_W_2025/S_S_2026,AC_EYEWEAR,Eyewear,Accessories,Eyewear,Accessories,true,R046,bal_macro_women_accessories,bal_super_micro_women_sunglasses,2026-07-06,2026-09-28,12,false,,
A0A7XHWP2KF0127,long gloves,shiny gold,F_W_2026,AC_OTHER,Other Accessories,Accessories,Other Accessories,Accessories,true,R048,bal_macro_women_accessories,bal_super_micro_women_keyrings,2026-07-06,2026-09-28,13,false,,
A0AEE02A8GR1090,hourglass jacket oversized,black/white,F_W_2026/S_S_2026,RTW,Ready-to-Wear,Ready-to-Wear,Ready-to-Wear,,false,R049,bal_macro_women_rtw,bal_super_micro_women_coats_and_jackets,2026-07-06,2026-09-28,15,false,,
A0AEE02AB229002,hourglass jacket oversized,ivory,F_W_2026,RTW,Ready-to-Wear,Ready-to-Wear,Ready-to-Wear,,false,R049,bal_macro_women_rtw,bal_super_micro_women_dresses_and_skirts,2026-07-06,2026-09-28,15,false,,
A0AEE02ABTQ1251,hourglass jacket oversized,volcanic rock,S_S_2026,RTW,Ready-to-Wear,Ready-to-Wear,Ready-to-Wear,,false,R049,bal_macro_women_rtw,bal_super_micro_women_coats_and_jackets,2026-07-06,2026-09-28,15,false,,
A0AEE02AFBC2533,hourglass jacket oversized,camel,S_S_2026,RTW,Ready-to-Wear,Ready-to-Wear,Ready-to-Wear,,false,R049,bal_macro_women_rtw,bal_super_micro_women_pants,2026-07-06,2026-09-28,15,false,,
A0AEE04GV6Z3258,hourglass jacket oversized,army green,S_S_2026,RTW,Ready-to-Wear,Ready-to-Wear,Ready-to-Wear,,false,R049,bal_macro_women_rtw,bal_super_micro_women_coats_and_jackets,2026-07-06,2026-09-28,14,false,,
A0AEE0TL51S5723,hourglass jacket oversized,petal pink,F_W_2026/S_S_2026,RTW,Ready-to-Wear,Ready-to-Wear,Ready-to-Wear,,false,R049,bal_macro_women_rtw,bal_super_micro_women_t_shirts,2026-07-06,2026-09-28,15,false,,
A0ATWNTUAC41000,amber crush extrait de parfum,black,F_W_2026,BEAUTY,Fragrance & Beauty,Beauty,Fragrance & Beauty,,false,R015,bal_macro_men_beauty|bal_macro_women_beauty,bal_super_micro_men_fragrances|bal_super_micro_women_fragrances,2026-07-13,2026-09-28,13,false,,
A0AVTR2AES89002,superbusy vertical crossbody bag,ivory,F_W_2026/S_S_2026/S_S_2027,LG_BAGS,Bags,Leather Goods,Bags,Bags,true,R012,bal_macro_men_leather_goods,bal_super_micro_men_crossbody_bags,2026-07-06,2026-09-28,15,false,,
A0AVTR2AM6Z9002,superbusy vertical crossbody bag,ivory,S_S_2026/S_S_2027,LG_BAGS,Bags,Leather Goods,Bags,Bags,true,R012,bal_macro_men_leather_goods,bal_super_micro_men_crossbody_bags,2026-07-27,2026-09-28,1,false,,
A0AVTRT9W4P8122,superbusy vertical crossbody bag,silver,F_W_2025,LG_BAGS,Bags,Leather Goods,Bags,Bags,true,R012,bal_macro_men_leather_goods,bal_super_micro_men_small_leather_goods,2026-07-06,2026-09-28,14,false,,
A0BLX6212530911,gaeta thong,antique silver,S_S_2026,SH_SHOES,Other Shoes,Shoes,Other Shoes,Shoes,true,R043,bal_macro_women_shoes,bal_super_micro_women_boots_and_booties,2026-07-06,2026-09-28,15,false,,
A0BLX62125U1000,gaeta thong,black,F_W_2026,SH_SHOES,Other Shoes,Shoes,Other Shoes,Shoes,true,R043,bal_macro_women_shoes,bal_super_micro_women_boots_and_booties,2026-07-06,2026-09-28,15,false,,
A0BLX62ABCD8122,gaeta thong,silver,S_S_2026,SH_SHOES,Other Shoes,Shoes,Other Shoes,Shoes,true,R043,bal_macro_women_shoes,bal_super_micro_women_mules,2026-07-06,2026-09-28,12,false,,
A0BLX62ABMP9002,gaeta thong,ivory,F_W_2026,SH_SHOES,Other Shoes,Shoes,Other Shoes,Shoes,true,R043,bal_macro_women_shoes,bal_super_micro_women_mules,2026-07-06,2026-09-28,13,false,,
A0BLX64GNZY2533,gaeta thong,camel,F_W_2026,SH_SHOES,Other Shoes,Shoes,Other Shoes,Shoes,true,R043,bal_macro_women_shoes,bal_super_micro_women_pumps,2026-07-06,2026-08-03,14,false,,
A0BLX6TT93Z1000,gaeta thong,black,S_S_2026,SH_SHOES,Other Shoes,Shoes,Other Shoes,Shoes,true,R043,bal_macro_women_shoes,bal_super_micro_women_mules,2026-08-03,2026-09-28,14,false,,
A0BLX6WUEL71084,gaeta thong,black/multicolor,F_W_2025,SH_SHOES,Other Shoes,Shoes,Other Shoes,Shoes,true,R043,bal_macro_women_shoes,bal_super_micro_women_boots_and_booties,2026-07-06,2026-09-28,15,false,,
A0BS102ABZI3258,anchor crest signet ring,army green,S_S_2026,AC_JEWELRY,Jewelry,Accessories,Jewelry,Accessories,true,R030,bal_macro_men_accessories,bal_super_micro_men_caps,2026-07-06,2026-09-28,13,false,,
A0BS102ATT91210,anchor crest signet ring,light grey,S_S_2026,AC_JEWELRY,Jewelry,Accessories,Jewelry,Accessories,true,R030,bal_macro_men_accessories,bal_super_micro_men_belts,2026-07-06,2026-09-28,15,false,,
A0C4I42ABKW1210,6xl sneaker,light grey,S_S_2026,SH_SNEAKERS,Sneakers,Shoes,Sneakers,Shoes,true,R020,bal_macro_men_shoes,bal_super_micro_men_formal_shoes,2026-07-06,2026-09-28,14,false,,
A0C4I4TTPPY2533,6xl sneaker,camel,S_S_2026,SH_SNEAKERS,Sneakers,Shoes,Sneakers,Shoes,true,R020,bal_macro_men_shoes,bal_super_micro_men_sneakers,2026-07-06,2026-09-28,13,false,,
A0CDDP214YV0127,duchesse pump,shiny gold,S_S_2026,SH_SNEAKERS,Sneakers,Shoes,Sneakers,Shoes,true,R042,bal_macro_women_shoes,bal_super_micro_women_sneakers,2026-07-06,2026-09-28,14,false,,
A0CDDP21NOX0127,duchesse pump,shiny gold,F_W_2026,SH_SHOES,Other Shoes,Shoes,Other Shoes,Shoes,true,R043,bal_macro_women_shoes,bal_super_micro_women_sandals,2026-07-06,2026-09-28,13,false,,
A0CDDP2AB851240,duchesse pump,grey,S_S_2026,SH_SNEAKERS,Sneakers,Shoes,Sneakers,Shoes,true,R042,bal_macro_women_shoes,bal_super_micro_women_sneakers,2026-07-06,2026-09-28,15,false,,
A0CDDPT8HPA8122,duchesse pump,silver,F_W_2026,SH_SHOES,Other Shoes,Shoes,Other Shoes,Shoes,true,R043,bal_macro_women_shoes,bal_super_micro_women_mules,2026-07-27,2026-09-28,13,false,,
A0CDDPTT1MN1090,duchesse pump,black/white,F_W_2026,SH_SHOES,Other Shoes,Shoes,Other Shoes,Shoes,true,R043,bal_macro_women_shoes,bal_super_micro_women_mules,2026-07-06,2026-09-28,14,false,,
A0CDDPTTGB84200,duchesse pump,light blue,F_W_2025,SH_SHOES,Other Shoes,Shoes,Other Shoes,Shoes,true,R043,bal_macro_women_shoes,bal_super_micro_women_pumps,2026-07-06,2026-09-28,16,false,,
A0CIJF21UH01000,sketchy medium fit t-shirt,black,F_W_2024/S_S_2025,RTW,Ready-to-Wear,Ready-to-Wear,Ready-to-Wear,,false,R049,bal_macro_men_rtw,bal_super_micro_men_sweatshirts,2026-07-06,2026-09-28,13,false,,
A0CIJF4G6I59020,sketchy medium fit t-shirt,cream,F_W_2026,RTW,Ready-to-Wear,Ready-to-Wear,Ready-to-Wear,,false,R049,bal_macro_men_rtw,bal_super_micro_men_knitwear,2026-07-06,2026-09-28,13,false,,
A0CIJF4GB0F1000,sketchy medium fit t-shirt,black,S_S_2026,RTW,Ready-to-Wear,Ready-to-Wear,Ready-to-Wear,,false,R049,bal_macro_men_rtw,bal_super_micro_men_knitwear,2026-07-06,2026-09-28,14,false,,
A0CIJF4GV303258,sketchy medium fit t-shirt,army green,S_S_2026,RTW,Ready-to-Wear,Ready-to-Wear,Ready-to-Wear,,false,R049,bal_macro_men_rtw,bal_super_micro_men_knitwear,2026-07-13,2026-09-28,15,false,,
A0CIJFTIR4L9000,sketchy medium fit t-shirt,white,F_W_2026,RTW,Ready-to-Wear,Ready-to-Wear,Ready-to-Wear,,false,R049,bal_macro_men_rtw,bal_super_micro_men_pants,2026-07-06,2026-09-28,11,false,,
A0CIJFTKYI10911,sketchy medium fit t-shirt,antique silver,S_S_2026,RTW,Ready-to-Wear,Ready-to-Wear,Ready-to-Wear,,false,R049,bal_macro_men_rtw,bal_super_micro_men_t_shirts,2026-07-06,2026-09-28,9,false,,
A0CIJFTTZIB3258,sketchy medium fit t-shirt,army green,S_S_2026,RTW,Ready-to-Wear,Ready-to-Wear,Ready-to-Wear,,false,R049,bal_macro_men_rtw,bal_super_micro_men_t_shirts,2026-07-06,2026-09-28,14,false,,
A0CIJFW5M8P2533,sketchy medium fit t-shirt,camel,S_S_2026,RTW,Ready-to-Wear,Ready-to-Wear,Ready-to-Wear,,false,R049,bal_macro_men_rtw,bal_super_micro_men_t_shirts,2026-07-06,2026-09-28,14,false,,
A0D4YJ218SS1251,duchesse ballerina flat,volcanic rock,S_S_2026,SH_SHOES,Other Shoes,Shoes,Other Shoes,Shoes,true,R043,bal_macro_women_shoes,bal_super_micro_women_mules,2026-07-06,2026-09-28,12,false,,
A0D4YJTT5PL1000,duchesse ballerina flat,black,S_S_2026,SH_SHOES,Other Shoes,Shoes,Other Shoes,Shoes,true,R043,bal_macro_women_shoes,bal_super_micro_women_pumps,2026-07-06,2026-09-28,12,false,,
A0D4YJWURTM1041,duchesse ballerina flat,faded black,S_S_2026,SH_SHOES,Other Shoes,Shoes,Other Shoes,Shoes,true,R043,bal_macro_women_shoes,bal_super_micro_women_pumps,2026-07-06,2026-09-28,14,false,,
A0DVHZ211W08065,le city long coin and card holder,navy,S_S_2026,LG_SLG,Small Leather Goods,Leather Goods,Small Leather Goods,Small Leather Goods,true,R010,bal_macro_women_slg,bal_super_micro_women_wallets,2026-07-06,2026-09-28,15,false,,
A0DVHZ2159I1240,le city long coin and card holder,grey,F_W_2026,LG_SLG,Small Leather Goods,Leather Goods,Small Leather Goods,Small Leather Goods,true,R010,bal_macro_women_slg,bal_super_micro_women_cardholders,2026-07-06,2026-09-28,14,false,,
A0DVHZTF5SN1041,le city long coin and card holder,faded black,S_S_2026,LG_SLG,Small Leather Goods,Leather Goods,Small Leather Goods,Small Leather Goods,true,R010,bal_macro_women_slg,bal_super_micro_women_slg,2026-07-13,2026-09-28,14,false,,
A0DVHZWC7C15723,le city long coin and card holder,petal pink,S_S_2026,LG_SLG,Small Leather Goods,Leather Goods,Small Leather Goods,Small Leather Goods,true,R010,bal_macro_women_slg,bal_super_micro_women_clutches_and_pouches,2026-07-06,2026-09-28,15,false,,
A0E4LP2ABVP9002,salon de couture regular fit zip-up hoodie,ivory,F_W_2025,RTW,Ready-to-Wear,Ready-to-Wear,Ready-to-Wear,,false,R049,bal_macro_men_rtw,bal_super_micro_men_pants,2026-07-06,2026-09-28,12,false,,
A0E4LP2AM6C2533,salon de couture regular fit zip-up hoodie,camel,S_S_2026,RTW,Ready-to-Wear,Ready-to-Wear,Ready-to-Wear,,false,R049,bal_macro_men_rtw,bal_super_micro_men_t_shirts,2026-07-06,2026-09-28,15,false,,
A0E4LP4GCU82308,salon de couture regular fit zip-up hoodie,light espresso,F_W_2025,RTW,Ready-to-Wear,Ready-to-Wear,Ready-to-Wear,,false,R049,bal_macro_men_rtw,bal_super_micro_men_pants,2026-07-06,2026-09-28,15,false,,
A0E4LP4GEQB9000,salon de couture regular fit zip-up hoodie,white,F_W_2026,RTW,Ready-to-Wear,Ready-to-Wear,Ready-to-Wear,,false,R049,bal_macro_men_rtw,bal_super_micro_men_coats_and_jackets,2026-07-06,2026-09-28,14,false,,
A0E4LP4GIMC9104,salon de couture regular fit zip-up hoodie,optic white,F_W_2026,RTW,Ready-to-Wear,Ready-to-Wear,Ready-to-Wear,,false,R049,bal_macro_men_rtw,bal_super_micro_men_pants,2026-07-06,2026-09-28,15,false,,
A0E4LPT6AFL2533,salon de couture regular fit zip-up hoodie,camel,F_W_2026,RTW,Ready-to-Wear,Ready-to-Wear,Ready-to-Wear,,false,R049,bal_macro_men_rtw,bal_super_micro_men_pants,2026-08-10,2026-09-28,14,false,,
A0E4LPTX3JP1041,salon de couture regular fit zip-up hoodie,faded black,S_S_2026,RTW,Ready-to-Wear,Ready-to-Wear,Ready-to-Wear,,false,R049,bal_macro_men_rtw,bal_super_micro_men_sweatshirts,2026-07-06,2026-09-28,13,false,,
A0E4LPWBR259002,salon de couture regular fit zip-up hoodie,ivory,F_W_2026,RTW,Ready-to-Wear,Ready-to-Wear,Ready-to-Wear,,false,R049,bal_macro_men_rtw,bal_super_micro_men_knitwear,2026-07-27,2026-09-28,1,false,,
A0E4LPWFX342308,salon de couture regular fit zip-up hoodie,light espresso,S_S_2025,RTW,Ready-to-Wear,Ready-to-Wear,Ready-to-Wear,,false,R049,bal_macro_men_rtw,bal_super_micro_men_knitwear,2026-07-06,2026-09-28,13,false,,
A0E4LPWZJ1X9020,salon de couture regular fit zip-up hoodie,cream,F_W_2026,RTW,Ready-to-Wear,Ready-to-Wear,Ready-to-Wear,,false,R049,bal_macro_men_rtw,bal_super_micro_men_knitwear,2026-07-06,2026-08-10,14,false,,
A0EJFW2111Q4200,everyday chain earrings,light blue,F_W_2026/S_S_2027,AC_JEWELRY,Jewelry,Accessories,Jewelry,Accessories,true,R030,bal_macro_women_accessories,bal_super_micro_women_sunglasses,2026-07-06,2026-09-28,14,false,,
A0EJFW2142L9002,everyday chain earrings,ivory,F_W_2026,AC_JEWELRY,Jewelry,Accessories,Jewelry,Accessories,true,R030,bal_macro_women_accessories,bal_super_micro_women_jewelry,2026-07-06,2026-09-28,14,false,,
A0EJFW2AK9Y1000,everyday chain earrings,black,S_S_2026,AC_JEWELRY,Jewelry,Accessories,Jewelry,Accessories,true,R030,bal_macro_women_accessories,bal_super_micro_women_keyrings,2026-07-06,2026-09-28,15,false,,
A0EJFWTRGSP9020,everyday chain earrings,cream,S_S_2026,AC_JEWELRY,Jewelry,Accessories,Jewelry,Accessories,true,R030,bal_macro_women_accessories,bal_super_micro_women_jewelry,2026-07-06,2026-07-27,14,false,,
A0EJFWW1NNJ1000,everyday chain earrings,black,S_S_2026,AC_JEWELRY,Jewelry,Accessories,Jewelry,Accessories,true,R030,bal_macro_women_accessories,bal_super_micro_women_sunglasses,2026-07-06,2026-09-28,14,false,,
A0EJFWW2REF4011,everyday chain earrings,blue,F_W_2026/S_S_2027,AC_JEWELRY,Jewelry,Accessories,Jewelry,Accessories,true,R030,bal_macro_women_accessories,bal_super_micro_women_other_accessories,2026-07-06,2026-09-28,13,false,,
A0EJFWWJ7Y59000,everyday chain earrings,white,F_W_2026,AC_JEWELRY,Jewelry,Accessories,Jewelry,Accessories,true,R030,bal_macro_women_accessories,bal_super_micro_women_jewelry,2026-07-06,2026-09-28,15,false,,
A0EJFWWOMNE0926,everyday chain earrings,shiny silver,F_W_2025/S_S_2026,AC_JEWELRY,Jewelry,Accessories,Jewelry,Accessories,true,R030,bal_macro_women_accessories,bal_super_micro_women_other_accessories,2026-08-31,2026-09-28,1,false,,
A0EJFWWRJ391041,everyday chain earrings,faded black,F_W_2026/S_S_2027,AC_JEWELRY,Jewelry,Accessories,Jewelry,Accessories,true,R030,bal_macro_women_accessories,bal_super_micro_women_jewelry,2026-07-06,2026-09-28,15,false,,
A0EU1Z21PJV1240,shirt jacket,grey,F_W_2025/S_S_2026,RTW,Ready-to-Wear,Ready-to-Wear,Ready-to-Wear,,false,R049,bal_macro_men_rtw,bal_super_micro_men_knitwear,2026-07-06,2026-09-28,11,false,,
A0EU1Z21W1N3258,shirt jacket,army green,F_W_2026/S_S_2027,RTW,Ready-to-Wear,Ready-to-Wear,Ready-to-Wear,,false,R049,bal_macro_men_rtw,bal_super_micro_men_sweatshirts,2026-07-06,2026-09-28,15,false,,
A0EU1Z4G9JH1000,shirt jacket,black,F_W_2026,RTW,Ready-to-Wear,Ready-to-Wear,Ready-to-Wear,,false,R049,bal_macro_men_rtw,bal_super_micro_men_pants,2026-07-06,2026-09-28,14,false,,
A0EU1Z4GAZE1251,shirt jacket,volcanic rock,S_S_2026,RTW,Ready-to-Wear,Ready-to-Wear,Ready-to-Wear,,false,R049,bal_macro_men_rtw,bal_super_micro_men_t_shirts,2026-07-06,2026-09-28,15,false,,
A0EU1Z4GOE31251,shirt jacket,volcanic rock,F_W_2026,RTW,Ready-to-Wear,Ready-to-Wear,Ready-to-Wear,,false,R049,bal_macro_men_rtw,bal_super_micro_men_pants,2026-07-06,2026-09-28,12,false,,
A0EU1Z4GVJC9020,shirt jacket,cream,S_S_2026,RTW,Ready-to-Wear,Ready-to-Wear,Ready-to-Wear,,false,R049,bal_macro_men_rtw,bal_super_micro_men_knitwear,2026-07-06,2026-09-28,13,false,,
A0EU1ZTDH3T2840,shirt jacket,khaki,F_W_2026/S_S_2027,RTW,Ready-to-Wear,Ready-to-Wear,Ready-to-Wear,,false,R049,bal_macro_men_rtw,bal_super_micro_men_pants,2026-07-06,2026-09-28,15,false,,
A0EU1ZTRX362840,shirt jacket,khaki,F_W_2025,RTW,Ready-to-Wear,Ready-to-Wear,Ready-to-Wear,,false,R049,bal_macro_men_rtw,bal_super_micro_men_t_shirts,2026-07-06,2026-09-28,13,false,,
A0EU1ZTTBJQ0926,shirt jacket,shiny silver,S_S_2026,RTW,Ready-to-Wear,Ready-to-Wear,Ready-to-Wear,,false,R049,bal_macro_men_rtw,bal_super_micro_men_knitwear,2026-07-06,2026-09-28,14,false,,
A0EU1ZTTRHB1000,shirt jacket,black,F_W_2026,RTW,Ready-to-Wear,Ready-to-Wear,Ready-to-Wear,,false,R049,bal_macro_men_rtw,bal_super_micro_men_knitwear,2026-07-06,2026-09-28,15,false,,
A0EU1ZTY0X81251,shirt jacket,volcanic rock,F_W_2025/F_W_2026/S_S_2026,RTW,Ready-to-Wear,Ready-to-Wear,Ready-to-Wear,,false,R049,bal_macro_men_rtw,bal_super_micro_men_pants,2026-07-06,2026-09-28,15,false,,
A0EU1ZW9CFU2840,shirt jacket,khaki,F_W_2026,RTW,Ready-to-Wear,Ready-to-Wear,Ready-to-Wear,,false,R049,bal_macro_men_rtw,bal_super_micro_men_sweatshirts,2026-07-06,2026-09-28,13,false,,
A0FKA3210572533,rodeo handbag large,camel,F_W_2026,LG_BAGS,Bags,Leather Goods,Bags,Bags,true,R012,bal_macro_men_bags,bal_super_micro_men_beltbags,2026-07-06,2026-09-28,14,false,,
A0FQE22ABED4011,sketchy cap,blue,F_W_2026,AC_HATS_SCARVES,Hats & Scarves,Accessories,Hats & Scarves,Accessories,true,R047,bal_macro_men_accessories,bal_super_micro_men_hats_and_scarves,2026-07-06,2026-09-28,10,false,,
A0FQE22AO238065,sketchy cap,navy,F_W_2026,AC_HATS_SCARVES,Hats & Scarves,Accessories,Hats & Scarves,Accessories,true,R047,bal_macro_men_accessories,bal_super_micro_men_caps,2026-07-06,2026-07-13,8,false,,
A0FQE2WW2CG1000,sketchy cap,black,F_W_2026/S_S_2026/S_S_2027,AC_JEWELRY,Jewelry,Accessories,Jewelry,Accessories,true,R044,bal_macro_men_accessories,bal_super_micro_men_jewelry,2026-07-06,2026-09-28,15,false,,
A0GE1YWUOFC1000,anchor crest stud earrings,black,F_W_2026,AC_JEWELRY,Jewelry,Accessories,Jewelry,Accessories,true,R030,bal_macro_men_accessories,bal_super_micro_men_jewelry,2026-07-06,2026-09-28,15,false,,
A0H4132ABA35723,mini balloon dress,petal pink,F_W_2026/S_S_2026/S_S_2027,RTW,Ready-to-Wear,Ready-to-Wear,Ready-to-Wear,,false,R049,bal_macro_women_rtw,bal_super_micro_women_tops_and_shirts,2026-07-06,2026-09-28,13,false,,
A0H4134GRB31251,mini balloon dress,volcanic rock,S_S_2026,RTW,Ready-to-Wear,Ready-to-Wear,Ready-to-Wear,,false,R049,bal_macro_women_rtw,bal_super_micro_women_t_shirts,2026-07-06,2026-09-28,14,false,,
A0H413T4QHV0127,mini balloon dress,shiny gold,F_W_2025,RTW,Ready-to-Wear,Ready-to-Wear,Ready-to-Wear,,false,R049,bal_macro_women_rtw,bal_super_micro_women_pants,2026-07-06,2026-09-28,13,false,,
A0H413T62SA0926,mini balloon dress,shiny silver,S_S_2026,RTW,Ready-to-Wear,Ready-to-Wear,Ready-to-Wear,,false,R049,bal_macro_women_rtw,bal_super_micro_women_pants,2026-07-06,2026-09-28,14,false,,
A0H413TT4UN1000,mini balloon dress,black,S_S_2026,RTW,Ready-to-Wear,Ready-to-Wear,Ready-to-Wear,,false,R049,bal_macro_women_rtw,bal_super_micro_women_t_shirts,2026-07-06,2026-09-28,14,false,,
A0H413TT5RG2840,mini balloon dress,khaki,F_W_2026,RTW,Ready-to-Wear,Ready-to-Wear,Ready-to-Wear,,false,R049,bal_macro_women_rtw,bal_super_micro_women_t_shirts,2026-07-27,2026-09-28,1,false,,
A0H413WQJCO1000,mini balloon dress,black,S_S_2026,RTW,Ready-to-Wear,Ready-to-Wear,Ready-to-Wear,,false,R049,bal_macro_women_rtw,bal_super_micro_women_pants,2026-07-06,2026-09-28,14,false,,
A0HVOZ2AB3Y1251,rodeo large coin and card holder,volcanic rock,F_W_2026,LG_SLG,Small Leather Goods,Leather Goods,Small Leather Goods,Small Leather Goods,true,R010,bal_macro_women_slg,bal_super_micro_women_keyrings,2026-07-06,2026-09-28,14,false,,
A0IQQM2AM1D5723,everyday stud earrings,petal pink,F_W_2026,AC_JEWELRY,Jewelry,Accessories,Jewelry,Accessories,true,R030,bal_macro_men_accessories|bal_macro_women_accessories,bal_super_micro_men_objects|bal_super_micro_women_objects,2026-07-06,2026-07-20,8,false,,
A0IQQMTERYV1210,everyday stud earrings,light grey,S_S_2025,AC_JEWELRY,Jewelry,Accessories,Jewelry,Accessories,true,R030,bal_macro_men_accessories|bal_macro_women_accessories,bal_super_micro_men_hats_and_scarves|bal_super_micro_women_hats_and_scarves,2026-07-06,2026-09-28,15,false,,
A0IQQMW1P6L1000,everyday stud earrings,black,S_S_2026,AC_JEWELRY,Jewelry,Accessories,Jewelry,Accessories,true,R030,bal_macro_men_accessories|bal_macro_women_accessories,bal_super_micro_men_hats_and_scarves|bal_super_micro_women_hats_and_scarves,2026-07-06,2026-09-28,14,false,,
A0IQQMWBMUR4200,everyday stud earrings,light blue,S_S_2026,AC_JEWELRY,Jewelry,Accessories,Jewelry,Accessories,true,R030,bal_macro_men_accessories|bal_macro_women_accessories,bal_super_micro_men_jewelry|bal_super_micro_women_jewelry,2026-07-06,2026-09-28,1,false,,
A0JSPH2AJNK9104,neverlost bracelet,optic white,S_S_2026,AC_JEWELRY,Jewelry,Accessories,Jewelry,Accessories,true,R030,bal_macro_men_accessories,bal_super_micro_men_hats_and_scarves,2026-07-06,2026-09-28,14,false,,
A0JSPH2AYLU1210,neverlost bracelet,light grey,S_S_2026,AC_JEWELRY,Jewelry,Accessories,Jewelry,Accessories,true,R030,bal_macro_men_accessories,bal_super_micro_men_jewelry,2026-07-06,2026-09-28,15,false,,
A0JSPHTJH588122,neverlost bracelet,silver,F_W_2025/S_S_2026,AC_JEWELRY,Jewelry,Accessories,Jewelry,Accessories,true,R030,bal_macro_men_accessories,bal_super_micro_men_belts,2026-08-10,2026-09-28,13,false,,
A0JSPHTSRTJ1210,neverlost bracelet,light grey,F_W_2026,AC_JEWELRY,Jewelry,Accessories,Jewelry,Accessories,true,R030,bal_macro_men_accessories,bal_super_micro_men_belts,2026-07-06,2026-09-28,15,false,,
A0JSPHWBKSD1210,neverlost bracelet,light grey,F_W_2026,AC_JEWELRY,Jewelry,Accessories,Jewelry,Accessories,true,R030,bal_macro_men_accessories,bal_super_micro_men_belts,2026-07-06,2026-09-28,14,false,,
A0JTOY21THE8122,rodeo continental wallet,silver,F_W_2026,LG_SLG,Small Leather Goods,Leather Goods,Small Leather Goods,Small Leather Goods,true,R010,bal_macro_women_slg,bal_super_micro_women_slg,2026-07-27,2026-09-28,1,false,,
A0JTOY4GNZM1240,rodeo continental wallet,grey,S_S_2026,LG_SLG,Small Leather Goods,Leather Goods,Small Leather Goods,Small Leather Goods,true,R010,bal_macro_women_slg,bal_super_micro_women_slg,2026-07-06,2026-09-28,13,false,,
A0JTOYWTQWI1000,rodeo continental wallet,black,S_S_2026,LG_SLG,Small Leather Goods,Leather Goods,Small Leather Goods,Small Leather Goods,true,R010,bal_macro_women_slg,bal_super_micro_women_clutches_and_pouches,2026-07-06,2026-09-28,12,false,,
A0JW0G2ABNG9002,le city beach tote bag medium,ivory,F_W_2026,LG_BAGS,Bags,Leather Goods,Bags,Bags,true,R012,bal_macro_women_leather_goods,bal_super_micro_women_small_leather_goods,2026-07-06,2026-09-28,13,false,,
A0JW0GT1SDP1090,le city beach tote bag medium,black/white,S_S_2026,LG_BAGS,Bags,Leather Goods,Bags,Bags,true,R012,bal_macro_women_leather_goods,bal_super_micro_women_bags,2026-07-06,2026-09-28,15,false,,
A0JW0GTTQ9G1000,le city beach tote bag medium,black,F_W_2024,LG_BAGS,Bags,Leather Goods,Bags,Bags,true,R012,bal_macro_women_leather_goods,bal_super_micro_women_small_leather_goods,2026-07-06,2026-09-28,14,false,,
A0JW0GWQGJ51000,le city beach tote bag medium,black,F_W_2026,LG_BAGS,Bags,Leather Goods,Bags,Bags,true,R012,bal_macro_women_leather_goods,bal_super_micro_women_handbags,2026-07-06,2026-09-28,14,false,,
A0K4GK217VC4200,long sleeve balloon dress,light blue,F_W_2025,RTW,Ready-to-Wear,Ready-to-Wear,Ready-to-Wear,,false,R049,bal_macro_women_rtw,bal_super_micro_women_t_shirts,2026-07-06,2026-09-28,14,false,,
A0K4GK21P135723,long sleeve balloon dress,petal pink,S_S_2026,RTW,Ready-to-Wear,Ready-to-Wear,Ready-to-Wear,,false,R049,bal_macro_women_rtw,bal_super_micro_women_pants,2026-07-06,2026-09-28,15,false,,
A0K4GK21X1W1000,long sleeve balloon dress,black,F_W_2026,RTW,Ready-to-Wear,Ready-to-Wear,Ready-to-Wear,,false,R049,bal_macro_women_rtw,bal_super_micro_women_coats_and_jackets,2026-07-06,2026-09-28,14,false,,
A0K4GK2ABB21000,long sleeve balloon dress,black,F_W_2026,RTW,Ready-to-Wear,Ready-to-Wear,Ready-to-Wear,,false,R049,bal_macro_women_rtw,bal_super_micro_women_t_shirts,2026-07-06,2026-09-28,14,false,,
A0K4GK2ABF39002,long sleeve balloon dress,ivory,S_S_2026,RTW,Ready-to-Wear,Ready-to-Wear,Ready-to-Wear,,false,R049,bal_macro_women_rtw,bal_super_micro_women_dresses_and_skirts,2026-07-06,2026-09-28,15,false,,
A0K4GK2AUBH2308,long sleeve balloon dress,light espresso,S_S_2026,RTW,Ready-to-Wear,Ready-to-Wear,Ready-to-Wear,,false,R049,bal_macro_women_rtw,bal_super_micro_women_pants,2026-07-06,2026-09-28,11,false,,
A0K4GK4GJBG5723,long sleeve balloon dress,petal pink,S_S_2026,RTW,Ready-to-Wear,Ready-to-Wear,Ready-to-Wear,,false,R049,bal_macro_women_rtw,bal_super_micro_women_dresses_and_skirts,2026-08-24,2026-09-28,13,false,,
A0K4GKTTYA31084,long sleeve balloon dress,black/multicolor,S_S_2026,RTW,Ready-to-Wear,Ready-to-Wear,Ready-to-Wear,,false,R049,bal_macro_women_rtw,bal_super_micro_women_tops_and_shirts,2026-07-06,2026-09-28,14,false,,
A0KMIC4GFR72308,bb icon trouser chain,light espresso,S_S_2026,AC_OTHER,Other Accessories,Accessories,Other Accessories,Accessories,true,R048,bal_macro_men_accessories,bal_super_micro_men_other_accessories,2026-07-06,2026-09-28,9,false,,
A0KMIC4GTY71240,bb icon trouser chain,grey,F_W_2026/S_S_2027,AC_JEWELRY,Jewelry,Accessories,Jewelry,Accessories,true,R044,bal_macro_men_accessories,bal_super_micro_men_jewelry,2026-07-06,2026-09-28,13,false,,
A0KMICTTRSN1000,bb icon trouser chain,black,S_S_2026,AC_HATS_SCARVES,Hats & Scarves,Accessories,Hats & Scarves,Accessories,true,R047,bal_macro_men_accessories,bal_super_micro_men_caps,2026-07-06,2026-09-28,14,false,,
A0KTYDWLEHM1090,comfy loafer,black/white,F_W_2026,SH_SHOES,Other Shoes,Shoes,Other Shoes,Shoes,true,R043,bal_macro_men_shoes,bal_super_micro_men_mules_and_loafers,2026-07-06,2026-09-28,14,false,,
A0LD3V2A8284200,le city travel bag,light blue,S_S_2026,LG_BAGS,Bags,Leather Goods,Bags,Bags,true,R012,bal_macro_men_bags,bal_super_micro_men_beltbags,2026-07-06,2026-09-28,15,false,,
A0LD3V2ABND9020,le city travel bag,cream,F_W_2025/S_S_2026,LG_BAGS,Bags,Leather Goods,Bags,Bags,true,R012,bal_macro_men_bags,bal_super_micro_men_crossbody_bags,2026-07-06,2026-09-28,15,false,,
A0LZGDTTCHO3258,charm/keychain chips,army green,F_W_2024/S_S_2025,AC_OTHER,Other Accessories,Accessories,Other Accessories,Accessories,true,R011,bal_macro_men_accessories|bal_macro_women_accessories,bal_super_micro_men_objects|bal_super_micro_women_objects,2026-07-06,2026-09-28,14,false,,
A0LZGDWAE9X1240,charm/keychain chips,grey,S_S_2026,AC_OTHER,Other Accessories,Accessories,Other Accessories,Accessories,true,R011,bal_macro_men_accessories|bal_macro_women_accessories,bal_super_micro_men_keyrings|bal_super_micro_women_keyrings,2026-07-06,2026-09-28,12,false,,
A0M84J4GV4V5723,bb icon gourmette necklace,petal pink,F_W_2025/S_S_2026,AC_JEWELRY,Jewelry,Accessories,Jewelry,Accessories,true,R030,bal_macro_men_accessories,bal_super_micro_men_caps,2026-07-06,2026-09-28,14,false,,
A0M84JTHQLH9002,bb icon gourmette necklace,ivory,F_W_2026,AC_JEWELRY,Jewelry,Accessories,Jewelry,Accessories,true,R030,bal_macro_men_accessories,bal_super_micro_men_caps,2026-07-06,2026-09-28,15,false,,
A0M84JW1DD30911,bb icon gourmette necklace,antique silver,S_S_2026,AC_JEWELRY,Jewelry,Accessories,Jewelry,Accessories,true,R030,bal_macro_men_accessories,bal_super_micro_men_belts,2026-07-06,2026-09-28,14,false,,
A0MEKP21QWQ2840,eisa chain choker,khaki,F_W_2025/S_S_2026,AC_JEWELRY,Jewelry,Accessories,Jewelry,Accessories,true,R030,bal_macro_women_accessories,bal_super_micro_women_sunglasses,2026-07-06,2026-09-28,14,false,,
A0MEKP2AB368122,eisa chain choker,silver,F_W_2025,AC_JEWELRY,Jewelry,Accessories,Jewelry,Accessories,true,R030,bal_macro_women_accessories,bal_super_micro_women_sunglasses,2026-07-06,2026-09-28,13,false,,
A0MEKP2ABZT9002,eisa chain choker,ivory,F_W_2025/S_S_2026,AC_JEWELRY,Jewelry,Accessories,Jewelry,Accessories,true,R030,bal_macro_women_accessories,bal_super_micro_women_other_accessories,2026-09-21,2026-09-28,14,false,,
A0MEKPT0KE91240,eisa chain choker,grey,F_W_2026/S_S_2026/S_S_2027,AC_JEWELRY,Jewelry,Accessories,Jewelry,Accessories,true,R030,bal_macro_women_accessories,bal_super_micro_women_jewelry,2026-07-06,2026-09-28,13,false,,
A0MEKPTVKRP1090,eisa chain choker,black/white,F_W_2025,AC_JEWELRY,Jewelry,Accessories,Jewelry,Accessories,true,R030,bal_macro_women_accessories,bal_super_micro_women_keyrings,2026-07-06,2026-09-28,13,false,,
A0MQ1L2ABTT1000,ski mask goggles,black,F_W_2026,AC_JEWELRY,Jewelry,Accessories,Jewelry,Accessories,true,R044,bal_macro_men_accessories|bal_macro_women_accessories,bal_super_micro_men_jewelry|bal_super_micro_women_jewelry,2026-07-06,2026-09-28,15,false,,
A0MQ1LTL7HW1210,ski mask goggles,light grey,F_W_2026,AC_HATS_SCARVES,Hats & Scarves,Accessories,Hats & Scarves,Accessories,true,R047,bal_macro_men_accessories|bal_macro_women_accessories,bal_super_micro_men_hats_and_scarves|bal_super_micro_women_hats_and_scarves,2026-07-06,2026-09-28,15,false,,
A0MZD02A46C1000,taxi jacket,black,F_W_2025/S_S_2026,RTW,Ready-to-Wear,Ready-to-Wear,Ready-to-Wear,,false,R049,bal_macro_men_rtw,bal_super_micro_men_sweatshirts,2026-07-06,2026-09-28,15,false,,
A0MZD02ABZD1000,taxi jacket,black,S_S_2026,RTW,Ready-to-Wear,Ready-to-Wear,Ready-to-Wear,,false,R049,bal_macro_men_rtw,bal_super_micro_men_t_shirts,2026-08-17,2026-09-28,14,false,,
A0MZD02ATCH0926,taxi jacket,shiny silver,F_W_2026/S_S_2027,RTW,Ready-to-Wear,Ready-to-Wear,Ready-to-Wear,,false,R049,bal_macro_men_rtw,bal_super_micro_men_pants,2026-07-06,2026-09-28,14,false,,
A0MZD0TJGSX1000,taxi jacket,black,F_W_2026,RTW,Ready-to-Wear,Ready-to-Wear,Ready-to-Wear,,false,R049,bal_macro_men_rtw,bal_super_micro_men_pants,2026-07-06,2026-09-28,14,false,,
A0MZD0TSQET0926,taxi jacket,shiny silver,F_W_2025/S_S_2026,RTW,Ready-to-Wear,Ready-to-Wear,Ready-to-Wear,,false,R049,bal_macro_men_rtw,bal_super_micro_men_t_shirts,2026-07-06,2026-09-28,1,false,,
A0MZD0TT5AH1090,taxi jacket,black,S_S_2026,RTW,Ready-to-Wear,Ready-to-Wear,Ready-to-Wear,,false,R049,bal_macro_men_rtw,bal_super_micro_men_knitwear,2026-07-06,2026-09-28,14,false,,
A0MZD0TTF944200,taxi jacket,light blue,S_S_2026,RTW,Ready-to-Wear,Ready-to-Wear,Ready-to-Wear,,false,R049,bal_macro_men_rtw,bal_super_micro_men_knitwear,2026-08-10,2026-09-28,13,false,,
A0MZD0TTTNZ1090,taxi jacket,black/white,F_W_2025,RTW,Ready-to-Wear,Ready-to-Wear,Ready-to-Wear,,false,R049,bal_macro_men_rtw,bal_super_micro_men_knitwear,2026-07-06,2026-09-28,13,false,,
A0NXIX2ABF42840,credit long coin and card holder,khaki,S_S_2026,LG_SLG,Small Leather Goods,Leather Goods,Small Leather Goods,Small Leather Goods,true,R010,bal_macro_men_slg,bal_super_micro_men_keyrings,2026-07-06,2026-09-28,16,false,,
A0NXIX4GIX61041,credit long coin and card holder,faded black,S_S_2025,LG_SLG,Small Leather Goods,Leather Goods,Small Leather Goods,Small Leather Goods,true,R010,bal_macro_men_slg,bal_super_micro_men_cardholders,2026-07-06,2026-09-28,14,false,,
A0O4LG2AA0Z4200,bathrobe coat,light blue,S_S_2026,RTW,Ready-to-Wear,Ready-to-Wear,Ready-to-Wear,,false,R049,bal_macro_women_rtw,bal_super_micro_women_tops_and_shirts,2026-07-06,2026-09-28,1,false,,
A0O4LG2ABLQ1210,bathrobe coat,light grey,F_W_2026/S_S_2026,RTW,Ready-to-Wear,Ready-to-Wear,Ready-to-Wear,,false,R049,bal_macro_women_rtw,bal_super_micro_women_pants,2026-07-06,2026-09-28,13,false,,
A0O4LG2ABMS1000,bathrobe coat,black,S_S_2026/S_S_2027,RTW,Ready-to-Wear,Ready-to-Wear,Ready-to-Wear,,false,R049,bal_macro_women_rtw,bal_super_micro_women_pants,2026-07-06,2026-09-28,13,false,,
A0O4LG2ABOV1000,bathrobe coat,black,F_W_2026,RTW,Ready-to-Wear,Ready-to-Wear,Ready-to-Wear,,false,R049,bal_macro_women_rtw,bal_super_micro_women_dresses_and_skirts,2026-07-06,2026-09-28,14,false,,
A0O4LG2ABQJ2533,bathrobe coat,camel,F_W_2026,RTW,Ready-to-Wear,Ready-to-Wear,Ready-to-Wear,,false,R049,bal_macro_women_rtw,bal_super_micro_women_pants,2026-07-06,2026-09-28,14,false,,
A0O4LG2AL099000,bathrobe coat,white,S_S_2025,RTW,Ready-to-Wear,Ready-to-Wear,Ready-to-Wear,,false,R049,bal_macro_women_rtw,bal_super_micro_women_tops_and_shirts,2026-07-06,2026-09-28,12,false,,
A0O4LG4G1GH1090,bathrobe coat,black/white,S_S_2025,RTW,Ready-to-Wear,Ready-to-Wear,Ready-to-Wear,,false,R049,bal_macro_women_rtw,bal_super_micro_women_dresses_and_skirts,2026-07-06,2026-09-28,15,false,,
A0O4LG4GB9V4200,bathrobe coat,light blue,S_S_2026,RTW,Ready-to-Wear,Ready-to-Wear,Ready-to-Wear,,false,R049,bal_macro_women_rtw,bal_super_micro_women_coats_and_jackets,2026-07-06,2026-09-28,14,false,,
A0O4LG4GGQA1000,bathrobe coat,black,S_S_2026,RTW,Ready-to-Wear,Ready-to-Wear,Ready-to-Wear,,false,R049,bal_macro_women_rtw,bal_super_micro_women_t_shirts,2026-07-06,2026-09-28,14,false,,
A0O4LGTIKHP1000,bathrobe coat,black,S_S_2026,RTW,Ready-to-Wear,Ready-to-Wear,Ready-to-Wear,,false,R049,bal_macro_women_rtw,bal_super_micro_women_t_shirts,2026-07-06,2026-09-28,14,false,,
A0OHAU213J01000,le 7 bowling bag large,black,F_W_2026,LG_BAGS,Bags,Leather Goods,Bags,Bags,true,R012,bal_macro_men_leather_goods,bal_super_micro_men_small_leather_goods,2026-07-06,2026-09-28,13,false,,
A0P2IT2AB662840,tulip top,khaki,F_W_2026,RTW,Ready-to-Wear,Ready-to-Wear,Ready-to-Wear,,false,R049,bal_macro_women_rtw,bal_super_micro_women_pants,2026-07-06,2026-09-28,14,false,,
A0P2IT4G51Q1210,tulip top,light grey,F_W_2026,RTW,Ready-to-Wear,Ready-to-Wear,Ready-to-Wear,,false,R049,bal_macro_women_rtw,bal_super_micro_women_coats_and_jackets,2026-07-06,2026-09-28,15,false,,
A0P2ITTJBD71000,tulip top,black,S_S_2026,RTW,Ready-to-Wear,Ready-to-Wear,Ready-to-Wear,,false,R049,bal_macro_women_rtw,bal_super_micro_women_t_shirts,2026-07-06,2026-09-28,13,false,,
A0P2ITTTKJB1210,tulip top,light grey,F_W_2026,RTW,Ready-to-Wear,Ready-to-Wear,Ready-to-Wear,,false,R049,bal_macro_women_rtw,bal_super_micro_women_tops_and_shirts,2026-07-06,2026-09-28,15,false,,
A0QFZA4GZMJ9002,le city bag nano,ivory,S_S_2026,LG_BAGS,Bags,Leather Goods,Bags,Bags,true,R012,bal_macro_women_bags,bal_super_micro_women_tote_bags,2026-07-20,2026-09-28,13,false,,
A0QFZAWEHIJ0911,le city bag nano,antique silver,F_W_2026,LG_BAGS,Bags,Leather Goods,Bags,Bags,true,R012,bal_macro_women_bags,bal_super_micro_women_shoulder_bags,2026-07-06,2026-09-28,13,false,,
A0QFZAWRPKY9000,le city bag nano,white,F_W_2026/S_S_2027,LG_BAGS,Bags,Leather Goods,Bags,Bags,true,R012,bal_macro_women_bags,bal_super_micro_women_handbags,2026-07-06,2026-09-28,13,false,,
A0RPUR21KBM1084,b link bracelet,black/multicolor,F_W_2025/S_S_2026,AC_JEWELRY,Jewelry,Accessories,Jewelry,Accessories,true,R030,bal_macro_women_accessories,bal_super_micro_women_other_accessories,2026-07-06,2026-09-28,13,false,,
A0RPUR4G1TW0127,b link bracelet,shiny gold,F_W_2025,AC_JEWELRY,Jewelry,Accessories,Jewelry,Accessories,true,R030,bal_macro_women_accessories,bal_super_micro_women_jewelry,2026-07-06,2026-09-28,14,false,,
A0SZ3521Z511000,round jacket,black,F_W_2026,RTW,Ready-to-Wear,Ready-to-Wear,Ready-to-Wear,,false,R049,bal_macro_women_rtw,bal_super_micro_women_pants,2026-07-06,2026-09-28,14,false,,
A0SZ352ABG71000,round jacket,black,S_S_2026,RTW,Ready-to-Wear,Ready-to-Wear,Ready-to-Wear,,false,R049,bal_macro_women_rtw,bal_super_micro_women_tops_and_shirts,2026-07-06,2026-09-28,15,false,,
A0SZ352ABRC1000,round jacket,black,F_W_2026/S_S_2027,RTW,Ready-to-Wear,Ready-to-Wear,Ready-to-Wear,,false,R049,bal_macro_women_rtw,bal_super_micro_women_dresses_and_skirts,2026-08-03,2026-09-28,13,false,,
A0SZ352AOQ71210,round jacket,light grey,S_S_2026,RTW,Ready-to-Wear,Ready-to-Wear,Ready-to-Wear,,false,R049,bal_macro_women_rtw,bal_super_micro_women_pants,2026-07-06,2026-09-28,11,false,,
A0SZ35WAJYA4200,round jacket,light blue,F_W_2025/S_S_2026,RTW,Ready-to-Wear,Ready-to-Wear,Ready-to-Wear,,false,R049,bal_macro_women_rtw,bal_super_micro_women_t_shirts,2026-07-06,2026-09-28,11,false,,
A0SZ35WWYRU1000,round jacket,black,S_S_2026,RTW,Ready-to-Wear,Ready-to-Wear,Ready-to-Wear,,false,R049,bal_macro_women_rtw,bal_super_micro_women_tops_and_shirts,2026-07-06,2026-09-28,13,false,,
A0TKX721XGK1210,naval crest long socks,light grey,S_S_2026,AC_JEWELRY,Jewelry,Accessories,Jewelry,Accessories,true,R044,bal_macro_men_accessories,bal_super_micro_men_jewelry,2026-07-06,2026-09-28,1,false,,
A0TKX72ABUT1210,naval crest long socks,light grey,F_W_2026,AC_JEWELRY,Jewelry,Accessories,Jewelry,Accessories,true,R044,bal_macro_men_accessories,bal_super_micro_men_jewelry,2026-07-06,2026-09-28,15,false,,
A0TKX72AEXT1000,naval crest long socks,black,S_S_2026,AC_JEWELRY,Jewelry,Accessories,Jewelry,Accessories,true,R044,bal_macro_men_accessories,bal_super_micro_men_jewelry,2026-07-06,2026-09-28,13,false,,
A0TKX7W509I9000,naval crest long socks,white,F_W_2026/S_S_2027,AC_OTHER,Other Accessories,Accessories,Other Accessories,Accessories,true,R048,bal_macro_men_accessories,bal_super_micro_men_other_accessories,2026-07-06,2026-09-28,13,false,,
A0TKX7W7RJL9000,naval crest long socks,white,F_W_2026,AC_HATS_SCARVES,Hats & Scarves,Accessories,Hats & Scarves,Accessories,true,R047,bal_macro_men_accessories,bal_super_micro_men_hats_and_scarves,2026-07-06,2026-09-28,14,false,,
A0U5CO2ABPB4011,anchor crest charms thin necklace,blue,F_W_2026/S_S_2026,AC_OTHER,Other Accessories,Accessories,Other Accessories,Accessories,true,R011,bal_macro_men_accessories,bal_super_micro_men_jewelry,2026-07-06,2026-09-28,15,false,,
A0U5COTT27V9104,anchor crest charms thin necklace,optic white,F_W_2026,AC_OTHER,Other Accessories,Accessories,Other Accessories,Accessories,true,R011,bal_macro_men_accessories,bal_super_micro_men_caps,2026-07-06,2026-09-28,13,false,,
A0U5COTTPF02308,anchor crest charms thin necklace,light espresso,F_W_2026,AC_OTHER,Other Accessories,Accessories,Other Accessories,Accessories,true,R011,bal_macro_men_accessories,bal_super_micro_men_caps,2026-07-06,2026-09-28,15,false,,
A0UY86210RP1000,24/7 mask sunglasses,black,F_W_2026,AC_EYEWEAR,Eyewear,Accessories,Eyewear,Accessories,true,R025,bal_macro_men_accessories|bal_macro_women_accessories,bal_super_micro_men_jewelry|bal_super_micro_women_jewelry,2026-07-06,2026-09-28,15,false,,
A0UY86215DR4011,24/7 mask sunglasses,blue,S_S_2026,AC_EYEWEAR,Eyewear,Accessories,Eyewear,Accessories,true,R025,bal_macro_men_accessories|bal_macro_women_accessories,bal_super_micro_men_hats_and_scarves|bal_super_micro_women_hats_and_scarves,2026-07-06,2026-09-28,12,false,,
A0UY862AU2M2308,24/7 mask sunglasses,light espresso,F_W_2026/S_S_2027,AC_EYEWEAR,Eyewear,Accessories,Eyewear,Accessories,true,R025,bal_macro_men_accessories|bal_macro_women_accessories,bal_super_micro_men_sunglasses|bal_super_micro_women_sunglasses,2026-07-06,2026-09-28,15,false,,
A0V3SC21LD08122,venom boot,silver,S_S_2026,SH_SHOES,Other Shoes,Shoes,Other Shoes,Shoes,true,R043,bal_macro_men_shoes,bal_super_micro_men_sandals,2026-07-06,2026-09-28,14,false,,
A0V3SCT53ET3258,venom boot,army green,S_S_2026,SH_SHOES,Other Shoes,Shoes,Other Shoes,Shoes,true,R043,bal_macro_men_shoes,bal_super_micro_men_sandals,2026-07-06,2026-09-14,14,false,,
A0V3SCTM5E85723,venom boot,petal pink,S_S_2026,SH_SHOES,Other Shoes,Shoes,Other Shoes,Shoes,true,R043,bal_macro_men_shoes,bal_super_micro_men_boots_and_booties,2026-07-06,2026-09-28,15,false,,
A0V3SCWW6RR9020,venom boot,cream,S_S_2026,SH_SHOES,Other Shoes,Shoes,Other Shoes,Shoes,true,R043,bal_macro_men_shoes,bal_super_micro_men_sandals,2026-07-06,2026-09-28,14,false,,
A0VECR2AEL29000,muscara parfum refill,white,S_S_2026,BEAUTY,Fragrance & Beauty,Beauty,Fragrance & Beauty,,false,R015,bal_macro_men_beauty|bal_macro_women_beauty,bal_super_micro_men_fragrances|bal_super_micro_women_fragrances,2026-07-06,2026-09-28,12,false,,
A0VECRTOMEI0127,muscara parfum refill,shiny gold,S_S_2026,BEAUTY,Fragrance & Beauty,Beauty,Fragrance & Beauty,,false,R015,bal_macro_men_beauty|bal_macro_women_beauty,bal_super_micro_men_fragrances|bal_super_micro_women_fragrances,2026-07-27,2026-09-28,1,false,,
A0W9ZQ2ABHN5723,le city flap card holder,petal pink,S_S_2026,LG_SLG,Small Leather Goods,Leather Goods,Small Leather Goods,Small Leather Goods,true,R010,bal_macro_women_slg,bal_super_micro_women_keyrings,2026-07-06,2026-09-28,13,false,,
A0W9ZQTT6H89020,le city flap card holder,cream,F_W_2025/S_S_2026,LG_SLG,Small Leather Goods,Leather Goods,Small Leather Goods,Small Leather Goods,true,R010,bal_macro_women_slg,bal_super_micro_women_slg,2026-07-06,2026-09-28,15,false,,
A0W9ZQTTNFO8122,le city flap card holder,silver,F_W_2026,LG_SLG,Small Leather Goods,Leather Goods,Small Leather Goods,Small Leather Goods,true,R010,bal_macro_women_slg,bal_super_micro_women_clutches_and_pouches,2026-08-10,2026-09-28,13,false,,
A0W9ZQWXZ1O9104,le city flap card holder,optic white,S_S_2026,LG_SLG,Small Leather Goods,Leather Goods,Small Leather Goods,Small Leather Goods,true,R010,bal_macro_women_slg,bal_super_micro_women_slg,2026-07-06,2026-07-13,8,false,,
A0Y3M54G06B0911,balenciaga | j.m. weston loafer,antique silver,S_S_2026,SH_SHOES,Other Shoes,Shoes,Other Shoes,Shoes,true,R043,bal_macro_women_shoes,bal_super_micro_women_pumps,2026-08-31,2026-09-28,15,false,,
A0Y3M54GGY21000,balenciaga | j.m. weston loafer,black,F_W_2026,SH_SHOES,Other Shoes,Shoes,Other Shoes,Shoes,true,R043,bal_macro_women_shoes,bal_super_micro_women_pumps,2026-07-06,2026-09-28,14,false,,
A0Y3M54GJ8Z2533,balenciaga | j.m. weston loafer,camel,F_W_2026,SH_SNEAKERS,Sneakers,Shoes,Sneakers,Shoes,true,R042,bal_macro_women_shoes,bal_super_micro_women_sneakers,2026-07-06,2026-09-28,13,false,,
A0Y3M54GNQM0926,balenciaga | j.m. weston loafer,shiny silver,F_W_2026,SH_SHOES,Other Shoes,Shoes,Other Shoes,Shoes,true,R043,bal_macro_women_shoes,bal_super_micro_women_pumps,2026-07-06,2026-09-28,15,false,,
A0Y3M5WMMS31210,balenciaga | j.m. weston loafer,light grey,F_W_2026,SH_SHOES,Other Shoes,Shoes,Other Shoes,Shoes,true,R043,bal_macro_women_shoes,bal_super_micro_women_boots_and_booties,2026-07-06,2026-09-28,14,false,,
A0Y3M5WTWGS8122,balenciaga | j.m. weston loafer,silver,F_W_2025,SH_SHOES,Other Shoes,Shoes,Other Shoes,Shoes,true,R043,bal_macro_women_shoes,bal_super_micro_women_boots_and_booties,2026-07-06,2026-09-28,16,false,,
A0Z4AW21SK60127,palermo bb loafer,shiny gold,F_W_2026,SH_SNEAKERS,Sneakers,Shoes,Sneakers,Shoes,true,R042,bal_macro_men_shoes,bal_super_micro_men_sneakers,2026-07-06,2026-09-28,15,false,,
A0Z4AW2AEF30926,palermo bb loafer,shiny silver,F_W_2026/S_S_2026,SH_SHOES,Other Shoes,Shoes,Other Shoes,Shoes,true,R043,bal_macro_men_shoes,bal_super_micro_men_boots_and_booties,2026-07-06,2026-09-07,12,false,,
A0Z4AW4G3O01090,palermo bb loafer,black/white,F_W_2026,SH_SHOES,Other Shoes,Shoes,Other Shoes,Shoes,true,R043,bal_macro_men_shoes,bal_super_micro_men_sandals,2026-07-06,2026-09-28,13,false,,
A0Z5M4TT6E89104,crush long coin and card holder quilted,optic white,S_S_2026,LG_SLG,Small Leather Goods,Leather Goods,Small Leather Goods,Small Leather Goods,true,R010,bal_macro_women_slg,bal_super_micro_women_slg,2026-07-06,2026-09-28,15,false,,
A0Z5M4WHB5D8122,crush long coin and card holder quilted,silver,S_S_2026,LG_SLG,Small Leather Goods,Leather Goods,Small Leather Goods,Small Leather Goods,true,R010,bal_macro_women_slg,bal_super_micro_women_slg,2026-07-06,2026-09-28,12,false,,
