dataset,scope,as_of_date,run_id,checked_at,check_id,dimension,severity,subject,observed,warn_rule,fail_rule,status,message
legacy_replay,macro,2026-07-31,20261009T193713-93f4be,2026-10-09 19:37:13,market_coverage,completeness,block,all,1.0,,< 1.0,pass,all: 1
legacy_replay,macro,2026-07-31,20261009T193713-93f4be,2026-10-09 19:37:13,price_change_share_anomaly,plausibility,warn,all,,> mean + 4 sd of last 6 deliveries,,skip,"no value (nothing to compare with, e.g. first delivery)"
legacy_replay,macro,2026-07-31,20261009T193713-93f4be,2026-10-09 19:37:13,price_decrease_share,plausibility,block,all,,> 0.02,> 0.1,skip,"no value (nothing to compare with, e.g. first delivery)"
legacy_replay,macro,2026-07-31,20261009T193713-93f4be,2026-10-09 19:37:13,price_reversion_share,plausibility,block,all,,> 0.01,> 0.05,skip,"no value (nothing to compare with, e.g. first delivery)"
legacy_replay,macro,2026-07-31,20261009T193713-93f4be,2026-10-09 19:37:13,product_count_change,completeness,block,ARE,,< -0.05 or > 0.2,< -0.2,skip,"no value (nothing to compare with, e.g. first delivery)"
legacy_replay,macro,2026-07-31,20261009T193713-93f4be,2026-10-09 19:37:13,product_count_change,completeness,block,AUS,,< -0.05 or > 0.2,< -0.2,skip,"no value (nothing to compare with, e.g. first delivery)"
legacy_replay,macro,2026-07-31,20261009T193713-93f4be,2026-10-09 19:37:13,product_count_change,completeness,block,CAN,,< -0.05 or > 0.2,< -0.2,skip,"no value (nothing to compare with, e.g. first delivery)"
legacy_replay,macro,2026-07-31,20261009T193713-93f4be,2026-10-09 19:37:13,product_count_change,completeness,block,CHN,,< -0.05 or > 0.2,< -0.2,skip,"no value (nothing to compare with, e.g. first delivery)"
legacy_replay,macro,2026-07-31,20261009T193713-93f4be,2026-10-09 19:37:13,product_count_change,completeness,block,FRA,,< -0.05 or > 0.2,< -0.2,skip,"no value (nothing to compare with, e.g. first delivery)"
legacy_replay,macro,2026-07-31,20261009T193713-93f4be,2026-10-09 19:37:13,product_count_change,completeness,block,GBR,,< -0.05 or > 0.2,< -0.2,skip,"no value (nothing to compare with, e.g. first delivery)"
legacy_replay,macro,2026-07-31,20261009T193713-93f4be,2026-10-09 19:37:13,product_count_change,completeness,block,HKG,,< -0.05 or > 0.2,< -0.2,skip,"no value (nothing to compare with, e.g. first delivery)"
legacy_replay,macro,2026-07-31,20261009T193713-93f4be,2026-10-09 19:37:13,product_count_change,completeness,block,JPN,,< -0.05 or > 0.2,< -0.2,skip,"no value (nothing to compare with, e.g. first delivery)"
legacy_replay,macro,2026-07-31,20261009T193713-93f4be,2026-10-09 19:37:13,product_count_change,completeness,block,KOR,,< -0.05 or > 0.2,< -0.2,skip,"no value (nothing to compare with, e.g. first delivery)"
legacy_replay,macro,2026-07-31,20261009T193713-93f4be,2026-10-09 19:37:13,product_count_change,completeness,block,MEX,,< -0.05 or > 0.2,< -0.2,skip,"no value (nothing to compare with, e.g. first delivery)"
legacy_replay,macro,2026-07-31,20261009T193713-93f4be,2026-10-09 19:37:13,product_count_change,completeness,block,MYS,,< -0.05 or > 0.2,< -0.2,skip,"no value (nothing to compare with, e.g. first delivery)"
legacy_replay,macro,2026-07-31,20261009T193713-93f4be,2026-10-09 19:37:13,product_count_change,completeness,block,SAU,,< -0.05 or > 0.2,< -0.2,skip,"no value (nothing to compare with, e.g. first delivery)"
legacy_replay,macro,2026-07-31,20261009T193713-93f4be,2026-10-09 19:37:13,product_count_change,completeness,block,SGP,,< -0.05 or > 0.2,< -0.2,skip,"no value (nothing to compare with, e.g. first delivery)"
legacy_replay,macro,2026-07-31,20261009T193713-93f4be,2026-10-09 19:37:13,product_count_change,completeness,block,THA,,< -0.05 or > 0.2,< -0.2,skip,"no value (nothing to compare with, e.g. first delivery)"
legacy_replay,macro,2026-07-31,20261009T193713-93f4be,2026-10-09 19:37:13,product_count_change,completeness,block,TWN,,< -0.05 or > 0.2,< -0.2,skip,"no value (nothing to compare with, e.g. first delivery)"
legacy_replay,macro,2026-07-31,20261009T193713-93f4be,2026-10-09 19:37:13,product_count_change,completeness,block,USA,,< -0.05 or > 0.2,< -0.2,skip,"no value (nothing to compare with, e.g. first delivery)"
legacy_replay,macro,2026-07-31,20261009T193713-93f4be,2026-10-09 19:37:13,served_crawl_age_days,timeliness,block,ARE,4.0,> 10,> 35,pass,ARE: 4
legacy_replay,macro,2026-07-31,20261009T193713-93f4be,2026-10-09 19:37:13,served_crawl_age_days,timeliness,block,AUS,4.0,> 10,> 35,pass,AUS: 4
legacy_replay,macro,2026-07-31,20261009T193713-93f4be,2026-10-09 19:37:13,served_crawl_age_days,timeliness,block,CAN,4.0,> 10,> 35,pass,CAN: 4
legacy_replay,macro,2026-07-31,20261009T193713-93f4be,2026-10-09 19:37:13,served_crawl_age_days,timeliness,block,CHN,4.0,> 10,> 35,pass,CHN: 4
legacy_replay,macro,2026-07-31,20261009T193713-93f4be,2026-10-09 19:37:13,served_crawl_age_days,timeliness,block,FRA,4.0,> 10,> 35,pass,FRA: 4
legacy_replay,macro,2026-07-31,20261009T193713-93f4be,2026-10-09 19:37:13,served_crawl_age_days,timeliness,block,GBR,4.0,> 10,> 35,pass,GBR: 4
legacy_replay,macro,2026-07-31,20261009T193713-93f4be,2026-10-09 19:37:13,served_crawl_age_days,timeliness,block,HKG,4.0,> 10,> 35,pass,HKG: 4
legacy_replay,macro,2026-07-31,20261009T193713-93f4be,2026-10-09 19:37:13,served_crawl_age_days,timeliness,block,JPN,4.0,> 10,> 35,pass,JPN: 4
legacy_replay,macro,2026-07-31,20261009T193713-93f4be,2026-10-09 19:37:13,served_crawl_age_days,timeliness,block,KOR,4.0,> 10,> 35,pass,KOR: 4
legacy_replay,macro,2026-07-31,20261009T193713-93f4be,2026-10-09 19:37:13,served_crawl_age_days,timeliness,block,MEX,4.0,> 10,> 35,pass,MEX: 4
legacy_replay,macro,2026-07-31,20261009T193713-93f4be,2026-10-09 19:37:13,served_crawl_age_days,timeliness,block,MYS,4.0,> 10,> 35,pass,MYS: 4
legacy_replay,macro,2026-07-31,20261009T193713-93f4be,2026-10-09 19:37:13,served_crawl_age_days,timeliness,block,SAU,4.0,> 10,> 35,pass,SAU: 4
legacy_replay,macro,2026-07-31,20261009T193713-93f4be,2026-10-09 19:37:13,served_crawl_age_days,timeliness,block,SGP,4.0,> 10,> 35,pass,SGP: 4
legacy_replay,macro,2026-07-31,20261009T193713-93f4be,2026-10-09 19:37:13,served_crawl_age_days,timeliness,block,THA,4.0,> 10,> 35,pass,THA: 4
legacy_replay,macro,2026-07-31,20261009T193713-93f4be,2026-10-09 19:37:13,served_crawl_age_days,timeliness,block,TWN,4.0,> 10,> 35,pass,TWN: 4
legacy_replay,macro,2026-07-31,20261009T193713-93f4be,2026-10-09 19:37:13,served_crawl_age_days,timeliness,block,USA,4.0,> 10,> 35,pass,USA: 4
legacy_replay,macro,2026-08-31,20261009T193713-93f4be,2026-10-09 19:37:13,market_coverage,completeness,block,all,1.0,,< 1.0,pass,all: 1
legacy_replay,macro,2026-08-31,20261009T193713-93f4be,2026-10-09 19:37:13,price_change_share_anomaly,plausibility,warn,all,0.00853,> mean + 4 sd of last 6 deliveries,,pass,all: 0.85%
legacy_replay,macro,2026-08-31,20261009T193713-93f4be,2026-10-09 19:37:13,price_decrease_share,plausibility,block,ARE,0.00444,> 0.02,> 0.1,pass,ARE: 0.44%
legacy_replay,macro,2026-08-31,20261009T193713-93f4be,2026-10-09 19:37:13,price_decrease_share,plausibility,block,AUS,0.00385,> 0.02,> 0.1,pass,AUS: 0.39%
legacy_replay,macro,2026-08-31,20261009T193713-93f4be,2026-10-09 19:37:13,price_decrease_share,plausibility,block,CAN,0.00251,> 0.02,> 0.1,pass,CAN: 0.25%
legacy_replay,macro,2026-08-31,20261009T193713-93f4be,2026-10-09 19:37:13,price_decrease_share,plausibility,block,CHN,0.00428,> 0.02,> 0.1,pass,CHN: 0.43%
legacy_replay,macro,2026-08-31,20261009T193713-93f4be,2026-10-09 19:37:13,price_decrease_share,plausibility,block,FRA,0.00501,> 0.02,> 0.1,pass,FRA: 0.50%
legacy_replay,macro,2026-08-31,20261009T193713-93f4be,2026-10-09 19:37:13,price_decrease_share,plausibility,block,GBR,0.00501,> 0.02,> 0.1,pass,GBR: 0.50%
legacy_replay,macro,2026-08-31,20261009T193713-93f4be,2026-10-09 19:37:13,price_decrease_share,plausibility,block,HKG,0.00513,> 0.02,> 0.1,pass,HKG: 0.51%
legacy_replay,macro,2026-08-31,20261009T193713-93f4be,2026-10-09 19:37:13,price_decrease_share,plausibility,block,JPN,0.00488,> 0.02,> 0.1,pass,JPN: 0.49%
legacy_replay,macro,2026-08-31,20261009T193713-93f4be,2026-10-09 19:37:13,price_decrease_share,plausibility,block,KOR,0.00505,> 0.02,> 0.1,pass,KOR: 0.51%
legacy_replay,macro,2026-08-31,20261009T193713-93f4be,2026-10-09 19:37:13,price_decrease_share,plausibility,block,MEX,0.00526,> 0.02,> 0.1,pass,MEX: 0.53%
legacy_replay,macro,2026-08-31,20261009T193713-93f4be,2026-10-09 19:37:13,price_decrease_share,plausibility,block,MYS,0.00444,> 0.02,> 0.1,pass,MYS: 0.44%
legacy_replay,macro,2026-08-31,20261009T193713-93f4be,2026-10-09 19:37:13,price_decrease_share,plausibility,block,SAU,0.00506,> 0.02,> 0.1,pass,SAU: 0.51%
legacy_replay,macro,2026-08-31,20261009T193713-93f4be,2026-10-09 19:37:13,price_decrease_share,plausibility,block,SGP,0.00579,> 0.02,> 0.1,pass,SGP: 0.58%
legacy_replay,macro,2026-08-31,20261009T193713-93f4be,2026-10-09 19:37:13,price_decrease_share,plausibility,block,THA,0.00505,> 0.02,> 0.1,pass,THA: 0.51%
legacy_replay,macro,2026-08-31,20261009T193713-93f4be,2026-10-09 19:37:13,price_decrease_share,plausibility,block,TWN,0.00444,> 0.02,> 0.1,pass,TWN: 0.44%
legacy_replay,macro,2026-08-31,20261009T193713-93f4be,2026-10-09 19:37:13,price_decrease_share,plausibility,block,USA,0.00479,> 0.02,> 0.1,pass,USA: 0.48%
legacy_replay,macro,2026-08-31,20261009T193713-93f4be,2026-10-09 19:37:13,price_reversion_share,plausibility,block,all,,> 0.01,> 0.05,skip,"no value (nothing to compare with, e.g. first delivery)"
legacy_replay,macro,2026-08-31,20261009T193713-93f4be,2026-10-09 19:37:13,product_count_change,completeness,block,ARE,0.0160098522,< -0.05 or > 0.2,< -0.2,pass,ARE: 1.60%
legacy_replay,macro,2026-08-31,20261009T193713-93f4be,2026-10-09 19:37:13,product_count_change,completeness,block,AUS,0.017380509,< -0.05 or > 0.2,< -0.2,pass,AUS: 1.74%
legacy_replay,macro,2026-08-31,20261009T193713-93f4be,2026-10-09 19:37:13,product_count_change,completeness,block,CAN,0.0146699267,< -0.05 or > 0.2,< -0.2,pass,CAN: 1.47%
legacy_replay,macro,2026-08-31,20261009T193713-93f4be,2026-10-09 19:37:13,product_count_change,completeness,block,CHN,0.0157284768,< -0.05 or > 0.2,< -0.2,pass,CHN: 1.57%
legacy_replay,macro,2026-08-31,20261009T193713-93f4be,2026-10-09 19:37:13,product_count_change,completeness,block,FRA,0.0121138704,< -0.05 or > 0.2,< -0.2,pass,FRA: 1.21%
legacy_replay,macro,2026-08-31,20261009T193713-93f4be,2026-10-09 19:37:13,product_count_change,completeness,block,GBR,0.0175332527,< -0.05 or > 0.2,< -0.2,pass,GBR: 1.75%
legacy_replay,macro,2026-08-31,20261009T193713-93f4be,2026-10-09 19:37:13,product_count_change,completeness,block,HKG,0.0137157107,< -0.05 or > 0.2,< -0.2,pass,HKG: 1.37%
legacy_replay,macro,2026-08-31,20261009T193713-93f4be,2026-10-09 19:37:13,product_count_change,completeness,block,JPN,0.0166865316,< -0.05 or > 0.2,< -0.2,pass,JPN: 1.67%
legacy_replay,macro,2026-08-31,20261009T193713-93f4be,2026-10-09 19:37:13,product_count_change,completeness,block,KOR,0.0165847666,< -0.05 or > 0.2,< -0.2,pass,KOR: 1.66%
legacy_replay,macro,2026-08-31,20261009T193713-93f4be,2026-10-09 19:37:13,product_count_change,completeness,block,MEX,0.0177664975,< -0.05 or > 0.2,< -0.2,pass,MEX: 1.78%
legacy_replay,macro,2026-08-31,20261009T193713-93f4be,2026-10-09 19:37:13,product_count_change,completeness,block,MYS,0.0185988841,< -0.05 or > 0.2,< -0.2,pass,MYS: 1.86%
legacy_replay,macro,2026-08-31,20261009T193713-93f4be,2026-10-09 19:37:13,product_count_change,completeness,block,SAU,0.0159021407,< -0.05 or > 0.2,< -0.2,pass,SAU: 1.59%
legacy_replay,macro,2026-08-31,20261009T193713-93f4be,2026-10-09 19:37:13,product_count_change,completeness,block,SGP,0.0136645963,< -0.05 or > 0.2,< -0.2,pass,SGP: 1.37%
legacy_replay,macro,2026-08-31,20261009T193713-93f4be,2026-10-09 19:37:13,product_count_change,completeness,block,THA,0.017791411,< -0.05 or > 0.2,< -0.2,pass,THA: 1.78%
legacy_replay,macro,2026-08-31,20261009T193713-93f4be,2026-10-09 19:37:13,product_count_change,completeness,block,TWN,0.0166153846,< -0.05 or > 0.2,< -0.2,pass,TWN: 1.66%
legacy_replay,macro,2026-08-31,20261009T193713-93f4be,2026-10-09 19:37:13,product_count_change,completeness,block,USA,0.0180232558,< -0.05 or > 0.2,< -0.2,pass,USA: 1.80%
legacy_replay,macro,2026-08-31,20261009T193713-93f4be,2026-10-09 19:37:13,served_crawl_age_days,timeliness,block,ARE,0.0,> 10,> 35,pass,ARE: 0
legacy_replay,macro,2026-08-31,20261009T193713-93f4be,2026-10-09 19:37:13,served_crawl_age_days,timeliness,block,AUS,0.0,> 10,> 35,pass,AUS: 0
legacy_replay,macro,2026-08-31,20261009T193713-93f4be,2026-10-09 19:37:13,served_crawl_age_days,timeliness,block,CAN,0.0,> 10,> 35,pass,CAN: 0
legacy_replay,macro,2026-08-31,20261009T193713-93f4be,2026-10-09 19:37:13,served_crawl_age_days,timeliness,block,CHN,0.0,> 10,> 35,pass,CHN: 0
legacy_replay,macro,2026-08-31,20261009T193713-93f4be,2026-10-09 19:37:13,served_crawl_age_days,timeliness,block,FRA,0.0,> 10,> 35,pass,FRA: 0
legacy_replay,macro,2026-08-31,20261009T193713-93f4be,2026-10-09 19:37:13,served_crawl_age_days,timeliness,block,GBR,0.0,> 10,> 35,pass,GBR: 0
legacy_replay,macro,2026-08-31,20261009T193713-93f4be,2026-10-09 19:37:13,served_crawl_age_days,timeliness,block,HKG,0.0,> 10,> 35,pass,HKG: 0
legacy_replay,macro,2026-08-31,20261009T193713-93f4be,2026-10-09 19:37:13,served_crawl_age_days,timeliness,block,JPN,0.0,> 10,> 35,pass,JPN: 0
legacy_replay,macro,2026-08-31,20261009T193713-93f4be,2026-10-09 19:37:13,served_crawl_age_days,timeliness,block,KOR,0.0,> 10,> 35,pass,KOR: 0
legacy_replay,macro,2026-08-31,20261009T193713-93f4be,2026-10-09 19:37:13,served_crawl_age_days,timeliness,block,MEX,0.0,> 10,> 35,pass,MEX: 0
legacy_replay,macro,2026-08-31,20261009T193713-93f4be,2026-10-09 19:37:13,served_crawl_age_days,timeliness,block,MYS,0.0,> 10,> 35,pass,MYS: 0
legacy_replay,macro,2026-08-31,20261009T193713-93f4be,2026-10-09 19:37:13,served_crawl_age_days,timeliness,block,SAU,0.0,> 10,> 35,pass,SAU: 0
legacy_replay,macro,2026-08-31,20261009T193713-93f4be,2026-10-09 19:37:13,served_crawl_age_days,timeliness,block,SGP,0.0,> 10,> 35,pass,SGP: 0
legacy_replay,macro,2026-08-31,20261009T193713-93f4be,2026-10-09 19:37:13,served_crawl_age_days,timeliness,block,THA,0.0,> 10,> 35,pass,THA: 0
legacy_replay,macro,2026-08-31,20261009T193713-93f4be,2026-10-09 19:37:13,served_crawl_age_days,timeliness,block,TWN,0.0,> 10,> 35,pass,TWN: 0
legacy_replay,macro,2026-08-31,20261009T193713-93f4be,2026-10-09 19:37:13,served_crawl_age_days,timeliness,block,USA,0.0,> 10,> 35,pass,USA: 0
legacy_replay,macro,2026-09-30,20261009T193713-93f4be,2026-10-09 19:37:13,market_coverage,completeness,block,all,1.0,,< 1.0,pass,all: 1
legacy_replay,macro,2026-09-30,20261009T193713-93f4be,2026-10-09 19:37:13,price_change_share_anomaly,plausibility,warn,all,0.26136,> mean + 4 sd of last 6 deliveries,,pass,all: 26.14%
legacy_replay,macro,2026-09-30,20261009T193713-93f4be,2026-10-09 19:37:13,price_decrease_share,plausibility,block,ARE,0.00062,> 0.02,> 0.1,pass,ARE: 0.06%
legacy_replay,macro,2026-09-30,20261009T193713-93f4be,2026-10-09 19:37:13,price_decrease_share,plausibility,block,AUS,0.00062,> 0.02,> 0.1,pass,AUS: 0.06%
legacy_replay,macro,2026-09-30,20261009T193713-93f4be,2026-10-09 19:37:13,price_decrease_share,plausibility,block,CAN,0.00062,> 0.02,> 0.1,pass,CAN: 0.06%
legacy_replay,macro,2026-09-30,20261009T193713-93f4be,2026-10-09 19:37:13,price_decrease_share,plausibility,block,CHN,0.00084,> 0.02,> 0.1,pass,CHN: 0.08%
legacy_replay,macro,2026-09-30,20261009T193713-93f4be,2026-10-09 19:37:13,price_decrease_share,plausibility,block,FRA,0.00061,> 0.02,> 0.1,pass,FRA: 0.06%
legacy_replay,macro,2026-09-30,20261009T193713-93f4be,2026-10-09 19:37:13,price_decrease_share,plausibility,block,GBR,0.00061,> 0.02,> 0.1,pass,GBR: 0.06%
legacy_replay,macro,2026-09-30,20261009T193713-93f4be,2026-10-09 19:37:13,price_decrease_share,plausibility,block,HKG,0.00063,> 0.02,> 0.1,pass,HKG: 0.06%
legacy_replay,macro,2026-09-30,20261009T193713-93f4be,2026-10-09 19:37:13,price_decrease_share,plausibility,block,JPN,0.0006,> 0.02,> 0.1,pass,JPN: 0.06%
legacy_replay,macro,2026-09-30,20261009T193713-93f4be,2026-10-09 19:37:13,price_decrease_share,plausibility,block,KOR,0.00062,> 0.02,> 0.1,pass,KOR: 0.06%
legacy_replay,macro,2026-09-30,20261009T193713-93f4be,2026-10-09 19:37:13,price_decrease_share,plausibility,block,MEX,0.0,> 0.02,> 0.1,pass,MEX: 0
legacy_replay,macro,2026-09-30,20261009T193713-93f4be,2026-10-09 19:37:13,price_decrease_share,plausibility,block,MYS,0.00062,> 0.02,> 0.1,pass,MYS: 0.06%
legacy_replay,macro,2026-09-30,20261009T193713-93f4be,2026-10-09 19:37:13,price_decrease_share,plausibility,block,SAU,0.00062,> 0.02,> 0.1,pass,SAU: 0.06%
legacy_replay,macro,2026-09-30,20261009T193713-93f4be,2026-10-09 19:37:13,price_decrease_share,plausibility,block,SGP,0.00063,> 0.02,> 0.1,pass,SGP: 0.06%
legacy_replay,macro,2026-09-30,20261009T193713-93f4be,2026-10-09 19:37:13,price_decrease_share,plausibility,block,THA,0.0,> 0.02,> 0.1,pass,THA: 0
legacy_replay,macro,2026-09-30,20261009T193713-93f4be,2026-10-09 19:37:13,price_decrease_share,plausibility,block,TWN,0.0,> 0.02,> 0.1,pass,TWN: 0
legacy_replay,macro,2026-09-30,20261009T193713-93f4be,2026-10-09 19:37:13,price_decrease_share,plausibility,block,USA,0.00059,> 0.02,> 0.1,pass,USA: 0.06%
legacy_replay,macro,2026-09-30,20261009T193713-93f4be,2026-10-09 19:37:13,price_reversion_share,plausibility,block,ARE,0.0,> 0.01,> 0.05,pass,ARE: 0
legacy_replay,macro,2026-09-30,20261009T193713-93f4be,2026-10-09 19:37:13,price_reversion_share,plausibility,block,AUS,0.0,> 0.01,> 0.05,pass,AUS: 0
legacy_replay,macro,2026-09-30,20261009T193713-93f4be,2026-10-09 19:37:13,price_reversion_share,plausibility,block,CAN,0.0,> 0.01,> 0.05,pass,CAN: 0
legacy_replay,macro,2026-09-30,20261009T193713-93f4be,2026-10-09 19:37:13,price_reversion_share,plausibility,block,CHN,0.0,> 0.01,> 0.05,pass,CHN: 0
legacy_replay,macro,2026-09-30,20261009T193713-93f4be,2026-10-09 19:37:13,price_reversion_share,plausibility,block,FRA,0.0,> 0.01,> 0.05,pass,FRA: 0
legacy_replay,macro,2026-09-30,20261009T193713-93f4be,2026-10-09 19:37:13,price_reversion_share,plausibility,block,GBR,0.0,> 0.01,> 0.05,pass,GBR: 0
legacy_replay,macro,2026-09-30,20261009T193713-93f4be,2026-10-09 19:37:13,price_reversion_share,plausibility,block,HKG,0.0,> 0.01,> 0.05,pass,HKG: 0
legacy_replay,macro,2026-09-30,20261009T193713-93f4be,2026-10-09 19:37:13,price_reversion_share,plausibility,block,JPN,0.0,> 0.01,> 0.05,pass,JPN: 0
legacy_replay,macro,2026-09-30,20261009T193713-93f4be,2026-10-09 19:37:13,price_reversion_share,plausibility,block,KOR,0.0,> 0.01,> 0.05,pass,KOR: 0
legacy_replay,macro,2026-09-30,20261009T193713-93f4be,2026-10-09 19:37:13,price_reversion_share,plausibility,block,MEX,0.0,> 0.01,> 0.05,pass,MEX: 0
legacy_replay,macro,2026-09-30,20261009T193713-93f4be,2026-10-09 19:37:13,price_reversion_share,plausibility,block,MYS,0.0,> 0.01,> 0.05,pass,MYS: 0
legacy_replay,macro,2026-09-30,20261009T193713-93f4be,2026-10-09 19:37:13,price_reversion_share,plausibility,block,SAU,0.0,> 0.01,> 0.05,pass,SAU: 0
legacy_replay,macro,2026-09-30,20261009T193713-93f4be,2026-10-09 19:37:13,price_reversion_share,plausibility,block,SGP,0.0,> 0.01,> 0.05,pass,SGP: 0
legacy_replay,macro,2026-09-30,20261009T193713-93f4be,2026-10-09 19:37:13,price_reversion_share,plausibility,block,THA,0.0,> 0.01,> 0.05,pass,THA: 0
legacy_replay,macro,2026-09-30,20261009T193713-93f4be,2026-10-09 19:37:13,price_reversion_share,plausibility,block,TWN,0.0,> 0.01,> 0.05,pass,TWN: 0
legacy_replay,macro,2026-09-30,20261009T193713-93f4be,2026-10-09 19:37:13,price_reversion_share,plausibility,block,USA,0.0,> 0.01,> 0.05,pass,USA: 0
legacy_replay,macro,2026-09-30,20261009T193713-93f4be,2026-10-09 19:37:13,product_count_change,completeness,block,ARE,0.0103030303,< -0.05 or > 0.2,< -0.2,pass,ARE: 1.03%
legacy_replay,macro,2026-09-30,20261009T193713-93f4be,2026-10-09 19:37:13,product_count_change,completeness,block,AUS,0.0115924344,< -0.05 or > 0.2,< -0.2,pass,AUS: 1.16%
legacy_replay,macro,2026-09-30,20261009T193713-93f4be,2026-10-09 19:37:13,product_count_change,completeness,block,CAN,0.0126506024,< -0.05 or > 0.2,< -0.2,pass,CAN: 1.27%
legacy_replay,macro,2026-09-30,20261009T193713-93f4be,2026-10-09 19:37:13,product_count_change,completeness,block,CHN,0.0073349633,< -0.05 or > 0.2,< -0.2,pass,CHN: 0.73%
legacy_replay,macro,2026-09-30,20261009T193713-93f4be,2026-10-09 19:37:13,product_count_change,completeness,block,FRA,0.013165769,< -0.05 or > 0.2,< -0.2,pass,FRA: 1.32%
legacy_replay,macro,2026-09-30,20261009T193713-93f4be,2026-10-09 19:37:13,product_count_change,completeness,block,GBR,0.0112893642,< -0.05 or > 0.2,< -0.2,pass,GBR: 1.13%
legacy_replay,macro,2026-09-30,20261009T193713-93f4be,2026-10-09 19:37:13,product_count_change,completeness,block,HKG,0.0135301353,< -0.05 or > 0.2,< -0.2,pass,HKG: 1.35%
legacy_replay,macro,2026-09-30,20261009T193713-93f4be,2026-10-09 19:37:13,product_count_change,completeness,block,JPN,0.0128956624,< -0.05 or > 0.2,< -0.2,pass,JPN: 1.29%
legacy_replay,macro,2026-09-30,20261009T193713-93f4be,2026-10-09 19:37:13,product_count_change,completeness,block,KOR,0.0126888218,< -0.05 or > 0.2,< -0.2,pass,KOR: 1.27%
legacy_replay,macro,2026-09-30,20261009T193713-93f4be,2026-10-09 19:37:13,product_count_change,completeness,block,MEX,0.0049875312,< -0.05 or > 0.2,< -0.2,pass,MEX: 0.50%
legacy_replay,macro,2026-09-30,20261009T193713-93f4be,2026-10-09 19:37:13,product_count_change,completeness,block,MYS,0.0121728545,< -0.05 or > 0.2,< -0.2,pass,MYS: 1.22%
legacy_replay,macro,2026-09-30,20261009T193713-93f4be,2026-10-09 19:37:13,product_count_change,completeness,block,SAU,0.0138470801,< -0.05 or > 0.2,< -0.2,pass,SAU: 1.38%
legacy_replay,macro,2026-09-30,20261009T193713-93f4be,2026-10-09 19:37:13,product_count_change,completeness,block,SGP,0.0140931373,< -0.05 or > 0.2,< -0.2,pass,SGP: 1.41%
legacy_replay,macro,2026-09-30,20261009T193713-93f4be,2026-10-09 19:37:13,product_count_change,completeness,block,THA,0.0144665461,< -0.05 or > 0.2,< -0.2,pass,THA: 1.45%
legacy_replay,macro,2026-09-30,20261009T193713-93f4be,2026-10-09 19:37:13,product_count_change,completeness,block,TWN,0.0121065375,< -0.05 or > 0.2,< -0.2,pass,TWN: 1.21%
legacy_replay,macro,2026-09-30,20261009T193713-93f4be,2026-10-09 19:37:13,product_count_change,completeness,block,USA,0.0108509423,< -0.05 or > 0.2,< -0.2,pass,USA: 1.09%
legacy_replay,macro,2026-09-30,20261009T193713-93f4be,2026-10-09 19:37:13,served_crawl_age_days,timeliness,block,ARE,2.0,> 10,> 35,pass,ARE: 2
legacy_replay,macro,2026-09-30,20261009T193713-93f4be,2026-10-09 19:37:13,served_crawl_age_days,timeliness,block,AUS,2.0,> 10,> 35,pass,AUS: 2
legacy_replay,macro,2026-09-30,20261009T193713-93f4be,2026-10-09 19:37:13,served_crawl_age_days,timeliness,block,CAN,2.0,> 10,> 35,pass,CAN: 2
legacy_replay,macro,2026-09-30,20261009T193713-93f4be,2026-10-09 19:37:13,served_crawl_age_days,timeliness,block,CHN,2.0,> 10,> 35,pass,CHN: 2
legacy_replay,macro,2026-09-30,20261009T193713-93f4be,2026-10-09 19:37:13,served_crawl_age_days,timeliness,block,FRA,2.0,> 10,> 35,pass,FRA: 2
legacy_replay,macro,2026-09-30,20261009T193713-93f4be,2026-10-09 19:37:13,served_crawl_age_days,timeliness,block,GBR,2.0,> 10,> 35,pass,GBR: 2
legacy_replay,macro,2026-09-30,20261009T193713-93f4be,2026-10-09 19:37:13,served_crawl_age_days,timeliness,block,HKG,2.0,> 10,> 35,pass,HKG: 2
legacy_replay,macro,2026-09-30,20261009T193713-93f4be,2026-10-09 19:37:13,served_crawl_age_days,timeliness,block,JPN,2.0,> 10,> 35,pass,JPN: 2
legacy_replay,macro,2026-09-30,20261009T193713-93f4be,2026-10-09 19:37:13,served_crawl_age_days,timeliness,block,KOR,2.0,> 10,> 35,pass,KOR: 2
legacy_replay,macro,2026-09-30,20261009T193713-93f4be,2026-10-09 19:37:13,served_crawl_age_days,timeliness,block,MEX,2.0,> 10,> 35,pass,MEX: 2
legacy_replay,macro,2026-09-30,20261009T193713-93f4be,2026-10-09 19:37:13,served_crawl_age_days,timeliness,block,MYS,2.0,> 10,> 35,pass,MYS: 2
legacy_replay,macro,2026-09-30,20261009T193713-93f4be,2026-10-09 19:37:13,served_crawl_age_days,timeliness,block,SAU,2.0,> 10,> 35,pass,SAU: 2
legacy_replay,macro,2026-09-30,20261009T193713-93f4be,2026-10-09 19:37:13,served_crawl_age_days,timeliness,block,SGP,2.0,> 10,> 35,pass,SGP: 2
legacy_replay,macro,2026-09-30,20261009T193713-93f4be,2026-10-09 19:37:13,served_crawl_age_days,timeliness,block,THA,2.0,> 10,> 35,pass,THA: 2
legacy_replay,macro,2026-09-30,20261009T193713-93f4be,2026-10-09 19:37:13,served_crawl_age_days,timeliness,block,TWN,2.0,> 10,> 35,pass,TWN: 2
legacy_replay,macro,2026-09-30,20261009T193713-93f4be,2026-10-09 19:37:13,served_crawl_age_days,timeliness,block,USA,2.0,> 10,> 35,pass,USA: 2
legacy_replay,micro,2026-07-07,20261009T193713-93f4be,2026-10-09 19:37:13,market_coverage,completeness,block,all,1.0,,< 1.0,pass,all: 1
legacy_replay,micro,2026-07-07,20261009T193713-93f4be,2026-10-09 19:37:13,price_change_share_anomaly,plausibility,warn,all,,> mean + 4 sd of last 6 deliveries,,skip,"no value (nothing to compare with, e.g. first delivery)"
legacy_replay,micro,2026-07-07,20261009T193713-93f4be,2026-10-09 19:37:13,price_decrease_share,plausibility,block,all,,> 0.02,> 0.1,skip,"no value (nothing to compare with, e.g. first delivery)"
legacy_replay,micro,2026-07-07,20261009T193713-93f4be,2026-10-09 19:37:13,price_reversion_share,plausibility,block,all,,> 0.01,> 0.05,skip,"no value (nothing to compare with, e.g. first delivery)"
legacy_replay,micro,2026-07-07,20261009T193713-93f4be,2026-10-09 19:37:13,product_count_change,completeness,block,ARE,,< -0.05 or > 0.2,< -0.2,skip,"no value (nothing to compare with, e.g. first delivery)"
legacy_replay,micro,2026-07-07,20261009T193713-93f4be,2026-10-09 19:37:13,product_count_change,completeness,block,CHN,,< -0.05 or > 0.2,< -0.2,skip,"no value (nothing to compare with, e.g. first delivery)"
legacy_replay,micro,2026-07-07,20261009T193713-93f4be,2026-10-09 19:37:13,product_count_change,completeness,block,FRA,,< -0.05 or > 0.2,< -0.2,skip,"no value (nothing to compare with, e.g. first delivery)"
legacy_replay,micro,2026-07-07,20261009T193713-93f4be,2026-10-09 19:37:13,product_count_change,completeness,block,GBR,,< -0.05 or > 0.2,< -0.2,skip,"no value (nothing to compare with, e.g. first delivery)"
legacy_replay,micro,2026-07-07,20261009T193713-93f4be,2026-10-09 19:37:13,product_count_change,completeness,block,HKG,,< -0.05 or > 0.2,< -0.2,skip,"no value (nothing to compare with, e.g. first delivery)"
legacy_replay,micro,2026-07-07,20261009T193713-93f4be,2026-10-09 19:37:13,product_count_change,completeness,block,JPN,,< -0.05 or > 0.2,< -0.2,skip,"no value (nothing to compare with, e.g. first delivery)"
legacy_replay,micro,2026-07-07,20261009T193713-93f4be,2026-10-09 19:37:13,product_count_change,completeness,block,KOR,,< -0.05 or > 0.2,< -0.2,skip,"no value (nothing to compare with, e.g. first delivery)"
legacy_replay,micro,2026-07-07,20261009T193713-93f4be,2026-10-09 19:37:13,product_count_change,completeness,block,USA,,< -0.05 or > 0.2,< -0.2,skip,"no value (nothing to compare with, e.g. first delivery)"
legacy_replay,micro,2026-07-07,20261009T193713-93f4be,2026-10-09 19:37:13,served_crawl_age_days,timeliness,block,ARE,1.0,> 7,> 14,pass,ARE: 1
legacy_replay,micro,2026-07-07,20261009T193713-93f4be,2026-10-09 19:37:13,served_crawl_age_days,timeliness,block,CHN,1.0,> 7,> 14,pass,CHN: 1
legacy_replay,micro,2026-07-07,20261009T193713-93f4be,2026-10-09 19:37:13,served_crawl_age_days,timeliness,block,FRA,1.0,> 7,> 14,pass,FRA: 1
legacy_replay,micro,2026-07-07,20261009T193713-93f4be,2026-10-09 19:37:13,served_crawl_age_days,timeliness,block,GBR,1.0,> 7,> 14,pass,GBR: 1
legacy_replay,micro,2026-07-07,20261009T193713-93f4be,2026-10-09 19:37:13,served_crawl_age_days,timeliness,block,HKG,1.0,> 7,> 14,pass,HKG: 1
legacy_replay,micro,2026-07-07,20261009T193713-93f4be,2026-10-09 19:37:13,served_crawl_age_days,timeliness,block,JPN,1.0,> 7,> 14,pass,JPN: 1
legacy_replay,micro,2026-07-07,20261009T193713-93f4be,2026-10-09 19:37:13,served_crawl_age_days,timeliness,block,KOR,1.0,> 7,> 14,pass,KOR: 1
legacy_replay,micro,2026-07-07,20261009T193713-93f4be,2026-10-09 19:37:13,served_crawl_age_days,timeliness,block,USA,1.0,> 7,> 14,pass,USA: 1
legacy_replay,micro,2026-07-14,20261009T193713-93f4be,2026-10-09 19:37:13,market_coverage,completeness,block,all,1.0,,< 1.0,pass,all: 1
legacy_replay,micro,2026-07-14,20261009T193713-93f4be,2026-10-09 19:37:13,price_change_share_anomaly,plausibility,warn,all,0.00217,> mean + 4 sd of last 6 deliveries,,pass,all: 0.22%
legacy_replay,micro,2026-07-14,20261009T193713-93f4be,2026-10-09 19:37:13,price_decrease_share,plausibility,block,ARE,0.00063,> 0.02,> 0.1,pass,ARE: 0.06%
legacy_replay,micro,2026-07-14,20261009T193713-93f4be,2026-10-09 19:37:13,price_decrease_share,plausibility,block,CHN,0.00085,> 0.02,> 0.1,pass,CHN: 0.08%
legacy_replay,micro,2026-07-14,20261009T193713-93f4be,2026-10-09 19:37:13,price_decrease_share,plausibility,block,FRA,0.00062,> 0.02,> 0.1,pass,FRA: 0.06%
legacy_replay,micro,2026-07-14,20261009T193713-93f4be,2026-10-09 19:37:13,price_decrease_share,plausibility,block,GBR,0.00062,> 0.02,> 0.1,pass,GBR: 0.06%
legacy_replay,micro,2026-07-14,20261009T193713-93f4be,2026-10-09 19:37:13,price_decrease_share,plausibility,block,HKG,0.00064,> 0.02,> 0.1,pass,HKG: 0.06%
legacy_replay,micro,2026-07-14,20261009T193713-93f4be,2026-10-09 19:37:13,price_decrease_share,plausibility,block,JPN,0.00061,> 0.02,> 0.1,pass,JPN: 0.06%
legacy_replay,micro,2026-07-14,20261009T193713-93f4be,2026-10-09 19:37:13,price_decrease_share,plausibility,block,KOR,0.0,> 0.02,> 0.1,pass,KOR: 0
legacy_replay,micro,2026-07-14,20261009T193713-93f4be,2026-10-09 19:37:13,price_decrease_share,plausibility,block,USA,0.0006,> 0.02,> 0.1,pass,USA: 0.06%
legacy_replay,micro,2026-07-14,20261009T193713-93f4be,2026-10-09 19:37:13,price_reversion_share,plausibility,block,all,,> 0.01,> 0.05,skip,"no value (nothing to compare with, e.g. first delivery)"
legacy_replay,micro,2026-07-14,20261009T193713-93f4be,2026-10-09 19:37:13,product_count_change,completeness,block,ARE,0.0018598884,< -0.05 or > 0.2,< -0.2,pass,ARE: 0.19%
legacy_replay,micro,2026-07-14,20261009T193713-93f4be,2026-10-09 19:37:13,product_count_change,completeness,block,CHN,0.0033250208,< -0.05 or > 0.2,< -0.2,pass,CHN: 0.33%
legacy_replay,micro,2026-07-14,20261009T193713-93f4be,2026-10-09 19:37:13,product_count_change,completeness,block,FRA,-0.0006086427,< -0.05 or > 0.2,< -0.2,pass,FRA: -0.06%
legacy_replay,micro,2026-07-14,20261009T193713-93f4be,2026-10-09 19:37:13,product_count_change,completeness,block,GBR,-0.0018203883,< -0.05 or > 0.2,< -0.2,pass,GBR: -0.18%
legacy_replay,micro,2026-07-14,20261009T193713-93f4be,2026-10-09 19:37:13,product_count_change,completeness,block,HKG,0.0012547051,< -0.05 or > 0.2,< -0.2,pass,HKG: 0.13%
legacy_replay,micro,2026-07-14,20261009T193713-93f4be,2026-10-09 19:37:13,product_count_change,completeness,block,JPN,0.000598444,< -0.05 or > 0.2,< -0.2,pass,JPN: 0.06%
legacy_replay,micro,2026-07-14,20261009T193713-93f4be,2026-10-09 19:37:13,product_count_change,completeness,block,KOR,0.0,< -0.05 or > 0.2,< -0.2,pass,KOR: 0
legacy_replay,micro,2026-07-14,20261009T193713-93f4be,2026-10-09 19:37:13,product_count_change,completeness,block,USA,-0.0011682243,< -0.05 or > 0.2,< -0.2,pass,USA: -0.12%
legacy_replay,micro,2026-07-14,20261009T193713-93f4be,2026-10-09 19:37:13,served_crawl_age_days,timeliness,block,ARE,1.0,> 7,> 14,pass,ARE: 1
legacy_replay,micro,2026-07-14,20261009T193713-93f4be,2026-10-09 19:37:13,served_crawl_age_days,timeliness,block,CHN,1.0,> 7,> 14,pass,CHN: 1
legacy_replay,micro,2026-07-14,20261009T193713-93f4be,2026-10-09 19:37:13,served_crawl_age_days,timeliness,block,FRA,1.0,> 7,> 14,pass,FRA: 1
legacy_replay,micro,2026-07-14,20261009T193713-93f4be,2026-10-09 19:37:13,served_crawl_age_days,timeliness,block,GBR,1.0,> 7,> 14,pass,GBR: 1
legacy_replay,micro,2026-07-14,20261009T193713-93f4be,2026-10-09 19:37:13,served_crawl_age_days,timeliness,block,HKG,1.0,> 7,> 14,pass,HKG: 1
legacy_replay,micro,2026-07-14,20261009T193713-93f4be,2026-10-09 19:37:13,served_crawl_age_days,timeliness,block,JPN,1.0,> 7,> 14,pass,JPN: 1
legacy_replay,micro,2026-07-14,20261009T193713-93f4be,2026-10-09 19:37:13,served_crawl_age_days,timeliness,block,KOR,1.0,> 7,> 14,pass,KOR: 1
legacy_replay,micro,2026-07-14,20261009T193713-93f4be,2026-10-09 19:37:13,served_crawl_age_days,timeliness,block,USA,1.0,> 7,> 14,pass,USA: 1
legacy_replay,micro,2026-07-21,20261009T193713-93f4be,2026-10-09 19:37:13,market_coverage,completeness,block,all,1.0,,< 1.0,pass,all: 1
legacy_replay,micro,2026-07-21,20261009T193713-93f4be,2026-10-09 19:37:13,price_change_share_anomaly,plausibility,warn,all,0.00072,> mean + 4 sd of last 6 deliveries,,pass,all: 0.07%
legacy_replay,micro,2026-07-21,20261009T193713-93f4be,2026-10-09 19:37:13,price_decrease_share,plausibility,block,ARE,0.00063,> 0.02,> 0.1,pass,ARE: 0.06%
legacy_replay,micro,2026-07-21,20261009T193713-93f4be,2026-10-09 19:37:13,price_decrease_share,plausibility,block,CHN,0.00084,> 0.02,> 0.1,pass,CHN: 0.08%
legacy_replay,micro,2026-07-21,20261009T193713-93f4be,2026-10-09 19:37:13,price_decrease_share,plausibility,block,FRA,0.00062,> 0.02,> 0.1,pass,FRA: 0.06%
legacy_replay,micro,2026-07-21,20261009T193713-93f4be,2026-10-09 19:37:13,price_decrease_share,plausibility,block,GBR,0.00062,> 0.02,> 0.1,pass,GBR: 0.06%
legacy_replay,micro,2026-07-21,20261009T193713-93f4be,2026-10-09 19:37:13,price_decrease_share,plausibility,block,HKG,0.00064,> 0.02,> 0.1,pass,HKG: 0.06%
legacy_replay,micro,2026-07-21,20261009T193713-93f4be,2026-10-09 19:37:13,price_decrease_share,plausibility,block,JPN,0.00061,> 0.02,> 0.1,pass,JPN: 0.06%
legacy_replay,micro,2026-07-21,20261009T193713-93f4be,2026-10-09 19:37:13,price_decrease_share,plausibility,block,KOR,0.00063,> 0.02,> 0.1,pass,KOR: 0.06%
legacy_replay,micro,2026-07-21,20261009T193713-93f4be,2026-10-09 19:37:13,price_decrease_share,plausibility,block,USA,0.00059,> 0.02,> 0.1,pass,USA: 0.06%
legacy_replay,micro,2026-07-21,20261009T193713-93f4be,2026-10-09 19:37:13,price_reversion_share,plausibility,block,ARE,0.0,> 0.01,> 0.05,pass,ARE: 0
legacy_replay,micro,2026-07-21,20261009T193713-93f4be,2026-10-09 19:37:13,price_reversion_share,plausibility,block,CHN,0.0,> 0.01,> 0.05,pass,CHN: 0
legacy_replay,micro,2026-07-21,20261009T193713-93f4be,2026-10-09 19:37:13,price_reversion_share,plausibility,block,FRA,0.0,> 0.01,> 0.05,pass,FRA: 0
legacy_replay,micro,2026-07-21,20261009T193713-93f4be,2026-10-09 19:37:13,price_reversion_share,plausibility,block,GBR,0.0,> 0.01,> 0.05,pass,GBR: 0
legacy_replay,micro,2026-07-21,20261009T193713-93f4be,2026-10-09 19:37:13,price_reversion_share,plausibility,block,HKG,0.0,> 0.01,> 0.05,pass,HKG: 0
legacy_replay,micro,2026-07-21,20261009T193713-93f4be,2026-10-09 19:37:13,price_reversion_share,plausibility,block,JPN,0.0,> 0.01,> 0.05,pass,JPN: 0
legacy_replay,micro,2026-07-21,20261009T193713-93f4be,2026-10-09 19:37:13,price_reversion_share,plausibility,block,KOR,0.0,> 0.01,> 0.05,pass,KOR: 0
legacy_replay,micro,2026-07-21,20261009T193713-93f4be,2026-10-09 19:37:13,price_reversion_share,plausibility,block,USA,0.0,> 0.01,> 0.05,pass,USA: 0
legacy_replay,micro,2026-07-21,20261009T193713-93f4be,2026-10-09 19:37:13,product_count_change,completeness,block,ARE,0.0018564356,< -0.05 or > 0.2,< -0.2,pass,ARE: 0.19%
legacy_replay,micro,2026-07-21,20261009T193713-93f4be,2026-10-09 19:37:13,product_count_change,completeness,block,CHN,0.0016570008,< -0.05 or > 0.2,< -0.2,pass,CHN: 0.17%
legacy_replay,micro,2026-07-21,20261009T193713-93f4be,2026-10-09 19:37:13,product_count_change,completeness,block,FRA,0.003045067,< -0.05 or > 0.2,< -0.2,pass,FRA: 0.30%
legacy_replay,micro,2026-07-21,20261009T193713-93f4be,2026-10-09 19:37:13,product_count_change,completeness,block,GBR,0.0042553191,< -0.05 or > 0.2,< -0.2,pass,GBR: 0.43%
legacy_replay,micro,2026-07-21,20261009T193713-93f4be,2026-10-09 19:37:13,product_count_change,completeness,block,HKG,0.0018796992,< -0.05 or > 0.2,< -0.2,pass,HKG: 0.19%
legacy_replay,micro,2026-07-21,20261009T193713-93f4be,2026-10-09 19:37:13,product_count_change,completeness,block,JPN,0.0035885167,< -0.05 or > 0.2,< -0.2,pass,JPN: 0.36%
legacy_replay,micro,2026-07-21,20261009T193713-93f4be,2026-10-09 19:37:13,product_count_change,completeness,block,KOR,0.0049535604,< -0.05 or > 0.2,< -0.2,pass,KOR: 0.50%
legacy_replay,micro,2026-07-21,20261009T193713-93f4be,2026-10-09 19:37:13,product_count_change,completeness,block,USA,0.0046783626,< -0.05 or > 0.2,< -0.2,pass,USA: 0.47%
legacy_replay,micro,2026-07-21,20261009T193713-93f4be,2026-10-09 19:37:13,served_crawl_age_days,timeliness,block,ARE,1.0,> 7,> 14,pass,ARE: 1
legacy_replay,micro,2026-07-21,20261009T193713-93f4be,2026-10-09 19:37:13,served_crawl_age_days,timeliness,block,CHN,1.0,> 7,> 14,pass,CHN: 1
legacy_replay,micro,2026-07-21,20261009T193713-93f4be,2026-10-09 19:37:13,served_crawl_age_days,timeliness,block,FRA,1.0,> 7,> 14,pass,FRA: 1
legacy_replay,micro,2026-07-21,20261009T193713-93f4be,2026-10-09 19:37:13,served_crawl_age_days,timeliness,block,GBR,1.0,> 7,> 14,pass,GBR: 1
legacy_replay,micro,2026-07-21,20261009T193713-93f4be,2026-10-09 19:37:13,served_crawl_age_days,timeliness,block,HKG,1.0,> 7,> 14,pass,HKG: 1
legacy_replay,micro,2026-07-21,20261009T193713-93f4be,2026-10-09 19:37:13,served_crawl_age_days,timeliness,block,JPN,1.0,> 7,> 14,pass,JPN: 1
legacy_replay,micro,2026-07-21,20261009T193713-93f4be,2026-10-09 19:37:13,served_crawl_age_days,timeliness,block,KOR,1.0,> 7,> 14,pass,KOR: 1
legacy_replay,micro,2026-07-21,20261009T193713-93f4be,2026-10-09 19:37:13,served_crawl_age_days,timeliness,block,USA,1.0,> 7,> 14,pass,USA: 1
legacy_replay,micro,2026-07-28,20261009T193713-93f4be,2026-10-09 19:37:13,market_coverage,completeness,block,all,1.0,,< 1.0,pass,all: 1
legacy_replay,micro,2026-07-28,20261009T193713-93f4be,2026-10-09 19:37:13,price_change_share_anomaly,plausibility,warn,all,0.00112,> mean + 4 sd of last 6 deliveries,,pass,all: 0.11%
legacy_replay,micro,2026-07-28,20261009T193713-93f4be,2026-10-09 19:37:13,price_decrease_share,plausibility,block,ARE,0.0,> 0.02,> 0.1,pass,ARE: 0
legacy_replay,micro,2026-07-28,20261009T193713-93f4be,2026-10-09 19:37:13,price_decrease_share,plausibility,block,CHN,0.0,> 0.02,> 0.1,pass,CHN: 0
legacy_replay,micro,2026-07-28,20261009T193713-93f4be,2026-10-09 19:37:13,price_decrease_share,plausibility,block,FRA,0.0,> 0.02,> 0.1,pass,FRA: 0
legacy_replay,micro,2026-07-28,20261009T193713-93f4be,2026-10-09 19:37:13,price_decrease_share,plausibility,block,GBR,0.0,> 0.02,> 0.1,pass,GBR: 0
legacy_replay,micro,2026-07-28,20261009T193713-93f4be,2026-10-09 19:37:13,price_decrease_share,plausibility,block,HKG,0.0,> 0.02,> 0.1,pass,HKG: 0
legacy_replay,micro,2026-07-28,20261009T193713-93f4be,2026-10-09 19:37:13,price_decrease_share,plausibility,block,JPN,0.0,> 0.02,> 0.1,pass,JPN: 0
legacy_replay,micro,2026-07-28,20261009T193713-93f4be,2026-10-09 19:37:13,price_decrease_share,plausibility,block,KOR,0.0,> 0.02,> 0.1,pass,KOR: 0
legacy_replay,micro,2026-07-28,20261009T193713-93f4be,2026-10-09 19:37:13,price_decrease_share,plausibility,block,USA,0.0,> 0.02,> 0.1,pass,USA: 0
legacy_replay,micro,2026-07-28,20261009T193713-93f4be,2026-10-09 19:37:13,price_reversion_share,plausibility,block,ARE,0.0,> 0.01,> 0.05,pass,ARE: 0
legacy_replay,micro,2026-07-28,20261009T193713-93f4be,2026-10-09 19:37:13,price_reversion_share,plausibility,block,CHN,0.0,> 0.01,> 0.05,pass,CHN: 0
legacy_replay,micro,2026-07-28,20261009T193713-93f4be,2026-10-09 19:37:13,price_reversion_share,plausibility,block,FRA,0.0,> 0.01,> 0.05,pass,FRA: 0
legacy_replay,micro,2026-07-28,20261009T193713-93f4be,2026-10-09 19:37:13,price_reversion_share,plausibility,block,GBR,0.0,> 0.01,> 0.05,pass,GBR: 0
legacy_replay,micro,2026-07-28,20261009T193713-93f4be,2026-10-09 19:37:13,price_reversion_share,plausibility,block,HKG,0.0,> 0.01,> 0.05,pass,HKG: 0
legacy_replay,micro,2026-07-28,20261009T193713-93f4be,2026-10-09 19:37:13,price_reversion_share,plausibility,block,JPN,0.0,> 0.01,> 0.05,pass,JPN: 0
legacy_replay,micro,2026-07-28,20261009T193713-93f4be,2026-10-09 19:37:13,price_reversion_share,plausibility,block,KOR,0.0,> 0.01,> 0.05,pass,KOR: 0
legacy_replay,micro,2026-07-28,20261009T193713-93f4be,2026-10-09 19:37:13,price_reversion_share,plausibility,block,USA,0.0,> 0.01,> 0.05,pass,USA: 0
legacy_replay,micro,2026-07-28,20261009T193713-93f4be,2026-10-09 19:37:13,product_count_change,completeness,block,ARE,0.0030883261,< -0.05 or > 0.2,< -0.2,pass,ARE: 0.31%
legacy_replay,micro,2026-07-28,20261009T193713-93f4be,2026-10-09 19:37:13,product_count_change,completeness,block,CHN,-0.0008271299,< -0.05 or > 0.2,< -0.2,pass,CHN: -0.08%
legacy_replay,micro,2026-07-28,20261009T193713-93f4be,2026-10-09 19:37:13,product_count_change,completeness,block,FRA,0.0024286582,< -0.05 or > 0.2,< -0.2,pass,FRA: 0.24%
legacy_replay,micro,2026-07-28,20261009T193713-93f4be,2026-10-09 19:37:13,product_count_change,completeness,block,GBR,0.0012106538,< -0.05 or > 0.2,< -0.2,pass,GBR: 0.12%
legacy_replay,micro,2026-07-28,20261009T193713-93f4be,2026-10-09 19:37:13,product_count_change,completeness,block,HKG,0.0031269543,< -0.05 or > 0.2,< -0.2,pass,HKG: 0.31%
legacy_replay,micro,2026-07-28,20261009T193713-93f4be,2026-10-09 19:37:13,product_count_change,completeness,block,JPN,0.0,< -0.05 or > 0.2,< -0.2,pass,JPN: 0
legacy_replay,micro,2026-07-28,20261009T193713-93f4be,2026-10-09 19:37:13,product_count_change,completeness,block,KOR,0.0030807147,< -0.05 or > 0.2,< -0.2,pass,KOR: 0.31%
legacy_replay,micro,2026-07-28,20261009T193713-93f4be,2026-10-09 19:37:13,product_count_change,completeness,block,USA,0.0011641444,< -0.05 or > 0.2,< -0.2,pass,USA: 0.12%
legacy_replay,micro,2026-07-28,20261009T193713-93f4be,2026-10-09 19:37:13,served_crawl_age_days,timeliness,block,ARE,1.0,> 7,> 14,pass,ARE: 1
legacy_replay,micro,2026-07-28,20261009T193713-93f4be,2026-10-09 19:37:13,served_crawl_age_days,timeliness,block,CHN,1.0,> 7,> 14,pass,CHN: 1
legacy_replay,micro,2026-07-28,20261009T193713-93f4be,2026-10-09 19:37:13,served_crawl_age_days,timeliness,block,FRA,1.0,> 7,> 14,pass,FRA: 1
legacy_replay,micro,2026-07-28,20261009T193713-93f4be,2026-10-09 19:37:13,served_crawl_age_days,timeliness,block,GBR,1.0,> 7,> 14,pass,GBR: 1
legacy_replay,micro,2026-07-28,20261009T193713-93f4be,2026-10-09 19:37:13,served_crawl_age_days,timeliness,block,HKG,1.0,> 7,> 14,pass,HKG: 1
legacy_replay,micro,2026-07-28,20261009T193713-93f4be,2026-10-09 19:37:13,served_crawl_age_days,timeliness,block,JPN,1.0,> 7,> 14,pass,JPN: 1
legacy_replay,micro,2026-07-28,20261009T193713-93f4be,2026-10-09 19:37:13,served_crawl_age_days,timeliness,block,KOR,1.0,> 7,> 14,pass,KOR: 1
legacy_replay,micro,2026-07-28,20261009T193713-93f4be,2026-10-09 19:37:13,served_crawl_age_days,timeliness,block,USA,1.0,> 7,> 14,pass,USA: 1
legacy_replay,micro,2026-08-04,20261009T193713-93f4be,2026-10-09 19:37:13,market_coverage,completeness,block,all,1.0,,< 1.0,pass,all: 1
legacy_replay,micro,2026-08-04,20261009T193713-93f4be,2026-10-09 19:37:13,price_change_share_anomaly,plausibility,warn,all,0.00238,> mean + 4 sd of last 6 deliveries,,pass,all: 0.24%
legacy_replay,micro,2026-08-04,20261009T193713-93f4be,2026-10-09 19:37:13,price_decrease_share,plausibility,block,ARE,0.00187,> 0.02,> 0.1,pass,ARE: 0.19%
legacy_replay,micro,2026-08-04,20261009T193713-93f4be,2026-10-09 19:37:13,price_decrease_share,plausibility,block,CHN,0.00168,> 0.02,> 0.1,pass,CHN: 0.17%
legacy_replay,micro,2026-08-04,20261009T193713-93f4be,2026-10-09 19:37:13,price_decrease_share,plausibility,block,FRA,0.00185,> 0.02,> 0.1,pass,FRA: 0.18%
legacy_replay,micro,2026-08-04,20261009T193713-93f4be,2026-10-09 19:37:13,price_decrease_share,plausibility,block,GBR,0.00185,> 0.02,> 0.1,pass,GBR: 0.18%
legacy_replay,micro,2026-08-04,20261009T193713-93f4be,2026-10-09 19:37:13,price_decrease_share,plausibility,block,HKG,0.00188,> 0.02,> 0.1,pass,HKG: 0.19%
legacy_replay,micro,2026-08-04,20261009T193713-93f4be,2026-10-09 19:37:13,price_decrease_share,plausibility,block,JPN,0.0018,> 0.02,> 0.1,pass,JPN: 0.18%
legacy_replay,micro,2026-08-04,20261009T193713-93f4be,2026-10-09 19:37:13,price_decrease_share,plausibility,block,KOR,0.00186,> 0.02,> 0.1,pass,KOR: 0.19%
legacy_replay,micro,2026-08-04,20261009T193713-93f4be,2026-10-09 19:37:13,price_decrease_share,plausibility,block,USA,0.00176,> 0.02,> 0.1,pass,USA: 0.18%
legacy_replay,micro,2026-08-04,20261009T193713-93f4be,2026-10-09 19:37:13,price_reversion_share,plausibility,block,ARE,0.0,> 0.01,> 0.05,pass,ARE: 0
legacy_replay,micro,2026-08-04,20261009T193713-93f4be,2026-10-09 19:37:13,price_reversion_share,plausibility,block,CHN,0.0,> 0.01,> 0.05,pass,CHN: 0
legacy_replay,micro,2026-08-04,20261009T193713-93f4be,2026-10-09 19:37:13,price_reversion_share,plausibility,block,FRA,0.0,> 0.01,> 0.05,pass,FRA: 0
legacy_replay,micro,2026-08-04,20261009T193713-93f4be,2026-10-09 19:37:13,price_reversion_share,plausibility,block,GBR,0.0,> 0.01,> 0.05,pass,GBR: 0
legacy_replay,micro,2026-08-04,20261009T193713-93f4be,2026-10-09 19:37:13,price_reversion_share,plausibility,block,HKG,0.0,> 0.01,> 0.05,pass,HKG: 0
legacy_replay,micro,2026-08-04,20261009T193713-93f4be,2026-10-09 19:37:13,price_reversion_share,plausibility,block,JPN,0.0,> 0.01,> 0.05,pass,JPN: 0
legacy_replay,micro,2026-08-04,20261009T193713-93f4be,2026-10-09 19:37:13,price_reversion_share,plausibility,block,KOR,0.0,> 0.01,> 0.05,pass,KOR: 0
legacy_replay,micro,2026-08-04,20261009T193713-93f4be,2026-10-09 19:37:13,price_reversion_share,plausibility,block,USA,0.0,> 0.01,> 0.05,pass,USA: 0
legacy_replay,micro,2026-08-04,20261009T193713-93f4be,2026-10-09 19:37:13,product_count_change,completeness,block,ARE,0.0036945813,< -0.05 or > 0.2,< -0.2,pass,ARE: 0.37%
legacy_replay,micro,2026-08-04,20261009T193713-93f4be,2026-10-09 19:37:13,product_count_change,completeness,block,CHN,0.0091059603,< -0.05 or > 0.2,< -0.2,pass,CHN: 0.91%
legacy_replay,micro,2026-08-04,20261009T193713-93f4be,2026-10-09 19:37:13,product_count_change,completeness,block,FRA,0.0042398546,< -0.05 or > 0.2,< -0.2,pass,FRA: 0.42%
legacy_replay,micro,2026-08-04,20261009T193713-93f4be,2026-10-09 19:37:13,product_count_change,completeness,block,GBR,0.0036275695,< -0.05 or > 0.2,< -0.2,pass,GBR: 0.36%
legacy_replay,micro,2026-08-04,20261009T193713-93f4be,2026-10-09 19:37:13,product_count_change,completeness,block,HKG,0.0049875312,< -0.05 or > 0.2,< -0.2,pass,HKG: 0.50%
legacy_replay,micro,2026-08-04,20261009T193713-93f4be,2026-10-09 19:37:13,product_count_change,completeness,block,JPN,0.0065554231,< -0.05 or > 0.2,< -0.2,pass,JPN: 0.66%
legacy_replay,micro,2026-08-04,20261009T193713-93f4be,2026-10-09 19:37:13,product_count_change,completeness,block,KOR,0.0042997543,< -0.05 or > 0.2,< -0.2,pass,KOR: 0.43%
legacy_replay,micro,2026-08-04,20261009T193713-93f4be,2026-10-09 19:37:13,product_count_change,completeness,block,USA,0.0069767442,< -0.05 or > 0.2,< -0.2,pass,USA: 0.70%
legacy_replay,micro,2026-08-04,20261009T193713-93f4be,2026-10-09 19:37:13,served_crawl_age_days,timeliness,block,ARE,1.0,> 7,> 14,pass,ARE: 1
legacy_replay,micro,2026-08-04,20261009T193713-93f4be,2026-10-09 19:37:13,served_crawl_age_days,timeliness,block,CHN,1.0,> 7,> 14,pass,CHN: 1
legacy_replay,micro,2026-08-04,20261009T193713-93f4be,2026-10-09 19:37:13,served_crawl_age_days,timeliness,block,FRA,1.0,> 7,> 14,pass,FRA: 1
legacy_replay,micro,2026-08-04,20261009T193713-93f4be,2026-10-09 19:37:13,served_crawl_age_days,timeliness,block,GBR,1.0,> 7,> 14,pass,GBR: 1
legacy_replay,micro,2026-08-04,20261009T193713-93f4be,2026-10-09 19:37:13,served_crawl_age_days,timeliness,block,HKG,1.0,> 7,> 14,pass,HKG: 1
legacy_replay,micro,2026-08-04,20261009T193713-93f4be,2026-10-09 19:37:13,served_crawl_age_days,timeliness,block,JPN,1.0,> 7,> 14,pass,JPN: 1
legacy_replay,micro,2026-08-04,20261009T193713-93f4be,2026-10-09 19:37:13,served_crawl_age_days,timeliness,block,KOR,1.0,> 7,> 14,pass,KOR: 1
legacy_replay,micro,2026-08-04,20261009T193713-93f4be,2026-10-09 19:37:13,served_crawl_age_days,timeliness,block,USA,1.0,> 7,> 14,pass,USA: 1
legacy_replay,micro,2026-08-11,20261009T193713-93f4be,2026-10-09 19:37:13,market_coverage,completeness,block,all,1.0,,< 1.0,pass,all: 1
legacy_replay,micro,2026-08-11,20261009T193713-93f4be,2026-10-09 19:37:13,price_change_share_anomaly,plausibility,warn,all,0.00238,> mean + 4 sd of last 6 deliveries,,pass,all: 0.24%
legacy_replay,micro,2026-08-11,20261009T193713-93f4be,2026-10-09 19:37:13,price_decrease_share,plausibility,block,ARE,0.0,> 0.02,> 0.1,pass,ARE: 0
legacy_replay,micro,2026-08-11,20261009T193713-93f4be,2026-10-09 19:37:13,price_decrease_share,plausibility,block,CHN,0.0,> 0.02,> 0.1,pass,CHN: 0
legacy_replay,micro,2026-08-11,20261009T193713-93f4be,2026-10-09 19:37:13,price_decrease_share,plausibility,block,FRA,0.0,> 0.02,> 0.1,pass,FRA: 0
legacy_replay,micro,2026-08-11,20261009T193713-93f4be,2026-10-09 19:37:13,price_decrease_share,plausibility,block,GBR,0.0,> 0.02,> 0.1,pass,GBR: 0
legacy_replay,micro,2026-08-11,20261009T193713-93f4be,2026-10-09 19:37:13,price_decrease_share,plausibility,block,HKG,0.0,> 0.02,> 0.1,pass,HKG: 0
legacy_replay,micro,2026-08-11,20261009T193713-93f4be,2026-10-09 19:37:13,price_decrease_share,plausibility,block,JPN,0.0,> 0.02,> 0.1,pass,JPN: 0
legacy_replay,micro,2026-08-11,20261009T193713-93f4be,2026-10-09 19:37:13,price_decrease_share,plausibility,block,KOR,0.0,> 0.02,> 0.1,pass,KOR: 0
legacy_replay,micro,2026-08-11,20261009T193713-93f4be,2026-10-09 19:37:13,price_decrease_share,plausibility,block,USA,0.0,> 0.02,> 0.1,pass,USA: 0
legacy_replay,micro,2026-08-11,20261009T193713-93f4be,2026-10-09 19:37:13,price_reversion_share,plausibility,block,ARE,0.0,> 0.01,> 0.05,pass,ARE: 0
legacy_replay,micro,2026-08-11,20261009T193713-93f4be,2026-10-09 19:37:13,price_reversion_share,plausibility,block,CHN,0.0,> 0.01,> 0.05,pass,CHN: 0
legacy_replay,micro,2026-08-11,20261009T193713-93f4be,2026-10-09 19:37:13,price_reversion_share,plausibility,block,FRA,0.0,> 0.01,> 0.05,pass,FRA: 0
legacy_replay,micro,2026-08-11,20261009T193713-93f4be,2026-10-09 19:37:13,price_reversion_share,plausibility,block,GBR,0.0,> 0.01,> 0.05,pass,GBR: 0
legacy_replay,micro,2026-08-11,20261009T193713-93f4be,2026-10-09 19:37:13,price_reversion_share,plausibility,block,HKG,0.0,> 0.01,> 0.05,pass,HKG: 0
legacy_replay,micro,2026-08-11,20261009T193713-93f4be,2026-10-09 19:37:13,price_reversion_share,plausibility,block,JPN,0.0,> 0.01,> 0.05,pass,JPN: 0
legacy_replay,micro,2026-08-11,20261009T193713-93f4be,2026-10-09 19:37:13,price_reversion_share,plausibility,block,KOR,0.0,> 0.01,> 0.05,pass,KOR: 0
legacy_replay,micro,2026-08-11,20261009T193713-93f4be,2026-10-09 19:37:13,price_reversion_share,plausibility,block,USA,0.0,> 0.01,> 0.05,pass,USA: 0
legacy_replay,micro,2026-08-11,20261009T193713-93f4be,2026-10-09 19:37:13,product_count_change,completeness,block,ARE,0.0024539877,< -0.05 or > 0.2,< -0.2,pass,ARE: 0.25%
legacy_replay,micro,2026-08-11,20261009T193713-93f4be,2026-10-09 19:37:13,product_count_change,completeness,block,CHN,-0.0032813782,< -0.05 or > 0.2,< -0.2,pass,CHN: -0.33%
legacy_replay,micro,2026-08-11,20261009T193713-93f4be,2026-10-09 19:37:13,product_count_change,completeness,block,FRA,0.0012062726,< -0.05 or > 0.2,< -0.2,pass,FRA: 0.12%
legacy_replay,micro,2026-08-11,20261009T193713-93f4be,2026-10-09 19:37:13,product_count_change,completeness,block,GBR,0.0030120482,< -0.05 or > 0.2,< -0.2,pass,GBR: 0.30%
legacy_replay,micro,2026-08-11,20261009T193713-93f4be,2026-10-09 19:37:13,product_count_change,completeness,block,HKG,0.0018610422,< -0.05 or > 0.2,< -0.2,pass,HKG: 0.19%
legacy_replay,micro,2026-08-11,20261009T193713-93f4be,2026-10-09 19:37:13,product_count_change,completeness,block,JPN,0.0011841326,< -0.05 or > 0.2,< -0.2,pass,JPN: 0.12%
legacy_replay,micro,2026-08-11,20261009T193713-93f4be,2026-10-09 19:37:13,product_count_change,completeness,block,KOR,0.0036697248,< -0.05 or > 0.2,< -0.2,pass,KOR: 0.37%
legacy_replay,micro,2026-08-11,20261009T193713-93f4be,2026-10-09 19:37:13,product_count_change,completeness,block,USA,0.0,< -0.05 or > 0.2,< -0.2,pass,USA: 0
legacy_replay,micro,2026-08-11,20261009T193713-93f4be,2026-10-09 19:37:13,served_crawl_age_days,timeliness,block,ARE,1.0,> 7,> 14,pass,ARE: 1
legacy_replay,micro,2026-08-11,20261009T193713-93f4be,2026-10-09 19:37:13,served_crawl_age_days,timeliness,block,CHN,1.0,> 7,> 14,pass,CHN: 1
legacy_replay,micro,2026-08-11,20261009T193713-93f4be,2026-10-09 19:37:13,served_crawl_age_days,timeliness,block,FRA,1.0,> 7,> 14,pass,FRA: 1
legacy_replay,micro,2026-08-11,20261009T193713-93f4be,2026-10-09 19:37:13,served_crawl_age_days,timeliness,block,GBR,1.0,> 7,> 14,pass,GBR: 1
legacy_replay,micro,2026-08-11,20261009T193713-93f4be,2026-10-09 19:37:13,served_crawl_age_days,timeliness,block,HKG,1.0,> 7,> 14,pass,HKG: 1
legacy_replay,micro,2026-08-11,20261009T193713-93f4be,2026-10-09 19:37:13,served_crawl_age_days,timeliness,block,JPN,1.0,> 7,> 14,pass,JPN: 1
legacy_replay,micro,2026-08-11,20261009T193713-93f4be,2026-10-09 19:37:13,served_crawl_age_days,timeliness,block,KOR,1.0,> 7,> 14,pass,KOR: 1
legacy_replay,micro,2026-08-11,20261009T193713-93f4be,2026-10-09 19:37:13,served_crawl_age_days,timeliness,block,USA,1.0,> 7,> 14,pass,USA: 1
legacy_replay,micro,2026-08-18,20261009T193713-93f4be,2026-10-09 19:37:13,market_coverage,completeness,block,all,1.0,,< 1.0,pass,all: 1
legacy_replay,micro,2026-08-18,20261009T193713-93f4be,2026-10-09 19:37:13,price_change_share_anomaly,plausibility,warn,all,0.0,> mean + 4 sd of last 6 deliveries,,pass,all: 0
legacy_replay,micro,2026-08-18,20261009T193713-93f4be,2026-10-09 19:37:13,price_decrease_share,plausibility,block,ARE,0.0,> 0.02,> 0.1,pass,ARE: 0
legacy_replay,micro,2026-08-18,20261009T193713-93f4be,2026-10-09 19:37:13,price_decrease_share,plausibility,block,CHN,0.0,> 0.02,> 0.1,pass,CHN: 0
legacy_replay,micro,2026-08-18,20261009T193713-93f4be,2026-10-09 19:37:13,price_decrease_share,plausibility,block,FRA,0.0,> 0.02,> 0.1,pass,FRA: 0
legacy_replay,micro,2026-08-18,20261009T193713-93f4be,2026-10-09 19:37:13,price_decrease_share,plausibility,block,GBR,0.0,> 0.02,> 0.1,pass,GBR: 0
legacy_replay,micro,2026-08-18,20261009T193713-93f4be,2026-10-09 19:37:13,price_decrease_share,plausibility,block,HKG,0.0,> 0.02,> 0.1,pass,HKG: 0
legacy_replay,micro,2026-08-18,20261009T193713-93f4be,2026-10-09 19:37:13,price_decrease_share,plausibility,block,JPN,0.0,> 0.02,> 0.1,pass,JPN: 0
legacy_replay,micro,2026-08-18,20261009T193713-93f4be,2026-10-09 19:37:13,price_decrease_share,plausibility,block,KOR,0.0,> 0.02,> 0.1,pass,KOR: 0
legacy_replay,micro,2026-08-18,20261009T193713-93f4be,2026-10-09 19:37:13,price_decrease_share,plausibility,block,USA,0.0,> 0.02,> 0.1,pass,USA: 0
legacy_replay,micro,2026-08-18,20261009T193713-93f4be,2026-10-09 19:37:13,price_reversion_share,plausibility,block,ARE,0.0,> 0.01,> 0.05,pass,ARE: 0
legacy_replay,micro,2026-08-18,20261009T193713-93f4be,2026-10-09 19:37:13,price_reversion_share,plausibility,block,CHN,0.0,> 0.01,> 0.05,pass,CHN: 0
legacy_replay,micro,2026-08-18,20261009T193713-93f4be,2026-10-09 19:37:13,price_reversion_share,plausibility,block,FRA,0.0,> 0.01,> 0.05,pass,FRA: 0
legacy_replay,micro,2026-08-18,20261009T193713-93f4be,2026-10-09 19:37:13,price_reversion_share,plausibility,block,GBR,0.0,> 0.01,> 0.05,pass,GBR: 0
legacy_replay,micro,2026-08-18,20261009T193713-93f4be,2026-10-09 19:37:13,price_reversion_share,plausibility,block,HKG,0.0,> 0.01,> 0.05,pass,HKG: 0
legacy_replay,micro,2026-08-18,20261009T193713-93f4be,2026-10-09 19:37:13,price_reversion_share,plausibility,block,JPN,0.0,> 0.01,> 0.05,pass,JPN: 0
legacy_replay,micro,2026-08-18,20261009T193713-93f4be,2026-10-09 19:37:13,price_reversion_share,plausibility,block,KOR,0.0,> 0.01,> 0.05,pass,KOR: 0
legacy_replay,micro,2026-08-18,20261009T193713-93f4be,2026-10-09 19:37:13,price_reversion_share,plausibility,block,USA,0.0,> 0.01,> 0.05,pass,USA: 0
legacy_replay,micro,2026-08-18,20261009T193713-93f4be,2026-10-09 19:37:13,product_count_change,completeness,block,ARE,-0.0006119951,< -0.05 or > 0.2,< -0.2,pass,ARE: -0.06%
legacy_replay,micro,2026-08-18,20261009T193713-93f4be,2026-10-09 19:37:13,product_count_change,completeness,block,CHN,0.0008230453,< -0.05 or > 0.2,< -0.2,pass,CHN: 0.08%
legacy_replay,micro,2026-08-18,20261009T193713-93f4be,2026-10-09 19:37:13,product_count_change,completeness,block,FRA,-0.0006024096,< -0.05 or > 0.2,< -0.2,pass,FRA: -0.06%
legacy_replay,micro,2026-08-18,20261009T193713-93f4be,2026-10-09 19:37:13,product_count_change,completeness,block,GBR,0.0006006006,< -0.05 or > 0.2,< -0.2,pass,GBR: 0.06%
legacy_replay,micro,2026-08-18,20261009T193713-93f4be,2026-10-09 19:37:13,product_count_change,completeness,block,HKG,-0.5504643963,< -0.05 or > 0.2,< -0.2,fail,HKG: -55.05% (fail < -0.2)
legacy_replay,micro,2026-08-18,20261009T193713-93f4be,2026-10-09 19:37:13,product_count_change,completeness,block,JPN,0.0,< -0.05 or > 0.2,< -0.2,pass,JPN: 0
legacy_replay,micro,2026-08-18,20261009T193713-93f4be,2026-10-09 19:37:13,product_count_change,completeness,block,KOR,-0.550274223,< -0.05 or > 0.2,< -0.2,fail,KOR: -55.03% (fail < -0.2)
legacy_replay,micro,2026-08-18,20261009T193713-93f4be,2026-10-09 19:37:13,product_count_change,completeness,block,USA,0.0005773672,< -0.05 or > 0.2,< -0.2,pass,USA: 0.06%
legacy_replay,micro,2026-08-18,20261009T193713-93f4be,2026-10-09 19:37:13,served_crawl_age_days,timeliness,block,ARE,1.0,> 7,> 14,pass,ARE: 1
legacy_replay,micro,2026-08-18,20261009T193713-93f4be,2026-10-09 19:37:13,served_crawl_age_days,timeliness,block,CHN,1.0,> 7,> 14,pass,CHN: 1
legacy_replay,micro,2026-08-18,20261009T193713-93f4be,2026-10-09 19:37:13,served_crawl_age_days,timeliness,block,FRA,1.0,> 7,> 14,pass,FRA: 1
legacy_replay,micro,2026-08-18,20261009T193713-93f4be,2026-10-09 19:37:13,served_crawl_age_days,timeliness,block,GBR,1.0,> 7,> 14,pass,GBR: 1
legacy_replay,micro,2026-08-18,20261009T193713-93f4be,2026-10-09 19:37:13,served_crawl_age_days,timeliness,block,HKG,1.0,> 7,> 14,pass,HKG: 1
legacy_replay,micro,2026-08-18,20261009T193713-93f4be,2026-10-09 19:37:13,served_crawl_age_days,timeliness,block,JPN,1.0,> 7,> 14,pass,JPN: 1
legacy_replay,micro,2026-08-18,20261009T193713-93f4be,2026-10-09 19:37:13,served_crawl_age_days,timeliness,block,KOR,1.0,> 7,> 14,pass,KOR: 1
legacy_replay,micro,2026-08-18,20261009T193713-93f4be,2026-10-09 19:37:13,served_crawl_age_days,timeliness,block,USA,1.0,> 7,> 14,pass,USA: 1
legacy_replay,micro,2026-08-25,20261009T193713-93f4be,2026-10-09 19:37:13,market_coverage,completeness,block,all,1.0,,< 1.0,pass,all: 1 [baseline 2026-08-11; skips non-accepted 2026-08-18]
legacy_replay,micro,2026-08-25,20261009T193713-93f4be,2026-10-09 19:37:13,price_change_share_anomaly,plausibility,warn,all,0.00246,> mean + 4 sd of last 6 deliveries,,pass,all: 0.25% [baseline 2026-08-11; skips non-accepted 2026-08-18]
legacy_replay,micro,2026-08-25,20261009T193713-93f4be,2026-10-09 19:37:13,price_decrease_share,plausibility,block,ARE,0.00124,> 0.02,> 0.1,pass,ARE: 0.12% [baseline 2026-08-11; skips non-accepted 2026-08-18]
legacy_replay,micro,2026-08-25,20261009T193713-93f4be,2026-10-09 19:37:13,price_decrease_share,plausibility,block,CHN,0.00168,> 0.02,> 0.1,pass,CHN: 0.17% [baseline 2026-08-11; skips non-accepted 2026-08-18]
legacy_replay,micro,2026-08-25,20261009T193713-93f4be,2026-10-09 19:37:13,price_decrease_share,plausibility,block,FRA,0.00123,> 0.02,> 0.1,pass,FRA: 0.12% [baseline 2026-08-11; skips non-accepted 2026-08-18]
legacy_replay,micro,2026-08-25,20261009T193713-93f4be,2026-10-09 19:37:13,price_decrease_share,plausibility,block,GBR,0.00122,> 0.02,> 0.1,pass,GBR: 0.12% [baseline 2026-08-11; skips non-accepted 2026-08-18]
legacy_replay,micro,2026-08-25,20261009T193713-93f4be,2026-10-09 19:37:13,price_decrease_share,plausibility,block,HKG,0.00126,> 0.02,> 0.1,pass,HKG: 0.13% [baseline 2026-08-11; skips non-accepted 2026-08-18]
legacy_replay,micro,2026-08-25,20261009T193713-93f4be,2026-10-09 19:37:13,price_decrease_share,plausibility,block,JPN,0.00121,> 0.02,> 0.1,pass,JPN: 0.12% [baseline 2026-08-11; skips non-accepted 2026-08-18]
legacy_replay,micro,2026-08-25,20261009T193713-93f4be,2026-10-09 19:37:13,price_decrease_share,plausibility,block,KOR,0.00125,> 0.02,> 0.1,pass,KOR: 0.12% [baseline 2026-08-11; skips non-accepted 2026-08-18]
legacy_replay,micro,2026-08-25,20261009T193713-93f4be,2026-10-09 19:37:13,price_decrease_share,plausibility,block,USA,0.00118,> 0.02,> 0.1,pass,USA: 0.12% [baseline 2026-08-11; skips non-accepted 2026-08-18]
legacy_replay,micro,2026-08-25,20261009T193713-93f4be,2026-10-09 19:37:13,price_reversion_share,plausibility,block,ARE,0.0,> 0.01,> 0.05,pass,ARE: 0 [baseline 2026-08-11; skips non-accepted 2026-08-18]
legacy_replay,micro,2026-08-25,20261009T193713-93f4be,2026-10-09 19:37:13,price_reversion_share,plausibility,block,CHN,0.0,> 0.01,> 0.05,pass,CHN: 0 [baseline 2026-08-11; skips non-accepted 2026-08-18]
legacy_replay,micro,2026-08-25,20261009T193713-93f4be,2026-10-09 19:37:13,price_reversion_share,plausibility,block,FRA,0.0,> 0.01,> 0.05,pass,FRA: 0 [baseline 2026-08-11; skips non-accepted 2026-08-18]
legacy_replay,micro,2026-08-25,20261009T193713-93f4be,2026-10-09 19:37:13,price_reversion_share,plausibility,block,GBR,0.0,> 0.01,> 0.05,pass,GBR: 0 [baseline 2026-08-11; skips non-accepted 2026-08-18]
legacy_replay,micro,2026-08-25,20261009T193713-93f4be,2026-10-09 19:37:13,price_reversion_share,plausibility,block,HKG,0.0,> 0.01,> 0.05,pass,HKG: 0 [baseline 2026-08-11; skips non-accepted 2026-08-18]
legacy_replay,micro,2026-08-25,20261009T193713-93f4be,2026-10-09 19:37:13,price_reversion_share,plausibility,block,JPN,0.0,> 0.01,> 0.05,pass,JPN: 0 [baseline 2026-08-11; skips non-accepted 2026-08-18]
legacy_replay,micro,2026-08-25,20261009T193713-93f4be,2026-10-09 19:37:13,price_reversion_share,plausibility,block,KOR,0.0,> 0.01,> 0.05,pass,KOR: 0 [baseline 2026-08-11; skips non-accepted 2026-08-18]
legacy_replay,micro,2026-08-25,20261009T193713-93f4be,2026-10-09 19:37:13,price_reversion_share,plausibility,block,USA,0.0,> 0.01,> 0.05,pass,USA: 0 [baseline 2026-08-11; skips non-accepted 2026-08-18]
legacy_replay,micro,2026-08-25,20261009T193713-93f4be,2026-10-09 19:37:13,product_count_change,completeness,block,ARE,0.0048959608,< -0.05 or > 0.2,< -0.2,pass,ARE: 0.49% [baseline 2026-08-11; skips non-accepted 2026-08-18]
legacy_replay,micro,2026-08-25,20261009T193713-93f4be,2026-10-09 19:37:13,product_count_change,completeness,block,CHN,0.0041152263,< -0.05 or > 0.2,< -0.2,pass,CHN: 0.41% [baseline 2026-08-11; skips non-accepted 2026-08-18]
legacy_replay,micro,2026-08-25,20261009T193713-93f4be,2026-10-09 19:37:13,product_count_change,completeness,block,FRA,0.0036144578,< -0.05 or > 0.2,< -0.2,pass,FRA: 0.36% [baseline 2026-08-11; skips non-accepted 2026-08-18]
legacy_replay,micro,2026-08-25,20261009T193713-93f4be,2026-10-09 19:37:13,product_count_change,completeness,block,GBR,0.0042042042,< -0.05 or > 0.2,< -0.2,pass,GBR: 0.42% [baseline 2026-08-11; skips non-accepted 2026-08-18]
legacy_replay,micro,2026-08-25,20261009T193713-93f4be,2026-10-09 19:37:13,product_count_change,completeness,block,HKG,0.0037151703,< -0.05 or > 0.2,< -0.2,pass,HKG: 0.37% [baseline 2026-08-11; skips non-accepted 2026-08-18]
legacy_replay,micro,2026-08-25,20261009T193713-93f4be,2026-10-09 19:37:13,product_count_change,completeness,block,JPN,0.0047309284,< -0.05 or > 0.2,< -0.2,pass,JPN: 0.47% [baseline 2026-08-11; skips non-accepted 2026-08-18]
legacy_replay,micro,2026-08-25,20261009T193713-93f4be,2026-10-09 19:37:13,product_count_change,completeness,block,KOR,0.0036563071,< -0.05 or > 0.2,< -0.2,pass,KOR: 0.37% [baseline 2026-08-11; skips non-accepted 2026-08-18]
legacy_replay,micro,2026-08-25,20261009T193713-93f4be,2026-10-09 19:37:13,product_count_change,completeness,block,USA,0.0051963048,< -0.05 or > 0.2,< -0.2,pass,USA: 0.52% [baseline 2026-08-11; skips non-accepted 2026-08-18]
legacy_replay,micro,2026-08-25,20261009T193713-93f4be,2026-10-09 19:37:13,served_crawl_age_days,timeliness,block,ARE,1.0,> 7,> 14,pass,ARE: 1 [baseline 2026-08-11; skips non-accepted 2026-08-18]
legacy_replay,micro,2026-08-25,20261009T193713-93f4be,2026-10-09 19:37:13,served_crawl_age_days,timeliness,block,CHN,1.0,> 7,> 14,pass,CHN: 1 [baseline 2026-08-11; skips non-accepted 2026-08-18]
legacy_replay,micro,2026-08-25,20261009T193713-93f4be,2026-10-09 19:37:13,served_crawl_age_days,timeliness,block,FRA,1.0,> 7,> 14,pass,FRA: 1 [baseline 2026-08-11; skips non-accepted 2026-08-18]
legacy_replay,micro,2026-08-25,20261009T193713-93f4be,2026-10-09 19:37:13,served_crawl_age_days,timeliness,block,GBR,1.0,> 7,> 14,pass,GBR: 1 [baseline 2026-08-11; skips non-accepted 2026-08-18]
legacy_replay,micro,2026-08-25,20261009T193713-93f4be,2026-10-09 19:37:13,served_crawl_age_days,timeliness,block,HKG,1.0,> 7,> 14,pass,HKG: 1 [baseline 2026-08-11; skips non-accepted 2026-08-18]
legacy_replay,micro,2026-08-25,20261009T193713-93f4be,2026-10-09 19:37:13,served_crawl_age_days,timeliness,block,JPN,1.0,> 7,> 14,pass,JPN: 1 [baseline 2026-08-11; skips non-accepted 2026-08-18]
legacy_replay,micro,2026-08-25,20261009T193713-93f4be,2026-10-09 19:37:13,served_crawl_age_days,timeliness,block,KOR,1.0,> 7,> 14,pass,KOR: 1 [baseline 2026-08-11; skips non-accepted 2026-08-18]
legacy_replay,micro,2026-08-25,20261009T193713-93f4be,2026-10-09 19:37:13,served_crawl_age_days,timeliness,block,USA,1.0,> 7,> 14,pass,USA: 1 [baseline 2026-08-11; skips non-accepted 2026-08-18]
legacy_replay,micro,2026-09-01,20261009T193713-93f4be,2026-10-09 19:37:13,market_coverage,completeness,block,all,1.0,,< 1.0,pass,all: 1 [baseline 2026-08-25; skips non-accepted 2026-08-18]
legacy_replay,micro,2026-09-01,20261009T193713-93f4be,2026-10-09 19:37:13,price_change_share_anomaly,plausibility,warn,all,0.00236,> mean + 4 sd of last 6 deliveries,,pass,all: 0.24% [baseline 2026-08-25; skips non-accepted 2026-08-18]
legacy_replay,micro,2026-09-01,20261009T193713-93f4be,2026-10-09 19:37:13,price_decrease_share,plausibility,block,ARE,0.00124,> 0.02,> 0.1,pass,ARE: 0.12% [baseline 2026-08-25; skips non-accepted 2026-08-18]
legacy_replay,micro,2026-09-01,20261009T193713-93f4be,2026-10-09 19:37:13,price_decrease_share,plausibility,block,CHN,0.00166,> 0.02,> 0.1,pass,CHN: 0.17% [baseline 2026-08-25; skips non-accepted 2026-08-18]
legacy_replay,micro,2026-09-01,20261009T193713-93f4be,2026-10-09 19:37:13,price_decrease_share,plausibility,block,FRA,0.00183,> 0.02,> 0.1,pass,FRA: 0.18% [baseline 2026-08-25; skips non-accepted 2026-08-18]
legacy_replay,micro,2026-09-01,20261009T193713-93f4be,2026-10-09 19:37:13,price_decrease_share,plausibility,block,GBR,0.00182,> 0.02,> 0.1,pass,GBR: 0.18% [baseline 2026-08-25; skips non-accepted 2026-08-18]
legacy_replay,micro,2026-09-01,20261009T193713-93f4be,2026-10-09 19:37:13,price_decrease_share,plausibility,block,HKG,0.00187,> 0.02,> 0.1,pass,HKG: 0.19% [baseline 2026-08-25; skips non-accepted 2026-08-18]
legacy_replay,micro,2026-09-01,20261009T193713-93f4be,2026-10-09 19:37:13,price_decrease_share,plausibility,block,JPN,0.00179,> 0.02,> 0.1,pass,JPN: 0.18% [baseline 2026-08-25; skips non-accepted 2026-08-18]
legacy_replay,micro,2026-09-01,20261009T193713-93f4be,2026-10-09 19:37:13,price_decrease_share,plausibility,block,KOR,0.00185,> 0.02,> 0.1,pass,KOR: 0.18% [baseline 2026-08-25; skips non-accepted 2026-08-18]
legacy_replay,micro,2026-09-01,20261009T193713-93f4be,2026-10-09 19:37:13,price_decrease_share,plausibility,block,USA,0.00175,> 0.02,> 0.1,pass,USA: 0.18% [baseline 2026-08-25; skips non-accepted 2026-08-18]
legacy_replay,micro,2026-09-01,20261009T193713-93f4be,2026-10-09 19:37:13,price_reversion_share,plausibility,block,ARE,0.0,> 0.01,> 0.05,pass,ARE: 0 [baseline 2026-08-25; skips non-accepted 2026-08-18]
legacy_replay,micro,2026-09-01,20261009T193713-93f4be,2026-10-09 19:37:13,price_reversion_share,plausibility,block,CHN,0.0,> 0.01,> 0.05,pass,CHN: 0 [baseline 2026-08-25; skips non-accepted 2026-08-18]
legacy_replay,micro,2026-09-01,20261009T193713-93f4be,2026-10-09 19:37:13,price_reversion_share,plausibility,block,FRA,0.0,> 0.01,> 0.05,pass,FRA: 0 [baseline 2026-08-25; skips non-accepted 2026-08-18]
legacy_replay,micro,2026-09-01,20261009T193713-93f4be,2026-10-09 19:37:13,price_reversion_share,plausibility,block,GBR,0.0,> 0.01,> 0.05,pass,GBR: 0 [baseline 2026-08-25; skips non-accepted 2026-08-18]
legacy_replay,micro,2026-09-01,20261009T193713-93f4be,2026-10-09 19:37:13,price_reversion_share,plausibility,block,HKG,0.0,> 0.01,> 0.05,pass,HKG: 0 [baseline 2026-08-25; skips non-accepted 2026-08-18]
legacy_replay,micro,2026-09-01,20261009T193713-93f4be,2026-10-09 19:37:13,price_reversion_share,plausibility,block,JPN,0.0,> 0.01,> 0.05,pass,JPN: 0 [baseline 2026-08-25; skips non-accepted 2026-08-18]
legacy_replay,micro,2026-09-01,20261009T193713-93f4be,2026-10-09 19:37:13,price_reversion_share,plausibility,block,KOR,0.0,> 0.01,> 0.05,pass,KOR: 0 [baseline 2026-08-25; skips non-accepted 2026-08-18]
legacy_replay,micro,2026-09-01,20261009T193713-93f4be,2026-10-09 19:37:13,price_reversion_share,plausibility,block,USA,0.0,> 0.01,> 0.05,pass,USA: 0 [baseline 2026-08-25; skips non-accepted 2026-08-18]
legacy_replay,micro,2026-09-01,20261009T193713-93f4be,2026-10-09 19:37:13,product_count_change,completeness,block,ARE,0.0048721072,< -0.05 or > 0.2,< -0.2,pass,ARE: 0.49% [baseline 2026-08-25; skips non-accepted 2026-08-18]
legacy_replay,micro,2026-09-01,20261009T193713-93f4be,2026-10-09 19:37:13,product_count_change,completeness,block,CHN,0.0057377049,< -0.05 or > 0.2,< -0.2,pass,CHN: 0.57% [baseline 2026-08-25; skips non-accepted 2026-08-18]
legacy_replay,micro,2026-09-01,20261009T193713-93f4be,2026-10-09 19:37:13,product_count_change,completeness,block,FRA,0.0030012005,< -0.05 or > 0.2,< -0.2,pass,FRA: 0.30% [baseline 2026-08-25; skips non-accepted 2026-08-18]
legacy_replay,micro,2026-09-01,20261009T193713-93f4be,2026-10-09 19:37:13,product_count_change,completeness,block,GBR,0.0065789474,< -0.05 or > 0.2,< -0.2,pass,GBR: 0.66% [baseline 2026-08-25; skips non-accepted 2026-08-18]
legacy_replay,micro,2026-09-01,20261009T193713-93f4be,2026-10-09 19:37:13,product_count_change,completeness,block,HKG,0.0030845157,< -0.05 or > 0.2,< -0.2,pass,HKG: 0.31% [baseline 2026-08-25; skips non-accepted 2026-08-18]
legacy_replay,micro,2026-09-01,20261009T193713-93f4be,2026-10-09 19:37:13,product_count_change,completeness,block,JPN,0.0041200706,< -0.05 or > 0.2,< -0.2,pass,JPN: 0.41% [baseline 2026-08-25; skips non-accepted 2026-08-18]
legacy_replay,micro,2026-09-01,20261009T193713-93f4be,2026-10-09 19:37:13,product_count_change,completeness,block,KOR,0.0048573163,< -0.05 or > 0.2,< -0.2,pass,KOR: 0.49% [baseline 2026-08-25; skips non-accepted 2026-08-18]
legacy_replay,micro,2026-09-01,20261009T193713-93f4be,2026-10-09 19:37:13,product_count_change,completeness,block,USA,0.0057438254,< -0.05 or > 0.2,< -0.2,pass,USA: 0.57% [baseline 2026-08-25; skips non-accepted 2026-08-18]
legacy_replay,micro,2026-09-01,20261009T193713-93f4be,2026-10-09 19:37:13,served_crawl_age_days,timeliness,block,ARE,1.0,> 7,> 14,pass,ARE: 1 [baseline 2026-08-25; skips non-accepted 2026-08-18]
legacy_replay,micro,2026-09-01,20261009T193713-93f4be,2026-10-09 19:37:13,served_crawl_age_days,timeliness,block,CHN,1.0,> 7,> 14,pass,CHN: 1 [baseline 2026-08-25; skips non-accepted 2026-08-18]
legacy_replay,micro,2026-09-01,20261009T193713-93f4be,2026-10-09 19:37:13,served_crawl_age_days,timeliness,block,FRA,1.0,> 7,> 14,pass,FRA: 1 [baseline 2026-08-25; skips non-accepted 2026-08-18]
legacy_replay,micro,2026-09-01,20261009T193713-93f4be,2026-10-09 19:37:13,served_crawl_age_days,timeliness,block,GBR,1.0,> 7,> 14,pass,GBR: 1 [baseline 2026-08-25; skips non-accepted 2026-08-18]
legacy_replay,micro,2026-09-01,20261009T193713-93f4be,2026-10-09 19:37:13,served_crawl_age_days,timeliness,block,HKG,1.0,> 7,> 14,pass,HKG: 1 [baseline 2026-08-25; skips non-accepted 2026-08-18]
legacy_replay,micro,2026-09-01,20261009T193713-93f4be,2026-10-09 19:37:13,served_crawl_age_days,timeliness,block,JPN,1.0,> 7,> 14,pass,JPN: 1 [baseline 2026-08-25; skips non-accepted 2026-08-18]
legacy_replay,micro,2026-09-01,20261009T193713-93f4be,2026-10-09 19:37:13,served_crawl_age_days,timeliness,block,KOR,1.0,> 7,> 14,pass,KOR: 1 [baseline 2026-08-25; skips non-accepted 2026-08-18]
legacy_replay,micro,2026-09-01,20261009T193713-93f4be,2026-10-09 19:37:13,served_crawl_age_days,timeliness,block,USA,1.0,> 7,> 14,pass,USA: 1 [baseline 2026-08-25; skips non-accepted 2026-08-18]
legacy_replay,micro,2026-09-08,20261009T193713-93f4be,2026-10-09 19:37:13,market_coverage,completeness,block,all,1.0,,< 1.0,pass,all: 1
legacy_replay,micro,2026-09-08,20261009T193713-93f4be,2026-10-09 19:37:13,price_change_share_anomaly,plausibility,warn,all,0.25801,> mean + 4 sd of last 6 deliveries,,warn,all: anomaly - 25.80% vs usual 0.19% (threshold 2.19%)
legacy_replay,micro,2026-09-08,20261009T193713-93f4be,2026-10-09 19:37:13,price_decrease_share,plausibility,block,ARE,0.0,> 0.02,> 0.1,pass,ARE: 0
legacy_replay,micro,2026-09-08,20261009T193713-93f4be,2026-10-09 19:37:13,price_decrease_share,plausibility,block,CHN,0.0,> 0.02,> 0.1,pass,CHN: 0
legacy_replay,micro,2026-09-08,20261009T193713-93f4be,2026-10-09 19:37:13,price_decrease_share,plausibility,block,FRA,0.0,> 0.02,> 0.1,pass,FRA: 0
legacy_replay,micro,2026-09-08,20261009T193713-93f4be,2026-10-09 19:37:13,price_decrease_share,plausibility,block,GBR,0.0,> 0.02,> 0.1,pass,GBR: 0
legacy_replay,micro,2026-09-08,20261009T193713-93f4be,2026-10-09 19:37:13,price_decrease_share,plausibility,block,HKG,0.0,> 0.02,> 0.1,pass,HKG: 0
legacy_replay,micro,2026-09-08,20261009T193713-93f4be,2026-10-09 19:37:13,price_decrease_share,plausibility,block,JPN,0.0,> 0.02,> 0.1,pass,JPN: 0
legacy_replay,micro,2026-09-08,20261009T193713-93f4be,2026-10-09 19:37:13,price_decrease_share,plausibility,block,KOR,0.0,> 0.02,> 0.1,pass,KOR: 0
legacy_replay,micro,2026-09-08,20261009T193713-93f4be,2026-10-09 19:37:13,price_decrease_share,plausibility,block,USA,0.0,> 0.02,> 0.1,pass,USA: 0
legacy_replay,micro,2026-09-08,20261009T193713-93f4be,2026-10-09 19:37:13,price_reversion_share,plausibility,block,ARE,0.0,> 0.01,> 0.05,pass,ARE: 0
legacy_replay,micro,2026-09-08,20261009T193713-93f4be,2026-10-09 19:37:13,price_reversion_share,plausibility,block,CHN,0.0,> 0.01,> 0.05,pass,CHN: 0
legacy_replay,micro,2026-09-08,20261009T193713-93f4be,2026-10-09 19:37:13,price_reversion_share,plausibility,block,FRA,0.0,> 0.01,> 0.05,pass,FRA: 0
legacy_replay,micro,2026-09-08,20261009T193713-93f4be,2026-10-09 19:37:13,price_reversion_share,plausibility,block,GBR,0.0,> 0.01,> 0.05,pass,GBR: 0
legacy_replay,micro,2026-09-08,20261009T193713-93f4be,2026-10-09 19:37:13,price_reversion_share,plausibility,block,HKG,0.0,> 0.01,> 0.05,pass,HKG: 0
legacy_replay,micro,2026-09-08,20261009T193713-93f4be,2026-10-09 19:37:13,price_reversion_share,plausibility,block,JPN,0.0,> 0.01,> 0.05,pass,JPN: 0
legacy_replay,micro,2026-09-08,20261009T193713-93f4be,2026-10-09 19:37:13,price_reversion_share,plausibility,block,KOR,0.0,> 0.01,> 0.05,pass,KOR: 0
legacy_replay,micro,2026-09-08,20261009T193713-93f4be,2026-10-09 19:37:13,price_reversion_share,plausibility,block,USA,0.0,> 0.01,> 0.05,pass,USA: 0
legacy_replay,micro,2026-09-08,20261009T193713-93f4be,2026-10-09 19:37:13,product_count_change,completeness,block,ARE,-0.0024242424,< -0.05 or > 0.2,< -0.2,pass,ARE: -0.24%
legacy_replay,micro,2026-09-08,20261009T193713-93f4be,2026-10-09 19:37:13,product_count_change,completeness,block,CHN,-0.0040749796,< -0.05 or > 0.2,< -0.2,pass,CHN: -0.41%
legacy_replay,micro,2026-09-08,20261009T193713-93f4be,2026-10-09 19:37:13,product_count_change,completeness,block,FRA,-0.0029922202,< -0.05 or > 0.2,< -0.2,pass,FRA: -0.30%
legacy_replay,micro,2026-09-08,20261009T193713-93f4be,2026-10-09 19:37:13,product_count_change,completeness,block,GBR,-0.0035650624,< -0.05 or > 0.2,< -0.2,pass,GBR: -0.36%
legacy_replay,micro,2026-09-08,20261009T193713-93f4be,2026-10-09 19:37:13,product_count_change,completeness,block,HKG,0.0,< -0.05 or > 0.2,< -0.2,pass,HKG: 0
legacy_replay,micro,2026-09-08,20261009T193713-93f4be,2026-10-09 19:37:13,product_count_change,completeness,block,JPN,0.0,< -0.05 or > 0.2,< -0.2,pass,JPN: 0
legacy_replay,micro,2026-09-08,20261009T193713-93f4be,2026-10-09 19:37:13,product_count_change,completeness,block,KOR,-0.0012084592,< -0.05 or > 0.2,< -0.2,pass,KOR: -0.12%
legacy_replay,micro,2026-09-08,20261009T193713-93f4be,2026-10-09 19:37:13,product_count_change,completeness,block,USA,-0.0028555111,< -0.05 or > 0.2,< -0.2,pass,USA: -0.29%
legacy_replay,micro,2026-09-08,20261009T193713-93f4be,2026-10-09 19:37:13,served_crawl_age_days,timeliness,block,ARE,1.0,> 7,> 14,pass,ARE: 1
legacy_replay,micro,2026-09-08,20261009T193713-93f4be,2026-10-09 19:37:13,served_crawl_age_days,timeliness,block,CHN,1.0,> 7,> 14,pass,CHN: 1
legacy_replay,micro,2026-09-08,20261009T193713-93f4be,2026-10-09 19:37:13,served_crawl_age_days,timeliness,block,FRA,1.0,> 7,> 14,pass,FRA: 1
legacy_replay,micro,2026-09-08,20261009T193713-93f4be,2026-10-09 19:37:13,served_crawl_age_days,timeliness,block,GBR,1.0,> 7,> 14,pass,GBR: 1
legacy_replay,micro,2026-09-08,20261009T193713-93f4be,2026-10-09 19:37:13,served_crawl_age_days,timeliness,block,HKG,1.0,> 7,> 14,pass,HKG: 1
legacy_replay,micro,2026-09-08,20261009T193713-93f4be,2026-10-09 19:37:13,served_crawl_age_days,timeliness,block,JPN,1.0,> 7,> 14,pass,JPN: 1
legacy_replay,micro,2026-09-08,20261009T193713-93f4be,2026-10-09 19:37:13,served_crawl_age_days,timeliness,block,KOR,1.0,> 7,> 14,pass,KOR: 1
legacy_replay,micro,2026-09-08,20261009T193713-93f4be,2026-10-09 19:37:13,served_crawl_age_days,timeliness,block,USA,1.0,> 7,> 14,pass,USA: 1
legacy_replay,micro,2026-09-15,20261009T193713-93f4be,2026-10-09 19:37:13,market_coverage,completeness,block,all,1.0,,< 1.0,pass,all: 1
legacy_replay,micro,2026-09-15,20261009T193713-93f4be,2026-10-09 19:37:13,price_change_share_anomaly,plausibility,warn,all,0.25801,> mean + 4 sd of last 6 deliveries,,pass,all: 25.80%
legacy_replay,micro,2026-09-15,20261009T193713-93f4be,2026-10-09 19:37:13,price_decrease_share,plausibility,block,ARE,0.26001,> 0.02,> 0.1,fail,ARE: 26.00% (fail > 0.1)
legacy_replay,micro,2026-09-15,20261009T193713-93f4be,2026-10-09 19:37:13,price_decrease_share,plausibility,block,CHN,0.26373,> 0.02,> 0.1,fail,CHN: 26.37% (fail > 0.1)
legacy_replay,micro,2026-09-15,20261009T193713-93f4be,2026-10-09 19:37:13,price_decrease_share,plausibility,block,FRA,0.25473,> 0.02,> 0.1,fail,FRA: 25.47% (fail > 0.1)
legacy_replay,micro,2026-09-15,20261009T193713-93f4be,2026-10-09 19:37:13,price_decrease_share,plausibility,block,GBR,0.2609,> 0.02,> 0.1,fail,GBR: 26.09% (fail > 0.1)
legacy_replay,micro,2026-09-15,20261009T193713-93f4be,2026-10-09 19:37:13,price_decrease_share,plausibility,block,HKG,0.25639,> 0.02,> 0.1,fail,HKG: 25.64% (fail > 0.1)
legacy_replay,micro,2026-09-15,20261009T193713-93f4be,2026-10-09 19:37:13,price_decrease_share,plausibility,block,JPN,0.26084,> 0.02,> 0.1,fail,JPN: 26.08% (fail > 0.1)
legacy_replay,micro,2026-09-15,20261009T193713-93f4be,2026-10-09 19:37:13,price_decrease_share,plausibility,block,KOR,0.25739,> 0.02,> 0.1,fail,KOR: 25.74% (fail > 0.1)
legacy_replay,micro,2026-09-15,20261009T193713-93f4be,2026-10-09 19:37:13,price_decrease_share,plausibility,block,USA,0.25175,> 0.02,> 0.1,fail,USA: 25.17% (fail > 0.1)
legacy_replay,micro,2026-09-15,20261009T193713-93f4be,2026-10-09 19:37:13,price_reversion_share,plausibility,block,ARE,0.26001,> 0.01,> 0.05,fail,ARE: 26.00% (fail > 0.05)
legacy_replay,micro,2026-09-15,20261009T193713-93f4be,2026-10-09 19:37:13,price_reversion_share,plausibility,block,CHN,0.26373,> 0.01,> 0.05,fail,CHN: 26.37% (fail > 0.05)
legacy_replay,micro,2026-09-15,20261009T193713-93f4be,2026-10-09 19:37:13,price_reversion_share,plausibility,block,FRA,0.25473,> 0.01,> 0.05,fail,FRA: 25.47% (fail > 0.05)
legacy_replay,micro,2026-09-15,20261009T193713-93f4be,2026-10-09 19:37:13,price_reversion_share,plausibility,block,GBR,0.2609,> 0.01,> 0.05,fail,GBR: 26.09% (fail > 0.05)
legacy_replay,micro,2026-09-15,20261009T193713-93f4be,2026-10-09 19:37:13,price_reversion_share,plausibility,block,HKG,0.25639,> 0.01,> 0.05,fail,HKG: 25.64% (fail > 0.05)
legacy_replay,micro,2026-09-15,20261009T193713-93f4be,2026-10-09 19:37:13,price_reversion_share,plausibility,block,JPN,0.26084,> 0.01,> 0.05,fail,JPN: 26.08% (fail > 0.05)
legacy_replay,micro,2026-09-15,20261009T193713-93f4be,2026-10-09 19:37:13,price_reversion_share,plausibility,block,KOR,0.25739,> 0.01,> 0.05,fail,KOR: 25.74% (fail > 0.05)
legacy_replay,micro,2026-09-15,20261009T193713-93f4be,2026-10-09 19:37:13,price_reversion_share,plausibility,block,USA,0.25175,> 0.01,> 0.05,fail,USA: 25.17% (fail > 0.05)
legacy_replay,micro,2026-09-15,20261009T193713-93f4be,2026-10-09 19:37:13,product_count_change,completeness,block,ARE,0.0024301337,< -0.05 or > 0.2,< -0.2,pass,ARE: 0.24%
legacy_replay,micro,2026-09-15,20261009T193713-93f4be,2026-10-09 19:37:13,product_count_change,completeness,block,CHN,0.004091653,< -0.05 or > 0.2,< -0.2,pass,CHN: 0.41%
legacy_replay,micro,2026-09-15,20261009T193713-93f4be,2026-10-09 19:37:13,product_count_change,completeness,block,FRA,0.0030012005,< -0.05 or > 0.2,< -0.2,pass,FRA: 0.30%
legacy_replay,micro,2026-09-15,20261009T193713-93f4be,2026-10-09 19:37:13,product_count_change,completeness,block,GBR,0.0035778175,< -0.05 or > 0.2,< -0.2,pass,GBR: 0.36%
legacy_replay,micro,2026-09-15,20261009T193713-93f4be,2026-10-09 19:37:13,product_count_change,completeness,block,HKG,0.0,< -0.05 or > 0.2,< -0.2,pass,HKG: 0
legacy_replay,micro,2026-09-15,20261009T193713-93f4be,2026-10-09 19:37:13,product_count_change,completeness,block,JPN,0.0,< -0.05 or > 0.2,< -0.2,pass,JPN: 0
legacy_replay,micro,2026-09-15,20261009T193713-93f4be,2026-10-09 19:37:13,product_count_change,completeness,block,KOR,0.0012099214,< -0.05 or > 0.2,< -0.2,pass,KOR: 0.12%
legacy_replay,micro,2026-09-15,20261009T193713-93f4be,2026-10-09 19:37:13,product_count_change,completeness,block,USA,0.0028636884,< -0.05 or > 0.2,< -0.2,pass,USA: 0.29%
legacy_replay,micro,2026-09-15,20261009T193713-93f4be,2026-10-09 19:37:13,served_crawl_age_days,timeliness,block,ARE,15.0,> 7,> 14,fail,ARE: 15 (fail > 14)
legacy_replay,micro,2026-09-15,20261009T193713-93f4be,2026-10-09 19:37:13,served_crawl_age_days,timeliness,block,CHN,15.0,> 7,> 14,fail,CHN: 15 (fail > 14)
legacy_replay,micro,2026-09-15,20261009T193713-93f4be,2026-10-09 19:37:13,served_crawl_age_days,timeliness,block,FRA,15.0,> 7,> 14,fail,FRA: 15 (fail > 14)
legacy_replay,micro,2026-09-15,20261009T193713-93f4be,2026-10-09 19:37:13,served_crawl_age_days,timeliness,block,GBR,15.0,> 7,> 14,fail,GBR: 15 (fail > 14)
legacy_replay,micro,2026-09-15,20261009T193713-93f4be,2026-10-09 19:37:13,served_crawl_age_days,timeliness,block,HKG,15.0,> 7,> 14,fail,HKG: 15 (fail > 14)
legacy_replay,micro,2026-09-15,20261009T193713-93f4be,2026-10-09 19:37:13,served_crawl_age_days,timeliness,block,JPN,15.0,> 7,> 14,fail,JPN: 15 (fail > 14)
legacy_replay,micro,2026-09-15,20261009T193713-93f4be,2026-10-09 19:37:13,served_crawl_age_days,timeliness,block,KOR,15.0,> 7,> 14,fail,KOR: 15 (fail > 14)
legacy_replay,micro,2026-09-15,20261009T193713-93f4be,2026-10-09 19:37:13,served_crawl_age_days,timeliness,block,USA,15.0,> 7,> 14,fail,USA: 15 (fail > 14)
legacy_replay,micro,2026-09-22,20261009T193713-93f4be,2026-10-09 19:37:13,market_coverage,completeness,block,all,1.0,,< 1.0,pass,all: 1 [baseline 2026-09-08; skips non-accepted 2026-09-15]
legacy_replay,micro,2026-09-22,20261009T193713-93f4be,2026-10-09 19:37:13,price_change_share_anomaly,plausibility,warn,all,0.00221,> mean + 4 sd of last 6 deliveries,,pass,all: 0.22% [baseline 2026-09-08; skips non-accepted 2026-09-15]
legacy_replay,micro,2026-09-22,20261009T193713-93f4be,2026-10-09 19:37:13,price_decrease_share,plausibility,block,ARE,0.00062,> 0.02,> 0.1,pass,ARE: 0.06% [baseline 2026-09-08; skips non-accepted 2026-09-15]
legacy_replay,micro,2026-09-22,20261009T193713-93f4be,2026-10-09 19:37:13,price_decrease_share,plausibility,block,CHN,0.00083,> 0.02,> 0.1,pass,CHN: 0.08% [baseline 2026-09-08; skips non-accepted 2026-09-15]
legacy_replay,micro,2026-09-22,20261009T193713-93f4be,2026-10-09 19:37:13,price_decrease_share,plausibility,block,FRA,0.00061,> 0.02,> 0.1,pass,FRA: 0.06% [baseline 2026-09-08; skips non-accepted 2026-09-15]
legacy_replay,micro,2026-09-22,20261009T193713-93f4be,2026-10-09 19:37:13,price_decrease_share,plausibility,block,GBR,0.00061,> 0.02,> 0.1,pass,GBR: 0.06% [baseline 2026-09-08; skips non-accepted 2026-09-15]
legacy_replay,micro,2026-09-22,20261009T193713-93f4be,2026-10-09 19:37:13,price_decrease_share,plausibility,block,HKG,0.00063,> 0.02,> 0.1,pass,HKG: 0.06% [baseline 2026-09-08; skips non-accepted 2026-09-15]
legacy_replay,micro,2026-09-22,20261009T193713-93f4be,2026-10-09 19:37:13,price_decrease_share,plausibility,block,JPN,0.0006,> 0.02,> 0.1,pass,JPN: 0.06% [baseline 2026-09-08; skips non-accepted 2026-09-15]
legacy_replay,micro,2026-09-22,20261009T193713-93f4be,2026-10-09 19:37:13,price_decrease_share,plausibility,block,KOR,0.00062,> 0.02,> 0.1,pass,KOR: 0.06% [baseline 2026-09-08; skips non-accepted 2026-09-15]
legacy_replay,micro,2026-09-22,20261009T193713-93f4be,2026-10-09 19:37:13,price_decrease_share,plausibility,block,USA,0.00059,> 0.02,> 0.1,pass,USA: 0.06% [baseline 2026-09-08; skips non-accepted 2026-09-15]
legacy_replay,micro,2026-09-22,20261009T193713-93f4be,2026-10-09 19:37:13,price_reversion_share,plausibility,block,ARE,0.0,> 0.01,> 0.05,pass,ARE: 0 [baseline 2026-09-08; skips non-accepted 2026-09-15]
legacy_replay,micro,2026-09-22,20261009T193713-93f4be,2026-10-09 19:37:13,price_reversion_share,plausibility,block,CHN,0.0,> 0.01,> 0.05,pass,CHN: 0 [baseline 2026-09-08; skips non-accepted 2026-09-15]
legacy_replay,micro,2026-09-22,20261009T193713-93f4be,2026-10-09 19:37:13,price_reversion_share,plausibility,block,FRA,0.0,> 0.01,> 0.05,pass,FRA: 0 [baseline 2026-09-08; skips non-accepted 2026-09-15]
legacy_replay,micro,2026-09-22,20261009T193713-93f4be,2026-10-09 19:37:13,price_reversion_share,plausibility,block,GBR,0.0,> 0.01,> 0.05,pass,GBR: 0 [baseline 2026-09-08; skips non-accepted 2026-09-15]
legacy_replay,micro,2026-09-22,20261009T193713-93f4be,2026-10-09 19:37:13,price_reversion_share,plausibility,block,HKG,0.0,> 0.01,> 0.05,pass,HKG: 0 [baseline 2026-09-08; skips non-accepted 2026-09-15]
legacy_replay,micro,2026-09-22,20261009T193713-93f4be,2026-10-09 19:37:13,price_reversion_share,plausibility,block,JPN,0.0,> 0.01,> 0.05,pass,JPN: 0 [baseline 2026-09-08; skips non-accepted 2026-09-15]
legacy_replay,micro,2026-09-22,20261009T193713-93f4be,2026-10-09 19:37:13,price_reversion_share,plausibility,block,KOR,0.0,> 0.01,> 0.05,pass,KOR: 0 [baseline 2026-09-08; skips non-accepted 2026-09-15]
legacy_replay,micro,2026-09-22,20261009T193713-93f4be,2026-10-09 19:37:13,price_reversion_share,plausibility,block,USA,0.0,> 0.01,> 0.05,pass,USA: 0 [baseline 2026-09-08; skips non-accepted 2026-09-15]
legacy_replay,micro,2026-09-22,20261009T193713-93f4be,2026-10-09 19:37:13,product_count_change,completeness,block,ARE,0.0054678007,< -0.05 or > 0.2,< -0.2,pass,ARE: 0.55% [baseline 2026-09-08; skips non-accepted 2026-09-15]
legacy_replay,micro,2026-09-22,20261009T193713-93f4be,2026-10-09 19:37:13,product_count_change,completeness,block,CHN,0.0049099836,< -0.05 or > 0.2,< -0.2,pass,CHN: 0.49% [baseline 2026-09-08; skips non-accepted 2026-09-15]
legacy_replay,micro,2026-09-22,20261009T193713-93f4be,2026-10-09 19:37:13,product_count_change,completeness,block,FRA,0.0066026411,< -0.05 or > 0.2,< -0.2,pass,FRA: 0.66% [baseline 2026-09-08; skips non-accepted 2026-09-15]
legacy_replay,micro,2026-09-22,20261009T193713-93f4be,2026-10-09 19:37:13,product_count_change,completeness,block,GBR,0.0053667263,< -0.05 or > 0.2,< -0.2,pass,GBR: 0.54% [baseline 2026-09-08; skips non-accepted 2026-09-15]
legacy_replay,micro,2026-09-22,20261009T193713-93f4be,2026-10-09 19:37:13,product_count_change,completeness,block,HKG,0.0055350554,< -0.05 or > 0.2,< -0.2,pass,HKG: 0.55% [baseline 2026-09-08; skips non-accepted 2026-09-15]
legacy_replay,micro,2026-09-22,20261009T193713-93f4be,2026-10-09 19:37:13,product_count_change,completeness,block,JPN,0.0058616647,< -0.05 or > 0.2,< -0.2,pass,JPN: 0.59% [baseline 2026-09-08; skips non-accepted 2026-09-15]
legacy_replay,micro,2026-09-22,20261009T193713-93f4be,2026-10-09 19:37:13,product_count_change,completeness,block,KOR,0.0030248034,< -0.05 or > 0.2,< -0.2,pass,KOR: 0.30% [baseline 2026-09-08; skips non-accepted 2026-09-15]
legacy_replay,micro,2026-09-22,20261009T193713-93f4be,2026-10-09 19:37:13,product_count_change,completeness,block,USA,0.0045819015,< -0.05 or > 0.2,< -0.2,pass,USA: 0.46% [baseline 2026-09-08; skips non-accepted 2026-09-15]
legacy_replay,micro,2026-09-22,20261009T193713-93f4be,2026-10-09 19:37:13,served_crawl_age_days,timeliness,block,ARE,1.0,> 7,> 14,pass,ARE: 1 [baseline 2026-09-08; skips non-accepted 2026-09-15]
legacy_replay,micro,2026-09-22,20261009T193713-93f4be,2026-10-09 19:37:13,served_crawl_age_days,timeliness,block,CHN,1.0,> 7,> 14,pass,CHN: 1 [baseline 2026-09-08; skips non-accepted 2026-09-15]
legacy_replay,micro,2026-09-22,20261009T193713-93f4be,2026-10-09 19:37:13,served_crawl_age_days,timeliness,block,FRA,1.0,> 7,> 14,pass,FRA: 1 [baseline 2026-09-08; skips non-accepted 2026-09-15]
legacy_replay,micro,2026-09-22,20261009T193713-93f4be,2026-10-09 19:37:13,served_crawl_age_days,timeliness,block,GBR,1.0,> 7,> 14,pass,GBR: 1 [baseline 2026-09-08; skips non-accepted 2026-09-15]
legacy_replay,micro,2026-09-22,20261009T193713-93f4be,2026-10-09 19:37:13,served_crawl_age_days,timeliness,block,HKG,1.0,> 7,> 14,pass,HKG: 1 [baseline 2026-09-08; skips non-accepted 2026-09-15]
legacy_replay,micro,2026-09-22,20261009T193713-93f4be,2026-10-09 19:37:13,served_crawl_age_days,timeliness,block,JPN,1.0,> 7,> 14,pass,JPN: 1 [baseline 2026-09-08; skips non-accepted 2026-09-15]
legacy_replay,micro,2026-09-22,20261009T193713-93f4be,2026-10-09 19:37:13,served_crawl_age_days,timeliness,block,KOR,1.0,> 7,> 14,pass,KOR: 1 [baseline 2026-09-08; skips non-accepted 2026-09-15]
legacy_replay,micro,2026-09-22,20261009T193713-93f4be,2026-10-09 19:37:13,served_crawl_age_days,timeliness,block,USA,1.0,> 7,> 14,pass,USA: 1 [baseline 2026-09-08; skips non-accepted 2026-09-15]
legacy_replay,micro,2026-09-29,20261009T193713-93f4be,2026-10-09 19:37:13,market_coverage,completeness,block,all,1.0,,< 1.0,pass,all: 1 [baseline 2026-09-22; skips non-accepted 2026-09-15]
legacy_replay,micro,2026-09-29,20261009T193713-93f4be,2026-10-09 19:37:13,price_change_share_anomaly,plausibility,warn,all,0.00062,> mean + 4 sd of last 6 deliveries,,pass,all: 0.06% [baseline 2026-09-22; skips non-accepted 2026-09-15]
legacy_replay,micro,2026-09-29,20261009T193713-93f4be,2026-10-09 19:37:13,price_decrease_share,plausibility,block,ARE,0.0,> 0.02,> 0.1,pass,ARE: 0 [baseline 2026-09-22; skips non-accepted 2026-09-15]
legacy_replay,micro,2026-09-29,20261009T193713-93f4be,2026-10-09 19:37:13,price_decrease_share,plausibility,block,CHN,0.0,> 0.02,> 0.1,pass,CHN: 0 [baseline 2026-09-22; skips non-accepted 2026-09-15]
legacy_replay,micro,2026-09-29,20261009T193713-93f4be,2026-10-09 19:37:13,price_decrease_share,plausibility,block,FRA,0.0,> 0.02,> 0.1,pass,FRA: 0 [baseline 2026-09-22; skips non-accepted 2026-09-15]
legacy_replay,micro,2026-09-29,20261009T193713-93f4be,2026-10-09 19:37:13,price_decrease_share,plausibility,block,GBR,0.0,> 0.02,> 0.1,pass,GBR: 0 [baseline 2026-09-22; skips non-accepted 2026-09-15]
legacy_replay,micro,2026-09-29,20261009T193713-93f4be,2026-10-09 19:37:13,price_decrease_share,plausibility,block,HKG,0.0,> 0.02,> 0.1,pass,HKG: 0 [baseline 2026-09-22; skips non-accepted 2026-09-15]
legacy_replay,micro,2026-09-29,20261009T193713-93f4be,2026-10-09 19:37:13,price_decrease_share,plausibility,block,JPN,0.0,> 0.02,> 0.1,pass,JPN: 0 [baseline 2026-09-22; skips non-accepted 2026-09-15]
legacy_replay,micro,2026-09-29,20261009T193713-93f4be,2026-10-09 19:37:13,price_decrease_share,plausibility,block,KOR,0.0,> 0.02,> 0.1,pass,KOR: 0 [baseline 2026-09-22; skips non-accepted 2026-09-15]
legacy_replay,micro,2026-09-29,20261009T193713-93f4be,2026-10-09 19:37:13,price_decrease_share,plausibility,block,USA,0.0,> 0.02,> 0.1,pass,USA: 0 [baseline 2026-09-22; skips non-accepted 2026-09-15]
legacy_replay,micro,2026-09-29,20261009T193713-93f4be,2026-10-09 19:37:13,price_reversion_share,plausibility,block,ARE,0.0,> 0.01,> 0.05,pass,ARE: 0 [baseline 2026-09-22; skips non-accepted 2026-09-15]
legacy_replay,micro,2026-09-29,20261009T193713-93f4be,2026-10-09 19:37:13,price_reversion_share,plausibility,block,CHN,0.0,> 0.01,> 0.05,pass,CHN: 0 [baseline 2026-09-22; skips non-accepted 2026-09-15]
legacy_replay,micro,2026-09-29,20261009T193713-93f4be,2026-10-09 19:37:13,price_reversion_share,plausibility,block,FRA,0.0,> 0.01,> 0.05,pass,FRA: 0 [baseline 2026-09-22; skips non-accepted 2026-09-15]
legacy_replay,micro,2026-09-29,20261009T193713-93f4be,2026-10-09 19:37:13,price_reversion_share,plausibility,block,GBR,0.0,> 0.01,> 0.05,pass,GBR: 0 [baseline 2026-09-22; skips non-accepted 2026-09-15]
legacy_replay,micro,2026-09-29,20261009T193713-93f4be,2026-10-09 19:37:13,price_reversion_share,plausibility,block,HKG,0.0,> 0.01,> 0.05,pass,HKG: 0 [baseline 2026-09-22; skips non-accepted 2026-09-15]
legacy_replay,micro,2026-09-29,20261009T193713-93f4be,2026-10-09 19:37:13,price_reversion_share,plausibility,block,JPN,0.0,> 0.01,> 0.05,pass,JPN: 0 [baseline 2026-09-22; skips non-accepted 2026-09-15]
legacy_replay,micro,2026-09-29,20261009T193713-93f4be,2026-10-09 19:37:13,price_reversion_share,plausibility,block,KOR,0.0,> 0.01,> 0.05,pass,KOR: 0 [baseline 2026-09-22; skips non-accepted 2026-09-15]
legacy_replay,micro,2026-09-29,20261009T193713-93f4be,2026-10-09 19:37:13,price_reversion_share,plausibility,block,USA,0.0,> 0.01,> 0.05,pass,USA: 0 [baseline 2026-09-22; skips non-accepted 2026-09-15]
legacy_replay,micro,2026-09-29,20261009T193713-93f4be,2026-10-09 19:37:13,product_count_change,completeness,block,ARE,0.0072507553,< -0.05 or > 0.2,< -0.2,pass,ARE: 0.73% [baseline 2026-09-22; skips non-accepted 2026-09-15]
legacy_replay,micro,2026-09-29,20261009T193713-93f4be,2026-10-09 19:37:13,product_count_change,completeness,block,CHN,0.006514658,< -0.05 or > 0.2,< -0.2,pass,CHN: 0.65% [baseline 2026-09-22; skips non-accepted 2026-09-15]
legacy_replay,micro,2026-09-29,20261009T193713-93f4be,2026-10-09 19:37:13,product_count_change,completeness,block,FRA,0.0095408468,< -0.05 or > 0.2,< -0.2,pass,FRA: 0.95% [baseline 2026-09-22; skips non-accepted 2026-09-15]
legacy_replay,micro,2026-09-29,20261009T193713-93f4be,2026-10-09 19:37:13,product_count_change,completeness,block,GBR,0.009489917,< -0.05 or > 0.2,< -0.2,pass,GBR: 0.95% [baseline 2026-09-22; skips non-accepted 2026-09-15]
legacy_replay,micro,2026-09-29,20261009T193713-93f4be,2026-10-09 19:37:13,product_count_change,completeness,block,HKG,0.0079510703,< -0.05 or > 0.2,< -0.2,pass,HKG: 0.80% [baseline 2026-09-22; skips non-accepted 2026-09-15]
legacy_replay,micro,2026-09-29,20261009T193713-93f4be,2026-10-09 19:37:13,product_count_change,completeness,block,JPN,0.006993007,< -0.05 or > 0.2,< -0.2,pass,JPN: 0.70% [baseline 2026-09-22; skips non-accepted 2026-09-15]
legacy_replay,micro,2026-09-29,20261009T193713-93f4be,2026-10-09 19:37:13,product_count_change,completeness,block,KOR,0.0108564536,< -0.05 or > 0.2,< -0.2,pass,KOR: 1.09% [baseline 2026-09-22; skips non-accepted 2026-09-15]
legacy_replay,micro,2026-09-29,20261009T193713-93f4be,2026-10-09 19:37:13,product_count_change,completeness,block,USA,0.0091220068,< -0.05 or > 0.2,< -0.2,pass,USA: 0.91% [baseline 2026-09-22; skips non-accepted 2026-09-15]
legacy_replay,micro,2026-09-29,20261009T193713-93f4be,2026-10-09 19:37:13,served_crawl_age_days,timeliness,block,ARE,1.0,> 7,> 14,pass,ARE: 1 [baseline 2026-09-22; skips non-accepted 2026-09-15]
legacy_replay,micro,2026-09-29,20261009T193713-93f4be,2026-10-09 19:37:13,served_crawl_age_days,timeliness,block,CHN,1.0,> 7,> 14,pass,CHN: 1 [baseline 2026-09-22; skips non-accepted 2026-09-15]
legacy_replay,micro,2026-09-29,20261009T193713-93f4be,2026-10-09 19:37:13,served_crawl_age_days,timeliness,block,FRA,1.0,> 7,> 14,pass,FRA: 1 [baseline 2026-09-22; skips non-accepted 2026-09-15]
legacy_replay,micro,2026-09-29,20261009T193713-93f4be,2026-10-09 19:37:13,served_crawl_age_days,timeliness,block,GBR,1.0,> 7,> 14,pass,GBR: 1 [baseline 2026-09-22; skips non-accepted 2026-09-15]
legacy_replay,micro,2026-09-29,20261009T193713-93f4be,2026-10-09 19:37:13,served_crawl_age_days,timeliness,block,HKG,1.0,> 7,> 14,pass,HKG: 1 [baseline 2026-09-22; skips non-accepted 2026-09-15]
legacy_replay,micro,2026-09-29,20261009T193713-93f4be,2026-10-09 19:37:13,served_crawl_age_days,timeliness,block,JPN,1.0,> 7,> 14,pass,JPN: 1 [baseline 2026-09-22; skips non-accepted 2026-09-15]
legacy_replay,micro,2026-09-29,20261009T193713-93f4be,2026-10-09 19:37:13,served_crawl_age_days,timeliness,block,KOR,1.0,> 7,> 14,pass,KOR: 1 [baseline 2026-09-22; skips non-accepted 2026-09-15]
legacy_replay,micro,2026-09-29,20261009T193713-93f4be,2026-10-09 19:37:13,served_crawl_age_days,timeliness,block,USA,1.0,> 7,> 14,pass,USA: 1 [baseline 2026-09-22; skips non-accepted 2026-09-15]
marts,macro,2026-07-31,20261009T112332-111505,2026-10-09 11:23:32,cross_market_dispersion,consistency,warn,Accessories,,> 0.1,,skip,"no value (nothing to compare with, e.g. first delivery)"
marts,macro,2026-07-31,20261009T112332-111505,2026-10-09 11:23:32,cross_market_dispersion,consistency,warn,Bags,,> 0.1,,skip,"no value (nothing to compare with, e.g. first delivery)"
marts,macro,2026-07-31,20261009T112332-111505,2026-10-09 11:23:32,cross_market_dispersion,consistency,warn,Shoes,,> 0.1,,skip,"no value (nothing to compare with, e.g. first delivery)"
marts,macro,2026-07-31,20261009T112332-111505,2026-10-09 11:23:32,cross_market_dispersion,consistency,warn,Small Leather Goods,,> 0.1,,skip,"no value (nothing to compare with, e.g. first delivery)"
marts,macro,2026-07-31,20261009T112332-111505,2026-10-09 11:23:32,global_reconciles_with_markets,consistency,block,all,,,> 0.0001,skip,"no value (nothing to compare with, e.g. first delivery)"
marts,macro,2026-07-31,20261009T112332-111505,2026-10-09 11:23:32,lfl_change_bounds,validity,block,Accessories,,> 0.1,> 0.3,skip,"no value (nothing to compare with, e.g. first delivery)"
marts,macro,2026-07-31,20261009T112332-111505,2026-10-09 11:23:32,lfl_change_bounds,validity,block,Bags,,> 0.1,> 0.3,skip,"no value (nothing to compare with, e.g. first delivery)"
marts,macro,2026-07-31,20261009T112332-111505,2026-10-09 11:23:32,lfl_change_bounds,validity,block,Shoes,,> 0.1,> 0.3,skip,"no value (nothing to compare with, e.g. first delivery)"
marts,macro,2026-07-31,20261009T112332-111505,2026-10-09 11:23:32,lfl_change_bounds,validity,block,Small Leather Goods,,> 0.1,> 0.3,skip,"no value (nothing to compare with, e.g. first delivery)"
marts,macro,2026-07-31,20261009T112332-111505,2026-10-09 11:23:32,lfl_match_rate,completeness,block,all,,< 0.8,< 0.5,skip,"no value (nothing to compare with, e.g. first delivery)"
marts,macro,2026-07-31,20261009T112332-111505,2026-10-09 11:23:32,macro_grid_complete,completeness,block,all,1.0,,< 1.0,pass,all: 1
marts,macro,2026-07-31,20261009T112332-111505,2026-10-09 11:23:32,market_coverage,completeness,block,all,1.0,,< 1.0,pass,all: 1
marts,macro,2026-07-31,20261009T112332-111505,2026-10-09 11:23:32,median_price_drift,plausibility,warn,Accessories,,> 0.15,,skip,"no value (nothing to compare with, e.g. first delivery)"
marts,macro,2026-07-31,20261009T112332-111505,2026-10-09 11:23:32,median_price_drift,plausibility,warn,Bags,,> 0.15,,skip,"no value (nothing to compare with, e.g. first delivery)"
marts,macro,2026-07-31,20261009T112332-111505,2026-10-09 11:23:32,median_price_drift,plausibility,warn,Shoes,,> 0.15,,skip,"no value (nothing to compare with, e.g. first delivery)"
marts,macro,2026-07-31,20261009T112332-111505,2026-10-09 11:23:32,median_price_drift,plausibility,warn,Small Leather Goods,,> 0.15,,skip,"no value (nothing to compare with, e.g. first delivery)"
marts,macro,2026-07-31,20261009T112332-111505,2026-10-09 11:23:32,price_change_share_anomaly,plausibility,warn,all,,> mean + 4 sd of last 6 deliveries,,skip,"no value (nothing to compare with, e.g. first delivery)"
marts,macro,2026-07-31,20261009T112332-111505,2026-10-09 11:23:32,price_decrease_share,plausibility,block,all,,> 0.02,> 0.1,skip,"no value (nothing to compare with, e.g. first delivery)"
marts,macro,2026-07-31,20261009T112332-111505,2026-10-09 11:23:32,price_reversion_share,plausibility,block,all,,> 0.01,> 0.05,skip,"no value (nothing to compare with, e.g. first delivery)"
marts,macro,2026-07-31,20261009T112332-111505,2026-10-09 11:23:32,product_count_change,completeness,block,ARE,,< -0.05 or > 0.2,< -0.2,skip,"no value (nothing to compare with, e.g. first delivery)"
marts,macro,2026-07-31,20261009T112332-111505,2026-10-09 11:23:32,product_count_change,completeness,block,AUS,,< -0.05 or > 0.2,< -0.2,skip,"no value (nothing to compare with, e.g. first delivery)"
marts,macro,2026-07-31,20261009T112332-111505,2026-10-09 11:23:32,product_count_change,completeness,block,CAN,,< -0.05 or > 0.2,< -0.2,skip,"no value (nothing to compare with, e.g. first delivery)"
marts,macro,2026-07-31,20261009T112332-111505,2026-10-09 11:23:32,product_count_change,completeness,block,CHN,,< -0.05 or > 0.2,< -0.2,skip,"no value (nothing to compare with, e.g. first delivery)"
marts,macro,2026-07-31,20261009T112332-111505,2026-10-09 11:23:32,product_count_change,completeness,block,FRA,,< -0.05 or > 0.2,< -0.2,skip,"no value (nothing to compare with, e.g. first delivery)"
marts,macro,2026-07-31,20261009T112332-111505,2026-10-09 11:23:32,product_count_change,completeness,block,GBR,,< -0.05 or > 0.2,< -0.2,skip,"no value (nothing to compare with, e.g. first delivery)"
marts,macro,2026-07-31,20261009T112332-111505,2026-10-09 11:23:32,product_count_change,completeness,block,HKG,,< -0.05 or > 0.2,< -0.2,skip,"no value (nothing to compare with, e.g. first delivery)"
marts,macro,2026-07-31,20261009T112332-111505,2026-10-09 11:23:32,product_count_change,completeness,block,JPN,,< -0.05 or > 0.2,< -0.2,skip,"no value (nothing to compare with, e.g. first delivery)"
marts,macro,2026-07-31,20261009T112332-111505,2026-10-09 11:23:32,product_count_change,completeness,block,KOR,,< -0.05 or > 0.2,< -0.2,skip,"no value (nothing to compare with, e.g. first delivery)"
marts,macro,2026-07-31,20261009T112332-111505,2026-10-09 11:23:32,product_count_change,completeness,block,MEX,,< -0.05 or > 0.2,< -0.2,skip,"no value (nothing to compare with, e.g. first delivery)"
marts,macro,2026-07-31,20261009T112332-111505,2026-10-09 11:23:32,product_count_change,completeness,block,MYS,,< -0.05 or > 0.2,< -0.2,skip,"no value (nothing to compare with, e.g. first delivery)"
marts,macro,2026-07-31,20261009T112332-111505,2026-10-09 11:23:32,product_count_change,completeness,block,SAU,,< -0.05 or > 0.2,< -0.2,skip,"no value (nothing to compare with, e.g. first delivery)"
marts,macro,2026-07-31,20261009T112332-111505,2026-10-09 11:23:32,product_count_change,completeness,block,SGP,,< -0.05 or > 0.2,< -0.2,skip,"no value (nothing to compare with, e.g. first delivery)"
marts,macro,2026-07-31,20261009T112332-111505,2026-10-09 11:23:32,product_count_change,completeness,block,THA,,< -0.05 or > 0.2,< -0.2,skip,"no value (nothing to compare with, e.g. first delivery)"
marts,macro,2026-07-31,20261009T112332-111505,2026-10-09 11:23:32,product_count_change,completeness,block,TWN,,< -0.05 or > 0.2,< -0.2,skip,"no value (nothing to compare with, e.g. first delivery)"
marts,macro,2026-07-31,20261009T112332-111505,2026-10-09 11:23:32,product_count_change,completeness,block,USA,,< -0.05 or > 0.2,< -0.2,skip,"no value (nothing to compare with, e.g. first delivery)"
marts,macro,2026-07-31,20261009T112332-111505,2026-10-09 11:23:32,served_crawl_age_days,timeliness,block,ARE,4.0,> 10,> 35,pass,ARE: 4
marts,macro,2026-07-31,20261009T112332-111505,2026-10-09 11:23:32,served_crawl_age_days,timeliness,block,AUS,4.0,> 10,> 35,pass,AUS: 4
marts,macro,2026-07-31,20261009T112332-111505,2026-10-09 11:23:32,served_crawl_age_days,timeliness,block,CAN,4.0,> 10,> 35,pass,CAN: 4
marts,macro,2026-07-31,20261009T112332-111505,2026-10-09 11:23:32,served_crawl_age_days,timeliness,block,CHN,4.0,> 10,> 35,pass,CHN: 4
marts,macro,2026-07-31,20261009T112332-111505,2026-10-09 11:23:32,served_crawl_age_days,timeliness,block,FRA,4.0,> 10,> 35,pass,FRA: 4
marts,macro,2026-07-31,20261009T112332-111505,2026-10-09 11:23:32,served_crawl_age_days,timeliness,block,GBR,4.0,> 10,> 35,pass,GBR: 4
marts,macro,2026-07-31,20261009T112332-111505,2026-10-09 11:23:32,served_crawl_age_days,timeliness,block,HKG,4.0,> 10,> 35,pass,HKG: 4
marts,macro,2026-07-31,20261009T112332-111505,2026-10-09 11:23:32,served_crawl_age_days,timeliness,block,JPN,4.0,> 10,> 35,pass,JPN: 4
marts,macro,2026-07-31,20261009T112332-111505,2026-10-09 11:23:32,served_crawl_age_days,timeliness,block,KOR,4.0,> 10,> 35,pass,KOR: 4
marts,macro,2026-07-31,20261009T112332-111505,2026-10-09 11:23:32,served_crawl_age_days,timeliness,block,MEX,4.0,> 10,> 35,pass,MEX: 4
marts,macro,2026-07-31,20261009T112332-111505,2026-10-09 11:23:32,served_crawl_age_days,timeliness,block,MYS,4.0,> 10,> 35,pass,MYS: 4
marts,macro,2026-07-31,20261009T112332-111505,2026-10-09 11:23:32,served_crawl_age_days,timeliness,block,SAU,4.0,> 10,> 35,pass,SAU: 4
marts,macro,2026-07-31,20261009T112332-111505,2026-10-09 11:23:32,served_crawl_age_days,timeliness,block,SGP,4.0,> 10,> 35,pass,SGP: 4
marts,macro,2026-07-31,20261009T112332-111505,2026-10-09 11:23:32,served_crawl_age_days,timeliness,block,THA,4.0,> 10,> 35,pass,THA: 4
marts,macro,2026-07-31,20261009T112332-111505,2026-10-09 11:23:32,served_crawl_age_days,timeliness,block,TWN,4.0,> 10,> 35,pass,TWN: 4
marts,macro,2026-07-31,20261009T112332-111505,2026-10-09 11:23:32,served_crawl_age_days,timeliness,block,USA,4.0,> 10,> 35,pass,USA: 4
marts,macro,2026-08-31,20261009T112332-111505,2026-10-09 11:23:32,cross_market_dispersion,consistency,warn,Accessories,0.0025,> 0.1,,pass,Accessories: 0.25%
marts,macro,2026-08-31,20261009T112332-111505,2026-10-09 11:23:32,cross_market_dispersion,consistency,warn,Bags,0.0007,> 0.1,,pass,Bags: 0.07%
marts,macro,2026-08-31,20261009T112332-111505,2026-10-09 11:23:32,cross_market_dispersion,consistency,warn,Shoes,0.001,> 0.1,,pass,Shoes: 0.10%
marts,macro,2026-08-31,20261009T112332-111505,2026-10-09 11:23:32,cross_market_dispersion,consistency,warn,Small Leather Goods,0.0,> 0.1,,pass,Small Leather Goods: 0
marts,macro,2026-08-31,20261009T112332-111505,2026-10-09 11:23:32,global_reconciles_with_markets,consistency,block,Accessories,0.0,,> 0.0001,pass,Accessories: 0
marts,macro,2026-08-31,20261009T112332-111505,2026-10-09 11:23:32,global_reconciles_with_markets,consistency,block,Bags,0.0,,> 0.0001,pass,Bags: 0
marts,macro,2026-08-31,20261009T112332-111505,2026-10-09 11:23:32,global_reconciles_with_markets,consistency,block,Shoes,0.0,,> 0.0001,pass,Shoes: 0
marts,macro,2026-08-31,20261009T112332-111505,2026-10-09 11:23:32,global_reconciles_with_markets,consistency,block,Small Leather Goods,0.0,,> 0.0001,pass,Small Leather Goods: 0
marts,macro,2026-08-31,20261009T112332-111505,2026-10-09 11:23:32,lfl_change_bounds,validity,block,Accessories,0.0016,> 0.1,> 0.3,pass,Accessories: 0.16%
marts,macro,2026-08-31,20261009T112332-111505,2026-10-09 11:23:32,lfl_change_bounds,validity,block,Bags,0.0007,> 0.1,> 0.3,pass,Bags: 0.07%
marts,macro,2026-08-31,20261009T112332-111505,2026-10-09 11:23:32,lfl_change_bounds,validity,block,Shoes,0.001,> 0.1,> 0.3,pass,Shoes: 0.10%
marts,macro,2026-08-31,20261009T112332-111505,2026-10-09 11:23:32,lfl_change_bounds,validity,block,Small Leather Goods,0.0,> 0.1,> 0.3,pass,Small Leather Goods: 0
marts,macro,2026-08-31,20261009T112332-111505,2026-10-09 11:23:32,lfl_match_rate,completeness,block,all,0.9298245614,< 0.8,< 0.5,pass,all: 92.98%
marts,macro,2026-08-31,20261009T112332-111505,2026-10-09 11:23:32,macro_grid_complete,completeness,block,all,1.0,,< 1.0,pass,all: 1
marts,macro,2026-08-31,20261009T112332-111505,2026-10-09 11:23:32,market_coverage,completeness,block,all,1.0,,< 1.0,pass,all: 1
marts,macro,2026-08-31,20261009T112332-111505,2026-10-09 11:23:32,median_price_drift,plausibility,warn,Accessories,0.0075757576,> 0.15,,pass,Accessories: 0.76%
marts,macro,2026-08-31,20261009T112332-111505,2026-10-09 11:23:32,median_price_drift,plausibility,warn,Bags,0.0100502513,> 0.15,,pass,Bags: 1.01%
marts,macro,2026-08-31,20261009T112332-111505,2026-10-09 11:23:32,median_price_drift,plausibility,warn,Shoes,0.0152091255,> 0.15,,pass,Shoes: 1.52%
marts,macro,2026-08-31,20261009T112332-111505,2026-10-09 11:23:32,median_price_drift,plausibility,warn,Small Leather Goods,0.0487804878,> 0.15,,pass,Small Leather Goods: 4.88%
marts,macro,2026-08-31,20261009T112332-111505,2026-10-09 11:23:32,price_change_share_anomaly,plausibility,warn,all,0.00856,> mean + 4 sd of last 6 deliveries,,pass,all: 0.86%
marts,macro,2026-08-31,20261009T112332-111505,2026-10-09 11:23:32,price_decrease_share,plausibility,block,ARE,0.00441,> 0.02,> 0.1,pass,ARE: 0.44%
marts,macro,2026-08-31,20261009T112332-111505,2026-10-09 11:23:32,price_decrease_share,plausibility,block,AUS,0.00383,> 0.02,> 0.1,pass,AUS: 0.38%
marts,macro,2026-08-31,20261009T112332-111505,2026-10-09 11:23:32,price_decrease_share,plausibility,block,CAN,0.0025,> 0.02,> 0.1,pass,CAN: 0.25%
marts,macro,2026-08-31,20261009T112332-111505,2026-10-09 11:23:32,price_decrease_share,plausibility,block,CHN,0.00508,> 0.02,> 0.1,pass,CHN: 0.51%
marts,macro,2026-08-31,20261009T112332-111505,2026-10-09 11:23:32,price_decrease_share,plausibility,block,FRA,0.00496,> 0.02,> 0.1,pass,FRA: 0.50%
marts,macro,2026-08-31,20261009T112332-111505,2026-10-09 11:23:32,price_decrease_share,plausibility,block,GBR,0.00494,> 0.02,> 0.1,pass,GBR: 0.49%
marts,macro,2026-08-31,20261009T112332-111505,2026-10-09 11:23:32,price_decrease_share,plausibility,block,HKG,0.0051,> 0.02,> 0.1,pass,HKG: 0.51%
marts,macro,2026-08-31,20261009T112332-111505,2026-10-09 11:23:32,price_decrease_share,plausibility,block,JPN,0.00486,> 0.02,> 0.1,pass,JPN: 0.49%
marts,macro,2026-08-31,20261009T112332-111505,2026-10-09 11:23:32,price_decrease_share,plausibility,block,KOR,0.00502,> 0.02,> 0.1,pass,KOR: 0.50%
marts,macro,2026-08-31,20261009T112332-111505,2026-10-09 11:23:32,price_decrease_share,plausibility,block,MEX,0.00524,> 0.02,> 0.1,pass,MEX: 0.52%
marts,macro,2026-08-31,20261009T112332-111505,2026-10-09 11:23:32,price_decrease_share,plausibility,block,MYS,0.00443,> 0.02,> 0.1,pass,MYS: 0.44%
marts,macro,2026-08-31,20261009T112332-111505,2026-10-09 11:23:32,price_decrease_share,plausibility,block,SAU,0.00504,> 0.02,> 0.1,pass,SAU: 0.50%
marts,macro,2026-08-31,20261009T112332-111505,2026-10-09 11:23:32,price_decrease_share,plausibility,block,SGP,0.00575,> 0.02,> 0.1,pass,SGP: 0.57%
marts,macro,2026-08-31,20261009T112332-111505,2026-10-09 11:23:32,price_decrease_share,plausibility,block,THA,0.00503,> 0.02,> 0.1,pass,THA: 0.50%
marts,macro,2026-08-31,20261009T112332-111505,2026-10-09 11:23:32,price_decrease_share,plausibility,block,TWN,0.00443,> 0.02,> 0.1,pass,TWN: 0.44%
marts,macro,2026-08-31,20261009T112332-111505,2026-10-09 11:23:32,price_decrease_share,plausibility,block,USA,0.00474,> 0.02,> 0.1,pass,USA: 0.47%
marts,macro,2026-08-31,20261009T112332-111505,2026-10-09 11:23:32,price_reversion_share,plausibility,block,all,,> 0.01,> 0.05,skip,"no value (nothing to compare with, e.g. first delivery)"
marts,macro,2026-08-31,20261009T112332-111505,2026-10-09 11:23:32,product_count_change,completeness,block,ARE,0.0160098522,< -0.05 or > 0.2,< -0.2,pass,ARE: 1.60%
marts,macro,2026-08-31,20261009T112332-111505,2026-10-09 11:23:32,product_count_change,completeness,block,AUS,0.017380509,< -0.05 or > 0.2,< -0.2,pass,AUS: 1.74%
marts,macro,2026-08-31,20261009T112332-111505,2026-10-09 11:23:32,product_count_change,completeness,block,CAN,0.0146699267,< -0.05 or > 0.2,< -0.2,pass,CAN: 1.47%
marts,macro,2026-08-31,20261009T112332-111505,2026-10-09 11:23:32,product_count_change,completeness,block,CHN,0.0157284768,< -0.05 or > 0.2,< -0.2,pass,CHN: 1.57%
marts,macro,2026-08-31,20261009T112332-111505,2026-10-09 11:23:32,product_count_change,completeness,block,FRA,0.0121138704,< -0.05 or > 0.2,< -0.2,pass,FRA: 1.21%
marts,macro,2026-08-31,20261009T112332-111505,2026-10-09 11:23:32,product_count_change,completeness,block,GBR,0.0175332527,< -0.05 or > 0.2,< -0.2,pass,GBR: 1.75%
marts,macro,2026-08-31,20261009T112332-111505,2026-10-09 11:23:32,product_count_change,completeness,block,HKG,0.0137157107,< -0.05 or > 0.2,< -0.2,pass,HKG: 1.37%
marts,macro,2026-08-31,20261009T112332-111505,2026-10-09 11:23:32,product_count_change,completeness,block,JPN,0.0166865316,< -0.05 or > 0.2,< -0.2,pass,JPN: 1.67%
marts,macro,2026-08-31,20261009T112332-111505,2026-10-09 11:23:32,product_count_change,completeness,block,KOR,0.0165847666,< -0.05 or > 0.2,< -0.2,pass,KOR: 1.66%
marts,macro,2026-08-31,20261009T112332-111505,2026-10-09 11:23:32,product_count_change,completeness,block,MEX,0.0177664975,< -0.05 or > 0.2,< -0.2,pass,MEX: 1.78%
marts,macro,2026-08-31,20261009T112332-111505,2026-10-09 11:23:32,product_count_change,completeness,block,MYS,0.0185988841,< -0.05 or > 0.2,< -0.2,pass,MYS: 1.86%
marts,macro,2026-08-31,20261009T112332-111505,2026-10-09 11:23:32,product_count_change,completeness,block,SAU,0.0159021407,< -0.05 or > 0.2,< -0.2,pass,SAU: 1.59%
marts,macro,2026-08-31,20261009T112332-111505,2026-10-09 11:23:32,product_count_change,completeness,block,SGP,0.0136645963,< -0.05 or > 0.2,< -0.2,pass,SGP: 1.37%
marts,macro,2026-08-31,20261009T112332-111505,2026-10-09 11:23:32,product_count_change,completeness,block,THA,0.017791411,< -0.05 or > 0.2,< -0.2,pass,THA: 1.78%
marts,macro,2026-08-31,20261009T112332-111505,2026-10-09 11:23:32,product_count_change,completeness,block,TWN,0.0166153846,< -0.05 or > 0.2,< -0.2,pass,TWN: 1.66%
marts,macro,2026-08-31,20261009T112332-111505,2026-10-09 11:23:32,product_count_change,completeness,block,USA,0.0180232558,< -0.05 or > 0.2,< -0.2,pass,USA: 1.80%
marts,macro,2026-08-31,20261009T112332-111505,2026-10-09 11:23:32,served_crawl_age_days,timeliness,block,ARE,0.0,> 10,> 35,pass,ARE: 0
marts,macro,2026-08-31,20261009T112332-111505,2026-10-09 11:23:32,served_crawl_age_days,timeliness,block,AUS,0.0,> 10,> 35,pass,AUS: 0
marts,macro,2026-08-31,20261009T112332-111505,2026-10-09 11:23:32,served_crawl_age_days,timeliness,block,CAN,0.0,> 10,> 35,pass,CAN: 0
marts,macro,2026-08-31,20261009T112332-111505,2026-10-09 11:23:32,served_crawl_age_days,timeliness,block,CHN,0.0,> 10,> 35,pass,CHN: 0
marts,macro,2026-08-31,20261009T112332-111505,2026-10-09 11:23:32,served_crawl_age_days,timeliness,block,FRA,0.0,> 10,> 35,pass,FRA: 0
marts,macro,2026-08-31,20261009T112332-111505,2026-10-09 11:23:32,served_crawl_age_days,timeliness,block,GBR,0.0,> 10,> 35,pass,GBR: 0
marts,macro,2026-08-31,20261009T112332-111505,2026-10-09 11:23:32,served_crawl_age_days,timeliness,block,HKG,0.0,> 10,> 35,pass,HKG: 0
marts,macro,2026-08-31,20261009T112332-111505,2026-10-09 11:23:32,served_crawl_age_days,timeliness,block,JPN,0.0,> 10,> 35,pass,JPN: 0
marts,macro,2026-08-31,20261009T112332-111505,2026-10-09 11:23:32,served_crawl_age_days,timeliness,block,KOR,0.0,> 10,> 35,pass,KOR: 0
marts,macro,2026-08-31,20261009T112332-111505,2026-10-09 11:23:32,served_crawl_age_days,timeliness,block,MEX,0.0,> 10,> 35,pass,MEX: 0
marts,macro,2026-08-31,20261009T112332-111505,2026-10-09 11:23:32,served_crawl_age_days,timeliness,block,MYS,0.0,> 10,> 35,pass,MYS: 0
marts,macro,2026-08-31,20261009T112332-111505,2026-10-09 11:23:32,served_crawl_age_days,timeliness,block,SAU,0.0,> 10,> 35,pass,SAU: 0
marts,macro,2026-08-31,20261009T112332-111505,2026-10-09 11:23:32,served_crawl_age_days,timeliness,block,SGP,0.0,> 10,> 35,pass,SGP: 0
marts,macro,2026-08-31,20261009T112332-111505,2026-10-09 11:23:32,served_crawl_age_days,timeliness,block,THA,0.0,> 10,> 35,pass,THA: 0
marts,macro,2026-08-31,20261009T112332-111505,2026-10-09 11:23:32,served_crawl_age_days,timeliness,block,TWN,0.0,> 10,> 35,pass,TWN: 0
marts,macro,2026-08-31,20261009T112332-111505,2026-10-09 11:23:32,served_crawl_age_days,timeliness,block,USA,0.0,> 10,> 35,pass,USA: 0
marts,macro,2026-09-30,20261009T112332-111505,2026-10-09 11:23:32,cross_market_dispersion,consistency,warn,Accessories,0.0021,> 0.1,,pass,Accessories: 0.21%
marts,macro,2026-09-30,20261009T112332-111505,2026-10-09 11:23:32,cross_market_dispersion,consistency,warn,Bags,0.0262,> 0.1,,pass,Bags: 2.62%
marts,macro,2026-09-30,20261009T112332-111505,2026-10-09 11:23:32,cross_market_dispersion,consistency,warn,Shoes,0.0007,> 0.1,,pass,Shoes: 0.07%
marts,macro,2026-09-30,20261009T112332-111505,2026-10-09 11:23:32,cross_market_dispersion,consistency,warn,Small Leather Goods,0.026,> 0.1,,pass,Small Leather Goods: 2.60%
marts,macro,2026-09-30,20261009T112332-111505,2026-10-09 11:23:32,global_reconciles_with_markets,consistency,block,Accessories,0.0,,> 0.0001,pass,Accessories: 0
marts,macro,2026-09-30,20261009T112332-111505,2026-10-09 11:23:32,global_reconciles_with_markets,consistency,block,Bags,0.0,,> 0.0001,pass,Bags: 0
marts,macro,2026-09-30,20261009T112332-111505,2026-10-09 11:23:32,global_reconciles_with_markets,consistency,block,Shoes,0.0,,> 0.0001,pass,Shoes: 0
marts,macro,2026-09-30,20261009T112332-111505,2026-10-09 11:23:32,global_reconciles_with_markets,consistency,block,Small Leather Goods,0.0,,> 0.0001,pass,Small Leather Goods: 0
marts,macro,2026-09-30,20261009T112332-111505,2026-10-09 11:23:32,lfl_change_bounds,validity,block,Accessories,0.0056,> 0.1,> 0.3,pass,Accessories: 0.56%
marts,macro,2026-09-30,20261009T112332-111505,2026-10-09 11:23:32,lfl_change_bounds,validity,block,Bags,0.0696,> 0.1,> 0.3,pass,Bags: 6.96%
marts,macro,2026-09-30,20261009T112332-111505,2026-10-09 11:23:32,lfl_change_bounds,validity,block,Shoes,0.0007,> 0.1,> 0.3,pass,Shoes: 0.07%
marts,macro,2026-09-30,20261009T112332-111505,2026-10-09 11:23:32,lfl_change_bounds,validity,block,Small Leather Goods,0.0655,> 0.1,> 0.3,pass,Small Leather Goods: 6.55%
marts,macro,2026-09-30,20261009T112332-111505,2026-10-09 11:23:32,lfl_match_rate,completeness,block,all,0.9517766497,< 0.8,< 0.5,pass,all: 95.18%
marts,macro,2026-09-30,20261009T112332-111505,2026-10-09 11:23:32,macro_grid_complete,completeness,block,all,1.0,,< 1.0,pass,all: 1
marts,macro,2026-09-30,20261009T112332-111505,2026-10-09 11:23:32,market_coverage,completeness,block,all,1.0,,< 1.0,pass,all: 1
marts,macro,2026-09-30,20261009T112332-111505,2026-10-09 11:23:32,median_price_drift,plausibility,warn,Accessories,0.0183486239,> 0.15,,pass,Accessories: 1.83%
marts,macro,2026-09-30,20261009T112332-111505,2026-10-09 11:23:32,median_price_drift,plausibility,warn,Bags,0.0714997509,> 0.15,,pass,Bags: 7.15%
marts,macro,2026-09-30,20261009T112332-111505,2026-10-09 11:23:32,median_price_drift,plausibility,warn,Shoes,0.0149812734,> 0.15,,pass,Shoes: 1.50%
marts,macro,2026-09-30,20261009T112332-111505,2026-10-09 11:23:32,median_price_drift,plausibility,warn,Small Leather Goods,0.079787234,> 0.15,,pass,Small Leather Goods: 7.98%
marts,macro,2026-09-30,20261009T112332-111505,2026-10-09 11:23:32,price_change_share_anomaly,plausibility,warn,all,0.26052,> mean + 4 sd of last 6 deliveries,,pass,all: 26.05%
marts,macro,2026-09-30,20261009T112332-111505,2026-10-09 11:23:32,price_decrease_share,plausibility,block,ARE,0.00124,> 0.02,> 0.1,pass,ARE: 0.12%
marts,macro,2026-09-30,20261009T112332-111505,2026-10-09 11:23:32,price_decrease_share,plausibility,block,AUS,0.00062,> 0.02,> 0.1,pass,AUS: 0.06%
marts,macro,2026-09-30,20261009T112332-111505,2026-10-09 11:23:32,price_decrease_share,plausibility,block,CAN,0.00061,> 0.02,> 0.1,pass,CAN: 0.06%
marts,macro,2026-09-30,20261009T112332-111505,2026-10-09 11:23:32,price_decrease_share,plausibility,block,CHN,0.00083,> 0.02,> 0.1,pass,CHN: 0.08%
marts,macro,2026-09-30,20261009T112332-111505,2026-10-09 11:23:32,price_decrease_share,plausibility,block,FRA,0.00061,> 0.02,> 0.1,pass,FRA: 0.06%
marts,macro,2026-09-30,20261009T112332-111505,2026-10-09 11:23:32,price_decrease_share,plausibility,block,GBR,0.00061,> 0.02,> 0.1,pass,GBR: 0.06%
marts,macro,2026-09-30,20261009T112332-111505,2026-10-09 11:23:32,price_decrease_share,plausibility,block,HKG,0.00063,> 0.02,> 0.1,pass,HKG: 0.06%
marts,macro,2026-09-30,20261009T112332-111505,2026-10-09 11:23:32,price_decrease_share,plausibility,block,JPN,0.0006,> 0.02,> 0.1,pass,JPN: 0.06%
marts,macro,2026-09-30,20261009T112332-111505,2026-10-09 11:23:32,price_decrease_share,plausibility,block,KOR,0.00061,> 0.02,> 0.1,pass,KOR: 0.06%
marts,macro,2026-09-30,20261009T112332-111505,2026-10-09 11:23:32,price_decrease_share,plausibility,block,MEX,0.0,> 0.02,> 0.1,pass,MEX: 0
marts,macro,2026-09-30,20261009T112332-111505,2026-10-09 11:23:32,price_decrease_share,plausibility,block,MYS,0.00062,> 0.02,> 0.1,pass,MYS: 0.06%
marts,macro,2026-09-30,20261009T112332-111505,2026-10-09 11:23:32,price_decrease_share,plausibility,block,SAU,0.00061,> 0.02,> 0.1,pass,SAU: 0.06%
marts,macro,2026-09-30,20261009T112332-111505,2026-10-09 11:23:32,price_decrease_share,plausibility,block,SGP,0.00062,> 0.02,> 0.1,pass,SGP: 0.06%
marts,macro,2026-09-30,20261009T112332-111505,2026-10-09 11:23:32,price_decrease_share,plausibility,block,THA,0.0,> 0.02,> 0.1,pass,THA: 0
marts,macro,2026-09-30,20261009T112332-111505,2026-10-09 11:23:32,price_decrease_share,plausibility,block,TWN,0.0,> 0.02,> 0.1,pass,TWN: 0
marts,macro,2026-09-30,20261009T112332-111505,2026-10-09 11:23:32,price_decrease_share,plausibility,block,USA,0.00058,> 0.02,> 0.1,pass,USA: 0.06%
marts,macro,2026-09-30,20261009T112332-111505,2026-10-09 11:23:32,price_reversion_share,plausibility,block,ARE,0.0,> 0.01,> 0.05,pass,ARE: 0
marts,macro,2026-09-30,20261009T112332-111505,2026-10-09 11:23:32,price_reversion_share,plausibility,block,AUS,0.0,> 0.01,> 0.05,pass,AUS: 0
marts,macro,2026-09-30,20261009T112332-111505,2026-10-09 11:23:32,price_reversion_share,plausibility,block,CAN,0.0,> 0.01,> 0.05,pass,CAN: 0
marts,macro,2026-09-30,20261009T112332-111505,2026-10-09 11:23:32,price_reversion_share,plausibility,block,CHN,0.0,> 0.01,> 0.05,pass,CHN: 0
marts,macro,2026-09-30,20261009T112332-111505,2026-10-09 11:23:32,price_reversion_share,plausibility,block,FRA,0.0,> 0.01,> 0.05,pass,FRA: 0
marts,macro,2026-09-30,20261009T112332-111505,2026-10-09 11:23:32,price_reversion_share,plausibility,block,GBR,0.0,> 0.01,> 0.05,pass,GBR: 0
marts,macro,2026-09-30,20261009T112332-111505,2026-10-09 11:23:32,price_reversion_share,plausibility,block,HKG,0.0,> 0.01,> 0.05,pass,HKG: 0
marts,macro,2026-09-30,20261009T112332-111505,2026-10-09 11:23:32,price_reversion_share,plausibility,block,JPN,0.0,> 0.01,> 0.05,pass,JPN: 0
marts,macro,2026-09-30,20261009T112332-111505,2026-10-09 11:23:32,price_reversion_share,plausibility,block,KOR,0.0,> 0.01,> 0.05,pass,KOR: 0
marts,macro,2026-09-30,20261009T112332-111505,2026-10-09 11:23:32,price_reversion_share,plausibility,block,MEX,0.0,> 0.01,> 0.05,pass,MEX: 0
marts,macro,2026-09-30,20261009T112332-111505,2026-10-09 11:23:32,price_reversion_share,plausibility,block,MYS,0.0,> 0.01,> 0.05,pass,MYS: 0
marts,macro,2026-09-30,20261009T112332-111505,2026-10-09 11:23:32,price_reversion_share,plausibility,block,SAU,0.0,> 0.01,> 0.05,pass,SAU: 0
marts,macro,2026-09-30,20261009T112332-111505,2026-10-09 11:23:32,price_reversion_share,plausibility,block,SGP,0.0,> 0.01,> 0.05,pass,SGP: 0
marts,macro,2026-09-30,20261009T112332-111505,2026-10-09 11:23:32,price_reversion_share,plausibility,block,THA,0.0,> 0.01,> 0.05,pass,THA: 0
marts,macro,2026-09-30,20261009T112332-111505,2026-10-09 11:23:32,price_reversion_share,plausibility,block,TWN,0.0,> 0.01,> 0.05,pass,TWN: 0
marts,macro,2026-09-30,20261009T112332-111505,2026-10-09 11:23:32,price_reversion_share,plausibility,block,USA,0.0,> 0.01,> 0.05,pass,USA: 0
marts,macro,2026-09-30,20261009T112332-111505,2026-10-09 11:23:32,product_count_change,completeness,block,ARE,0.0103030303,< -0.05 or > 0.2,< -0.2,pass,ARE: 1.03%
marts,macro,2026-09-30,20261009T112332-111505,2026-10-09 11:23:32,product_count_change,completeness,block,AUS,0.0115924344,< -0.05 or > 0.2,< -0.2,pass,AUS: 1.16%
marts,macro,2026-09-30,20261009T112332-111505,2026-10-09 11:23:32,product_count_change,completeness,block,CAN,0.0126506024,< -0.05 or > 0.2,< -0.2,pass,CAN: 1.27%
marts,macro,2026-09-30,20261009T112332-111505,2026-10-09 11:23:32,product_count_change,completeness,block,CHN,0.0073349633,< -0.05 or > 0.2,< -0.2,pass,CHN: 0.73%
marts,macro,2026-09-30,20261009T112332-111505,2026-10-09 11:23:32,product_count_change,completeness,block,FRA,0.013165769,< -0.05 or > 0.2,< -0.2,pass,FRA: 1.32%
marts,macro,2026-09-30,20261009T112332-111505,2026-10-09 11:23:32,product_count_change,completeness,block,GBR,0.0112893642,< -0.05 or > 0.2,< -0.2,pass,GBR: 1.13%
marts,macro,2026-09-30,20261009T112332-111505,2026-10-09 11:23:32,product_count_change,completeness,block,HKG,0.0135301353,< -0.05 or > 0.2,< -0.2,pass,HKG: 1.35%
marts,macro,2026-09-30,20261009T112332-111505,2026-10-09 11:23:32,product_count_change,completeness,block,JPN,0.0128956624,< -0.05 or > 0.2,< -0.2,pass,JPN: 1.29%
marts,macro,2026-09-30,20261009T112332-111505,2026-10-09 11:23:32,product_count_change,completeness,block,KOR,0.0126888218,< -0.05 or > 0.2,< -0.2,pass,KOR: 1.27%
marts,macro,2026-09-30,20261009T112332-111505,2026-10-09 11:23:32,product_count_change,completeness,block,MEX,0.0049875312,< -0.05 or > 0.2,< -0.2,pass,MEX: 0.50%
marts,macro,2026-09-30,20261009T112332-111505,2026-10-09 11:23:32,product_count_change,completeness,block,MYS,0.0121728545,< -0.05 or > 0.2,< -0.2,pass,MYS: 1.22%
marts,macro,2026-09-30,20261009T112332-111505,2026-10-09 11:23:32,product_count_change,completeness,block,SAU,0.0138470801,< -0.05 or > 0.2,< -0.2,pass,SAU: 1.38%
marts,macro,2026-09-30,20261009T112332-111505,2026-10-09 11:23:32,product_count_change,completeness,block,SGP,0.0140931373,< -0.05 or > 0.2,< -0.2,pass,SGP: 1.41%
marts,macro,2026-09-30,20261009T112332-111505,2026-10-09 11:23:32,product_count_change,completeness,block,THA,0.0144665461,< -0.05 or > 0.2,< -0.2,pass,THA: 1.45%
marts,macro,2026-09-30,20261009T112332-111505,2026-10-09 11:23:32,product_count_change,completeness,block,TWN,0.0121065375,< -0.05 or > 0.2,< -0.2,pass,TWN: 1.21%
marts,macro,2026-09-30,20261009T112332-111505,2026-10-09 11:23:32,product_count_change,completeness,block,USA,0.0108509423,< -0.05 or > 0.2,< -0.2,pass,USA: 1.09%
marts,macro,2026-09-30,20261009T112332-111505,2026-10-09 11:23:32,served_crawl_age_days,timeliness,block,ARE,2.0,> 10,> 35,pass,ARE: 2
marts,macro,2026-09-30,20261009T112332-111505,2026-10-09 11:23:32,served_crawl_age_days,timeliness,block,AUS,2.0,> 10,> 35,pass,AUS: 2
marts,macro,2026-09-30,20261009T112332-111505,2026-10-09 11:23:32,served_crawl_age_days,timeliness,block,CAN,2.0,> 10,> 35,pass,CAN: 2
marts,macro,2026-09-30,20261009T112332-111505,2026-10-09 11:23:32,served_crawl_age_days,timeliness,block,CHN,2.0,> 10,> 35,pass,CHN: 2
marts,macro,2026-09-30,20261009T112332-111505,2026-10-09 11:23:32,served_crawl_age_days,timeliness,block,FRA,2.0,> 10,> 35,pass,FRA: 2
marts,macro,2026-09-30,20261009T112332-111505,2026-10-09 11:23:32,served_crawl_age_days,timeliness,block,GBR,2.0,> 10,> 35,pass,GBR: 2
marts,macro,2026-09-30,20261009T112332-111505,2026-10-09 11:23:32,served_crawl_age_days,timeliness,block,HKG,2.0,> 10,> 35,pass,HKG: 2
marts,macro,2026-09-30,20261009T112332-111505,2026-10-09 11:23:32,served_crawl_age_days,timeliness,block,JPN,2.0,> 10,> 35,pass,JPN: 2
marts,macro,2026-09-30,20261009T112332-111505,2026-10-09 11:23:32,served_crawl_age_days,timeliness,block,KOR,2.0,> 10,> 35,pass,KOR: 2
marts,macro,2026-09-30,20261009T112332-111505,2026-10-09 11:23:32,served_crawl_age_days,timeliness,block,MEX,2.0,> 10,> 35,pass,MEX: 2
marts,macro,2026-09-30,20261009T112332-111505,2026-10-09 11:23:32,served_crawl_age_days,timeliness,block,MYS,2.0,> 10,> 35,pass,MYS: 2
marts,macro,2026-09-30,20261009T112332-111505,2026-10-09 11:23:32,served_crawl_age_days,timeliness,block,SAU,2.0,> 10,> 35,pass,SAU: 2
marts,macro,2026-09-30,20261009T112332-111505,2026-10-09 11:23:32,served_crawl_age_days,timeliness,block,SGP,2.0,> 10,> 35,pass,SGP: 2
marts,macro,2026-09-30,20261009T112332-111505,2026-10-09 11:23:32,served_crawl_age_days,timeliness,block,THA,2.0,> 10,> 35,pass,THA: 2
marts,macro,2026-09-30,20261009T112332-111505,2026-10-09 11:23:32,served_crawl_age_days,timeliness,block,TWN,2.0,> 10,> 35,pass,TWN: 2
marts,macro,2026-09-30,20261009T112332-111505,2026-10-09 11:23:32,served_crawl_age_days,timeliness,block,USA,2.0,> 10,> 35,pass,USA: 2
marts,micro,2026-07-07,20261009T112332-111505,2026-10-09 11:23:32,hero_carried_forward,validity,warn,all,0.0,> 0,,pass,all: 0
marts,micro,2026-07-07,20261009T112332-111505,2026-10-09 11:23:32,hero_grid_complete,completeness,block,all,1.0,,< 1.0,pass,all: 1
marts,micro,2026-07-07,20261009T112332-111505,2026-10-09 11:23:32,hero_large_moves,plausibility,warn,all,0.0,> 0,,pass,all: 0
marts,micro,2026-07-07,20261009T112332-111505,2026-10-09 11:23:32,hero_price_coverage,completeness,block,all,1.0,< 0.98,< 0.9,pass,all: 1
marts,micro,2026-07-07,20261009T112332-111505,2026-10-09 11:23:32,hero_stale_share,timeliness,block,all,0.0,> 0.0,> 0.5,pass,all: 0
marts,micro,2026-07-07,20261009T112332-111505,2026-10-09 11:23:32,market_coverage,completeness,block,all,1.0,,< 1.0,pass,all: 1
marts,micro,2026-07-07,20261009T112332-111505,2026-10-09 11:23:32,price_change_share_anomaly,plausibility,warn,all,,> mean + 4 sd of last 6 deliveries,,skip,"no value (nothing to compare with, e.g. first delivery)"
marts,micro,2026-07-07,20261009T112332-111505,2026-10-09 11:23:32,price_decrease_share,plausibility,block,all,,> 0.02,> 0.1,skip,"no value (nothing to compare with, e.g. first delivery)"
marts,micro,2026-07-07,20261009T112332-111505,2026-10-09 11:23:32,price_reversion_share,plausibility,block,all,,> 0.01,> 0.05,skip,"no value (nothing to compare with, e.g. first delivery)"
marts,micro,2026-07-07,20261009T112332-111505,2026-10-09 11:23:32,product_count_change,completeness,block,ARE,,< -0.05 or > 0.2,< -0.2,skip,"no value (nothing to compare with, e.g. first delivery)"
marts,micro,2026-07-07,20261009T112332-111505,2026-10-09 11:23:32,product_count_change,completeness,block,CHN,,< -0.05 or > 0.2,< -0.2,skip,"no value (nothing to compare with, e.g. first delivery)"
marts,micro,2026-07-07,20261009T112332-111505,2026-10-09 11:23:32,product_count_change,completeness,block,FRA,,< -0.05 or > 0.2,< -0.2,skip,"no value (nothing to compare with, e.g. first delivery)"
marts,micro,2026-07-07,20261009T112332-111505,2026-10-09 11:23:32,product_count_change,completeness,block,GBR,,< -0.05 or > 0.2,< -0.2,skip,"no value (nothing to compare with, e.g. first delivery)"
marts,micro,2026-07-07,20261009T112332-111505,2026-10-09 11:23:32,product_count_change,completeness,block,HKG,,< -0.05 or > 0.2,< -0.2,skip,"no value (nothing to compare with, e.g. first delivery)"
marts,micro,2026-07-07,20261009T112332-111505,2026-10-09 11:23:32,product_count_change,completeness,block,JPN,,< -0.05 or > 0.2,< -0.2,skip,"no value (nothing to compare with, e.g. first delivery)"
marts,micro,2026-07-07,20261009T112332-111505,2026-10-09 11:23:32,product_count_change,completeness,block,KOR,,< -0.05 or > 0.2,< -0.2,skip,"no value (nothing to compare with, e.g. first delivery)"
marts,micro,2026-07-07,20261009T112332-111505,2026-10-09 11:23:32,product_count_change,completeness,block,USA,,< -0.05 or > 0.2,< -0.2,skip,"no value (nothing to compare with, e.g. first delivery)"
marts,micro,2026-07-07,20261009T112332-111505,2026-10-09 11:23:32,served_crawl_age_days,timeliness,block,ARE,1.0,> 7,> 14,pass,ARE: 1
marts,micro,2026-07-07,20261009T112332-111505,2026-10-09 11:23:32,served_crawl_age_days,timeliness,block,CHN,1.0,> 7,> 14,pass,CHN: 1
marts,micro,2026-07-07,20261009T112332-111505,2026-10-09 11:23:32,served_crawl_age_days,timeliness,block,FRA,1.0,> 7,> 14,pass,FRA: 1
marts,micro,2026-07-07,20261009T112332-111505,2026-10-09 11:23:32,served_crawl_age_days,timeliness,block,GBR,1.0,> 7,> 14,pass,GBR: 1
marts,micro,2026-07-07,20261009T112332-111505,2026-10-09 11:23:32,served_crawl_age_days,timeliness,block,HKG,1.0,> 7,> 14,pass,HKG: 1
marts,micro,2026-07-07,20261009T112332-111505,2026-10-09 11:23:32,served_crawl_age_days,timeliness,block,JPN,1.0,> 7,> 14,pass,JPN: 1
marts,micro,2026-07-07,20261009T112332-111505,2026-10-09 11:23:32,served_crawl_age_days,timeliness,block,KOR,1.0,> 7,> 14,pass,KOR: 1
marts,micro,2026-07-07,20261009T112332-111505,2026-10-09 11:23:32,served_crawl_age_days,timeliness,block,USA,1.0,> 7,> 14,pass,USA: 1
marts,micro,2026-07-14,20261009T112332-111505,2026-10-09 11:23:32,hero_carried_forward,validity,warn,all,0.0,> 0,,pass,all: 0
marts,micro,2026-07-14,20261009T112332-111505,2026-10-09 11:23:32,hero_grid_complete,completeness,block,all,1.0,,< 1.0,pass,all: 1
marts,micro,2026-07-14,20261009T112332-111505,2026-10-09 11:23:32,hero_large_moves,plausibility,warn,all,0.0,> 0,,pass,all: 0
marts,micro,2026-07-14,20261009T112332-111505,2026-10-09 11:23:32,hero_price_coverage,completeness,block,all,1.0,< 0.98,< 0.9,pass,all: 1
marts,micro,2026-07-14,20261009T112332-111505,2026-10-09 11:23:32,hero_stale_share,timeliness,block,all,0.0,> 0.0,> 0.5,pass,all: 0
marts,micro,2026-07-14,20261009T112332-111505,2026-10-09 11:23:32,market_coverage,completeness,block,all,1.0,,< 1.0,pass,all: 1
marts,micro,2026-07-14,20261009T112332-111505,2026-10-09 11:23:32,price_change_share_anomaly,plausibility,warn,all,0.00216,> mean + 4 sd of last 6 deliveries,,pass,all: 0.22%
marts,micro,2026-07-14,20261009T112332-111505,2026-10-09 11:23:32,price_decrease_share,plausibility,block,ARE,0.00063,> 0.02,> 0.1,pass,ARE: 0.06%
marts,micro,2026-07-14,20261009T112332-111505,2026-10-09 11:23:32,price_decrease_share,plausibility,block,CHN,0.00084,> 0.02,> 0.1,pass,CHN: 0.08%
marts,micro,2026-07-14,20261009T112332-111505,2026-10-09 11:23:32,price_decrease_share,plausibility,block,FRA,0.00062,> 0.02,> 0.1,pass,FRA: 0.06%
marts,micro,2026-07-14,20261009T112332-111505,2026-10-09 11:23:32,price_decrease_share,plausibility,block,GBR,0.00061,> 0.02,> 0.1,pass,GBR: 0.06%
marts,micro,2026-07-14,20261009T112332-111505,2026-10-09 11:23:32,price_decrease_share,plausibility,block,HKG,0.00063,> 0.02,> 0.1,pass,HKG: 0.06%
marts,micro,2026-07-14,20261009T112332-111505,2026-10-09 11:23:32,price_decrease_share,plausibility,block,JPN,0.00061,> 0.02,> 0.1,pass,JPN: 0.06%
marts,micro,2026-07-14,20261009T112332-111505,2026-10-09 11:23:32,price_decrease_share,plausibility,block,KOR,0.0,> 0.02,> 0.1,pass,KOR: 0
marts,micro,2026-07-14,20261009T112332-111505,2026-10-09 11:23:32,price_decrease_share,plausibility,block,USA,0.00059,> 0.02,> 0.1,pass,USA: 0.06%
marts,micro,2026-07-14,20261009T112332-111505,2026-10-09 11:23:32,price_reversion_share,plausibility,block,all,,> 0.01,> 0.05,skip,"no value (nothing to compare with, e.g. first delivery)"
marts,micro,2026-07-14,20261009T112332-111505,2026-10-09 11:23:32,product_count_change,completeness,block,ARE,0.0018598884,< -0.05 or > 0.2,< -0.2,pass,ARE: 0.19%
marts,micro,2026-07-14,20261009T112332-111505,2026-10-09 11:23:32,product_count_change,completeness,block,CHN,0.0033250208,< -0.05 or > 0.2,< -0.2,pass,CHN: 0.33%
marts,micro,2026-07-14,20261009T112332-111505,2026-10-09 11:23:32,product_count_change,completeness,block,FRA,-0.0006086427,< -0.05 or > 0.2,< -0.2,pass,FRA: -0.06%
marts,micro,2026-07-14,20261009T112332-111505,2026-10-09 11:23:32,product_count_change,completeness,block,GBR,-0.0018203883,< -0.05 or > 0.2,< -0.2,pass,GBR: -0.18%
marts,micro,2026-07-14,20261009T112332-111505,2026-10-09 11:23:32,product_count_change,completeness,block,HKG,0.0012547051,< -0.05 or > 0.2,< -0.2,pass,HKG: 0.13%
marts,micro,2026-07-14,20261009T112332-111505,2026-10-09 11:23:32,product_count_change,completeness,block,JPN,0.000598444,< -0.05 or > 0.2,< -0.2,pass,JPN: 0.06%
marts,micro,2026-07-14,20261009T112332-111505,2026-10-09 11:23:32,product_count_change,completeness,block,KOR,0.0,< -0.05 or > 0.2,< -0.2,pass,KOR: 0
marts,micro,2026-07-14,20261009T112332-111505,2026-10-09 11:23:32,product_count_change,completeness,block,USA,-0.0011682243,< -0.05 or > 0.2,< -0.2,pass,USA: -0.12%
marts,micro,2026-07-14,20261009T112332-111505,2026-10-09 11:23:32,served_crawl_age_days,timeliness,block,ARE,1.0,> 7,> 14,pass,ARE: 1
marts,micro,2026-07-14,20261009T112332-111505,2026-10-09 11:23:32,served_crawl_age_days,timeliness,block,CHN,1.0,> 7,> 14,pass,CHN: 1
marts,micro,2026-07-14,20261009T112332-111505,2026-10-09 11:23:32,served_crawl_age_days,timeliness,block,FRA,1.0,> 7,> 14,pass,FRA: 1
marts,micro,2026-07-14,20261009T112332-111505,2026-10-09 11:23:32,served_crawl_age_days,timeliness,block,GBR,1.0,> 7,> 14,pass,GBR: 1
marts,micro,2026-07-14,20261009T112332-111505,2026-10-09 11:23:32,served_crawl_age_days,timeliness,block,HKG,1.0,> 7,> 14,pass,HKG: 1
marts,micro,2026-07-14,20261009T112332-111505,2026-10-09 11:23:32,served_crawl_age_days,timeliness,block,JPN,1.0,> 7,> 14,pass,JPN: 1
marts,micro,2026-07-14,20261009T112332-111505,2026-10-09 11:23:32,served_crawl_age_days,timeliness,block,KOR,1.0,> 7,> 14,pass,KOR: 1
marts,micro,2026-07-14,20261009T112332-111505,2026-10-09 11:23:32,served_crawl_age_days,timeliness,block,USA,1.0,> 7,> 14,pass,USA: 1
marts,micro,2026-07-21,20261009T112332-111505,2026-10-09 11:23:32,hero_carried_forward,validity,warn,all,0.0,> 0,,pass,all: 0
marts,micro,2026-07-21,20261009T112332-111505,2026-10-09 11:23:32,hero_grid_complete,completeness,block,all,1.0,,< 1.0,pass,all: 1
marts,micro,2026-07-21,20261009T112332-111505,2026-10-09 11:23:32,hero_large_moves,plausibility,warn,all,0.0,> 0,,pass,all: 0
marts,micro,2026-07-21,20261009T112332-111505,2026-10-09 11:23:32,hero_price_coverage,completeness,block,all,1.0,< 0.98,< 0.9,pass,all: 1
marts,micro,2026-07-21,20261009T112332-111505,2026-10-09 11:23:32,hero_stale_share,timeliness,block,all,0.0,> 0.0,> 0.5,pass,all: 0
marts,micro,2026-07-21,20261009T112332-111505,2026-10-09 11:23:32,market_coverage,completeness,block,all,1.0,,< 1.0,pass,all: 1
marts,micro,2026-07-21,20261009T112332-111505,2026-10-09 11:23:32,price_change_share_anomaly,plausibility,warn,all,0.00071,> mean + 4 sd of last 6 deliveries,,pass,all: 0.07%
marts,micro,2026-07-21,20261009T112332-111505,2026-10-09 11:23:32,price_decrease_share,plausibility,block,ARE,0.00062,> 0.02,> 0.1,pass,ARE: 0.06%
marts,micro,2026-07-21,20261009T112332-111505,2026-10-09 11:23:32,price_decrease_share,plausibility,block,CHN,0.00083,> 0.02,> 0.1,pass,CHN: 0.08%
marts,micro,2026-07-21,20261009T112332-111505,2026-10-09 11:23:32,price_decrease_share,plausibility,block,FRA,0.00061,> 0.02,> 0.1,pass,FRA: 0.06%
marts,micro,2026-07-21,20261009T112332-111505,2026-10-09 11:23:32,price_decrease_share,plausibility,block,GBR,0.00061,> 0.02,> 0.1,pass,GBR: 0.06%
marts,micro,2026-07-21,20261009T112332-111505,2026-10-09 11:23:32,price_decrease_share,plausibility,block,HKG,0.00063,> 0.02,> 0.1,pass,HKG: 0.06%
marts,micro,2026-07-21,20261009T112332-111505,2026-10-09 11:23:32,price_decrease_share,plausibility,block,JPN,0.0006,> 0.02,> 0.1,pass,JPN: 0.06%
marts,micro,2026-07-21,20261009T112332-111505,2026-10-09 11:23:32,price_decrease_share,plausibility,block,KOR,0.00062,> 0.02,> 0.1,pass,KOR: 0.06%
marts,micro,2026-07-21,20261009T112332-111505,2026-10-09 11:23:32,price_decrease_share,plausibility,block,USA,0.00059,> 0.02,> 0.1,pass,USA: 0.06%
marts,micro,2026-07-21,20261009T112332-111505,2026-10-09 11:23:32,price_reversion_share,plausibility,block,ARE,0.0,> 0.01,> 0.05,pass,ARE: 0
marts,micro,2026-07-21,20261009T112332-111505,2026-10-09 11:23:32,price_reversion_share,plausibility,block,CHN,0.0,> 0.01,> 0.05,pass,CHN: 0
marts,micro,2026-07-21,20261009T112332-111505,2026-10-09 11:23:32,price_reversion_share,plausibility,block,FRA,0.0,> 0.01,> 0.05,pass,FRA: 0
marts,micro,2026-07-21,20261009T112332-111505,2026-10-09 11:23:32,price_reversion_share,plausibility,block,GBR,0.0,> 0.01,> 0.05,pass,GBR: 0
marts,micro,2026-07-21,20261009T112332-111505,2026-10-09 11:23:32,price_reversion_share,plausibility,block,HKG,0.0,> 0.01,> 0.05,pass,HKG: 0
marts,micro,2026-07-21,20261009T112332-111505,2026-10-09 11:23:32,price_reversion_share,plausibility,block,JPN,0.0,> 0.01,> 0.05,pass,JPN: 0
marts,micro,2026-07-21,20261009T112332-111505,2026-10-09 11:23:32,price_reversion_share,plausibility,block,KOR,0.0,> 0.01,> 0.05,pass,KOR: 0
marts,micro,2026-07-21,20261009T112332-111505,2026-10-09 11:23:32,price_reversion_share,plausibility,block,USA,0.0,> 0.01,> 0.05,pass,USA: 0
marts,micro,2026-07-21,20261009T112332-111505,2026-10-09 11:23:32,product_count_change,completeness,block,ARE,0.0018564356,< -0.05 or > 0.2,< -0.2,pass,ARE: 0.19%
marts,micro,2026-07-21,20261009T112332-111505,2026-10-09 11:23:32,product_count_change,completeness,block,CHN,0.0016570008,< -0.05 or > 0.2,< -0.2,pass,CHN: 0.17%
marts,micro,2026-07-21,20261009T112332-111505,2026-10-09 11:23:32,product_count_change,completeness,block,FRA,0.003045067,< -0.05 or > 0.2,< -0.2,pass,FRA: 0.30%
marts,micro,2026-07-21,20261009T112332-111505,2026-10-09 11:23:32,product_count_change,completeness,block,GBR,0.0042553191,< -0.05 or > 0.2,< -0.2,pass,GBR: 0.43%
marts,micro,2026-07-21,20261009T112332-111505,2026-10-09 11:23:32,product_count_change,completeness,block,HKG,0.0018796992,< -0.05 or > 0.2,< -0.2,pass,HKG: 0.19%
marts,micro,2026-07-21,20261009T112332-111505,2026-10-09 11:23:32,product_count_change,completeness,block,JPN,0.0035885167,< -0.05 or > 0.2,< -0.2,pass,JPN: 0.36%
marts,micro,2026-07-21,20261009T112332-111505,2026-10-09 11:23:32,product_count_change,completeness,block,KOR,0.0049535604,< -0.05 or > 0.2,< -0.2,pass,KOR: 0.50%
marts,micro,2026-07-21,20261009T112332-111505,2026-10-09 11:23:32,product_count_change,completeness,block,USA,0.0046783626,< -0.05 or > 0.2,< -0.2,pass,USA: 0.47%
marts,micro,2026-07-21,20261009T112332-111505,2026-10-09 11:23:32,served_crawl_age_days,timeliness,block,ARE,1.0,> 7,> 14,pass,ARE: 1
marts,micro,2026-07-21,20261009T112332-111505,2026-10-09 11:23:32,served_crawl_age_days,timeliness,block,CHN,1.0,> 7,> 14,pass,CHN: 1
marts,micro,2026-07-21,20261009T112332-111505,2026-10-09 11:23:32,served_crawl_age_days,timeliness,block,FRA,1.0,> 7,> 14,pass,FRA: 1
marts,micro,2026-07-21,20261009T112332-111505,2026-10-09 11:23:32,served_crawl_age_days,timeliness,block,GBR,1.0,> 7,> 14,pass,GBR: 1
marts,micro,2026-07-21,20261009T112332-111505,2026-10-09 11:23:32,served_crawl_age_days,timeliness,block,HKG,1.0,> 7,> 14,pass,HKG: 1
marts,micro,2026-07-21,20261009T112332-111505,2026-10-09 11:23:32,served_crawl_age_days,timeliness,block,JPN,1.0,> 7,> 14,pass,JPN: 1
marts,micro,2026-07-21,20261009T112332-111505,2026-10-09 11:23:32,served_crawl_age_days,timeliness,block,KOR,1.0,> 7,> 14,pass,KOR: 1
marts,micro,2026-07-21,20261009T112332-111505,2026-10-09 11:23:32,served_crawl_age_days,timeliness,block,USA,1.0,> 7,> 14,pass,USA: 1
marts,micro,2026-07-28,20261009T112332-111505,2026-10-09 11:23:32,hero_carried_forward,validity,warn,all,2.0,> 0,,warn,all: 2 (warn > 0)
marts,micro,2026-07-28,20261009T112332-111505,2026-10-09 11:23:32,hero_grid_complete,completeness,block,all,1.0,,< 1.0,pass,all: 1
marts,micro,2026-07-28,20261009T112332-111505,2026-10-09 11:23:32,hero_large_moves,plausibility,warn,all,0.0,> 0,,pass,all: 0
marts,micro,2026-07-28,20261009T112332-111505,2026-10-09 11:23:32,hero_price_coverage,completeness,block,all,1.0,< 0.98,< 0.9,pass,all: 1
marts,micro,2026-07-28,20261009T112332-111505,2026-10-09 11:23:32,hero_stale_share,timeliness,block,all,0.0,> 0.0,> 0.5,pass,all: 0
marts,micro,2026-07-28,20261009T112332-111505,2026-10-09 11:23:32,market_coverage,completeness,block,all,1.0,,< 1.0,pass,all: 1
marts,micro,2026-07-28,20261009T112332-111505,2026-10-09 11:23:32,price_change_share_anomaly,plausibility,warn,all,0.00119,> mean + 4 sd of last 6 deliveries,,pass,all: 0.12%
marts,micro,2026-07-28,20261009T112332-111505,2026-10-09 11:23:32,price_decrease_share,plausibility,block,ARE,0.0,> 0.02,> 0.1,pass,ARE: 0
marts,micro,2026-07-28,20261009T112332-111505,2026-10-09 11:23:32,price_decrease_share,plausibility,block,CHN,0.0,> 0.02,> 0.1,pass,CHN: 0
marts,micro,2026-07-28,20261009T112332-111505,2026-10-09 11:23:32,price_decrease_share,plausibility,block,FRA,0.0,> 0.02,> 0.1,pass,FRA: 0
marts,micro,2026-07-28,20261009T112332-111505,2026-10-09 11:23:32,price_decrease_share,plausibility,block,GBR,0.0,> 0.02,> 0.1,pass,GBR: 0
marts,micro,2026-07-28,20261009T112332-111505,2026-10-09 11:23:32,price_decrease_share,plausibility,block,HKG,0.0,> 0.02,> 0.1,pass,HKG: 0
marts,micro,2026-07-28,20261009T112332-111505,2026-10-09 11:23:32,price_decrease_share,plausibility,block,JPN,0.0,> 0.02,> 0.1,pass,JPN: 0
marts,micro,2026-07-28,20261009T112332-111505,2026-10-09 11:23:32,price_decrease_share,plausibility,block,KOR,0.0,> 0.02,> 0.1,pass,KOR: 0
marts,micro,2026-07-28,20261009T112332-111505,2026-10-09 11:23:32,price_decrease_share,plausibility,block,USA,0.0,> 0.02,> 0.1,pass,USA: 0
marts,micro,2026-07-28,20261009T112332-111505,2026-10-09 11:23:32,price_reversion_share,plausibility,block,ARE,0.0,> 0.01,> 0.05,pass,ARE: 0
marts,micro,2026-07-28,20261009T112332-111505,2026-10-09 11:23:32,price_reversion_share,plausibility,block,CHN,0.0,> 0.01,> 0.05,pass,CHN: 0
marts,micro,2026-07-28,20261009T112332-111505,2026-10-09 11:23:32,price_reversion_share,plausibility,block,FRA,0.0,> 0.01,> 0.05,pass,FRA: 0
marts,micro,2026-07-28,20261009T112332-111505,2026-10-09 11:23:32,price_reversion_share,plausibility,block,GBR,0.0,> 0.01,> 0.05,pass,GBR: 0
marts,micro,2026-07-28,20261009T112332-111505,2026-10-09 11:23:32,price_reversion_share,plausibility,block,HKG,0.0,> 0.01,> 0.05,pass,HKG: 0
marts,micro,2026-07-28,20261009T112332-111505,2026-10-09 11:23:32,price_reversion_share,plausibility,block,JPN,0.0,> 0.01,> 0.05,pass,JPN: 0
marts,micro,2026-07-28,20261009T112332-111505,2026-10-09 11:23:32,price_reversion_share,plausibility,block,KOR,0.0,> 0.01,> 0.05,pass,KOR: 0
marts,micro,2026-07-28,20261009T112332-111505,2026-10-09 11:23:32,price_reversion_share,plausibility,block,USA,0.0,> 0.01,> 0.05,pass,USA: 0
marts,micro,2026-07-28,20261009T112332-111505,2026-10-09 11:23:32,product_count_change,completeness,block,ARE,0.0030883261,< -0.05 or > 0.2,< -0.2,pass,ARE: 0.31%
marts,micro,2026-07-28,20261009T112332-111505,2026-10-09 11:23:32,product_count_change,completeness,block,CHN,-0.0008271299,< -0.05 or > 0.2,< -0.2,pass,CHN: -0.08%
marts,micro,2026-07-28,20261009T112332-111505,2026-10-09 11:23:32,product_count_change,completeness,block,FRA,0.0024286582,< -0.05 or > 0.2,< -0.2,pass,FRA: 0.24%
marts,micro,2026-07-28,20261009T112332-111505,2026-10-09 11:23:32,product_count_change,completeness,block,GBR,0.0012106538,< -0.05 or > 0.2,< -0.2,pass,GBR: 0.12%
marts,micro,2026-07-28,20261009T112332-111505,2026-10-09 11:23:32,product_count_change,completeness,block,HKG,0.0031269543,< -0.05 or > 0.2,< -0.2,pass,HKG: 0.31%
marts,micro,2026-07-28,20261009T112332-111505,2026-10-09 11:23:32,product_count_change,completeness,block,JPN,0.0,< -0.05 or > 0.2,< -0.2,pass,JPN: 0
marts,micro,2026-07-28,20261009T112332-111505,2026-10-09 11:23:32,product_count_change,completeness,block,KOR,0.0030807147,< -0.05 or > 0.2,< -0.2,pass,KOR: 0.31%
marts,micro,2026-07-28,20261009T112332-111505,2026-10-09 11:23:32,product_count_change,completeness,block,USA,0.0011641444,< -0.05 or > 0.2,< -0.2,pass,USA: 0.12%
marts,micro,2026-07-28,20261009T112332-111505,2026-10-09 11:23:32,served_crawl_age_days,timeliness,block,ARE,1.0,> 7,> 14,pass,ARE: 1
marts,micro,2026-07-28,20261009T112332-111505,2026-10-09 11:23:32,served_crawl_age_days,timeliness,block,CHN,1.0,> 7,> 14,pass,CHN: 1
marts,micro,2026-07-28,20261009T112332-111505,2026-10-09 11:23:32,served_crawl_age_days,timeliness,block,FRA,1.0,> 7,> 14,pass,FRA: 1
marts,micro,2026-07-28,20261009T112332-111505,2026-10-09 11:23:32,served_crawl_age_days,timeliness,block,GBR,1.0,> 7,> 14,pass,GBR: 1
marts,micro,2026-07-28,20261009T112332-111505,2026-10-09 11:23:32,served_crawl_age_days,timeliness,block,HKG,1.0,> 7,> 14,pass,HKG: 1
marts,micro,2026-07-28,20261009T112332-111505,2026-10-09 11:23:32,served_crawl_age_days,timeliness,block,JPN,1.0,> 7,> 14,pass,JPN: 1
marts,micro,2026-07-28,20261009T112332-111505,2026-10-09 11:23:32,served_crawl_age_days,timeliness,block,KOR,1.0,> 7,> 14,pass,KOR: 1
marts,micro,2026-07-28,20261009T112332-111505,2026-10-09 11:23:32,served_crawl_age_days,timeliness,block,USA,1.0,> 7,> 14,pass,USA: 1
marts,micro,2026-08-04,20261009T112332-111505,2026-10-09 11:23:32,hero_carried_forward,validity,warn,all,0.0,> 0,,pass,all: 0
marts,micro,2026-08-04,20261009T112332-111505,2026-10-09 11:23:32,hero_grid_complete,completeness,block,all,1.0,,< 1.0,pass,all: 1
marts,micro,2026-08-04,20261009T112332-111505,2026-10-09 11:23:32,hero_large_moves,plausibility,warn,all,0.0,> 0,,pass,all: 0
marts,micro,2026-08-04,20261009T112332-111505,2026-10-09 11:23:32,hero_price_coverage,completeness,block,all,1.0,< 0.98,< 0.9,pass,all: 1
marts,micro,2026-08-04,20261009T112332-111505,2026-10-09 11:23:32,hero_stale_share,timeliness,block,all,0.0,> 0.0,> 0.5,pass,all: 0
marts,micro,2026-08-04,20261009T112332-111505,2026-10-09 11:23:32,market_coverage,completeness,block,all,1.0,,< 1.0,pass,all: 1
marts,micro,2026-08-04,20261009T112332-111505,2026-10-09 11:23:32,price_change_share_anomaly,plausibility,warn,all,0.00244,> mean + 4 sd of last 6 deliveries,,pass,all: 0.24%
marts,micro,2026-08-04,20261009T112332-111505,2026-10-09 11:23:32,price_decrease_share,plausibility,block,ARE,0.00185,> 0.02,> 0.1,pass,ARE: 0.18%
marts,micro,2026-08-04,20261009T112332-111505,2026-10-09 11:23:32,price_decrease_share,plausibility,block,CHN,0.00166,> 0.02,> 0.1,pass,CHN: 0.17%
marts,micro,2026-08-04,20261009T112332-111505,2026-10-09 11:23:32,price_decrease_share,plausibility,block,FRA,0.00182,> 0.02,> 0.1,pass,FRA: 0.18%
marts,micro,2026-08-04,20261009T112332-111505,2026-10-09 11:23:32,price_decrease_share,plausibility,block,GBR,0.00182,> 0.02,> 0.1,pass,GBR: 0.18%
marts,micro,2026-08-04,20261009T112332-111505,2026-10-09 11:23:32,price_decrease_share,plausibility,block,HKG,0.00188,> 0.02,> 0.1,pass,HKG: 0.19%
marts,micro,2026-08-04,20261009T112332-111505,2026-10-09 11:23:32,price_decrease_share,plausibility,block,JPN,0.00179,> 0.02,> 0.1,pass,JPN: 0.18%
marts,micro,2026-08-04,20261009T112332-111505,2026-10-09 11:23:32,price_decrease_share,plausibility,block,KOR,0.00185,> 0.02,> 0.1,pass,KOR: 0.18%
marts,micro,2026-08-04,20261009T112332-111505,2026-10-09 11:23:32,price_decrease_share,plausibility,block,USA,0.00175,> 0.02,> 0.1,pass,USA: 0.18%
marts,micro,2026-08-04,20261009T112332-111505,2026-10-09 11:23:32,price_reversion_share,plausibility,block,ARE,0.0,> 0.01,> 0.05,pass,ARE: 0
marts,micro,2026-08-04,20261009T112332-111505,2026-10-09 11:23:32,price_reversion_share,plausibility,block,CHN,0.0,> 0.01,> 0.05,pass,CHN: 0
marts,micro,2026-08-04,20261009T112332-111505,2026-10-09 11:23:32,price_reversion_share,plausibility,block,FRA,0.0,> 0.01,> 0.05,pass,FRA: 0
marts,micro,2026-08-04,20261009T112332-111505,2026-10-09 11:23:32,price_reversion_share,plausibility,block,GBR,0.0,> 0.01,> 0.05,pass,GBR: 0
marts,micro,2026-08-04,20261009T112332-111505,2026-10-09 11:23:32,price_reversion_share,plausibility,block,HKG,0.0,> 0.01,> 0.05,pass,HKG: 0
marts,micro,2026-08-04,20261009T112332-111505,2026-10-09 11:23:32,price_reversion_share,plausibility,block,JPN,0.0,> 0.01,> 0.05,pass,JPN: 0
marts,micro,2026-08-04,20261009T112332-111505,2026-10-09 11:23:32,price_reversion_share,plausibility,block,KOR,0.0,> 0.01,> 0.05,pass,KOR: 0
marts,micro,2026-08-04,20261009T112332-111505,2026-10-09 11:23:32,price_reversion_share,plausibility,block,USA,0.0,> 0.01,> 0.05,pass,USA: 0
marts,micro,2026-08-04,20261009T112332-111505,2026-10-09 11:23:32,product_count_change,completeness,block,ARE,0.0036945813,< -0.05 or > 0.2,< -0.2,pass,ARE: 0.37%
marts,micro,2026-08-04,20261009T112332-111505,2026-10-09 11:23:32,product_count_change,completeness,block,CHN,0.0091059603,< -0.05 or > 0.2,< -0.2,pass,CHN: 0.91%
marts,micro,2026-08-04,20261009T112332-111505,2026-10-09 11:23:32,product_count_change,completeness,block,FRA,0.0042398546,< -0.05 or > 0.2,< -0.2,pass,FRA: 0.42%
marts,micro,2026-08-04,20261009T112332-111505,2026-10-09 11:23:32,product_count_change,completeness,block,GBR,0.0036275695,< -0.05 or > 0.2,< -0.2,pass,GBR: 0.36%
marts,micro,2026-08-04,20261009T112332-111505,2026-10-09 11:23:32,product_count_change,completeness,block,HKG,0.0049875312,< -0.05 or > 0.2,< -0.2,pass,HKG: 0.50%
marts,micro,2026-08-04,20261009T112332-111505,2026-10-09 11:23:32,product_count_change,completeness,block,JPN,0.0065554231,< -0.05 or > 0.2,< -0.2,pass,JPN: 0.66%
marts,micro,2026-08-04,20261009T112332-111505,2026-10-09 11:23:32,product_count_change,completeness,block,KOR,0.0042997543,< -0.05 or > 0.2,< -0.2,pass,KOR: 0.43%
marts,micro,2026-08-04,20261009T112332-111505,2026-10-09 11:23:32,product_count_change,completeness,block,USA,0.0069767442,< -0.05 or > 0.2,< -0.2,pass,USA: 0.70%
marts,micro,2026-08-04,20261009T112332-111505,2026-10-09 11:23:32,served_crawl_age_days,timeliness,block,ARE,1.0,> 7,> 14,pass,ARE: 1
marts,micro,2026-08-04,20261009T112332-111505,2026-10-09 11:23:32,served_crawl_age_days,timeliness,block,CHN,1.0,> 7,> 14,pass,CHN: 1
marts,micro,2026-08-04,20261009T112332-111505,2026-10-09 11:23:32,served_crawl_age_days,timeliness,block,FRA,1.0,> 7,> 14,pass,FRA: 1
marts,micro,2026-08-04,20261009T112332-111505,2026-10-09 11:23:32,served_crawl_age_days,timeliness,block,GBR,1.0,> 7,> 14,pass,GBR: 1
marts,micro,2026-08-04,20261009T112332-111505,2026-10-09 11:23:32,served_crawl_age_days,timeliness,block,HKG,1.0,> 7,> 14,pass,HKG: 1
marts,micro,2026-08-04,20261009T112332-111505,2026-10-09 11:23:32,served_crawl_age_days,timeliness,block,JPN,1.0,> 7,> 14,pass,JPN: 1
marts,micro,2026-08-04,20261009T112332-111505,2026-10-09 11:23:32,served_crawl_age_days,timeliness,block,KOR,1.0,> 7,> 14,pass,KOR: 1
marts,micro,2026-08-04,20261009T112332-111505,2026-10-09 11:23:32,served_crawl_age_days,timeliness,block,USA,1.0,> 7,> 14,pass,USA: 1
marts,micro,2026-08-11,20261009T112332-111505,2026-10-09 11:23:32,hero_carried_forward,validity,warn,all,0.0,> 0,,pass,all: 0
marts,micro,2026-08-11,20261009T112332-111505,2026-10-09 11:23:32,hero_grid_complete,completeness,block,all,1.0,,< 1.0,pass,all: 1
marts,micro,2026-08-11,20261009T112332-111505,2026-10-09 11:23:32,hero_large_moves,plausibility,warn,all,0.0,> 0,,pass,all: 0
marts,micro,2026-08-11,20261009T112332-111505,2026-10-09 11:23:32,hero_price_coverage,completeness,block,all,0.98438,< 0.98,< 0.9,pass,all: 98.44%
marts,micro,2026-08-11,20261009T112332-111505,2026-10-09 11:23:32,hero_stale_share,timeliness,block,all,0.0,> 0.0,> 0.5,pass,all: 0
marts,micro,2026-08-11,20261009T112332-111505,2026-10-09 11:23:32,market_coverage,completeness,block,all,1.0,,< 1.0,pass,all: 1
marts,micro,2026-08-11,20261009T112332-111505,2026-10-09 11:23:32,price_change_share_anomaly,plausibility,warn,all,0.00235,> mean + 4 sd of last 6 deliveries,,pass,all: 0.24%
marts,micro,2026-08-11,20261009T112332-111505,2026-10-09 11:23:32,price_decrease_share,plausibility,block,ARE,0.0,> 0.02,> 0.1,pass,ARE: 0
marts,micro,2026-08-11,20261009T112332-111505,2026-10-09 11:23:32,price_decrease_share,plausibility,block,CHN,0.0,> 0.02,> 0.1,pass,CHN: 0
marts,micro,2026-08-11,20261009T112332-111505,2026-10-09 11:23:32,price_decrease_share,plausibility,block,FRA,0.0,> 0.02,> 0.1,pass,FRA: 0
marts,micro,2026-08-11,20261009T112332-111505,2026-10-09 11:23:32,price_decrease_share,plausibility,block,GBR,0.0,> 0.02,> 0.1,pass,GBR: 0
marts,micro,2026-08-11,20261009T112332-111505,2026-10-09 11:23:32,price_decrease_share,plausibility,block,HKG,0.0,> 0.02,> 0.1,pass,HKG: 0
marts,micro,2026-08-11,20261009T112332-111505,2026-10-09 11:23:32,price_decrease_share,plausibility,block,JPN,0.0,> 0.02,> 0.1,pass,JPN: 0
marts,micro,2026-08-11,20261009T112332-111505,2026-10-09 11:23:32,price_decrease_share,plausibility,block,KOR,0.0,> 0.02,> 0.1,pass,KOR: 0
marts,micro,2026-08-11,20261009T112332-111505,2026-10-09 11:23:32,price_decrease_share,plausibility,block,USA,0.0,> 0.02,> 0.1,pass,USA: 0
marts,micro,2026-08-11,20261009T112332-111505,2026-10-09 11:23:32,price_reversion_share,plausibility,block,ARE,0.0,> 0.01,> 0.05,pass,ARE: 0
marts,micro,2026-08-11,20261009T112332-111505,2026-10-09 11:23:32,price_reversion_share,plausibility,block,CHN,0.0,> 0.01,> 0.05,pass,CHN: 0
marts,micro,2026-08-11,20261009T112332-111505,2026-10-09 11:23:32,price_reversion_share,plausibility,block,FRA,0.0,> 0.01,> 0.05,pass,FRA: 0
marts,micro,2026-08-11,20261009T112332-111505,2026-10-09 11:23:32,price_reversion_share,plausibility,block,GBR,0.0,> 0.01,> 0.05,pass,GBR: 0
marts,micro,2026-08-11,20261009T112332-111505,2026-10-09 11:23:32,price_reversion_share,plausibility,block,HKG,0.0,> 0.01,> 0.05,pass,HKG: 0
marts,micro,2026-08-11,20261009T112332-111505,2026-10-09 11:23:32,price_reversion_share,plausibility,block,JPN,0.0,> 0.01,> 0.05,pass,JPN: 0
marts,micro,2026-08-11,20261009T112332-111505,2026-10-09 11:23:32,price_reversion_share,plausibility,block,KOR,0.0,> 0.01,> 0.05,pass,KOR: 0
marts,micro,2026-08-11,20261009T112332-111505,2026-10-09 11:23:32,price_reversion_share,plausibility,block,USA,0.0,> 0.01,> 0.05,pass,USA: 0
marts,micro,2026-08-11,20261009T112332-111505,2026-10-09 11:23:32,product_count_change,completeness,block,ARE,0.0024539877,< -0.05 or > 0.2,< -0.2,pass,ARE: 0.25%
marts,micro,2026-08-11,20261009T112332-111505,2026-10-09 11:23:32,product_count_change,completeness,block,CHN,-0.0032813782,< -0.05 or > 0.2,< -0.2,pass,CHN: -0.33%
marts,micro,2026-08-11,20261009T112332-111505,2026-10-09 11:23:32,product_count_change,completeness,block,FRA,0.0012062726,< -0.05 or > 0.2,< -0.2,pass,FRA: 0.12%
marts,micro,2026-08-11,20261009T112332-111505,2026-10-09 11:23:32,product_count_change,completeness,block,GBR,0.0030120482,< -0.05 or > 0.2,< -0.2,pass,GBR: 0.30%
marts,micro,2026-08-11,20261009T112332-111505,2026-10-09 11:23:32,product_count_change,completeness,block,HKG,0.0018610422,< -0.05 or > 0.2,< -0.2,pass,HKG: 0.19%
marts,micro,2026-08-11,20261009T112332-111505,2026-10-09 11:23:32,product_count_change,completeness,block,JPN,0.0011841326,< -0.05 or > 0.2,< -0.2,pass,JPN: 0.12%
marts,micro,2026-08-11,20261009T112332-111505,2026-10-09 11:23:32,product_count_change,completeness,block,KOR,0.0036697248,< -0.05 or > 0.2,< -0.2,pass,KOR: 0.37%
marts,micro,2026-08-11,20261009T112332-111505,2026-10-09 11:23:32,product_count_change,completeness,block,USA,0.0,< -0.05 or > 0.2,< -0.2,pass,USA: 0
marts,micro,2026-08-11,20261009T112332-111505,2026-10-09 11:23:32,served_crawl_age_days,timeliness,block,ARE,1.0,> 7,> 14,pass,ARE: 1
marts,micro,2026-08-11,20261009T112332-111505,2026-10-09 11:23:32,served_crawl_age_days,timeliness,block,CHN,1.0,> 7,> 14,pass,CHN: 1
marts,micro,2026-08-11,20261009T112332-111505,2026-10-09 11:23:32,served_crawl_age_days,timeliness,block,FRA,1.0,> 7,> 14,pass,FRA: 1
marts,micro,2026-08-11,20261009T112332-111505,2026-10-09 11:23:32,served_crawl_age_days,timeliness,block,GBR,1.0,> 7,> 14,pass,GBR: 1
marts,micro,2026-08-11,20261009T112332-111505,2026-10-09 11:23:32,served_crawl_age_days,timeliness,block,HKG,1.0,> 7,> 14,pass,HKG: 1
marts,micro,2026-08-11,20261009T112332-111505,2026-10-09 11:23:32,served_crawl_age_days,timeliness,block,JPN,1.0,> 7,> 14,pass,JPN: 1
marts,micro,2026-08-11,20261009T112332-111505,2026-10-09 11:23:32,served_crawl_age_days,timeliness,block,KOR,1.0,> 7,> 14,pass,KOR: 1
marts,micro,2026-08-11,20261009T112332-111505,2026-10-09 11:23:32,served_crawl_age_days,timeliness,block,USA,1.0,> 7,> 14,pass,USA: 1
marts,micro,2026-08-18,20261009T112332-111505,2026-10-09 11:23:32,hero_carried_forward,validity,warn,all,8.0,> 0,,warn,all: 8 (warn > 0)
marts,micro,2026-08-18,20261009T112332-111505,2026-10-09 11:23:32,hero_grid_complete,completeness,block,all,1.0,,< 1.0,pass,all: 1
marts,micro,2026-08-18,20261009T112332-111505,2026-10-09 11:23:32,hero_large_moves,plausibility,warn,all,0.0,> 0,,pass,all: 0
marts,micro,2026-08-18,20261009T112332-111505,2026-10-09 11:23:32,hero_price_coverage,completeness,block,all,1.0,< 0.98,< 0.9,pass,all: 1
marts,micro,2026-08-18,20261009T112332-111505,2026-10-09 11:23:32,hero_stale_share,timeliness,block,all,0.25,> 0.0,> 0.5,warn,all: 25.00% (warn > 0.0)
marts,micro,2026-08-18,20261009T112332-111505,2026-10-09 11:23:32,market_coverage,completeness,block,all,1.0,,< 1.0,pass,all: 1
marts,micro,2026-08-18,20261009T112332-111505,2026-10-09 11:23:32,price_change_share_anomaly,plausibility,warn,all,0.0,> mean + 4 sd of last 6 deliveries,,pass,all: 0
marts,micro,2026-08-18,20261009T112332-111505,2026-10-09 11:23:32,price_decrease_share,plausibility,block,ARE,0.0,> 0.02,> 0.1,pass,ARE: 0
marts,micro,2026-08-18,20261009T112332-111505,2026-10-09 11:23:32,price_decrease_share,plausibility,block,CHN,0.0,> 0.02,> 0.1,pass,CHN: 0
marts,micro,2026-08-18,20261009T112332-111505,2026-10-09 11:23:32,price_decrease_share,plausibility,block,FRA,0.0,> 0.02,> 0.1,pass,FRA: 0
marts,micro,2026-08-18,20261009T112332-111505,2026-10-09 11:23:32,price_decrease_share,plausibility,block,GBR,0.0,> 0.02,> 0.1,pass,GBR: 0
marts,micro,2026-08-18,20261009T112332-111505,2026-10-09 11:23:32,price_decrease_share,plausibility,block,HKG,0.0,> 0.02,> 0.1,pass,HKG: 0
marts,micro,2026-08-18,20261009T112332-111505,2026-10-09 11:23:32,price_decrease_share,plausibility,block,JPN,0.0,> 0.02,> 0.1,pass,JPN: 0
marts,micro,2026-08-18,20261009T112332-111505,2026-10-09 11:23:32,price_decrease_share,plausibility,block,KOR,0.0,> 0.02,> 0.1,pass,KOR: 0
marts,micro,2026-08-18,20261009T112332-111505,2026-10-09 11:23:32,price_decrease_share,plausibility,block,USA,0.0,> 0.02,> 0.1,pass,USA: 0
marts,micro,2026-08-18,20261009T112332-111505,2026-10-09 11:23:32,price_reversion_share,plausibility,block,ARE,0.0,> 0.01,> 0.05,pass,ARE: 0
marts,micro,2026-08-18,20261009T112332-111505,2026-10-09 11:23:32,price_reversion_share,plausibility,block,CHN,0.0,> 0.01,> 0.05,pass,CHN: 0
marts,micro,2026-08-18,20261009T112332-111505,2026-10-09 11:23:32,price_reversion_share,plausibility,block,FRA,0.0,> 0.01,> 0.05,pass,FRA: 0
marts,micro,2026-08-18,20261009T112332-111505,2026-10-09 11:23:32,price_reversion_share,plausibility,block,GBR,0.0,> 0.01,> 0.05,pass,GBR: 0
marts,micro,2026-08-18,20261009T112332-111505,2026-10-09 11:23:32,price_reversion_share,plausibility,block,HKG,0.0,> 0.01,> 0.05,pass,HKG: 0
marts,micro,2026-08-18,20261009T112332-111505,2026-10-09 11:23:32,price_reversion_share,plausibility,block,JPN,0.0,> 0.01,> 0.05,pass,JPN: 0
marts,micro,2026-08-18,20261009T112332-111505,2026-10-09 11:23:32,price_reversion_share,plausibility,block,KOR,0.0,> 0.01,> 0.05,pass,KOR: 0
marts,micro,2026-08-18,20261009T112332-111505,2026-10-09 11:23:32,price_reversion_share,plausibility,block,USA,0.0,> 0.01,> 0.05,pass,USA: 0
marts,micro,2026-08-18,20261009T112332-111505,2026-10-09 11:23:32,product_count_change,completeness,block,ARE,-0.0006119951,< -0.05 or > 0.2,< -0.2,pass,ARE: -0.06%
marts,micro,2026-08-18,20261009T112332-111505,2026-10-09 11:23:32,product_count_change,completeness,block,CHN,0.0008230453,< -0.05 or > 0.2,< -0.2,pass,CHN: 0.08%
marts,micro,2026-08-18,20261009T112332-111505,2026-10-09 11:23:32,product_count_change,completeness,block,FRA,-0.0006024096,< -0.05 or > 0.2,< -0.2,pass,FRA: -0.06%
marts,micro,2026-08-18,20261009T112332-111505,2026-10-09 11:23:32,product_count_change,completeness,block,GBR,0.0006006006,< -0.05 or > 0.2,< -0.2,pass,GBR: 0.06%
marts,micro,2026-08-18,20261009T112332-111505,2026-10-09 11:23:32,product_count_change,completeness,block,HKG,0.0,< -0.05 or > 0.2,< -0.2,pass,HKG: 0
marts,micro,2026-08-18,20261009T112332-111505,2026-10-09 11:23:32,product_count_change,completeness,block,JPN,0.0,< -0.05 or > 0.2,< -0.2,pass,JPN: 0
marts,micro,2026-08-18,20261009T112332-111505,2026-10-09 11:23:32,product_count_change,completeness,block,KOR,0.0,< -0.05 or > 0.2,< -0.2,pass,KOR: 0
marts,micro,2026-08-18,20261009T112332-111505,2026-10-09 11:23:32,product_count_change,completeness,block,USA,0.0005773672,< -0.05 or > 0.2,< -0.2,pass,USA: 0.06%
marts,micro,2026-08-18,20261009T112332-111505,2026-10-09 11:23:32,served_crawl_age_days,timeliness,block,ARE,1.0,> 7,> 14,pass,ARE: 1
marts,micro,2026-08-18,20261009T112332-111505,2026-10-09 11:23:32,served_crawl_age_days,timeliness,block,CHN,1.0,> 7,> 14,pass,CHN: 1
marts,micro,2026-08-18,20261009T112332-111505,2026-10-09 11:23:32,served_crawl_age_days,timeliness,block,FRA,1.0,> 7,> 14,pass,FRA: 1
marts,micro,2026-08-18,20261009T112332-111505,2026-10-09 11:23:32,served_crawl_age_days,timeliness,block,GBR,1.0,> 7,> 14,pass,GBR: 1
marts,micro,2026-08-18,20261009T112332-111505,2026-10-09 11:23:32,served_crawl_age_days,timeliness,block,HKG,8.0,> 7,> 14,warn,HKG: 8 (warn > 7)
marts,micro,2026-08-18,20261009T112332-111505,2026-10-09 11:23:32,served_crawl_age_days,timeliness,block,JPN,1.0,> 7,> 14,pass,JPN: 1
marts,micro,2026-08-18,20261009T112332-111505,2026-10-09 11:23:32,served_crawl_age_days,timeliness,block,KOR,8.0,> 7,> 14,warn,KOR: 8 (warn > 7)
marts,micro,2026-08-18,20261009T112332-111505,2026-10-09 11:23:32,served_crawl_age_days,timeliness,block,USA,1.0,> 7,> 14,pass,USA: 1
marts,micro,2026-08-25,20261009T112332-111505,2026-10-09 11:23:32,hero_carried_forward,validity,warn,all,0.0,> 0,,pass,all: 0
marts,micro,2026-08-25,20261009T112332-111505,2026-10-09 11:23:32,hero_grid_complete,completeness,block,all,1.0,,< 1.0,pass,all: 1
marts,micro,2026-08-25,20261009T112332-111505,2026-10-09 11:23:32,hero_large_moves,plausibility,warn,all,0.0,> 0,,pass,all: 0
marts,micro,2026-08-25,20261009T112332-111505,2026-10-09 11:23:32,hero_price_coverage,completeness,block,all,1.0,< 0.98,< 0.9,pass,all: 1
marts,micro,2026-08-25,20261009T112332-111505,2026-10-09 11:23:32,hero_stale_share,timeliness,block,all,0.0,> 0.0,> 0.5,pass,all: 0
marts,micro,2026-08-25,20261009T112332-111505,2026-10-09 11:23:32,market_coverage,completeness,block,all,1.0,,< 1.0,pass,all: 1
marts,micro,2026-08-25,20261009T112332-111505,2026-10-09 11:23:32,price_change_share_anomaly,plausibility,warn,all,0.00235,> mean + 4 sd of last 6 deliveries,,pass,all: 0.24%
marts,micro,2026-08-25,20261009T112332-111505,2026-10-09 11:23:32,price_decrease_share,plausibility,block,ARE,0.00123,> 0.02,> 0.1,pass,ARE: 0.12%
marts,micro,2026-08-25,20261009T112332-111505,2026-10-09 11:23:32,price_decrease_share,plausibility,block,CHN,0.00165,> 0.02,> 0.1,pass,CHN: 0.17%
marts,micro,2026-08-25,20261009T112332-111505,2026-10-09 11:23:32,price_decrease_share,plausibility,block,FRA,0.00121,> 0.02,> 0.1,pass,FRA: 0.12%
marts,micro,2026-08-25,20261009T112332-111505,2026-10-09 11:23:32,price_decrease_share,plausibility,block,GBR,0.00121,> 0.02,> 0.1,pass,GBR: 0.12%
marts,micro,2026-08-25,20261009T112332-111505,2026-10-09 11:23:32,price_decrease_share,plausibility,block,HKG,0.00125,> 0.02,> 0.1,pass,HKG: 0.12%
marts,micro,2026-08-25,20261009T112332-111505,2026-10-09 11:23:32,price_decrease_share,plausibility,block,JPN,0.00119,> 0.02,> 0.1,pass,JPN: 0.12%
marts,micro,2026-08-25,20261009T112332-111505,2026-10-09 11:23:32,price_decrease_share,plausibility,block,KOR,0.00123,> 0.02,> 0.1,pass,KOR: 0.12%
marts,micro,2026-08-25,20261009T112332-111505,2026-10-09 11:23:32,price_decrease_share,plausibility,block,USA,0.00116,> 0.02,> 0.1,pass,USA: 0.12%
marts,micro,2026-08-25,20261009T112332-111505,2026-10-09 11:23:32,price_reversion_share,plausibility,block,ARE,0.0,> 0.01,> 0.05,pass,ARE: 0
marts,micro,2026-08-25,20261009T112332-111505,2026-10-09 11:23:32,price_reversion_share,plausibility,block,CHN,0.0,> 0.01,> 0.05,pass,CHN: 0
marts,micro,2026-08-25,20261009T112332-111505,2026-10-09 11:23:32,price_reversion_share,plausibility,block,FRA,0.0,> 0.01,> 0.05,pass,FRA: 0
marts,micro,2026-08-25,20261009T112332-111505,2026-10-09 11:23:32,price_reversion_share,plausibility,block,GBR,0.0,> 0.01,> 0.05,pass,GBR: 0
marts,micro,2026-08-25,20261009T112332-111505,2026-10-09 11:23:32,price_reversion_share,plausibility,block,HKG,0.0,> 0.01,> 0.05,pass,HKG: 0
marts,micro,2026-08-25,20261009T112332-111505,2026-10-09 11:23:32,price_reversion_share,plausibility,block,JPN,0.0,> 0.01,> 0.05,pass,JPN: 0
marts,micro,2026-08-25,20261009T112332-111505,2026-10-09 11:23:32,price_reversion_share,plausibility,block,KOR,0.0,> 0.01,> 0.05,pass,KOR: 0
marts,micro,2026-08-25,20261009T112332-111505,2026-10-09 11:23:32,price_reversion_share,plausibility,block,USA,0.0,> 0.01,> 0.05,pass,USA: 0
marts,micro,2026-08-25,20261009T112332-111505,2026-10-09 11:23:32,product_count_change,completeness,block,ARE,0.0055113288,< -0.05 or > 0.2,< -0.2,pass,ARE: 0.55%
marts,micro,2026-08-25,20261009T112332-111505,2026-10-09 11:23:32,product_count_change,completeness,block,CHN,0.0032894737,< -0.05 or > 0.2,< -0.2,pass,CHN: 0.33%
marts,micro,2026-08-25,20261009T112332-111505,2026-10-09 11:23:32,product_count_change,completeness,block,FRA,0.0042194093,< -0.05 or > 0.2,< -0.2,pass,FRA: 0.42%
marts,micro,2026-08-25,20261009T112332-111505,2026-10-09 11:23:32,product_count_change,completeness,block,GBR,0.0036014406,< -0.05 or > 0.2,< -0.2,pass,GBR: 0.36%
marts,micro,2026-08-25,20261009T112332-111505,2026-10-09 11:23:32,product_count_change,completeness,block,HKG,0.0037151703,< -0.05 or > 0.2,< -0.2,pass,HKG: 0.37%
marts,micro,2026-08-25,20261009T112332-111505,2026-10-09 11:23:32,product_count_change,completeness,block,JPN,0.0047309284,< -0.05 or > 0.2,< -0.2,pass,JPN: 0.47%
marts,micro,2026-08-25,20261009T112332-111505,2026-10-09 11:23:32,product_count_change,completeness,block,KOR,0.0036563071,< -0.05 or > 0.2,< -0.2,pass,KOR: 0.37%
marts,micro,2026-08-25,20261009T112332-111505,2026-10-09 11:23:32,product_count_change,completeness,block,USA,0.0046162724,< -0.05 or > 0.2,< -0.2,pass,USA: 0.46%
marts,micro,2026-08-25,20261009T112332-111505,2026-10-09 11:23:32,served_crawl_age_days,timeliness,block,ARE,1.0,> 7,> 14,pass,ARE: 1
marts,micro,2026-08-25,20261009T112332-111505,2026-10-09 11:23:32,served_crawl_age_days,timeliness,block,CHN,1.0,> 7,> 14,pass,CHN: 1
marts,micro,2026-08-25,20261009T112332-111505,2026-10-09 11:23:32,served_crawl_age_days,timeliness,block,FRA,1.0,> 7,> 14,pass,FRA: 1
marts,micro,2026-08-25,20261009T112332-111505,2026-10-09 11:23:32,served_crawl_age_days,timeliness,block,GBR,1.0,> 7,> 14,pass,GBR: 1
marts,micro,2026-08-25,20261009T112332-111505,2026-10-09 11:23:32,served_crawl_age_days,timeliness,block,HKG,1.0,> 7,> 14,pass,HKG: 1
marts,micro,2026-08-25,20261009T112332-111505,2026-10-09 11:23:32,served_crawl_age_days,timeliness,block,JPN,1.0,> 7,> 14,pass,JPN: 1
marts,micro,2026-08-25,20261009T112332-111505,2026-10-09 11:23:32,served_crawl_age_days,timeliness,block,KOR,1.0,> 7,> 14,pass,KOR: 1
marts,micro,2026-08-25,20261009T112332-111505,2026-10-09 11:23:32,served_crawl_age_days,timeliness,block,USA,1.0,> 7,> 14,pass,USA: 1
marts,micro,2026-09-01,20261009T112332-111505,2026-10-09 11:23:32,hero_carried_forward,validity,warn,all,0.0,> 0,,pass,all: 0
marts,micro,2026-09-01,20261009T112332-111505,2026-10-09 11:23:32,hero_grid_complete,completeness,block,all,1.0,,< 1.0,pass,all: 1
marts,micro,2026-09-01,20261009T112332-111505,2026-10-09 11:23:32,hero_large_moves,plausibility,warn,all,0.0,> 0,,pass,all: 0
marts,micro,2026-09-01,20261009T112332-111505,2026-10-09 11:23:32,hero_price_coverage,completeness,block,all,1.0,< 0.98,< 0.9,pass,all: 1
marts,micro,2026-09-01,20261009T112332-111505,2026-10-09 11:23:32,hero_stale_share,timeliness,block,all,0.0,> 0.0,> 0.5,pass,all: 0
marts,micro,2026-09-01,20261009T112332-111505,2026-10-09 11:23:32,market_coverage,completeness,block,all,1.0,,< 1.0,pass,all: 1
marts,micro,2026-09-01,20261009T112332-111505,2026-10-09 11:23:32,price_change_share_anomaly,plausibility,warn,all,0.00234,> mean + 4 sd of last 6 deliveries,,pass,all: 0.23%
marts,micro,2026-09-01,20261009T112332-111505,2026-10-09 11:23:32,price_decrease_share,plausibility,block,ARE,0.00122,> 0.02,> 0.1,pass,ARE: 0.12%
marts,micro,2026-09-01,20261009T112332-111505,2026-10-09 11:23:32,price_decrease_share,plausibility,block,CHN,0.00165,> 0.02,> 0.1,pass,CHN: 0.17%
marts,micro,2026-09-01,20261009T112332-111505,2026-10-09 11:23:32,price_decrease_share,plausibility,block,FRA,0.00181,> 0.02,> 0.1,pass,FRA: 0.18%
marts,micro,2026-09-01,20261009T112332-111505,2026-10-09 11:23:32,price_decrease_share,plausibility,block,GBR,0.0018,> 0.02,> 0.1,pass,GBR: 0.18%
marts,micro,2026-09-01,20261009T112332-111505,2026-10-09 11:23:32,price_decrease_share,plausibility,block,HKG,0.00186,> 0.02,> 0.1,pass,HKG: 0.19%
marts,micro,2026-09-01,20261009T112332-111505,2026-10-09 11:23:32,price_decrease_share,plausibility,block,JPN,0.00177,> 0.02,> 0.1,pass,JPN: 0.18%
marts,micro,2026-09-01,20261009T112332-111505,2026-10-09 11:23:32,price_decrease_share,plausibility,block,KOR,0.00183,> 0.02,> 0.1,pass,KOR: 0.18%
marts,micro,2026-09-01,20261009T112332-111505,2026-10-09 11:23:32,price_decrease_share,plausibility,block,USA,0.00173,> 0.02,> 0.1,pass,USA: 0.17%
marts,micro,2026-09-01,20261009T112332-111505,2026-10-09 11:23:32,price_reversion_share,plausibility,block,ARE,0.0,> 0.01,> 0.05,pass,ARE: 0
marts,micro,2026-09-01,20261009T112332-111505,2026-10-09 11:23:32,price_reversion_share,plausibility,block,CHN,0.0,> 0.01,> 0.05,pass,CHN: 0
marts,micro,2026-09-01,20261009T112332-111505,2026-10-09 11:23:32,price_reversion_share,plausibility,block,FRA,0.0,> 0.01,> 0.05,pass,FRA: 0
marts,micro,2026-09-01,20261009T112332-111505,2026-10-09 11:23:32,price_reversion_share,plausibility,block,GBR,0.0,> 0.01,> 0.05,pass,GBR: 0
marts,micro,2026-09-01,20261009T112332-111505,2026-10-09 11:23:32,price_reversion_share,plausibility,block,HKG,0.0,> 0.01,> 0.05,pass,HKG: 0
marts,micro,2026-09-01,20261009T112332-111505,2026-10-09 11:23:32,price_reversion_share,plausibility,block,JPN,0.0,> 0.01,> 0.05,pass,JPN: 0
marts,micro,2026-09-01,20261009T112332-111505,2026-10-09 11:23:32,price_reversion_share,plausibility,block,KOR,0.0,> 0.01,> 0.05,pass,KOR: 0
marts,micro,2026-09-01,20261009T112332-111505,2026-10-09 11:23:32,price_reversion_share,plausibility,block,USA,0.0,> 0.01,> 0.05,pass,USA: 0
marts,micro,2026-09-01,20261009T112332-111505,2026-10-09 11:23:32,product_count_change,completeness,block,ARE,0.0048721072,< -0.05 or > 0.2,< -0.2,pass,ARE: 0.49%
marts,micro,2026-09-01,20261009T112332-111505,2026-10-09 11:23:32,product_count_change,completeness,block,CHN,0.0057377049,< -0.05 or > 0.2,< -0.2,pass,CHN: 0.57%
marts,micro,2026-09-01,20261009T112332-111505,2026-10-09 11:23:32,product_count_change,completeness,block,FRA,0.0030012005,< -0.05 or > 0.2,< -0.2,pass,FRA: 0.30%
marts,micro,2026-09-01,20261009T112332-111505,2026-10-09 11:23:32,product_count_change,completeness,block,GBR,0.0065789474,< -0.05 or > 0.2,< -0.2,pass,GBR: 0.66%
marts,micro,2026-09-01,20261009T112332-111505,2026-10-09 11:23:32,product_count_change,completeness,block,HKG,0.0030845157,< -0.05 or > 0.2,< -0.2,pass,HKG: 0.31%
marts,micro,2026-09-01,20261009T112332-111505,2026-10-09 11:23:32,product_count_change,completeness,block,JPN,0.0041200706,< -0.05 or > 0.2,< -0.2,pass,JPN: 0.41%
marts,micro,2026-09-01,20261009T112332-111505,2026-10-09 11:23:32,product_count_change,completeness,block,KOR,0.0048573163,< -0.05 or > 0.2,< -0.2,pass,KOR: 0.49%
marts,micro,2026-09-01,20261009T112332-111505,2026-10-09 11:23:32,product_count_change,completeness,block,USA,0.0057438254,< -0.05 or > 0.2,< -0.2,pass,USA: 0.57%
marts,micro,2026-09-01,20261009T112332-111505,2026-10-09 11:23:32,served_crawl_age_days,timeliness,block,ARE,1.0,> 7,> 14,pass,ARE: 1
marts,micro,2026-09-01,20261009T112332-111505,2026-10-09 11:23:32,served_crawl_age_days,timeliness,block,CHN,1.0,> 7,> 14,pass,CHN: 1
marts,micro,2026-09-01,20261009T112332-111505,2026-10-09 11:23:32,served_crawl_age_days,timeliness,block,FRA,1.0,> 7,> 14,pass,FRA: 1
marts,micro,2026-09-01,20261009T112332-111505,2026-10-09 11:23:32,served_crawl_age_days,timeliness,block,GBR,1.0,> 7,> 14,pass,GBR: 1
marts,micro,2026-09-01,20261009T112332-111505,2026-10-09 11:23:32,served_crawl_age_days,timeliness,block,HKG,1.0,> 7,> 14,pass,HKG: 1
marts,micro,2026-09-01,20261009T112332-111505,2026-10-09 11:23:32,served_crawl_age_days,timeliness,block,JPN,1.0,> 7,> 14,pass,JPN: 1
marts,micro,2026-09-01,20261009T112332-111505,2026-10-09 11:23:32,served_crawl_age_days,timeliness,block,KOR,1.0,> 7,> 14,pass,KOR: 1
marts,micro,2026-09-01,20261009T112332-111505,2026-10-09 11:23:32,served_crawl_age_days,timeliness,block,USA,1.0,> 7,> 14,pass,USA: 1
marts,micro,2026-09-08,20261009T112332-111505,2026-10-09 11:23:32,hero_carried_forward,validity,warn,all,1.0,> 0,,warn,all: 1 (warn > 0)
marts,micro,2026-09-08,20261009T112332-111505,2026-10-09 11:23:32,hero_grid_complete,completeness,block,all,1.0,,< 1.0,pass,all: 1
marts,micro,2026-09-08,20261009T112332-111505,2026-10-09 11:23:32,hero_large_moves,plausibility,warn,all,0.0,> 0,,pass,all: 0
marts,micro,2026-09-08,20261009T112332-111505,2026-10-09 11:23:32,hero_price_coverage,completeness,block,all,1.0,< 0.98,< 0.9,pass,all: 1
marts,micro,2026-09-08,20261009T112332-111505,2026-10-09 11:23:32,hero_stale_share,timeliness,block,all,0.0,> 0.0,> 0.5,pass,all: 0
marts,micro,2026-09-08,20261009T112332-111505,2026-10-09 11:23:32,market_coverage,completeness,block,all,1.0,,< 1.0,pass,all: 1
marts,micro,2026-09-08,20261009T112332-111505,2026-10-09 11:23:32,price_change_share_anomaly,plausibility,warn,all,0.25669,> mean + 4 sd of last 6 deliveries,,warn,all: anomaly - 25.67% vs usual 0.18% (threshold 2.18%)
marts,micro,2026-09-08,20261009T112332-111505,2026-10-09 11:23:32,price_decrease_share,plausibility,block,ARE,0.00061,> 0.02,> 0.1,pass,ARE: 0.06%
marts,micro,2026-09-08,20261009T112332-111505,2026-10-09 11:23:32,price_decrease_share,plausibility,block,CHN,0.0,> 0.02,> 0.1,pass,CHN: 0
marts,micro,2026-09-08,20261009T112332-111505,2026-10-09 11:23:32,price_decrease_share,plausibility,block,FRA,0.0,> 0.02,> 0.1,pass,FRA: 0
marts,micro,2026-09-08,20261009T112332-111505,2026-10-09 11:23:32,price_decrease_share,plausibility,block,GBR,0.0,> 0.02,> 0.1,pass,GBR: 0
marts,micro,2026-09-08,20261009T112332-111505,2026-10-09 11:23:32,price_decrease_share,plausibility,block,HKG,0.0,> 0.02,> 0.1,pass,HKG: 0
marts,micro,2026-09-08,20261009T112332-111505,2026-10-09 11:23:32,price_decrease_share,plausibility,block,JPN,0.0,> 0.02,> 0.1,pass,JPN: 0
marts,micro,2026-09-08,20261009T112332-111505,2026-10-09 11:23:32,price_decrease_share,plausibility,block,KOR,0.0,> 0.02,> 0.1,pass,KOR: 0
marts,micro,2026-09-08,20261009T112332-111505,2026-10-09 11:23:32,price_decrease_share,plausibility,block,USA,0.0,> 0.02,> 0.1,pass,USA: 0
marts,micro,2026-09-08,20261009T112332-111505,2026-10-09 11:23:32,price_reversion_share,plausibility,block,ARE,0.0,> 0.01,> 0.05,pass,ARE: 0
marts,micro,2026-09-08,20261009T112332-111505,2026-10-09 11:23:32,price_reversion_share,plausibility,block,CHN,0.0,> 0.01,> 0.05,pass,CHN: 0
marts,micro,2026-09-08,20261009T112332-111505,2026-10-09 11:23:32,price_reversion_share,plausibility,block,FRA,0.0,> 0.01,> 0.05,pass,FRA: 0
marts,micro,2026-09-08,20261009T112332-111505,2026-10-09 11:23:32,price_reversion_share,plausibility,block,GBR,0.0,> 0.01,> 0.05,pass,GBR: 0
marts,micro,2026-09-08,20261009T112332-111505,2026-10-09 11:23:32,price_reversion_share,plausibility,block,HKG,0.0,> 0.01,> 0.05,pass,HKG: 0
marts,micro,2026-09-08,20261009T112332-111505,2026-10-09 11:23:32,price_reversion_share,plausibility,block,JPN,0.0,> 0.01,> 0.05,pass,JPN: 0
marts,micro,2026-09-08,20261009T112332-111505,2026-10-09 11:23:32,price_reversion_share,plausibility,block,KOR,0.0,> 0.01,> 0.05,pass,KOR: 0
marts,micro,2026-09-08,20261009T112332-111505,2026-10-09 11:23:32,price_reversion_share,plausibility,block,USA,0.0,> 0.01,> 0.05,pass,USA: 0
marts,micro,2026-09-08,20261009T112332-111505,2026-10-09 11:23:32,product_count_change,completeness,block,ARE,-0.0024242424,< -0.05 or > 0.2,< -0.2,pass,ARE: -0.24%
marts,micro,2026-09-08,20261009T112332-111505,2026-10-09 11:23:32,product_count_change,completeness,block,CHN,-0.0040749796,< -0.05 or > 0.2,< -0.2,pass,CHN: -0.41%
marts,micro,2026-09-08,20261009T112332-111505,2026-10-09 11:23:32,product_count_change,completeness,block,FRA,-0.0029922202,< -0.05 or > 0.2,< -0.2,pass,FRA: -0.30%
marts,micro,2026-09-08,20261009T112332-111505,2026-10-09 11:23:32,product_count_change,completeness,block,GBR,-0.0035650624,< -0.05 or > 0.2,< -0.2,pass,GBR: -0.36%
marts,micro,2026-09-08,20261009T112332-111505,2026-10-09 11:23:32,product_count_change,completeness,block,HKG,0.0,< -0.05 or > 0.2,< -0.2,pass,HKG: 0
marts,micro,2026-09-08,20261009T112332-111505,2026-10-09 11:23:32,product_count_change,completeness,block,JPN,0.0,< -0.05 or > 0.2,< -0.2,pass,JPN: 0
marts,micro,2026-09-08,20261009T112332-111505,2026-10-09 11:23:32,product_count_change,completeness,block,KOR,-0.0012084592,< -0.05 or > 0.2,< -0.2,pass,KOR: -0.12%
marts,micro,2026-09-08,20261009T112332-111505,2026-10-09 11:23:32,product_count_change,completeness,block,USA,-0.0028555111,< -0.05 or > 0.2,< -0.2,pass,USA: -0.29%
marts,micro,2026-09-08,20261009T112332-111505,2026-10-09 11:23:32,served_crawl_age_days,timeliness,block,ARE,1.0,> 7,> 14,pass,ARE: 1
marts,micro,2026-09-08,20261009T112332-111505,2026-10-09 11:23:32,served_crawl_age_days,timeliness,block,CHN,1.0,> 7,> 14,pass,CHN: 1
marts,micro,2026-09-08,20261009T112332-111505,2026-10-09 11:23:32,served_crawl_age_days,timeliness,block,FRA,1.0,> 7,> 14,pass,FRA: 1
marts,micro,2026-09-08,20261009T112332-111505,2026-10-09 11:23:32,served_crawl_age_days,timeliness,block,GBR,1.0,> 7,> 14,pass,GBR: 1
marts,micro,2026-09-08,20261009T112332-111505,2026-10-09 11:23:32,served_crawl_age_days,timeliness,block,HKG,1.0,> 7,> 14,pass,HKG: 1
marts,micro,2026-09-08,20261009T112332-111505,2026-10-09 11:23:32,served_crawl_age_days,timeliness,block,JPN,1.0,> 7,> 14,pass,JPN: 1
marts,micro,2026-09-08,20261009T112332-111505,2026-10-09 11:23:32,served_crawl_age_days,timeliness,block,KOR,1.0,> 7,> 14,pass,KOR: 1
marts,micro,2026-09-08,20261009T112332-111505,2026-10-09 11:23:32,served_crawl_age_days,timeliness,block,USA,1.0,> 7,> 14,pass,USA: 1
marts,micro,2026-09-15,20261009T112332-111505,2026-10-09 11:23:32,hero_carried_forward,validity,warn,all,0.0,> 0,,pass,all: 0
marts,micro,2026-09-15,20261009T112332-111505,2026-10-09 11:23:32,hero_grid_complete,completeness,block,all,1.0,,< 1.0,pass,all: 1
marts,micro,2026-09-15,20261009T112332-111505,2026-10-09 11:23:32,hero_large_moves,plausibility,warn,all,7.0,> 0,,warn,all: 7 (warn > 0)
marts,micro,2026-09-15,20261009T112332-111505,2026-10-09 11:23:32,hero_price_coverage,completeness,block,all,1.0,< 0.98,< 0.9,pass,all: 1
marts,micro,2026-09-15,20261009T112332-111505,2026-10-09 11:23:32,hero_stale_share,timeliness,block,all,0.125,> 0.0,> 0.5,warn,all: 12.50% (warn > 0.0)
marts,micro,2026-09-15,20261009T112332-111505,2026-10-09 11:23:32,market_coverage,completeness,block,all,1.0,,< 1.0,pass,all: 1
marts,micro,2026-09-15,20261009T112332-111505,2026-10-09 11:23:32,price_change_share_anomaly,plausibility,warn,all,0.00233,> mean + 4 sd of last 6 deliveries,,pass,all: 0.23%
marts,micro,2026-09-15,20261009T112332-111505,2026-10-09 11:23:32,price_decrease_share,plausibility,block,ARE,0.00061,> 0.02,> 0.1,pass,ARE: 0.06%
marts,micro,2026-09-15,20261009T112332-111505,2026-10-09 11:23:32,price_decrease_share,plausibility,block,CHN,0.00082,> 0.02,> 0.1,pass,CHN: 0.08%
marts,micro,2026-09-15,20261009T112332-111505,2026-10-09 11:23:32,price_decrease_share,plausibility,block,FRA,0.0006,> 0.02,> 0.1,pass,FRA: 0.06%
marts,micro,2026-09-15,20261009T112332-111505,2026-10-09 11:23:32,price_decrease_share,plausibility,block,GBR,0.0006,> 0.02,> 0.1,pass,GBR: 0.06%
marts,micro,2026-09-15,20261009T112332-111505,2026-10-09 11:23:32,price_decrease_share,plausibility,block,HKG,0.00062,> 0.02,> 0.1,pass,HKG: 0.06%
marts,micro,2026-09-15,20261009T112332-111505,2026-10-09 11:23:32,price_decrease_share,plausibility,block,JPN,0.0,> 0.02,> 0.1,pass,JPN: 0
marts,micro,2026-09-15,20261009T112332-111505,2026-10-09 11:23:32,price_decrease_share,plausibility,block,KOR,0.00061,> 0.02,> 0.1,pass,KOR: 0.06%
marts,micro,2026-09-15,20261009T112332-111505,2026-10-09 11:23:32,price_decrease_share,plausibility,block,USA,0.00058,> 0.02,> 0.1,pass,USA: 0.06%
marts,micro,2026-09-15,20261009T112332-111505,2026-10-09 11:23:32,price_reversion_share,plausibility,block,ARE,0.0,> 0.01,> 0.05,pass,ARE: 0
marts,micro,2026-09-15,20261009T112332-111505,2026-10-09 11:23:32,price_reversion_share,plausibility,block,CHN,0.0,> 0.01,> 0.05,pass,CHN: 0
marts,micro,2026-09-15,20261009T112332-111505,2026-10-09 11:23:32,price_reversion_share,plausibility,block,FRA,0.0,> 0.01,> 0.05,pass,FRA: 0
marts,micro,2026-09-15,20261009T112332-111505,2026-10-09 11:23:32,price_reversion_share,plausibility,block,GBR,0.0,> 0.01,> 0.05,pass,GBR: 0
marts,micro,2026-09-15,20261009T112332-111505,2026-10-09 11:23:32,price_reversion_share,plausibility,block,HKG,0.0,> 0.01,> 0.05,pass,HKG: 0
marts,micro,2026-09-15,20261009T112332-111505,2026-10-09 11:23:32,price_reversion_share,plausibility,block,JPN,0.0,> 0.01,> 0.05,pass,JPN: 0
marts,micro,2026-09-15,20261009T112332-111505,2026-10-09 11:23:32,price_reversion_share,plausibility,block,KOR,0.0,> 0.01,> 0.05,pass,KOR: 0
marts,micro,2026-09-15,20261009T112332-111505,2026-10-09 11:23:32,price_reversion_share,plausibility,block,USA,0.0,> 0.01,> 0.05,pass,USA: 0
marts,micro,2026-09-15,20261009T112332-111505,2026-10-09 11:23:32,product_count_change,completeness,block,ARE,0.0018226002,< -0.05 or > 0.2,< -0.2,pass,ARE: 0.18%
marts,micro,2026-09-15,20261009T112332-111505,2026-10-09 11:23:32,product_count_change,completeness,block,CHN,0.0008183306,< -0.05 or > 0.2,< -0.2,pass,CHN: 0.08%
marts,micro,2026-09-15,20261009T112332-111505,2026-10-09 11:23:32,product_count_change,completeness,block,FRA,0.0048019208,< -0.05 or > 0.2,< -0.2,pass,FRA: 0.48%
marts,micro,2026-09-15,20261009T112332-111505,2026-10-09 11:23:32,product_count_change,completeness,block,GBR,0.0053667263,< -0.05 or > 0.2,< -0.2,pass,GBR: 0.54%
marts,micro,2026-09-15,20261009T112332-111505,2026-10-09 11:23:32,product_count_change,completeness,block,HKG,0.0043050431,< -0.05 or > 0.2,< -0.2,pass,HKG: 0.43%
marts,micro,2026-09-15,20261009T112332-111505,2026-10-09 11:23:32,product_count_change,completeness,block,JPN,0.0,< -0.05 or > 0.2,< -0.2,pass,JPN: 0
marts,micro,2026-09-15,20261009T112332-111505,2026-10-09 11:23:32,product_count_change,completeness,block,KOR,0.0048396854,< -0.05 or > 0.2,< -0.2,pass,KOR: 0.48%
marts,micro,2026-09-15,20261009T112332-111505,2026-10-09 11:23:32,product_count_change,completeness,block,USA,0.0028636884,< -0.05 or > 0.2,< -0.2,pass,USA: 0.29%
marts,micro,2026-09-15,20261009T112332-111505,2026-10-09 11:23:32,served_crawl_age_days,timeliness,block,ARE,1.0,> 7,> 14,pass,ARE: 1
marts,micro,2026-09-15,20261009T112332-111505,2026-10-09 11:23:32,served_crawl_age_days,timeliness,block,CHN,1.0,> 7,> 14,pass,CHN: 1
marts,micro,2026-09-15,20261009T112332-111505,2026-10-09 11:23:32,served_crawl_age_days,timeliness,block,FRA,1.0,> 7,> 14,pass,FRA: 1
marts,micro,2026-09-15,20261009T112332-111505,2026-10-09 11:23:32,served_crawl_age_days,timeliness,block,GBR,1.0,> 7,> 14,pass,GBR: 1
marts,micro,2026-09-15,20261009T112332-111505,2026-10-09 11:23:32,served_crawl_age_days,timeliness,block,HKG,1.0,> 7,> 14,pass,HKG: 1
marts,micro,2026-09-15,20261009T112332-111505,2026-10-09 11:23:32,served_crawl_age_days,timeliness,block,JPN,8.0,> 7,> 14,warn,JPN: 8 (warn > 7)
marts,micro,2026-09-15,20261009T112332-111505,2026-10-09 11:23:32,served_crawl_age_days,timeliness,block,KOR,1.0,> 7,> 14,pass,KOR: 1
marts,micro,2026-09-15,20261009T112332-111505,2026-10-09 11:23:32,served_crawl_age_days,timeliness,block,USA,1.0,> 7,> 14,pass,USA: 1
marts,micro,2026-09-22,20261009T112332-111505,2026-10-09 11:23:32,hero_carried_forward,validity,warn,all,0.0,> 0,,pass,all: 0
marts,micro,2026-09-22,20261009T112332-111505,2026-10-09 11:23:32,hero_grid_complete,completeness,block,all,1.0,,< 1.0,pass,all: 1
marts,micro,2026-09-22,20261009T112332-111505,2026-10-09 11:23:32,hero_large_moves,plausibility,warn,all,1.0,> 0,,warn,all: 1 (warn > 0)
marts,micro,2026-09-22,20261009T112332-111505,2026-10-09 11:23:32,hero_price_coverage,completeness,block,all,1.0,< 0.98,< 0.9,pass,all: 1
marts,micro,2026-09-22,20261009T112332-111505,2026-10-09 11:23:32,hero_stale_share,timeliness,block,all,0.0,> 0.0,> 0.5,pass,all: 0
marts,micro,2026-09-22,20261009T112332-111505,2026-10-09 11:23:32,market_coverage,completeness,block,all,1.0,,< 1.0,pass,all: 1
marts,micro,2026-09-22,20261009T112332-111505,2026-10-09 11:23:32,price_change_share_anomaly,plausibility,warn,all,0.00132,> mean + 4 sd of last 6 deliveries,,pass,all: 0.13%
marts,micro,2026-09-22,20261009T112332-111505,2026-10-09 11:23:32,price_decrease_share,plausibility,block,ARE,0.0,> 0.02,> 0.1,pass,ARE: 0
marts,micro,2026-09-22,20261009T112332-111505,2026-10-09 11:23:32,price_decrease_share,plausibility,block,CHN,0.0,> 0.02,> 0.1,pass,CHN: 0
marts,micro,2026-09-22,20261009T112332-111505,2026-10-09 11:23:32,price_decrease_share,plausibility,block,FRA,0.0,> 0.02,> 0.1,pass,FRA: 0
marts,micro,2026-09-22,20261009T112332-111505,2026-10-09 11:23:32,price_decrease_share,plausibility,block,GBR,0.0,> 0.02,> 0.1,pass,GBR: 0
marts,micro,2026-09-22,20261009T112332-111505,2026-10-09 11:23:32,price_decrease_share,plausibility,block,HKG,0.0,> 0.02,> 0.1,pass,HKG: 0
marts,micro,2026-09-22,20261009T112332-111505,2026-10-09 11:23:32,price_decrease_share,plausibility,block,JPN,0.00059,> 0.02,> 0.1,pass,JPN: 0.06%
marts,micro,2026-09-22,20261009T112332-111505,2026-10-09 11:23:32,price_decrease_share,plausibility,block,KOR,0.0,> 0.02,> 0.1,pass,KOR: 0
marts,micro,2026-09-22,20261009T112332-111505,2026-10-09 11:23:32,price_decrease_share,plausibility,block,USA,0.0,> 0.02,> 0.1,pass,USA: 0
marts,micro,2026-09-22,20261009T112332-111505,2026-10-09 11:23:32,price_reversion_share,plausibility,block,ARE,0.0,> 0.01,> 0.05,pass,ARE: 0
marts,micro,2026-09-22,20261009T112332-111505,2026-10-09 11:23:32,price_reversion_share,plausibility,block,CHN,0.0,> 0.01,> 0.05,pass,CHN: 0
marts,micro,2026-09-22,20261009T112332-111505,2026-10-09 11:23:32,price_reversion_share,plausibility,block,FRA,0.0,> 0.01,> 0.05,pass,FRA: 0
marts,micro,2026-09-22,20261009T112332-111505,2026-10-09 11:23:32,price_reversion_share,plausibility,block,GBR,0.0,> 0.01,> 0.05,pass,GBR: 0
marts,micro,2026-09-22,20261009T112332-111505,2026-10-09 11:23:32,price_reversion_share,plausibility,block,HKG,0.0,> 0.01,> 0.05,pass,HKG: 0
marts,micro,2026-09-22,20261009T112332-111505,2026-10-09 11:23:32,price_reversion_share,plausibility,block,JPN,0.0,> 0.01,> 0.05,pass,JPN: 0
marts,micro,2026-09-22,20261009T112332-111505,2026-10-09 11:23:32,price_reversion_share,plausibility,block,KOR,0.0,> 0.01,> 0.05,pass,KOR: 0
marts,micro,2026-09-22,20261009T112332-111505,2026-10-09 11:23:32,price_reversion_share,plausibility,block,USA,0.0,> 0.01,> 0.05,pass,USA: 0
marts,micro,2026-09-22,20261009T112332-111505,2026-10-09 11:23:32,product_count_change,completeness,block,ARE,0.0036385688,< -0.05 or > 0.2,< -0.2,pass,ARE: 0.36%
marts,micro,2026-09-22,20261009T112332-111505,2026-10-09 11:23:32,product_count_change,completeness,block,CHN,0.0040883074,< -0.05 or > 0.2,< -0.2,pass,CHN: 0.41%
marts,micro,2026-09-22,20261009T112332-111505,2026-10-09 11:23:32,product_count_change,completeness,block,FRA,0.0017921147,< -0.05 or > 0.2,< -0.2,pass,FRA: 0.18%
marts,micro,2026-09-22,20261009T112332-111505,2026-10-09 11:23:32,product_count_change,completeness,block,GBR,0.0,< -0.05 or > 0.2,< -0.2,pass,GBR: 0
marts,micro,2026-09-22,20261009T112332-111505,2026-10-09 11:23:32,product_count_change,completeness,block,HKG,0.0012247397,< -0.05 or > 0.2,< -0.2,pass,HKG: 0.12%
marts,micro,2026-09-22,20261009T112332-111505,2026-10-09 11:23:32,product_count_change,completeness,block,JPN,0.0058616647,< -0.05 or > 0.2,< -0.2,pass,JPN: 0.59%
marts,micro,2026-09-22,20261009T112332-111505,2026-10-09 11:23:32,product_count_change,completeness,block,KOR,-0.0018061409,< -0.05 or > 0.2,< -0.2,pass,KOR: -0.18%
marts,micro,2026-09-22,20261009T112332-111505,2026-10-09 11:23:32,product_count_change,completeness,block,USA,0.0017133067,< -0.05 or > 0.2,< -0.2,pass,USA: 0.17%
marts,micro,2026-09-22,20261009T112332-111505,2026-10-09 11:23:32,served_crawl_age_days,timeliness,block,ARE,1.0,> 7,> 14,pass,ARE: 1
marts,micro,2026-09-22,20261009T112332-111505,2026-10-09 11:23:32,served_crawl_age_days,timeliness,block,CHN,1.0,> 7,> 14,pass,CHN: 1
marts,micro,2026-09-22,20261009T112332-111505,2026-10-09 11:23:32,served_crawl_age_days,timeliness,block,FRA,1.0,> 7,> 14,pass,FRA: 1
marts,micro,2026-09-22,20261009T112332-111505,2026-10-09 11:23:32,served_crawl_age_days,timeliness,block,GBR,1.0,> 7,> 14,pass,GBR: 1
marts,micro,2026-09-22,20261009T112332-111505,2026-10-09 11:23:32,served_crawl_age_days,timeliness,block,HKG,1.0,> 7,> 14,pass,HKG: 1
marts,micro,2026-09-22,20261009T112332-111505,2026-10-09 11:23:32,served_crawl_age_days,timeliness,block,JPN,1.0,> 7,> 14,pass,JPN: 1
marts,micro,2026-09-22,20261009T112332-111505,2026-10-09 11:23:32,served_crawl_age_days,timeliness,block,KOR,1.0,> 7,> 14,pass,KOR: 1
marts,micro,2026-09-22,20261009T112332-111505,2026-10-09 11:23:32,served_crawl_age_days,timeliness,block,USA,1.0,> 7,> 14,pass,USA: 1
marts,micro,2026-09-29,20261009T112332-111505,2026-10-09 11:23:32,hero_carried_forward,validity,warn,all,0.0,> 0,,pass,all: 0
marts,micro,2026-09-29,20261009T112332-111505,2026-10-09 11:23:32,hero_grid_complete,completeness,block,all,1.0,,< 1.0,pass,all: 1
marts,micro,2026-09-29,20261009T112332-111505,2026-10-09 11:23:32,hero_large_moves,plausibility,warn,all,0.0,> 0,,pass,all: 0
marts,micro,2026-09-29,20261009T112332-111505,2026-10-09 11:23:32,hero_price_coverage,completeness,block,all,1.0,< 0.98,< 0.9,pass,all: 1
marts,micro,2026-09-29,20261009T112332-111505,2026-10-09 11:23:32,hero_stale_share,timeliness,block,all,0.0,> 0.0,> 0.5,pass,all: 0
marts,micro,2026-09-29,20261009T112332-111505,2026-10-09 11:23:32,market_coverage,completeness,block,all,1.0,,< 1.0,pass,all: 1
marts,micro,2026-09-29,20261009T112332-111505,2026-10-09 11:23:32,price_change_share_anomaly,plausibility,warn,all,0.00062,> mean + 4 sd of last 6 deliveries,,pass,all: 0.06%
marts,micro,2026-09-29,20261009T112332-111505,2026-10-09 11:23:32,price_decrease_share,plausibility,block,ARE,0.0,> 0.02,> 0.1,pass,ARE: 0
marts,micro,2026-09-29,20261009T112332-111505,2026-10-09 11:23:32,price_decrease_share,plausibility,block,CHN,0.0,> 0.02,> 0.1,pass,CHN: 0
marts,micro,2026-09-29,20261009T112332-111505,2026-10-09 11:23:32,price_decrease_share,plausibility,block,FRA,0.0,> 0.02,> 0.1,pass,FRA: 0
marts,micro,2026-09-29,20261009T112332-111505,2026-10-09 11:23:32,price_decrease_share,plausibility,block,GBR,0.0,> 0.02,> 0.1,pass,GBR: 0
marts,micro,2026-09-29,20261009T112332-111505,2026-10-09 11:23:32,price_decrease_share,plausibility,block,HKG,0.0,> 0.02,> 0.1,pass,HKG: 0
marts,micro,2026-09-29,20261009T112332-111505,2026-10-09 11:23:32,price_decrease_share,plausibility,block,JPN,0.0,> 0.02,> 0.1,pass,JPN: 0
marts,micro,2026-09-29,20261009T112332-111505,2026-10-09 11:23:32,price_decrease_share,plausibility,block,KOR,0.0,> 0.02,> 0.1,pass,KOR: 0
marts,micro,2026-09-29,20261009T112332-111505,2026-10-09 11:23:32,price_decrease_share,plausibility,block,USA,0.0,> 0.02,> 0.1,pass,USA: 0
marts,micro,2026-09-29,20261009T112332-111505,2026-10-09 11:23:32,price_reversion_share,plausibility,block,ARE,0.0,> 0.01,> 0.05,pass,ARE: 0
marts,micro,2026-09-29,20261009T112332-111505,2026-10-09 11:23:32,price_reversion_share,plausibility,block,CHN,0.0,> 0.01,> 0.05,pass,CHN: 0
marts,micro,2026-09-29,20261009T112332-111505,2026-10-09 11:23:32,price_reversion_share,plausibility,block,FRA,0.0,> 0.01,> 0.05,pass,FRA: 0
marts,micro,2026-09-29,20261009T112332-111505,2026-10-09 11:23:32,price_reversion_share,plausibility,block,GBR,0.0,> 0.01,> 0.05,pass,GBR: 0
marts,micro,2026-09-29,20261009T112332-111505,2026-10-09 11:23:32,price_reversion_share,plausibility,block,HKG,0.0,> 0.01,> 0.05,pass,HKG: 0
marts,micro,2026-09-29,20261009T112332-111505,2026-10-09 11:23:32,price_reversion_share,plausibility,block,JPN,0.0,> 0.01,> 0.05,pass,JPN: 0
marts,micro,2026-09-29,20261009T112332-111505,2026-10-09 11:23:32,price_reversion_share,plausibility,block,KOR,0.0,> 0.01,> 0.05,pass,KOR: 0
marts,micro,2026-09-29,20261009T112332-111505,2026-10-09 11:23:32,price_reversion_share,plausibility,block,USA,0.0,> 0.01,> 0.05,pass,USA: 0
marts,micro,2026-09-29,20261009T112332-111505,2026-10-09 11:23:32,product_count_change,completeness,block,ARE,0.0072507553,< -0.05 or > 0.2,< -0.2,pass,ARE: 0.73%
marts,micro,2026-09-29,20261009T112332-111505,2026-10-09 11:23:32,product_count_change,completeness,block,CHN,0.006514658,< -0.05 or > 0.2,< -0.2,pass,CHN: 0.65%
marts,micro,2026-09-29,20261009T112332-111505,2026-10-09 11:23:32,product_count_change,completeness,block,FRA,0.0095408468,< -0.05 or > 0.2,< -0.2,pass,FRA: 0.95%
marts,micro,2026-09-29,20261009T112332-111505,2026-10-09 11:23:32,product_count_change,completeness,block,GBR,0.009489917,< -0.05 or > 0.2,< -0.2,pass,GBR: 0.95%
marts,micro,2026-09-29,20261009T112332-111505,2026-10-09 11:23:32,product_count_change,completeness,block,HKG,0.0079510703,< -0.05 or > 0.2,< -0.2,pass,HKG: 0.80%
marts,micro,2026-09-29,20261009T112332-111505,2026-10-09 11:23:32,product_count_change,completeness,block,JPN,0.006993007,< -0.05 or > 0.2,< -0.2,pass,JPN: 0.70%
marts,micro,2026-09-29,20261009T112332-111505,2026-10-09 11:23:32,product_count_change,completeness,block,KOR,0.0108564536,< -0.05 or > 0.2,< -0.2,pass,KOR: 1.09%
marts,micro,2026-09-29,20261009T112332-111505,2026-10-09 11:23:32,product_count_change,completeness,block,USA,0.0091220068,< -0.05 or > 0.2,< -0.2,pass,USA: 0.91%
marts,micro,2026-09-29,20261009T112332-111505,2026-10-09 11:23:32,served_crawl_age_days,timeliness,block,ARE,1.0,> 7,> 14,pass,ARE: 1
marts,micro,2026-09-29,20261009T112332-111505,2026-10-09 11:23:32,served_crawl_age_days,timeliness,block,CHN,1.0,> 7,> 14,pass,CHN: 1
marts,micro,2026-09-29,20261009T112332-111505,2026-10-09 11:23:32,served_crawl_age_days,timeliness,block,FRA,1.0,> 7,> 14,pass,FRA: 1
marts,micro,2026-09-29,20261009T112332-111505,2026-10-09 11:23:32,served_crawl_age_days,timeliness,block,GBR,1.0,> 7,> 14,pass,GBR: 1
marts,micro,2026-09-29,20261009T112332-111505,2026-10-09 11:23:32,served_crawl_age_days,timeliness,block,HKG,1.0,> 7,> 14,pass,HKG: 1
marts,micro,2026-09-29,20261009T112332-111505,2026-10-09 11:23:32,served_crawl_age_days,timeliness,block,JPN,1.0,> 7,> 14,pass,JPN: 1
marts,micro,2026-09-29,20261009T112332-111505,2026-10-09 11:23:32,served_crawl_age_days,timeliness,block,KOR,1.0,> 7,> 14,pass,KOR: 1
marts,micro,2026-09-29,20261009T112332-111505,2026-10-09 11:23:32,served_crawl_age_days,timeliness,block,USA,1.0,> 7,> 14,pass,USA: 1
