micro_row_id,delivery_date,pointer_id,sku,product_label,market,currency_code,price_local,previous_price_local,change_vs_previous_pct,price_status,crawl_date_used,price_crawl_date,is_stale_crawl,is_price_carried_forward
bd05fa16c10031841be8ca3adbbf38d2,2026-07-07,HERO-01,543321TT8F11000,Le City Bag Medium (black),ARE,AED,10900.00,,,first_delivery,2026-07-06,2026-07-06,false,false
0196388bc4f913db5487188574729b53,2026-07-07,HERO-01,543321TT8F11000,Le City Bag Medium (black),CHN,CNY,24200.00,,,first_delivery,2026-07-06,2026-07-06,false,false
7287931f49a905e0db2c878fb947c69c,2026-07-07,HERO-01,543321TT8F11000,Le City Bag Medium (black),FRA,EUR,2500.00,,,first_delivery,2026-07-06,2026-07-06,false,false
6dc6578296a886465fa5e6ca1ce287ac,2026-07-07,HERO-01,543321TT8F11000,Le City Bag Medium (black),GBR,GBP,2280.00,,,first_delivery,2026-07-06,2026-07-06,false,false
858eaa15f44c77c272659563e7196bf5,2026-07-07,HERO-01,543321TT8F11000,Le City Bag Medium (black),HKG,HKD,23900.00,,,first_delivery,2026-07-06,2026-07-06,false,false
9b0528e4d0c22c7ba233546a4038c4f4,2026-07-07,HERO-01,543321TT8F11000,Le City Bag Medium (black),JPN,JPY,442400.00,,,first_delivery,2026-07-06,2026-07-06,false,false
028984837686d53bf111a952032d40e5,2026-07-07,HERO-01,543321TT8F11000,Le City Bag Medium (black),KOR,KRW,4510000.00,,,first_delivery,2026-07-06,2026-07-06,false,false
e8094b943d0eb7c7c5b83034bcc0399c,2026-07-07,HERO-01,543321TT8F11000,Le City Bag Medium (black),USA,USD,3090.00,,,first_delivery,2026-07-06,2026-07-06,false,false
c5e493b02c3284f6dfc1676b586eca98,2026-07-07,HERO-02,53413121R3X1000,Rodeo Handbag Small (black),ARE,AED,11450.00,,,first_delivery,2026-07-06,2026-07-06,false,false
177a1b0c91536ed22e7683ed25f7215e,2026-07-07,HERO-02,53413121R3X1000,Rodeo Handbag Small (black),CHN,CNY,23700.00,,,first_delivery,2026-07-06,2026-07-06,false,false
774d857b82b69b2ea640e0e6d46d2677,2026-07-07,HERO-02,53413121R3X1000,Rodeo Handbag Small (black),FRA,EUR,2450.00,,,first_delivery,2026-07-06,2026-07-06,false,false
eff3b724fdf61f48067d07ce9623e134,2026-07-07,HERO-02,53413121R3X1000,Rodeo Handbag Small (black),GBR,GBP,2190.00,,,first_delivery,2026-07-06,2026-07-06,false,false
b1329824da29cbf02cb78a0432d9e2d9,2026-07-07,HERO-02,53413121R3X1000,Rodeo Handbag Small (black),HKG,HKD,22900.00,,,first_delivery,2026-07-06,2026-07-06,false,false
4c37ec5ac00bf082e18d409a51fbcedc,2026-07-07,HERO-02,53413121R3X1000,Rodeo Handbag Small (black),JPN,JPY,439700.00,,,first_delivery,2026-07-06,2026-07-06,false,false
1d03c71d684991f6dfb529bc94800e57,2026-07-07,HERO-02,53413121R3X1000,Rodeo Handbag Small (black),KOR,KRW,4190000.00,,,first_delivery,2026-07-06,2026-07-06,false,false
facf589c53a6888a3f1cf6cb0b914c72,2026-07-07,HERO-02,53413121R3X1000,Rodeo Handbag Small (black),USA,USD,3000.00,,,first_delivery,2026-07-06,2026-07-06,false,false
75294c05ae44d03d8267a7cce64e5c8a,2026-07-07,HERO-03,687101TK1EY1000,Hourglass Handbag Small (black),ARE,AED,12500.00,,,first_delivery,2026-07-06,2026-07-06,false,false
ae433b3722401eeae5a12db8903a4d7b,2026-07-07,HERO-03,687101TK1EY1000,Hourglass Handbag Small (black),CHN,CNY,25900.00,,,first_delivery,2026-07-06,2026-07-06,false,false
54e154d378f2b6ec91b4e0829c4bbfc8,2026-07-07,HERO-03,687101TK1EY1000,Hourglass Handbag Small (black),FRA,EUR,2750.00,,,first_delivery,2026-07-06,2026-07-06,false,false
ae7db401e447f93bbf9d59c0aca743ae,2026-07-07,HERO-03,687101TK1EY1000,Hourglass Handbag Small (black),GBR,GBP,2450.00,,,first_delivery,2026-07-06,2026-07-06,false,false
c2b31d126d71a5840247990d3800281e,2026-07-07,HERO-03,687101TK1EY1000,Hourglass Handbag Small (black),HKG,HKD,25500.00,,,first_delivery,2026-07-06,2026-07-06,false,false
019ec8cddf4634476a281193cf36130c,2026-07-07,HERO-03,687101TK1EY1000,Hourglass Handbag Small (black),JPN,JPY,510100.00,,,first_delivery,2026-07-06,2026-07-06,false,false
1d69edc53066e20f50c9dc16dd10f914,2026-07-07,HERO-03,687101TK1EY1000,Hourglass Handbag Small (black),KOR,KRW,4840000.00,,,first_delivery,2026-07-06,2026-07-06,false,false
c8a10e0db49f3fbcc887a3b9ad0a77c8,2026-07-07,HERO-03,687101TK1EY1000,Hourglass Handbag Small (black),USA,USD,3620.00,,,first_delivery,2026-07-06,2026-07-06,false,false
00319527f7d087149fd93d796f9615a0,2026-07-07,HERO-04,5543034GFF51000,Le Cagole Shoulder Bag Small (black),ARE,AED,18000.00,,,first_delivery,2026-07-06,2026-07-06,false,false
d9d9ac8cec77ee99a0c988f698ddbeba,2026-07-07,HERO-04,5543034GFF51000,Le Cagole Shoulder Bag Small (black),CHN,CNY,37900.00,,,first_delivery,2026-07-06,2026-07-06,false,false
a4059caecdfa6771c30b37975cecd6ac,2026-07-07,HERO-04,5543034GFF51000,Le Cagole Shoulder Bag Small (black),FRA,EUR,3950.00,,,first_delivery,2026-07-06,2026-07-06,false,false
afc6a552b5f326d9e83bd3607205cea7,2026-07-07,HERO-04,5543034GFF51000,Le Cagole Shoulder Bag Small (black),GBR,GBP,3550.00,,,first_delivery,2026-07-06,2026-07-06,false,false
0c223ff2274719183acb2d3ad6c02cdb,2026-07-07,HERO-04,5543034GFF51000,Le Cagole Shoulder Bag Small (black),HKG,HKD,38800.00,,,first_delivery,2026-07-06,2026-07-06,false,false
ffe5cda5a18630e0e55050972e58abb1,2026-07-07,HERO-04,5543034GFF51000,Le Cagole Shoulder Bag Small (black),JPN,JPY,715800.00,,,first_delivery,2026-07-06,2026-07-06,false,false
da06160b4927f81fb1e18d20a704a541,2026-07-07,HERO-04,5543034GFF51000,Le Cagole Shoulder Bag Small (black),KOR,KRW,6750000.00,,,first_delivery,2026-07-06,2026-07-06,false,false
c3b8dbabecd892eb0ef37fde1e51836f,2026-07-07,HERO-04,5543034GFF51000,Le Cagole Shoulder Bag Small (black),USA,USD,4750.00,,,first_delivery,2026-07-06,2026-07-06,false,false
de04be1b4cbfc8fafb95f79f37924a6b,2026-07-07,HERO-05,676311TT1W11000,Triple S.2 Sneaker (black),ARE,AED,4600.00,,,first_delivery,2026-07-06,2026-07-06,false,false
860ce2300eb7eec211e10e1e280ee408,2026-07-07,HERO-05,676311TT1W11000,Triple S.2 Sneaker (black),CHN,CNY,9700.00,,,first_delivery,2026-07-06,2026-07-06,false,false
ed2a29e21c8a79f6bcab670c0c526350,2026-07-07,HERO-05,676311TT1W11000,Triple S.2 Sneaker (black),FRA,EUR,1020.00,,,first_delivery,2026-07-06,2026-07-06,false,false
4c0bd1ba6818049f13a558aaae8a65a4,2026-07-07,HERO-05,676311TT1W11000,Triple S.2 Sneaker (black),GBR,GBP,945.00,,,first_delivery,2026-07-06,2026-07-06,false,false
049fd26cc6beea111ed88a31bdbbc64f,2026-07-07,HERO-05,676311TT1W11000,Triple S.2 Sneaker (black),HKG,HKD,9600.00,,,first_delivery,2026-07-06,2026-07-06,false,false
ea836f75ded6d70af37eaeb75c6f80c1,2026-07-07,HERO-05,676311TT1W11000,Triple S.2 Sneaker (black),JPN,JPY,191000.00,,,first_delivery,2026-07-06,2026-07-06,false,false
2798e3eed66b01b0b3945b245e6d54ab,2026-07-07,HERO-05,676311TT1W11000,Triple S.2 Sneaker (black),KOR,KRW,1820000.00,,,first_delivery,2026-07-06,2026-07-06,false,false
1904bf25278a8fd090b158cd04e9efe1,2026-07-07,HERO-05,676311TT1W11000,Triple S.2 Sneaker (black),USA,USD,1230.00,,,first_delivery,2026-07-06,2026-07-06,false,false
72b17667c4d87e1dc6ca80534e204d16,2026-07-07,HERO-06,768723WND8D1000,3XL Sneaker (black),ARE,AED,4100.00,,,first_delivery,2026-07-06,2026-07-06,false,false
ac8a4dab3c7e7df856b75884552ce404,2026-07-07,HERO-06,768723WND8D1000,3XL Sneaker (black),CHN,CNY,9000.00,,,first_delivery,2026-07-06,2026-07-06,false,false
98af4a182325fec1692b771700fb743a,2026-07-07,HERO-06,768723WND8D1000,3XL Sneaker (black),FRA,EUR,925.00,,,first_delivery,2026-07-06,2026-07-06,false,false
9edc41deae6dbc8c6c1e695dce3ef5dc,2026-07-07,HERO-06,768723WND8D1000,3XL Sneaker (black),GBR,GBP,835.00,,,first_delivery,2026-07-06,2026-07-06,false,false
09036a3fd2e19e67578c9b061f2ed6b6,2026-07-07,HERO-06,768723WND8D1000,3XL Sneaker (black),HKG,HKD,9100.00,,,first_delivery,2026-07-06,2026-07-06,false,false
1de49e5f0d839897ddcfafc350ac0eb2,2026-07-07,HERO-06,768723WND8D1000,3XL Sneaker (black),JPN,JPY,169200.00,,,first_delivery,2026-07-06,2026-07-06,false,false
a38ebeefa7db14eeccc8396335a13b07,2026-07-07,HERO-06,768723WND8D1000,3XL Sneaker (black),KOR,KRW,1610000.00,,,first_delivery,2026-07-06,2026-07-06,false,false
bee2be4c8c9db1fe9e32405562196892,2026-07-07,HERO-06,768723WND8D1000,3XL Sneaker (black),USA,USD,1110.00,,,first_delivery,2026-07-06,2026-07-06,false,false
e3536dfbc4ffe2d444cfb23494d1013b,2026-07-07,HERO-07,A064YD4GQIW1000,Le City Card Holder (black),ARE,AED,2200.00,,,first_delivery,2026-07-06,2026-07-06,false,false
15ec0abfe1d37f06e28f8999f1c034e3,2026-07-07,HERO-07,A064YD4GQIW1000,Le City Card Holder (black),CHN,CNY,4700.00,,,first_delivery,2026-07-06,2026-07-06,false,false
92d7f12c61b6cf0e5943bc2d5f353e27,2026-07-07,HERO-07,A064YD4GQIW1000,Le City Card Holder (black),FRA,EUR,475.00,,,first_delivery,2026-07-06,2026-07-06,false,false
6baa74371de026e8c6dce4e5c50721f0,2026-07-07,HERO-07,A064YD4GQIW1000,Le City Card Holder (black),GBR,GBP,420.00,,,first_delivery,2026-07-06,2026-07-06,false,false
bb52c49ea21e0e2910cfeff48611f64f,2026-07-07,HERO-07,A064YD4GQIW1000,Le City Card Holder (black),HKG,HKD,4700.00,,,first_delivery,2026-07-06,2026-07-06,false,false
2f0b497c0b81c43516345affd88b9212,2026-07-07,HERO-07,A064YD4GQIW1000,Le City Card Holder (black),JPN,JPY,84900.00,,,first_delivery,2026-07-06,2026-07-06,false,false
491480c1853c575cbf1b1a1b225fcd86,2026-07-07,HERO-07,A064YD4GQIW1000,Le City Card Holder (black),KOR,KRW,850000.00,,,first_delivery,2026-07-06,2026-07-06,false,false
09640c8738215672948478e4209b6c4e,2026-07-07,HERO-07,A064YD4GQIW1000,Le City Card Holder (black),USA,USD,605.00,,,first_delivery,2026-07-06,2026-07-06,false,false
f8f653492b8638e32bcd8637f57c3bd0,2026-07-07,HERO-08,6786802AEJ81000,Cash Long Coin and Card Holder Large (black),ARE,AED,9050.00,,,first_delivery,2026-07-06,2026-07-06,false,false
42932765e84e6e7f185292b0c6a9417d,2026-07-07,HERO-08,6786802AEJ81000,Cash Long Coin and Card Holder Large (black),CHN,CNY,19000.00,,,first_delivery,2026-07-06,2026-07-06,false,false
cba57914fbffa4a3fd27087a211fcd68,2026-07-07,HERO-08,6786802AEJ81000,Cash Long Coin and Card Holder Large (black),FRA,EUR,1990.00,,,first_delivery,2026-07-06,2026-07-06,false,false
39d8be6e54b15915f15bdeea13d596a4,2026-07-07,HERO-08,6786802AEJ81000,Cash Long Coin and Card Holder Large (black),GBR,GBP,1840.00,,,first_delivery,2026-07-06,2026-07-06,false,false
c0db1bc87c3de16e9cafd065cec68f26,2026-07-07,HERO-08,6786802AEJ81000,Cash Long Coin and Card Holder Large (black),HKG,HKD,19700.00,,,first_delivery,2026-07-06,2026-07-06,false,false
f2a6a7a1690c9a87b5506df6779ea103,2026-07-07,HERO-08,6786802AEJ81000,Cash Long Coin and Card Holder Large (black),JPN,JPY,370200.00,,,first_delivery,2026-07-06,2026-07-06,false,false
6335fa4ffb247db9e232233995a9c5aa,2026-07-07,HERO-08,6786802AEJ81000,Cash Long Coin and Card Holder Large (black),KOR,KRW,3570000.00,,,first_delivery,2026-07-06,2026-07-06,false,false
db169612515fecde96a449601eab25c8,2026-07-07,HERO-08,6786802AEJ81000,Cash Long Coin and Card Holder Large (black),USA,USD,2440.00,,,first_delivery,2026-07-06,2026-07-06,false,false
21dc2cad118bd73a552251155887c663,2026-07-14,HERO-01,543321TT8F11000,Le City Bag Medium (black),ARE,AED,10900.00,10900.00,0.0000,unchanged,2026-07-13,2026-07-13,false,false
5a4bb7cdba3b63fe06278a4d3ba93a18,2026-07-14,HERO-01,543321TT8F11000,Le City Bag Medium (black),CHN,CNY,24200.00,24200.00,0.0000,unchanged,2026-07-13,2026-07-13,false,false
891ee9dc2a30c5634839ed30e795e359,2026-07-14,HERO-01,543321TT8F11000,Le City Bag Medium (black),FRA,EUR,2500.00,2500.00,0.0000,unchanged,2026-07-13,2026-07-13,false,false
88748436926dd22c4551da869f4c807b,2026-07-14,HERO-01,543321TT8F11000,Le City Bag Medium (black),GBR,GBP,2280.00,2280.00,0.0000,unchanged,2026-07-13,2026-07-13,false,false
1eaa689bd8afc0f6e4475629a58ffdc2,2026-07-14,HERO-01,543321TT8F11000,Le City Bag Medium (black),HKG,HKD,23900.00,23900.00,0.0000,unchanged,2026-07-13,2026-07-13,false,false
eff0a835508d42a3d76ea1188965f885,2026-07-14,HERO-01,543321TT8F11000,Le City Bag Medium (black),JPN,JPY,442400.00,442400.00,0.0000,unchanged,2026-07-13,2026-07-13,false,false
1935bb20615918e98e90fc7b48d9c9a2,2026-07-14,HERO-01,543321TT8F11000,Le City Bag Medium (black),KOR,KRW,4510000.00,4510000.00,0.0000,unchanged,2026-07-13,2026-07-13,false,false
dc285ce2d8e16b7b1ced57f992115249,2026-07-14,HERO-01,543321TT8F11000,Le City Bag Medium (black),USA,USD,3090.00,3090.00,0.0000,unchanged,2026-07-13,2026-07-13,false,false
fd9319d75057c53e78db48049c87a581,2026-07-14,HERO-02,53413121R3X1000,Rodeo Handbag Small (black),ARE,AED,11450.00,11450.00,0.0000,unchanged,2026-07-13,2026-07-13,false,false
8b0ea725fd9fe2473d112ee4d70d22fe,2026-07-14,HERO-02,53413121R3X1000,Rodeo Handbag Small (black),CHN,CNY,23700.00,23700.00,0.0000,unchanged,2026-07-13,2026-07-13,false,false
1fed1473010abf3dfa30d872de1e6a4a,2026-07-14,HERO-02,53413121R3X1000,Rodeo Handbag Small (black),FRA,EUR,2450.00,2450.00,0.0000,unchanged,2026-07-13,2026-07-13,false,false
a305997e755175f7ab64bb024100b2af,2026-07-14,HERO-02,53413121R3X1000,Rodeo Handbag Small (black),GBR,GBP,2190.00,2190.00,0.0000,unchanged,2026-07-13,2026-07-13,false,false
550b2dca090163e7592117b2b15e3bba,2026-07-14,HERO-02,53413121R3X1000,Rodeo Handbag Small (black),HKG,HKD,22900.00,22900.00,0.0000,unchanged,2026-07-13,2026-07-13,false,false
aadea58b07b92eb36d2ed8692d9490f2,2026-07-14,HERO-02,53413121R3X1000,Rodeo Handbag Small (black),JPN,JPY,439700.00,439700.00,0.0000,unchanged,2026-07-13,2026-07-13,false,false
a8182e7b756434133b39d6466ef811f0,2026-07-14,HERO-02,53413121R3X1000,Rodeo Handbag Small (black),KOR,KRW,4190000.00,4190000.00,0.0000,unchanged,2026-07-13,2026-07-13,false,false
412a8decc2d11cbb1fc265bfd539acda,2026-07-14,HERO-02,53413121R3X1000,Rodeo Handbag Small (black),USA,USD,3000.00,3000.00,0.0000,unchanged,2026-07-13,2026-07-13,false,false
bc985315b91ac9e4654745f2dfd43a59,2026-07-14,HERO-03,687101TK1EY1000,Hourglass Handbag Small (black),ARE,AED,12500.00,12500.00,0.0000,unchanged,2026-07-13,2026-07-13,false,false
01dcea80891c097c66dfd9e06a1eecc8,2026-07-14,HERO-03,687101TK1EY1000,Hourglass Handbag Small (black),CHN,CNY,25900.00,25900.00,0.0000,unchanged,2026-07-13,2026-07-13,false,false
369bf299aebf5948901565f2a9a9ba6a,2026-07-14,HERO-03,687101TK1EY1000,Hourglass Handbag Small (black),FRA,EUR,2750.00,2750.00,0.0000,unchanged,2026-07-13,2026-07-13,false,false
20889df90f158f58d56135ff6a79f884,2026-07-14,HERO-03,687101TK1EY1000,Hourglass Handbag Small (black),GBR,GBP,2450.00,2450.00,0.0000,unchanged,2026-07-13,2026-07-13,false,false
285e59eb12221ba3aa1799daacbbf245,2026-07-14,HERO-03,687101TK1EY1000,Hourglass Handbag Small (black),HKG,HKD,25500.00,25500.00,0.0000,unchanged,2026-07-13,2026-07-13,false,false
38bb3e519ae71a3139531110467fed30,2026-07-14,HERO-03,687101TK1EY1000,Hourglass Handbag Small (black),JPN,JPY,510100.00,510100.00,0.0000,unchanged,2026-07-13,2026-07-13,false,false
4ec9955c80bb22ae7975b3d74fc5270e,2026-07-14,HERO-03,687101TK1EY1000,Hourglass Handbag Small (black),KOR,KRW,4840000.00,4840000.00,0.0000,unchanged,2026-07-13,2026-07-13,false,false
dff69450b72bd495dd1384aa2f80e1ea,2026-07-14,HERO-03,687101TK1EY1000,Hourglass Handbag Small (black),USA,USD,3620.00,3620.00,0.0000,unchanged,2026-07-13,2026-07-13,false,false
127fe41e37bd892ea6ffed884862dbea,2026-07-14,HERO-04,5543034GFF51000,Le Cagole Shoulder Bag Small (black),ARE,AED,18000.00,18000.00,0.0000,unchanged,2026-07-13,2026-07-13,false,false
7c188729f3474d883bdde7b76bba41f8,2026-07-14,HERO-04,5543034GFF51000,Le Cagole Shoulder Bag Small (black),CHN,CNY,37900.00,37900.00,0.0000,unchanged,2026-07-13,2026-07-13,false,false
b7c6e15c79870cdd5f6ecc7fd38259f7,2026-07-14,HERO-04,5543034GFF51000,Le Cagole Shoulder Bag Small (black),FRA,EUR,3950.00,3950.00,0.0000,unchanged,2026-07-13,2026-07-13,false,false
cc77782c7c81fc23719138905b89f14e,2026-07-14,HERO-04,5543034GFF51000,Le Cagole Shoulder Bag Small (black),GBR,GBP,3550.00,3550.00,0.0000,unchanged,2026-07-13,2026-07-13,false,false
7a998e8e671778d6a797dce95a53c60a,2026-07-14,HERO-04,5543034GFF51000,Le Cagole Shoulder Bag Small (black),HKG,HKD,38800.00,38800.00,0.0000,unchanged,2026-07-13,2026-07-13,false,false
068bff03c298a4f7d2a182b1720c5f5f,2026-07-14,HERO-04,5543034GFF51000,Le Cagole Shoulder Bag Small (black),JPN,JPY,715800.00,715800.00,0.0000,unchanged,2026-07-13,2026-07-13,false,false
e5fecd88ab4ec33688caa4e0b7a20216,2026-07-14,HERO-04,5543034GFF51000,Le Cagole Shoulder Bag Small (black),KOR,KRW,6750000.00,6750000.00,0.0000,unchanged,2026-07-13,2026-07-13,false,false
500fbc1768298a7626bac14f8f5265f6,2026-07-14,HERO-04,5543034GFF51000,Le Cagole Shoulder Bag Small (black),USA,USD,4750.00,4750.00,0.0000,unchanged,2026-07-13,2026-07-13,false,false
32d985869f4dbbcf047d36fdad64401a,2026-07-14,HERO-05,676311TT1W11000,Triple S.2 Sneaker (black),ARE,AED,4600.00,4600.00,0.0000,unchanged,2026-07-13,2026-07-13,false,false
71f2c6e1cad5fdc045a3b1c770462f13,2026-07-14,HERO-05,676311TT1W11000,Triple S.2 Sneaker (black),CHN,CNY,9700.00,9700.00,0.0000,unchanged,2026-07-13,2026-07-13,false,false
31a662043955a481b51251f5e1926335,2026-07-14,HERO-05,676311TT1W11000,Triple S.2 Sneaker (black),FRA,EUR,1020.00,1020.00,0.0000,unchanged,2026-07-13,2026-07-13,false,false
3f504d899c1362430457ff4ed97bfbd2,2026-07-14,HERO-05,676311TT1W11000,Triple S.2 Sneaker (black),GBR,GBP,945.00,945.00,0.0000,unchanged,2026-07-13,2026-07-13,false,false
f51a2b04cf91d7d24c533487b17cfb64,2026-07-14,HERO-05,676311TT1W11000,Triple S.2 Sneaker (black),HKG,HKD,9600.00,9600.00,0.0000,unchanged,2026-07-13,2026-07-13,false,false
4186bee813a79c5794fafe3e065919a8,2026-07-14,HERO-05,676311TT1W11000,Triple S.2 Sneaker (black),JPN,JPY,191000.00,191000.00,0.0000,unchanged,2026-07-13,2026-07-13,false,false
1c4001d59fbfc2dbb6e39066b47fcf42,2026-07-14,HERO-05,676311TT1W11000,Triple S.2 Sneaker (black),KOR,KRW,1820000.00,1820000.00,0.0000,unchanged,2026-07-13,2026-07-13,false,false
2227c09dee50c858e540539b0b08e84c,2026-07-14,HERO-05,676311TT1W11000,Triple S.2 Sneaker (black),USA,USD,1230.00,1230.00,0.0000,unchanged,2026-07-13,2026-07-13,false,false
8a260241e64ede4bae3102730f65d68f,2026-07-14,HERO-06,768723WND8D1000,3XL Sneaker (black),ARE,AED,4100.00,4100.00,0.0000,unchanged,2026-07-13,2026-07-13,false,false
78cbf7784c9180ca4327e9ab0e402663,2026-07-14,HERO-06,768723WND8D1000,3XL Sneaker (black),CHN,CNY,9000.00,9000.00,0.0000,unchanged,2026-07-13,2026-07-13,false,false
e69fbdd3bf3c02940cb895e48a801f26,2026-07-14,HERO-06,768723WND8D1000,3XL Sneaker (black),FRA,EUR,925.00,925.00,0.0000,unchanged,2026-07-13,2026-07-13,false,false
2b757c5b73b245c8f0284e155c2fdf45,2026-07-14,HERO-06,768723WND8D1000,3XL Sneaker (black),GBR,GBP,835.00,835.00,0.0000,unchanged,2026-07-13,2026-07-13,false,false
e0fb50331f54faae81099a5d0751a1f5,2026-07-14,HERO-06,768723WND8D1000,3XL Sneaker (black),HKG,HKD,9100.00,9100.00,0.0000,unchanged,2026-07-13,2026-07-13,false,false
a49e45f3d0bcbdc6e27ff9f59ce5429e,2026-07-14,HERO-06,768723WND8D1000,3XL Sneaker (black),JPN,JPY,169200.00,169200.00,0.0000,unchanged,2026-07-13,2026-07-13,false,false
7acfaaa3dee6e377be6179b27a1e5cfb,2026-07-14,HERO-06,768723WND8D1000,3XL Sneaker (black),KOR,KRW,1610000.00,1610000.00,0.0000,unchanged,2026-07-13,2026-07-13,false,false
d1ff4741f262354dc4922d337cbcd7fd,2026-07-14,HERO-06,768723WND8D1000,3XL Sneaker (black),USA,USD,1110.00,1110.00,0.0000,unchanged,2026-07-13,2026-07-13,false,false
2d2cb6d377190c69e6424950ee5cad67,2026-07-14,HERO-07,A064YD4GQIW1000,Le City Card Holder (black),ARE,AED,2200.00,2200.00,0.0000,unchanged,2026-07-13,2026-07-13,false,false
7e6c10852b2973bed6b0ae68d13c5dc0,2026-07-14,HERO-07,A064YD4GQIW1000,Le City Card Holder (black),CHN,CNY,4700.00,4700.00,0.0000,unchanged,2026-07-13,2026-07-13,false,false
2db0b466a6a3960ecdf1ac3777bad43b,2026-07-14,HERO-07,A064YD4GQIW1000,Le City Card Holder (black),FRA,EUR,475.00,475.00,0.0000,unchanged,2026-07-13,2026-07-13,false,false
057ee547e23bead9add24924e96820be,2026-07-14,HERO-07,A064YD4GQIW1000,Le City Card Holder (black),GBR,GBP,420.00,420.00,0.0000,unchanged,2026-07-13,2026-07-13,false,false
c52180bee8d46e5efd94c67ce22af1c0,2026-07-14,HERO-07,A064YD4GQIW1000,Le City Card Holder (black),HKG,HKD,4700.00,4700.00,0.0000,unchanged,2026-07-13,2026-07-13,false,false
8ef438bb6a2c6aae1d274a9ff032a888,2026-07-14,HERO-07,A064YD4GQIW1000,Le City Card Holder (black),JPN,JPY,84900.00,84900.00,0.0000,unchanged,2026-07-13,2026-07-13,false,false
5bf00120cc8292e78e0c0497907deade,2026-07-14,HERO-07,A064YD4GQIW1000,Le City Card Holder (black),KOR,KRW,850000.00,850000.00,0.0000,unchanged,2026-07-13,2026-07-13,false,false
04622d8d6f540b5ebc0ce39ecfd9e686,2026-07-14,HERO-07,A064YD4GQIW1000,Le City Card Holder (black),USA,USD,605.00,605.00,0.0000,unchanged,2026-07-13,2026-07-13,false,false
884c08dd3c41df37dfd8e778c3293e5e,2026-07-14,HERO-08,6786802AEJ81000,Cash Long Coin and Card Holder Large (black),ARE,AED,9050.00,9050.00,0.0000,unchanged,2026-07-13,2026-07-13,false,false
882326e0760f752694787850bae4e3bc,2026-07-14,HERO-08,6786802AEJ81000,Cash Long Coin and Card Holder Large (black),CHN,CNY,19000.00,19000.00,0.0000,unchanged,2026-07-13,2026-07-13,false,false
7221be131b9b60e2b8178604a0121f69,2026-07-14,HERO-08,6786802AEJ81000,Cash Long Coin and Card Holder Large (black),FRA,EUR,1990.00,1990.00,0.0000,unchanged,2026-07-13,2026-07-13,false,false
c1dfd0e109554b7971b0476be6276a49,2026-07-14,HERO-08,6786802AEJ81000,Cash Long Coin and Card Holder Large (black),GBR,GBP,1840.00,1840.00,0.0000,unchanged,2026-07-13,2026-07-13,false,false
5e103af1b637920802651011fa05bab7,2026-07-14,HERO-08,6786802AEJ81000,Cash Long Coin and Card Holder Large (black),HKG,HKD,19700.00,19700.00,0.0000,unchanged,2026-07-13,2026-07-13,false,false
0450c1757396c342a4e46ecb9384fc55,2026-07-14,HERO-08,6786802AEJ81000,Cash Long Coin and Card Holder Large (black),JPN,JPY,370200.00,370200.00,0.0000,unchanged,2026-07-13,2026-07-13,false,false
67db00fdfbd41454e682696a18643e67,2026-07-14,HERO-08,6786802AEJ81000,Cash Long Coin and Card Holder Large (black),KOR,KRW,3570000.00,3570000.00,0.0000,unchanged,2026-07-13,2026-07-13,false,false
c6400d646c0ec374b6d5b888559e6edd,2026-07-14,HERO-08,6786802AEJ81000,Cash Long Coin and Card Holder Large (black),USA,USD,2440.00,2440.00,0.0000,unchanged,2026-07-13,2026-07-13,false,false
3c18f1a72cd891b567ea3e6b07400c63,2026-07-21,HERO-01,543321TT8F11000,Le City Bag Medium (black),ARE,AED,10900.00,10900.00,0.0000,unchanged,2026-07-20,2026-07-20,false,false
c4a61f780f38feb6d3659567194c0bde,2026-07-21,HERO-01,543321TT8F11000,Le City Bag Medium (black),CHN,CNY,24200.00,24200.00,0.0000,unchanged,2026-07-20,2026-07-20,false,false
79238b7acb3e8308c67c51ea8a65f4be,2026-07-21,HERO-01,543321TT8F11000,Le City Bag Medium (black),FRA,EUR,2500.00,2500.00,0.0000,unchanged,2026-07-20,2026-07-20,false,false
4be1718609c10ac85001562e0015d22a,2026-07-21,HERO-01,543321TT8F11000,Le City Bag Medium (black),GBR,GBP,2280.00,2280.00,0.0000,unchanged,2026-07-20,2026-07-20,false,false
1180bada201b33c99fd281dfdc1ba510,2026-07-21,HERO-01,543321TT8F11000,Le City Bag Medium (black),HKG,HKD,23900.00,23900.00,0.0000,unchanged,2026-07-20,2026-07-20,false,false
da6b52f6e3cab204e75607e12fb4f570,2026-07-21,HERO-01,543321TT8F11000,Le City Bag Medium (black),JPN,JPY,442400.00,442400.00,0.0000,unchanged,2026-07-20,2026-07-20,false,false
e589695c077416a34adadf277cceb6e4,2026-07-21,HERO-01,543321TT8F11000,Le City Bag Medium (black),KOR,KRW,4510000.00,4510000.00,0.0000,unchanged,2026-07-20,2026-07-20,false,false
f80d0d9f39a8cb743774a13f5b84fe60,2026-07-21,HERO-01,543321TT8F11000,Le City Bag Medium (black),USA,USD,3090.00,3090.00,0.0000,unchanged,2026-07-20,2026-07-20,false,false
7ab683e1a7c22366e900e11295bb71d3,2026-07-21,HERO-02,53413121R3X1000,Rodeo Handbag Small (black),ARE,AED,11450.00,11450.00,0.0000,unchanged,2026-07-20,2026-07-20,false,false
0286346524d393959e265f1f4cf0eea6,2026-07-21,HERO-02,53413121R3X1000,Rodeo Handbag Small (black),CHN,CNY,23700.00,23700.00,0.0000,unchanged,2026-07-20,2026-07-20,false,false
ed259786bd8494eb4bac67a7d6341a5d,2026-07-21,HERO-02,53413121R3X1000,Rodeo Handbag Small (black),FRA,EUR,2450.00,2450.00,0.0000,unchanged,2026-07-20,2026-07-20,false,false
60c3f1a205bfa16e1271f2438302e58f,2026-07-21,HERO-02,53413121R3X1000,Rodeo Handbag Small (black),GBR,GBP,2190.00,2190.00,0.0000,unchanged,2026-07-20,2026-07-20,false,false
2e1ee36ce9a8d3d0b158caf86d879243,2026-07-21,HERO-02,53413121R3X1000,Rodeo Handbag Small (black),HKG,HKD,22900.00,22900.00,0.0000,unchanged,2026-07-20,2026-07-20,false,false
32ce03a61645ca310d3bb413ca03ad3e,2026-07-21,HERO-02,53413121R3X1000,Rodeo Handbag Small (black),JPN,JPY,439700.00,439700.00,0.0000,unchanged,2026-07-20,2026-07-20,false,false
931976ddfa458c094a2333975c69992c,2026-07-21,HERO-02,53413121R3X1000,Rodeo Handbag Small (black),KOR,KRW,4190000.00,4190000.00,0.0000,unchanged,2026-07-20,2026-07-20,false,false
7dc99a6daa8e25de05eadea37c3aa396,2026-07-21,HERO-02,53413121R3X1000,Rodeo Handbag Small (black),USA,USD,3000.00,3000.00,0.0000,unchanged,2026-07-20,2026-07-20,false,false
90ce2bc8f5b16494c05459973071b1d7,2026-07-21,HERO-03,687101TK1EY1000,Hourglass Handbag Small (black),ARE,AED,12500.00,12500.00,0.0000,unchanged,2026-07-20,2026-07-20,false,false
06c632504a6a11ae86fec40208d01b25,2026-07-21,HERO-03,687101TK1EY1000,Hourglass Handbag Small (black),CHN,CNY,25900.00,25900.00,0.0000,unchanged,2026-07-20,2026-07-20,false,false
aaa783d9b13ba7fd3c06bfb4726aad1e,2026-07-21,HERO-03,687101TK1EY1000,Hourglass Handbag Small (black),FRA,EUR,2750.00,2750.00,0.0000,unchanged,2026-07-20,2026-07-20,false,false
53583b55b968533f2d4280ae2f8f95a3,2026-07-21,HERO-03,687101TK1EY1000,Hourglass Handbag Small (black),GBR,GBP,2450.00,2450.00,0.0000,unchanged,2026-07-20,2026-07-20,false,false
e3a9622114580096ab7f688100af4680,2026-07-21,HERO-03,687101TK1EY1000,Hourglass Handbag Small (black),HKG,HKD,25500.00,25500.00,0.0000,unchanged,2026-07-20,2026-07-20,false,false
f77df8764b6a7be46210ddd05ee2b1c2,2026-07-21,HERO-03,687101TK1EY1000,Hourglass Handbag Small (black),JPN,JPY,510100.00,510100.00,0.0000,unchanged,2026-07-20,2026-07-20,false,false
1de4a195268f99e056ba7eba1e6f542a,2026-07-21,HERO-03,687101TK1EY1000,Hourglass Handbag Small (black),KOR,KRW,4840000.00,4840000.00,0.0000,unchanged,2026-07-20,2026-07-20,false,false
a9e1fc84713e677d75150749872590c9,2026-07-21,HERO-03,687101TK1EY1000,Hourglass Handbag Small (black),USA,USD,3620.00,3620.00,0.0000,unchanged,2026-07-20,2026-07-20,false,false
b90445f46571b7d94f78ce65c30ac7c0,2026-07-21,HERO-04,5543034GFF51000,Le Cagole Shoulder Bag Small (black),ARE,AED,18000.00,18000.00,0.0000,unchanged,2026-07-20,2026-07-20,false,false
b7c91bd2194ac0c065dd4249b4bee6a3,2026-07-21,HERO-04,5543034GFF51000,Le Cagole Shoulder Bag Small (black),CHN,CNY,37900.00,37900.00,0.0000,unchanged,2026-07-20,2026-07-20,false,false
92cd76264f038bf26d49d62276a1f34b,2026-07-21,HERO-04,5543034GFF51000,Le Cagole Shoulder Bag Small (black),FRA,EUR,3950.00,3950.00,0.0000,unchanged,2026-07-20,2026-07-20,false,false
cf103f8098ac78a401166beb0e35c67f,2026-07-21,HERO-04,5543034GFF51000,Le Cagole Shoulder Bag Small (black),GBR,GBP,3550.00,3550.00,0.0000,unchanged,2026-07-20,2026-07-20,false,false
3fc091d23987ef0a66a81f842713e10a,2026-07-21,HERO-04,5543034GFF51000,Le Cagole Shoulder Bag Small (black),HKG,HKD,38800.00,38800.00,0.0000,unchanged,2026-07-20,2026-07-20,false,false
3e3c53c7bfecead5f77a3a1e3a61fb3f,2026-07-21,HERO-04,5543034GFF51000,Le Cagole Shoulder Bag Small (black),JPN,JPY,715800.00,715800.00,0.0000,unchanged,2026-07-20,2026-07-20,false,false
ad35296821620e1183727d8873c09201,2026-07-21,HERO-04,5543034GFF51000,Le Cagole Shoulder Bag Small (black),KOR,KRW,6750000.00,6750000.00,0.0000,unchanged,2026-07-20,2026-07-20,false,false
c785877a9d2236d357c407754abdf2f0,2026-07-21,HERO-04,5543034GFF51000,Le Cagole Shoulder Bag Small (black),USA,USD,4750.00,4750.00,0.0000,unchanged,2026-07-20,2026-07-20,false,false
3bbb070299e718bb43cf3624c0e82bb4,2026-07-21,HERO-05,676311TT1W11000,Triple S.2 Sneaker (black),ARE,AED,4600.00,4600.00,0.0000,unchanged,2026-07-20,2026-07-20,false,false
2d9d09f490431f3dbcfdd8da4b4c0611,2026-07-21,HERO-05,676311TT1W11000,Triple S.2 Sneaker (black),CHN,CNY,9700.00,9700.00,0.0000,unchanged,2026-07-20,2026-07-20,false,false
ed025ac17cc9589fd3a8f36fe1361f29,2026-07-21,HERO-05,676311TT1W11000,Triple S.2 Sneaker (black),FRA,EUR,1020.00,1020.00,0.0000,unchanged,2026-07-20,2026-07-20,false,false
b401c6d8b428269c2660035db44d1ee7,2026-07-21,HERO-05,676311TT1W11000,Triple S.2 Sneaker (black),GBR,GBP,945.00,945.00,0.0000,unchanged,2026-07-20,2026-07-20,false,false
863fc56ecfe3fa69a77383e41af35865,2026-07-21,HERO-05,676311TT1W11000,Triple S.2 Sneaker (black),HKG,HKD,9600.00,9600.00,0.0000,unchanged,2026-07-20,2026-07-20,false,false
3982865caff2dde74253873a79322ff6,2026-07-21,HERO-05,676311TT1W11000,Triple S.2 Sneaker (black),JPN,JPY,191000.00,191000.00,0.0000,unchanged,2026-07-20,2026-07-20,false,false
aac55ca62bc6b6766815262b840c6d18,2026-07-21,HERO-05,676311TT1W11000,Triple S.2 Sneaker (black),KOR,KRW,1820000.00,1820000.00,0.0000,unchanged,2026-07-20,2026-07-20,false,false
f42e5d4cd5dd923794c038d2742a1f87,2026-07-21,HERO-05,676311TT1W11000,Triple S.2 Sneaker (black),USA,USD,1230.00,1230.00,0.0000,unchanged,2026-07-20,2026-07-20,false,false
cd46c73472ac55a0cf58dfbc87ed669f,2026-07-21,HERO-06,768723WND8D1000,3XL Sneaker (black),ARE,AED,4100.00,4100.00,0.0000,unchanged,2026-07-20,2026-07-20,false,false
dbe9661fbe27c863cbef2ddcae094a4e,2026-07-21,HERO-06,768723WND8D1000,3XL Sneaker (black),CHN,CNY,9000.00,9000.00,0.0000,unchanged,2026-07-20,2026-07-20,false,false
f10ed5170554819b609ef1c066410550,2026-07-21,HERO-06,768723WND8D1000,3XL Sneaker (black),FRA,EUR,925.00,925.00,0.0000,unchanged,2026-07-20,2026-07-20,false,false
42a766bf02ea18a3600d5cc99fca6b73,2026-07-21,HERO-06,768723WND8D1000,3XL Sneaker (black),GBR,GBP,835.00,835.00,0.0000,unchanged,2026-07-20,2026-07-20,false,false
66032903d0eaa24b658969dcd8bb61ee,2026-07-21,HERO-06,768723WND8D1000,3XL Sneaker (black),HKG,HKD,9100.00,9100.00,0.0000,unchanged,2026-07-20,2026-07-20,false,false
38f31ba7e2378ca382aee72b74a3a7fa,2026-07-21,HERO-06,768723WND8D1000,3XL Sneaker (black),JPN,JPY,169200.00,169200.00,0.0000,unchanged,2026-07-20,2026-07-20,false,false
0b7cff7e1add47c47ddf1115c2105e39,2026-07-21,HERO-06,768723WND8D1000,3XL Sneaker (black),KOR,KRW,1610000.00,1610000.00,0.0000,unchanged,2026-07-20,2026-07-20,false,false
d4cc62a4eb66b80d9b299cc88fc564eb,2026-07-21,HERO-06,768723WND8D1000,3XL Sneaker (black),USA,USD,1110.00,1110.00,0.0000,unchanged,2026-07-20,2026-07-20,false,false
4ef3097ac326785de603b198e41c4eea,2026-07-21,HERO-07,A064YD4GQIW1000,Le City Card Holder (black),ARE,AED,2200.00,2200.00,0.0000,unchanged,2026-07-20,2026-07-20,false,false
a64fd873bdbe69c82d89ee55419082c5,2026-07-21,HERO-07,A064YD4GQIW1000,Le City Card Holder (black),CHN,CNY,4700.00,4700.00,0.0000,unchanged,2026-07-20,2026-07-20,false,false
c1237510c6b170b38ab3820a0a5e5acd,2026-07-21,HERO-07,A064YD4GQIW1000,Le City Card Holder (black),FRA,EUR,475.00,475.00,0.0000,unchanged,2026-07-20,2026-07-20,false,false
a45d4f74969d728f5513031c87275f21,2026-07-21,HERO-07,A064YD4GQIW1000,Le City Card Holder (black),GBR,GBP,420.00,420.00,0.0000,unchanged,2026-07-20,2026-07-20,false,false
0f9356b107e8a2c4963044b7e69f1c32,2026-07-21,HERO-07,A064YD4GQIW1000,Le City Card Holder (black),HKG,HKD,4700.00,4700.00,0.0000,unchanged,2026-07-20,2026-07-20,false,false
a796ad2da8f7e2e2d831321c71f3a33a,2026-07-21,HERO-07,A064YD4GQIW1000,Le City Card Holder (black),JPN,JPY,84900.00,84900.00,0.0000,unchanged,2026-07-20,2026-07-20,false,false
6b306daac4efc91e4daf06e887039401,2026-07-21,HERO-07,A064YD4GQIW1000,Le City Card Holder (black),KOR,KRW,850000.00,850000.00,0.0000,unchanged,2026-07-20,2026-07-20,false,false
cc0f76dce780dcf95f8cae97e1a57bf2,2026-07-21,HERO-07,A064YD4GQIW1000,Le City Card Holder (black),USA,USD,605.00,605.00,0.0000,unchanged,2026-07-20,2026-07-20,false,false
9e868a5d7ae20417f207e46b4302633c,2026-07-21,HERO-08,6786802AEJ81000,Cash Long Coin and Card Holder Large (black),ARE,AED,9050.00,9050.00,0.0000,unchanged,2026-07-20,2026-07-20,false,false
0f44b62db58a35b53c4db5693b5345b3,2026-07-21,HERO-08,6786802AEJ81000,Cash Long Coin and Card Holder Large (black),CHN,CNY,19000.00,19000.00,0.0000,unchanged,2026-07-20,2026-07-20,false,false
36e439bba0dad839b327d8cd0118b850,2026-07-21,HERO-08,6786802AEJ81000,Cash Long Coin and Card Holder Large (black),FRA,EUR,1990.00,1990.00,0.0000,unchanged,2026-07-20,2026-07-20,false,false
f49931ef69e72f2bb11ced14cc4a8d3c,2026-07-21,HERO-08,6786802AEJ81000,Cash Long Coin and Card Holder Large (black),GBR,GBP,1840.00,1840.00,0.0000,unchanged,2026-07-20,2026-07-20,false,false
f867f517e0a430a1a1cc21426380a1fb,2026-07-21,HERO-08,6786802AEJ81000,Cash Long Coin and Card Holder Large (black),HKG,HKD,19700.00,19700.00,0.0000,unchanged,2026-07-20,2026-07-20,false,false
de5981b7931b83bbe567ef74e42df6d8,2026-07-21,HERO-08,6786802AEJ81000,Cash Long Coin and Card Holder Large (black),JPN,JPY,370200.00,370200.00,0.0000,unchanged,2026-07-20,2026-07-20,false,false
a2532aee7dc1fd71a003ab6ef9f25210,2026-07-21,HERO-08,6786802AEJ81000,Cash Long Coin and Card Holder Large (black),KOR,KRW,3570000.00,3570000.00,0.0000,unchanged,2026-07-20,2026-07-20,false,false
e9c25bdd81fb7e7ffc6135db26c9f31c,2026-07-21,HERO-08,6786802AEJ81000,Cash Long Coin and Card Holder Large (black),USA,USD,2440.00,2440.00,0.0000,unchanged,2026-07-20,2026-07-20,false,false
efb79ef6ea4d3167a389cc2d4bd096c3,2026-07-28,HERO-01,543321TT8F11000,Le City Bag Medium (black),ARE,AED,10900.00,10900.00,0.0000,unchanged,2026-07-27,2026-07-27,false,false
2d70f869938efad4cf2aa3a30c144eaa,2026-07-28,HERO-01,543321TT8F11000,Le City Bag Medium (black),CHN,CNY,24200.00,24200.00,0.0000,unchanged,2026-07-27,2026-07-27,false,false
983a3a7b6e1f3aaf065b258030ca5682,2026-07-28,HERO-01,543321TT8F11000,Le City Bag Medium (black),FRA,EUR,2500.00,2500.00,0.0000,unchanged,2026-07-27,2026-07-27,false,false
aaee15c4c888943dc2a38c676f536cf8,2026-07-28,HERO-01,543321TT8F11000,Le City Bag Medium (black),GBR,GBP,2280.00,2280.00,0.0000,unchanged,2026-07-27,2026-07-27,false,false
23311be2e0cd781b044891df54ec6ea7,2026-07-28,HERO-01,543321TT8F11000,Le City Bag Medium (black),HKG,HKD,23900.00,23900.00,0.0000,unchanged,2026-07-27,2026-07-27,false,false
c5b930f034165233d2d88c9e816b1ae2,2026-07-28,HERO-01,543321TT8F11000,Le City Bag Medium (black),JPN,JPY,442400.00,442400.00,0.0000,unchanged,2026-07-27,2026-07-27,false,false
ab336a2f1741d3961d3ce2a1c6e26fe8,2026-07-28,HERO-01,543321TT8F11000,Le City Bag Medium (black),KOR,KRW,4510000.00,4510000.00,0.0000,unchanged,2026-07-27,2026-07-27,false,false
b7da110e1c5703f724f5d47305f60685,2026-07-28,HERO-01,543321TT8F11000,Le City Bag Medium (black),USA,USD,3090.00,3090.00,0.0000,unchanged,2026-07-27,2026-07-27,false,false
5669b7f40bb96ce1b9602c18054f9d6b,2026-07-28,HERO-02,53413121R3X1000,Rodeo Handbag Small (black),ARE,AED,11450.00,11450.00,0.0000,unchanged,2026-07-27,2026-07-27,false,false
236aaa02a3d9c029eb1dbe9b1ce12b87,2026-07-28,HERO-02,53413121R3X1000,Rodeo Handbag Small (black),CHN,CNY,23700.00,23700.00,0.0000,unchanged,2026-07-27,2026-07-20,false,true
a0f38542612d8dec37b9729db6388c95,2026-07-28,HERO-02,53413121R3X1000,Rodeo Handbag Small (black),FRA,EUR,2450.00,2450.00,0.0000,unchanged,2026-07-27,2026-07-27,false,false
4b13613e5d05446cc59feaf6ef618ab6,2026-07-28,HERO-02,53413121R3X1000,Rodeo Handbag Small (black),GBR,GBP,2190.00,2190.00,0.0000,unchanged,2026-07-27,2026-07-27,false,false
d4ed49afc49f9c0665c3b861bd9c8386,2026-07-28,HERO-02,53413121R3X1000,Rodeo Handbag Small (black),HKG,HKD,22900.00,22900.00,0.0000,unchanged,2026-07-27,2026-07-27,false,false
fd7ec9d9543dea1e3516744527742419,2026-07-28,HERO-02,53413121R3X1000,Rodeo Handbag Small (black),JPN,JPY,439700.00,439700.00,0.0000,unchanged,2026-07-27,2026-07-27,false,false
1bc597f65d1d55da38a80085ffd672fc,2026-07-28,HERO-02,53413121R3X1000,Rodeo Handbag Small (black),KOR,KRW,4190000.00,4190000.00,0.0000,unchanged,2026-07-27,2026-07-27,false,false
3a43c5e388fd94479dfc0826e82f4073,2026-07-28,HERO-02,53413121R3X1000,Rodeo Handbag Small (black),USA,USD,3000.00,3000.00,0.0000,unchanged,2026-07-27,2026-07-27,false,false
6c02d8cc3408858c1440d47406dc0e9e,2026-07-28,HERO-03,687101TK1EY1000,Hourglass Handbag Small (black),ARE,AED,12500.00,12500.00,0.0000,unchanged,2026-07-27,2026-07-27,false,false
1aa121cf6065bbd1b0aa49f31c2764d5,2026-07-28,HERO-03,687101TK1EY1000,Hourglass Handbag Small (black),CHN,CNY,25900.00,25900.00,0.0000,unchanged,2026-07-27,2026-07-27,false,false
dc3c1c31080687eb2fecfd0539550181,2026-07-28,HERO-03,687101TK1EY1000,Hourglass Handbag Small (black),FRA,EUR,2750.00,2750.00,0.0000,unchanged,2026-07-27,2026-07-27,false,false
61d8637c9d9d2651770e94075ef6608f,2026-07-28,HERO-03,687101TK1EY1000,Hourglass Handbag Small (black),GBR,GBP,2450.00,2450.00,0.0000,unchanged,2026-07-27,2026-07-27,false,false
0cf98583ff1ce55646c4c270bb1e1080,2026-07-28,HERO-03,687101TK1EY1000,Hourglass Handbag Small (black),HKG,HKD,25500.00,25500.00,0.0000,unchanged,2026-07-27,2026-07-27,false,false
4adb4a56f6235768f6e3dac01bf5cb99,2026-07-28,HERO-03,687101TK1EY1000,Hourglass Handbag Small (black),JPN,JPY,510100.00,510100.00,0.0000,unchanged,2026-07-27,2026-07-27,false,false
ee88c03bcb2df7d348b423fc8b5b44b5,2026-07-28,HERO-03,687101TK1EY1000,Hourglass Handbag Small (black),KOR,KRW,4840000.00,4840000.00,0.0000,unchanged,2026-07-27,2026-07-27,false,false
1f896fb2cbb0259d0d0b5352ae08400e,2026-07-28,HERO-03,687101TK1EY1000,Hourglass Handbag Small (black),USA,USD,3620.00,3620.00,0.0000,unchanged,2026-07-27,2026-07-27,false,false
a71af656b94a50ea6d016bf7b6ac343e,2026-07-28,HERO-04,5543034GFF51000,Le Cagole Shoulder Bag Small (black),ARE,AED,18000.00,18000.00,0.0000,unchanged,2026-07-27,2026-07-27,false,false
f5ef75e5cb7631cb2a71106d4d511e3e,2026-07-28,HERO-04,5543034GFF51000,Le Cagole Shoulder Bag Small (black),CHN,CNY,37900.00,37900.00,0.0000,unchanged,2026-07-27,2026-07-27,false,false
91448cee33c83e5fde0f28183a72e46e,2026-07-28,HERO-04,5543034GFF51000,Le Cagole Shoulder Bag Small (black),FRA,EUR,3950.00,3950.00,0.0000,unchanged,2026-07-27,2026-07-27,false,false
9ee186c4752df900ecf92cf8401fb8ef,2026-07-28,HERO-04,5543034GFF51000,Le Cagole Shoulder Bag Small (black),GBR,GBP,3550.00,3550.00,0.0000,unchanged,2026-07-27,2026-07-27,false,false
d34b203c758d0f335f322502a4a63cb2,2026-07-28,HERO-04,5543034GFF51000,Le Cagole Shoulder Bag Small (black),HKG,HKD,38800.00,38800.00,0.0000,unchanged,2026-07-27,2026-07-27,false,false
c023360252b7108b40ee9d7d9e02b351,2026-07-28,HERO-04,5543034GFF51000,Le Cagole Shoulder Bag Small (black),JPN,JPY,715800.00,715800.00,0.0000,unchanged,2026-07-27,2026-07-27,false,false
2eb3ad934d55a65ec083dce988d9aa5f,2026-07-28,HERO-04,5543034GFF51000,Le Cagole Shoulder Bag Small (black),KOR,KRW,6750000.00,6750000.00,0.0000,unchanged,2026-07-27,2026-07-27,false,false
dfc139ade4b77783573779a6f33125b2,2026-07-28,HERO-04,5543034GFF51000,Le Cagole Shoulder Bag Small (black),USA,USD,4750.00,4750.00,0.0000,unchanged,2026-07-27,2026-07-27,false,false
dc6d6689de3226bad95b75a56ad48b00,2026-07-28,HERO-05,676311TT1W11000,Triple S.2 Sneaker (black),ARE,AED,4600.00,4600.00,0.0000,unchanged,2026-07-27,2026-07-27,false,false
57e32c36a229f20b06449b811ebd7e5a,2026-07-28,HERO-05,676311TT1W11000,Triple S.2 Sneaker (black),CHN,CNY,9700.00,9700.00,0.0000,unchanged,2026-07-27,2026-07-27,false,false
965e4bb2edc22d28aba41c07f7ba16d5,2026-07-28,HERO-05,676311TT1W11000,Triple S.2 Sneaker (black),FRA,EUR,1020.00,1020.00,0.0000,unchanged,2026-07-27,2026-07-27,false,false
bacda2d3308a5b930a28830c2036481f,2026-07-28,HERO-05,676311TT1W11000,Triple S.2 Sneaker (black),GBR,GBP,945.00,945.00,0.0000,unchanged,2026-07-27,2026-07-27,false,false
c074b697dcc34b782d92ce6f74452fae,2026-07-28,HERO-05,676311TT1W11000,Triple S.2 Sneaker (black),HKG,HKD,9600.00,9600.00,0.0000,unchanged,2026-07-27,2026-07-27,false,false
1b846c44a20e098a32ef59c697f34883,2026-07-28,HERO-05,676311TT1W11000,Triple S.2 Sneaker (black),JPN,JPY,191000.00,191000.00,0.0000,unchanged,2026-07-27,2026-07-27,false,false
b327035ea6ba245148372afc57b3e797,2026-07-28,HERO-05,676311TT1W11000,Triple S.2 Sneaker (black),KOR,KRW,1820000.00,1820000.00,0.0000,unchanged,2026-07-27,2026-07-27,false,false
76b12bbdd3a999838dcfab961397e3d1,2026-07-28,HERO-05,676311TT1W11000,Triple S.2 Sneaker (black),USA,USD,1230.00,1230.00,0.0000,unchanged,2026-07-27,2026-07-27,false,false
e4195a5c7c7d64261578e8366799aefa,2026-07-28,HERO-06,768723WND8D1000,3XL Sneaker (black),ARE,AED,4100.00,4100.00,0.0000,unchanged,2026-07-27,2026-07-27,false,false
04ca3ddc97d789ac5eaf54004a61c6ea,2026-07-28,HERO-06,768723WND8D1000,3XL Sneaker (black),CHN,CNY,9000.00,9000.00,0.0000,unchanged,2026-07-27,2026-07-27,false,false
bffe393abbd3ee6b40eac9c5e7926f26,2026-07-28,HERO-06,768723WND8D1000,3XL Sneaker (black),FRA,EUR,925.00,925.00,0.0000,unchanged,2026-07-27,2026-07-27,false,false
683675515d2043593c019ad4adffe2a3,2026-07-28,HERO-06,768723WND8D1000,3XL Sneaker (black),GBR,GBP,835.00,835.00,0.0000,unchanged,2026-07-27,2026-07-27,false,false
05a63560ab8514d3d65cdc954781f99e,2026-07-28,HERO-06,768723WND8D1000,3XL Sneaker (black),HKG,HKD,9100.00,9100.00,0.0000,unchanged,2026-07-27,2026-07-27,false,false
7e85e75cc3f279f9681929f1fe01f539,2026-07-28,HERO-06,768723WND8D1000,3XL Sneaker (black),JPN,JPY,169200.00,169200.00,0.0000,unchanged,2026-07-27,2026-07-27,false,false
5e5faf2c39901a9f52bc8ec691dea83d,2026-07-28,HERO-06,768723WND8D1000,3XL Sneaker (black),KOR,KRW,1610000.00,1610000.00,0.0000,unchanged,2026-07-27,2026-07-27,false,false
02b0e12aed5b6dd7a307b71092244dc8,2026-07-28,HERO-06,768723WND8D1000,3XL Sneaker (black),USA,USD,1110.00,1110.00,0.0000,unchanged,2026-07-27,2026-07-27,false,false
a40ad9937c99f82cf794c19dc62bdaa5,2026-07-28,HERO-07,A064YD4GQIW1000,Le City Card Holder (black),ARE,AED,2200.00,2200.00,0.0000,unchanged,2026-07-27,2026-07-27,false,false
4db4b9ee39fde7c8b7b9875e9520d240,2026-07-28,HERO-07,A064YD4GQIW1000,Le City Card Holder (black),CHN,CNY,4700.00,4700.00,0.0000,unchanged,2026-07-27,2026-07-27,false,false
4cd98480849e8eb358a3d3bef09d0632,2026-07-28,HERO-07,A064YD4GQIW1000,Le City Card Holder (black),FRA,EUR,475.00,475.00,0.0000,unchanged,2026-07-27,2026-07-27,false,false
901dc52302357709a5c92ceda4b1f322,2026-07-28,HERO-07,A064YD4GQIW1000,Le City Card Holder (black),GBR,GBP,420.00,420.00,0.0000,unchanged,2026-07-27,2026-07-27,false,false
dbc6c7e39f4cfbbca83d62e5ac3b808d,2026-07-28,HERO-07,A064YD4GQIW1000,Le City Card Holder (black),HKG,HKD,4700.00,4700.00,0.0000,unchanged,2026-07-27,2026-07-27,false,false
cab1467232d5bebc5a51542b38ff6951,2026-07-28,HERO-07,A064YD4GQIW1000,Le City Card Holder (black),JPN,JPY,84900.00,84900.00,0.0000,unchanged,2026-07-27,2026-07-27,false,false
602fe41ef63d377d2b39aa49e79998b6,2026-07-28,HERO-07,A064YD4GQIW1000,Le City Card Holder (black),KOR,KRW,850000.00,850000.00,0.0000,unchanged,2026-07-27,2026-07-27,false,false
f11799c1e673cff0bda877ff9979e4b0,2026-07-28,HERO-07,A064YD4GQIW1000,Le City Card Holder (black),USA,USD,605.00,605.00,0.0000,unchanged,2026-07-27,2026-07-27,false,false
746391780a75d6a4952bca60821e14fa,2026-07-28,HERO-08,6786802AEJ81000,Cash Long Coin and Card Holder Large (black),ARE,AED,9050.00,9050.00,0.0000,unchanged,2026-07-27,2026-07-27,false,false
c1fefa1ca3300a970a1c802594ae5b4a,2026-07-28,HERO-08,6786802AEJ81000,Cash Long Coin and Card Holder Large (black),CHN,CNY,19000.00,19000.00,0.0000,unchanged,2026-07-27,2026-07-27,false,false
57361013b423a5915d0e4a2f556bc20e,2026-07-28,HERO-08,6786802AEJ81000,Cash Long Coin and Card Holder Large (black),FRA,EUR,1990.00,1990.00,0.0000,unchanged,2026-07-27,2026-07-27,false,false
392bcdebef2d1012df1c2e6a9c415aae,2026-07-28,HERO-08,6786802AEJ81000,Cash Long Coin and Card Holder Large (black),GBR,GBP,1840.00,1840.00,0.0000,unchanged,2026-07-27,2026-07-27,false,false
f4f8cdf82c3dd53c15609aea32422f52,2026-07-28,HERO-08,6786802AEJ81000,Cash Long Coin and Card Holder Large (black),HKG,HKD,19700.00,19700.00,0.0000,unchanged,2026-07-27,2026-07-27,false,false
d1cd17cb75d183c038e5c65bd5e50b99,2026-07-28,HERO-08,6786802AEJ81000,Cash Long Coin and Card Holder Large (black),JPN,JPY,370200.00,370200.00,0.0000,unchanged,2026-07-27,2026-07-27,false,false
f5b004ec4f8bcba658de4f4dbd09710d,2026-07-28,HERO-08,6786802AEJ81000,Cash Long Coin and Card Holder Large (black),KOR,KRW,3570000.00,3570000.00,0.0000,unchanged,2026-07-27,2026-07-27,false,false
d5217d61be6b5b95cc851c474ea2cfff,2026-07-28,HERO-08,6786802AEJ81000,Cash Long Coin and Card Holder Large (black),USA,USD,2440.00,2440.00,0.0000,unchanged,2026-07-27,2026-07-20,false,true
7416901a125815ce26bd1effa1c29703,2026-08-04,HERO-01,543321TT8F11000,Le City Bag Medium (black),ARE,AED,10900.00,10900.00,0.0000,unchanged,2026-08-03,2026-08-03,false,false
74529ba0f5b8d5d1bfdc36e370d7de6f,2026-08-04,HERO-01,543321TT8F11000,Le City Bag Medium (black),CHN,CNY,24200.00,24200.00,0.0000,unchanged,2026-08-03,2026-08-03,false,false
4b9ddff848a7dd471e63c992ff874888,2026-08-04,HERO-01,543321TT8F11000,Le City Bag Medium (black),FRA,EUR,2500.00,2500.00,0.0000,unchanged,2026-08-03,2026-08-03,false,false
de45aa14af144166616c05c8adbeed7d,2026-08-04,HERO-01,543321TT8F11000,Le City Bag Medium (black),GBR,GBP,2280.00,2280.00,0.0000,unchanged,2026-08-03,2026-08-03,false,false
2527dfe79a6669ad86963a48ba73e881,2026-08-04,HERO-01,543321TT8F11000,Le City Bag Medium (black),HKG,HKD,23900.00,23900.00,0.0000,unchanged,2026-08-03,2026-08-03,false,false
a05ffaf09fc64dd51d7e7ea60134dd8d,2026-08-04,HERO-01,543321TT8F11000,Le City Bag Medium (black),JPN,JPY,442400.00,442400.00,0.0000,unchanged,2026-08-03,2026-08-03,false,false
7641001f8352eb531230cc1187ec6b77,2026-08-04,HERO-01,543321TT8F11000,Le City Bag Medium (black),KOR,KRW,4510000.00,4510000.00,0.0000,unchanged,2026-08-03,2026-08-03,false,false
b41680dc66c8280135182da6a0ec4211,2026-08-04,HERO-01,543321TT8F11000,Le City Bag Medium (black),USA,USD,3090.00,3090.00,0.0000,unchanged,2026-08-03,2026-08-03,false,false
0face6ec8cf6593c3ef65a7912e3b1e7,2026-08-04,HERO-02,53413121R3X1000,Rodeo Handbag Small (black),ARE,AED,12100.00,11450.00,0.0568,price_increase,2026-08-03,2026-08-03,false,false
92e1de7068f22951eb83f1454d361272,2026-08-04,HERO-02,53413121R3X1000,Rodeo Handbag Small (black),CHN,CNY,24900.00,23700.00,0.0506,price_increase,2026-08-03,2026-08-03,false,false
0229cb150b02ea172ead4a7737452d7d,2026-08-04,HERO-02,53413121R3X1000,Rodeo Handbag Small (black),FRA,EUR,2580.00,2450.00,0.0531,price_increase,2026-08-03,2026-08-03,false,false
41b121b8df6cf31f490ba18255f92c15,2026-08-04,HERO-02,53413121R3X1000,Rodeo Handbag Small (black),GBR,GBP,2310.00,2190.00,0.0548,price_increase,2026-08-03,2026-08-03,false,false
84da27325d8a85ea452edb0b671d2773,2026-08-04,HERO-02,53413121R3X1000,Rodeo Handbag Small (black),HKG,HKD,24100.00,22900.00,0.0524,price_increase,2026-08-03,2026-08-03,false,false
46848fc5312a4ef6c971bb98d58f9a67,2026-08-04,HERO-02,53413121R3X1000,Rodeo Handbag Small (black),JPN,JPY,463100.00,439700.00,0.0532,price_increase,2026-08-03,2026-08-03,false,false
48d1954254f2f90938309c9e8de40b92,2026-08-04,HERO-02,53413121R3X1000,Rodeo Handbag Small (black),KOR,KRW,4420000.00,4190000.00,0.0549,price_increase,2026-08-03,2026-08-03,false,false
8f5696ec3c0f391b2797f9dc6acfba2b,2026-08-04,HERO-02,53413121R3X1000,Rodeo Handbag Small (black),USA,USD,3160.00,3000.00,0.0533,price_increase,2026-08-03,2026-08-03,false,false
ff09fdc6cf0295ad67fe79012409a71a,2026-08-04,HERO-03,687101TK1EY1000,Hourglass Handbag Small (black),ARE,AED,12500.00,12500.00,0.0000,unchanged,2026-08-03,2026-08-03,false,false
6575a73b12f76b0413e618224717b79f,2026-08-04,HERO-03,687101TK1EY1000,Hourglass Handbag Small (black),CHN,CNY,25900.00,25900.00,0.0000,unchanged,2026-08-03,2026-08-03,false,false
93eb8dd38bce8cac0042470451f6b643,2026-08-04,HERO-03,687101TK1EY1000,Hourglass Handbag Small (black),FRA,EUR,2750.00,2750.00,0.0000,unchanged,2026-08-03,2026-08-03,false,false
bb7c345fac3c2509f63d56e8bf452c12,2026-08-04,HERO-03,687101TK1EY1000,Hourglass Handbag Small (black),GBR,GBP,2450.00,2450.00,0.0000,unchanged,2026-08-03,2026-08-03,false,false
76d0d177d270169c7c8cd7329fcf6f00,2026-08-04,HERO-03,687101TK1EY1000,Hourglass Handbag Small (black),HKG,HKD,25500.00,25500.00,0.0000,unchanged,2026-08-03,2026-08-03,false,false
92e2235398359ebfa3623e435263a926,2026-08-04,HERO-03,687101TK1EY1000,Hourglass Handbag Small (black),JPN,JPY,510100.00,510100.00,0.0000,unchanged,2026-08-03,2026-08-03,false,false
40f47e24422364e9896e36455aee89c8,2026-08-04,HERO-03,687101TK1EY1000,Hourglass Handbag Small (black),KOR,KRW,4840000.00,4840000.00,0.0000,unchanged,2026-08-03,2026-08-03,false,false
52bc664dbacd2a3f0cc829d5eb8fb23a,2026-08-04,HERO-03,687101TK1EY1000,Hourglass Handbag Small (black),USA,USD,3620.00,3620.00,0.0000,unchanged,2026-08-03,2026-08-03,false,false
cecbb95421821baa514036b037673eef,2026-08-04,HERO-04,5543034GFF51000,Le Cagole Shoulder Bag Small (black),ARE,AED,18000.00,18000.00,0.0000,unchanged,2026-08-03,2026-08-03,false,false
503ee935911a6fd43ab7135de65973cb,2026-08-04,HERO-04,5543034GFF51000,Le Cagole Shoulder Bag Small (black),CHN,CNY,37900.00,37900.00,0.0000,unchanged,2026-08-03,2026-08-03,false,false
a1179ed5b59c7cf1dc6ae7013d3c3064,2026-08-04,HERO-04,5543034GFF51000,Le Cagole Shoulder Bag Small (black),FRA,EUR,3950.00,3950.00,0.0000,unchanged,2026-08-03,2026-08-03,false,false
bc909be3b3d17046a884392362745387,2026-08-04,HERO-04,5543034GFF51000,Le Cagole Shoulder Bag Small (black),GBR,GBP,3550.00,3550.00,0.0000,unchanged,2026-08-03,2026-08-03,false,false
d7a38552ab9a1970613417852a7229d8,2026-08-04,HERO-04,5543034GFF51000,Le Cagole Shoulder Bag Small (black),HKG,HKD,38800.00,38800.00,0.0000,unchanged,2026-08-03,2026-08-03,false,false
1afe39b0601a70605e5fa3e7e289c733,2026-08-04,HERO-04,5543034GFF51000,Le Cagole Shoulder Bag Small (black),JPN,JPY,715800.00,715800.00,0.0000,unchanged,2026-08-03,2026-08-03,false,false
4d7db609cbe47600a68279010cabd2e7,2026-08-04,HERO-04,5543034GFF51000,Le Cagole Shoulder Bag Small (black),KOR,KRW,6750000.00,6750000.00,0.0000,unchanged,2026-08-03,2026-08-03,false,false
1ef14281f6b0737bde4930121fd9a7fb,2026-08-04,HERO-04,5543034GFF51000,Le Cagole Shoulder Bag Small (black),USA,USD,4750.00,4750.00,0.0000,unchanged,2026-08-03,2026-08-03,false,false
61148b009c29b04697c0de9ec7071da9,2026-08-04,HERO-05,676311TT1W11000,Triple S.2 Sneaker (black),ARE,AED,4600.00,4600.00,0.0000,unchanged,2026-08-03,2026-08-03,false,false
3be63e1d92a93a2526dd10db99da9c67,2026-08-04,HERO-05,676311TT1W11000,Triple S.2 Sneaker (black),CHN,CNY,9700.00,9700.00,0.0000,unchanged,2026-08-03,2026-08-03,false,false
d2f342e58282b5f5a26bfb7d1ccdbcff,2026-08-04,HERO-05,676311TT1W11000,Triple S.2 Sneaker (black),FRA,EUR,1020.00,1020.00,0.0000,unchanged,2026-08-03,2026-08-03,false,false
2d942cd41f1e20207d8e1bb7859ffb4f,2026-08-04,HERO-05,676311TT1W11000,Triple S.2 Sneaker (black),GBR,GBP,945.00,945.00,0.0000,unchanged,2026-08-03,2026-08-03,false,false
8ab83c8e3a5b04ce3a61fed3a73cdc27,2026-08-04,HERO-05,676311TT1W11000,Triple S.2 Sneaker (black),HKG,HKD,9600.00,9600.00,0.0000,unchanged,2026-08-03,2026-08-03,false,false
6c3cf0ecc644d83efc0c408109546ee7,2026-08-04,HERO-05,676311TT1W11000,Triple S.2 Sneaker (black),JPN,JPY,191000.00,191000.00,0.0000,unchanged,2026-08-03,2026-08-03,false,false
a22dfcbfa05da4701ac36b3cd8b7a490,2026-08-04,HERO-05,676311TT1W11000,Triple S.2 Sneaker (black),KOR,KRW,1820000.00,1820000.00,0.0000,unchanged,2026-08-03,2026-08-03,false,false
29fe44b2c6747250ccfdf4ab78105848,2026-08-04,HERO-05,676311TT1W11000,Triple S.2 Sneaker (black),USA,USD,1230.00,1230.00,0.0000,unchanged,2026-08-03,2026-08-03,false,false
0cbf1ebccee4edcd4197209b23a0350b,2026-08-04,HERO-06,768723WND8D1000,3XL Sneaker (black),ARE,AED,4100.00,4100.00,0.0000,unchanged,2026-08-03,2026-08-03,false,false
7d3b204ed4eb0247a0424e068c4a5dad,2026-08-04,HERO-06,768723WND8D1000,3XL Sneaker (black),CHN,CNY,9000.00,9000.00,0.0000,unchanged,2026-08-03,2026-08-03,false,false
5c2d996686dcfa5c46f9c40921d3cacb,2026-08-04,HERO-06,768723WND8D1000,3XL Sneaker (black),FRA,EUR,925.00,925.00,0.0000,unchanged,2026-08-03,2026-08-03,false,false
e30093ac80ab1ec807584632657eccc1,2026-08-04,HERO-06,768723WND8D1000,3XL Sneaker (black),GBR,GBP,835.00,835.00,0.0000,unchanged,2026-08-03,2026-08-03,false,false
18276c0a77b648c57c8317e03bde5b54,2026-08-04,HERO-06,768723WND8D1000,3XL Sneaker (black),HKG,HKD,9100.00,9100.00,0.0000,unchanged,2026-08-03,2026-08-03,false,false
0c8fd2e6f64e811591667ad71ba94500,2026-08-04,HERO-06,768723WND8D1000,3XL Sneaker (black),JPN,JPY,169200.00,169200.00,0.0000,unchanged,2026-08-03,2026-08-03,false,false
8e971227d79d83e2d6eeb9bd9e7a8794,2026-08-04,HERO-06,768723WND8D1000,3XL Sneaker (black),KOR,KRW,1610000.00,1610000.00,0.0000,unchanged,2026-08-03,2026-08-03,false,false
5811cc5e0a7350938767164307f3c044,2026-08-04,HERO-06,768723WND8D1000,3XL Sneaker (black),USA,USD,1110.00,1110.00,0.0000,unchanged,2026-08-03,2026-08-03,false,false
4a90bb28788e3e84c377fba14f1cdd35,2026-08-04,HERO-07,A064YD4GQIW1000,Le City Card Holder (black),ARE,AED,2200.00,2200.00,0.0000,unchanged,2026-08-03,2026-08-03,false,false
9f563dd4eb3f8eed539de972d21e4d4e,2026-08-04,HERO-07,A064YD4GQIW1000,Le City Card Holder (black),CHN,CNY,4700.00,4700.00,0.0000,unchanged,2026-08-03,2026-08-03,false,false
e27a46f631c011aa11f017497b5ba897,2026-08-04,HERO-07,A064YD4GQIW1000,Le City Card Holder (black),FRA,EUR,475.00,475.00,0.0000,unchanged,2026-08-03,2026-08-03,false,false
b0ee910e7fe8ef6dd7b2bd3aae74305c,2026-08-04,HERO-07,A064YD4GQIW1000,Le City Card Holder (black),GBR,GBP,420.00,420.00,0.0000,unchanged,2026-08-03,2026-08-03,false,false
f7c17900fd51509394d826e236ef6a33,2026-08-04,HERO-07,A064YD4GQIW1000,Le City Card Holder (black),HKG,HKD,4700.00,4700.00,0.0000,unchanged,2026-08-03,2026-08-03,false,false
8b8b6b22d3de29b6c5ed097fede6b4dc,2026-08-04,HERO-07,A064YD4GQIW1000,Le City Card Holder (black),JPN,JPY,84900.00,84900.00,0.0000,unchanged,2026-08-03,2026-08-03,false,false
b8274d5ab0ecf11c1d37fd01bc121403,2026-08-04,HERO-07,A064YD4GQIW1000,Le City Card Holder (black),KOR,KRW,850000.00,850000.00,0.0000,unchanged,2026-08-03,2026-08-03,false,false
8996723447a8b6105545b4c595f469b4,2026-08-04,HERO-07,A064YD4GQIW1000,Le City Card Holder (black),USA,USD,605.00,605.00,0.0000,unchanged,2026-08-03,2026-08-03,false,false
c9aee0cd0fc0b78e7624bde387252e40,2026-08-04,HERO-08,6786802AEJ81000,Cash Long Coin and Card Holder Large (black),ARE,AED,9050.00,9050.00,0.0000,unchanged,2026-08-03,2026-08-03,false,false
6f1254dc5d9c67c9a3a483b23216222d,2026-08-04,HERO-08,6786802AEJ81000,Cash Long Coin and Card Holder Large (black),CHN,CNY,19000.00,19000.00,0.0000,unchanged,2026-08-03,2026-08-03,false,false
760015597c4d6915a9b887f6f829ee22,2026-08-04,HERO-08,6786802AEJ81000,Cash Long Coin and Card Holder Large (black),FRA,EUR,1990.00,1990.00,0.0000,unchanged,2026-08-03,2026-08-03,false,false
e5f43f4641e08d798dcca04b9332ea5c,2026-08-04,HERO-08,6786802AEJ81000,Cash Long Coin and Card Holder Large (black),GBR,GBP,1840.00,1840.00,0.0000,unchanged,2026-08-03,2026-08-03,false,false
299a857710ba82239deabc62d895e713,2026-08-04,HERO-08,6786802AEJ81000,Cash Long Coin and Card Holder Large (black),HKG,HKD,19700.00,19700.00,0.0000,unchanged,2026-08-03,2026-08-03,false,false
90c259dc0fa73c8d91d233568df53c1a,2026-08-04,HERO-08,6786802AEJ81000,Cash Long Coin and Card Holder Large (black),JPN,JPY,370200.00,370200.00,0.0000,unchanged,2026-08-03,2026-08-03,false,false
188479e61d7a15372f2da301a301799b,2026-08-04,HERO-08,6786802AEJ81000,Cash Long Coin and Card Holder Large (black),KOR,KRW,3570000.00,3570000.00,0.0000,unchanged,2026-08-03,2026-08-03,false,false
0a9f298cbcae47542ce7b21ff8775226,2026-08-04,HERO-08,6786802AEJ81000,Cash Long Coin and Card Holder Large (black),USA,USD,2440.00,2440.00,0.0000,unchanged,2026-08-03,2026-08-03,false,false
6a70bc1e2eb84711f2a3a8d39a77de23,2026-08-11,HERO-01,543321TT8F11000,Le City Bag Medium (black),ARE,AED,10900.00,10900.00,0.0000,unchanged,2026-08-10,2026-08-10,false,false
a87cfd9b63ec5301120826504d5b9d95,2026-08-11,HERO-01,543321TT8F11000,Le City Bag Medium (black),CHN,CNY,24200.00,24200.00,0.0000,unchanged,2026-08-10,2026-08-10,false,false
f5e2a093ad42cfb03fb0a3c14f8cfb7b,2026-08-11,HERO-01,543321TT8F11000,Le City Bag Medium (black),FRA,EUR,,2500.00,,page_error,2026-08-10,,false,false
841c48067bcf7a0aa55edfabd9718617,2026-08-11,HERO-01,543321TT8F11000,Le City Bag Medium (black),GBR,GBP,2280.00,2280.00,0.0000,unchanged,2026-08-10,2026-08-10,false,false
259f6a473d560b36b4a6f8f7338704d3,2026-08-11,HERO-01,543321TT8F11000,Le City Bag Medium (black),HKG,HKD,23900.00,23900.00,0.0000,unchanged,2026-08-10,2026-08-10,false,false
5331d5f81e330651687a24d9d67f37d8,2026-08-11,HERO-01,543321TT8F11000,Le City Bag Medium (black),JPN,JPY,442400.00,442400.00,0.0000,unchanged,2026-08-10,2026-08-10,false,false
823cd1a439cc658fed1febc3d983f9d7,2026-08-11,HERO-01,543321TT8F11000,Le City Bag Medium (black),KOR,KRW,4510000.00,4510000.00,0.0000,unchanged,2026-08-10,2026-08-10,false,false
32826f13d990a9854035f4f4bc821140,2026-08-11,HERO-01,543321TT8F11000,Le City Bag Medium (black),USA,USD,3090.00,3090.00,0.0000,unchanged,2026-08-10,2026-08-10,false,false
ad8771e480b85a987a233d7af41ccf5d,2026-08-11,HERO-02,53413121R3X1000,Rodeo Handbag Small (black),ARE,AED,12100.00,12100.00,0.0000,unchanged,2026-08-10,2026-08-10,false,false
1d9ac340b50d4fcae87f1a8ed183058b,2026-08-11,HERO-02,53413121R3X1000,Rodeo Handbag Small (black),CHN,CNY,24900.00,24900.00,0.0000,unchanged,2026-08-10,2026-08-10,false,false
fb2217e79a9df979d4ab36134d36a219,2026-08-11,HERO-02,53413121R3X1000,Rodeo Handbag Small (black),FRA,EUR,2580.00,2580.00,0.0000,unchanged,2026-08-10,2026-08-10,false,false
68fed229ce95aea8ec4cbcbcc9f1ebe3,2026-08-11,HERO-02,53413121R3X1000,Rodeo Handbag Small (black),GBR,GBP,2310.00,2310.00,0.0000,unchanged,2026-08-10,2026-08-10,false,false
3b0a0052060458bc4f5a3b5287588148,2026-08-11,HERO-02,53413121R3X1000,Rodeo Handbag Small (black),HKG,HKD,24100.00,24100.00,0.0000,unchanged,2026-08-10,2026-08-10,false,false
732979de10e28d233719f092ca72ddd5,2026-08-11,HERO-02,53413121R3X1000,Rodeo Handbag Small (black),JPN,JPY,463100.00,463100.00,0.0000,unchanged,2026-08-10,2026-08-10,false,false
bfe3fa27fa0de19370788ffd69bf0227,2026-08-11,HERO-02,53413121R3X1000,Rodeo Handbag Small (black),KOR,KRW,4420000.00,4420000.00,0.0000,unchanged,2026-08-10,2026-08-10,false,false
6f75146e8828902224d99358bffe4036,2026-08-11,HERO-02,53413121R3X1000,Rodeo Handbag Small (black),USA,USD,3160.00,3160.00,0.0000,unchanged,2026-08-10,2026-08-10,false,false
a3ebf00d3b1dd90adce473f09eb498e9,2026-08-11,HERO-03,687101TK1EY1000,Hourglass Handbag Small (black),ARE,AED,12500.00,12500.00,0.0000,unchanged,2026-08-10,2026-08-10,false,false
26f072d17d140f995ccab18cbef6a02e,2026-08-11,HERO-03,687101TK1EY1000,Hourglass Handbag Small (black),CHN,CNY,25900.00,25900.00,0.0000,unchanged,2026-08-10,2026-08-10,false,false
b43ba8088142f22d5d264362bb261d9e,2026-08-11,HERO-03,687101TK1EY1000,Hourglass Handbag Small (black),FRA,EUR,2750.00,2750.00,0.0000,unchanged,2026-08-10,2026-08-10,false,false
e933ce6b20b9870e8dedcba196aec847,2026-08-11,HERO-03,687101TK1EY1000,Hourglass Handbag Small (black),GBR,GBP,2450.00,2450.00,0.0000,unchanged,2026-08-10,2026-08-10,false,false
bdc8384dc774e13bab10067cef044f7b,2026-08-11,HERO-03,687101TK1EY1000,Hourglass Handbag Small (black),HKG,HKD,25500.00,25500.00,0.0000,unchanged,2026-08-10,2026-08-10,false,false
606da2357864789db3ccfd837e6f2d99,2026-08-11,HERO-03,687101TK1EY1000,Hourglass Handbag Small (black),JPN,JPY,510100.00,510100.00,0.0000,unchanged,2026-08-10,2026-08-10,false,false
983e84726e220957e3830d7f6b10da72,2026-08-11,HERO-03,687101TK1EY1000,Hourglass Handbag Small (black),KOR,KRW,4840000.00,4840000.00,0.0000,unchanged,2026-08-10,2026-08-10,false,false
7d5cab876f915a87070328fc1a7e3915,2026-08-11,HERO-03,687101TK1EY1000,Hourglass Handbag Small (black),USA,USD,3620.00,3620.00,0.0000,unchanged,2026-08-10,2026-08-10,false,false
d0999f6e34fc24be7dd3a26f03309114,2026-08-11,HERO-04,5543034GFF51000,Le Cagole Shoulder Bag Small (black),ARE,AED,18000.00,18000.00,0.0000,unchanged,2026-08-10,2026-08-10,false,false
3879876500dbd1d338cbf051664ba8e3,2026-08-11,HERO-04,5543034GFF51000,Le Cagole Shoulder Bag Small (black),CHN,CNY,37900.00,37900.00,0.0000,unchanged,2026-08-10,2026-08-10,false,false
d624b2dc892d0d63e4df638eb43a3537,2026-08-11,HERO-04,5543034GFF51000,Le Cagole Shoulder Bag Small (black),FRA,EUR,3950.00,3950.00,0.0000,unchanged,2026-08-10,2026-08-10,false,false
91336145d9c57cffab95ed0f547930e8,2026-08-11,HERO-04,5543034GFF51000,Le Cagole Shoulder Bag Small (black),GBR,GBP,3550.00,3550.00,0.0000,unchanged,2026-08-10,2026-08-10,false,false
e7fb11032e4405143536e78ec2216ea2,2026-08-11,HERO-04,5543034GFF51000,Le Cagole Shoulder Bag Small (black),HKG,HKD,38800.00,38800.00,0.0000,unchanged,2026-08-10,2026-08-10,false,false
474678f79e47c9178ba84649bc3b164d,2026-08-11,HERO-04,5543034GFF51000,Le Cagole Shoulder Bag Small (black),JPN,JPY,715800.00,715800.00,0.0000,unchanged,2026-08-10,2026-08-10,false,false
3e408dca808bcaf5da7d300b0505aec1,2026-08-11,HERO-04,5543034GFF51000,Le Cagole Shoulder Bag Small (black),KOR,KRW,6750000.00,6750000.00,0.0000,unchanged,2026-08-10,2026-08-10,false,false
e7e63c9bbe299d9475b01a46207df1a8,2026-08-11,HERO-04,5543034GFF51000,Le Cagole Shoulder Bag Small (black),USA,USD,4750.00,4750.00,0.0000,unchanged,2026-08-10,2026-08-10,false,false
a529862f700a3a308becedda9fff6dbe,2026-08-11,HERO-05,676311TT1W11000,Triple S.2 Sneaker (black),ARE,AED,4600.00,4600.00,0.0000,unchanged,2026-08-10,2026-08-10,false,false
2d78809b5436431ddc34478b15333e5e,2026-08-11,HERO-05,676311TT1W11000,Triple S.2 Sneaker (black),CHN,CNY,9700.00,9700.00,0.0000,unchanged,2026-08-10,2026-08-10,false,false
ef85a110c5fba3c7d3364b196d994be6,2026-08-11,HERO-05,676311TT1W11000,Triple S.2 Sneaker (black),FRA,EUR,1020.00,1020.00,0.0000,unchanged,2026-08-10,2026-08-10,false,false
6c0af58101f0eb070ac10693f58ad198,2026-08-11,HERO-05,676311TT1W11000,Triple S.2 Sneaker (black),GBR,GBP,945.00,945.00,0.0000,unchanged,2026-08-10,2026-08-10,false,false
26db2aacab770e362d9aa1b0ea174d41,2026-08-11,HERO-05,676311TT1W11000,Triple S.2 Sneaker (black),HKG,HKD,9600.00,9600.00,0.0000,unchanged,2026-08-10,2026-08-10,false,false
604219c724721c3e58391186547caec9,2026-08-11,HERO-05,676311TT1W11000,Triple S.2 Sneaker (black),JPN,JPY,191000.00,191000.00,0.0000,unchanged,2026-08-10,2026-08-10,false,false
4fa6ce5cf38e11a34f5f063c226c726c,2026-08-11,HERO-05,676311TT1W11000,Triple S.2 Sneaker (black),KOR,KRW,1820000.00,1820000.00,0.0000,unchanged,2026-08-10,2026-08-10,false,false
ee3d6f2d024de6abe497c2f1fbd255ab,2026-08-11,HERO-05,676311TT1W11000,Triple S.2 Sneaker (black),USA,USD,1230.00,1230.00,0.0000,unchanged,2026-08-10,2026-08-10,false,false
0dce11767f5d09bf2bfaf2afa90f794c,2026-08-11,HERO-06,768723WND8D1000,3XL Sneaker (black),ARE,AED,4100.00,4100.00,0.0000,unchanged,2026-08-10,2026-08-10,false,false
9fc203aee12e5d8c23cb1e47ac670426,2026-08-11,HERO-06,768723WND8D1000,3XL Sneaker (black),CHN,CNY,9000.00,9000.00,0.0000,unchanged,2026-08-10,2026-08-10,false,false
65f168f8c941f888f8420fd482402d22,2026-08-11,HERO-06,768723WND8D1000,3XL Sneaker (black),FRA,EUR,925.00,925.00,0.0000,unchanged,2026-08-10,2026-08-10,false,false
d7fd2834f7e6461c5f55f8b6ee1574f7,2026-08-11,HERO-06,768723WND8D1000,3XL Sneaker (black),GBR,GBP,835.00,835.00,0.0000,unchanged,2026-08-10,2026-08-10,false,false
b49ff1cbe5c67d5c3e31f26e5600611f,2026-08-11,HERO-06,768723WND8D1000,3XL Sneaker (black),HKG,HKD,9100.00,9100.00,0.0000,unchanged,2026-08-10,2026-08-10,false,false
881916942e63252e87440a473eb62d17,2026-08-11,HERO-06,768723WND8D1000,3XL Sneaker (black),JPN,JPY,169200.00,169200.00,0.0000,unchanged,2026-08-10,2026-08-10,false,false
c89b1aafd9e7f184badd353600188fe1,2026-08-11,HERO-06,768723WND8D1000,3XL Sneaker (black),KOR,KRW,1610000.00,1610000.00,0.0000,unchanged,2026-08-10,2026-08-10,false,false
a3d7c335481ac724320ed2d1b9e4ceb4,2026-08-11,HERO-06,768723WND8D1000,3XL Sneaker (black),USA,USD,1110.00,1110.00,0.0000,unchanged,2026-08-10,2026-08-10,false,false
cb498e8b578372748552d9761a60fc91,2026-08-11,HERO-07,A064YD4GQIW1000,Le City Card Holder (black),ARE,AED,2200.00,2200.00,0.0000,unchanged,2026-08-10,2026-08-10,false,false
0363de767f09caa68bce79159751c39a,2026-08-11,HERO-07,A064YD4GQIW1000,Le City Card Holder (black),CHN,CNY,4700.00,4700.00,0.0000,unchanged,2026-08-10,2026-08-10,false,false
5917b2d8b6582b3a4706edea38a579c0,2026-08-11,HERO-07,A064YD4GQIW1000,Le City Card Holder (black),FRA,EUR,475.00,475.00,0.0000,unchanged,2026-08-10,2026-08-10,false,false
4c0c4496883506e4874f56db67cb593d,2026-08-11,HERO-07,A064YD4GQIW1000,Le City Card Holder (black),GBR,GBP,420.00,420.00,0.0000,unchanged,2026-08-10,2026-08-10,false,false
aec48f6c6b20d2767f2e60fabd2f40c6,2026-08-11,HERO-07,A064YD4GQIW1000,Le City Card Holder (black),HKG,HKD,4700.00,4700.00,0.0000,unchanged,2026-08-10,2026-08-10,false,false
f3dff980737d0c6ae2a27cdfe9b984bd,2026-08-11,HERO-07,A064YD4GQIW1000,Le City Card Holder (black),JPN,JPY,84900.00,84900.00,0.0000,unchanged,2026-08-10,2026-08-10,false,false
5e52d05e380d90d08a8808f3664eee46,2026-08-11,HERO-07,A064YD4GQIW1000,Le City Card Holder (black),KOR,KRW,850000.00,850000.00,0.0000,unchanged,2026-08-10,2026-08-10,false,false
9ae19ed52acb203c58782e2d6396f539,2026-08-11,HERO-07,A064YD4GQIW1000,Le City Card Holder (black),USA,USD,605.00,605.00,0.0000,unchanged,2026-08-10,2026-08-10,false,false
4f147308d3a4960d92d51b07d9d807fc,2026-08-11,HERO-08,6786802AEJ81000,Cash Long Coin and Card Holder Large (black),ARE,AED,9050.00,9050.00,0.0000,unchanged,2026-08-10,2026-08-10,false,false
c1f12b31448661814f7135bf112a8d94,2026-08-11,HERO-08,6786802AEJ81000,Cash Long Coin and Card Holder Large (black),CHN,CNY,19000.00,19000.00,0.0000,unchanged,2026-08-10,2026-08-10,false,false
02f8adbc045062b5299096590f75825d,2026-08-11,HERO-08,6786802AEJ81000,Cash Long Coin and Card Holder Large (black),FRA,EUR,1990.00,1990.00,0.0000,unchanged,2026-08-10,2026-08-10,false,false
cc1b01f7ca1abf98d967edf997de1d73,2026-08-11,HERO-08,6786802AEJ81000,Cash Long Coin and Card Holder Large (black),GBR,GBP,1840.00,1840.00,0.0000,unchanged,2026-08-10,2026-08-10,false,false
2858d5298669e2609e4f3ef743280a0c,2026-08-11,HERO-08,6786802AEJ81000,Cash Long Coin and Card Holder Large (black),HKG,HKD,19700.00,19700.00,0.0000,unchanged,2026-08-10,2026-08-10,false,false
d965f0a10eb786bb2d3e3a6d22225c87,2026-08-11,HERO-08,6786802AEJ81000,Cash Long Coin and Card Holder Large (black),JPN,JPY,370200.00,370200.00,0.0000,unchanged,2026-08-10,2026-08-10,false,false
7b0f5ded86761e0684a690f6ea3507cd,2026-08-11,HERO-08,6786802AEJ81000,Cash Long Coin and Card Holder Large (black),KOR,KRW,3570000.00,3570000.00,0.0000,unchanged,2026-08-10,2026-08-10,false,false
f25bd02ec6a9ac040896057b011b911e,2026-08-11,HERO-08,6786802AEJ81000,Cash Long Coin and Card Holder Large (black),USA,USD,2440.00,2440.00,0.0000,unchanged,2026-08-10,2026-08-10,false,false
fc405fa22db3d82f5679259fde2d68e4,2026-08-18,HERO-01,543321TT8F11000,Le City Bag Medium (black),ARE,AED,10900.00,10900.00,0.0000,unchanged,2026-08-17,2026-08-17,false,false
4882c71883b79f85f5b17bf6362c32d5,2026-08-18,HERO-01,543321TT8F11000,Le City Bag Medium (black),CHN,CNY,24200.00,24200.00,0.0000,unchanged,2026-08-17,2026-08-17,false,false
0fdde27172147c5787589277e9bca71d,2026-08-18,HERO-01,543321TT8F11000,Le City Bag Medium (black),FRA,EUR,2500.00,2500.00,0.0000,unchanged,2026-08-17,2026-08-17,false,false
bfdcf96feae911119d8603653934ae3a,2026-08-18,HERO-01,543321TT8F11000,Le City Bag Medium (black),GBR,GBP,2280.00,2280.00,0.0000,unchanged,2026-08-17,2026-08-17,false,false
2692d0063b44baa54daeb167de68d956,2026-08-18,HERO-01,543321TT8F11000,Le City Bag Medium (black),HKG,HKD,23900.00,23900.00,0.0000,unchanged,2026-08-10,2026-08-17,true,false
d43e514c0bdaccf9fcaef20182405e89,2026-08-18,HERO-01,543321TT8F11000,Le City Bag Medium (black),JPN,JPY,442400.00,442400.00,0.0000,unchanged,2026-08-17,2026-08-17,false,false
d077e06f1c07251d7673470d06b5b944,2026-08-18,HERO-01,543321TT8F11000,Le City Bag Medium (black),KOR,KRW,4510000.00,4510000.00,0.0000,unchanged,2026-08-10,2026-08-17,true,false
60c8db46fd4abcf70f0d142283c312a3,2026-08-18,HERO-01,543321TT8F11000,Le City Bag Medium (black),USA,USD,3090.00,3090.00,0.0000,unchanged,2026-08-17,2026-08-10,false,true
ea9326ec68ad2498951b4938e8db3cd1,2026-08-18,HERO-02,53413121R3X1000,Rodeo Handbag Small (black),ARE,AED,12100.00,12100.00,0.0000,unchanged,2026-08-17,2026-08-17,false,false
6bad3b534ba5e33faa1958d975ff868f,2026-08-18,HERO-02,53413121R3X1000,Rodeo Handbag Small (black),CHN,CNY,24900.00,24900.00,0.0000,unchanged,2026-08-17,2026-08-17,false,false
937844e9eefece5e4e79dc67f0e87775,2026-08-18,HERO-02,53413121R3X1000,Rodeo Handbag Small (black),FRA,EUR,2580.00,2580.00,0.0000,unchanged,2026-08-17,2026-08-17,false,false
cb89f1a184ff1ada2eff7abc0ac70e9f,2026-08-18,HERO-02,53413121R3X1000,Rodeo Handbag Small (black),GBR,GBP,2310.00,2310.00,0.0000,unchanged,2026-08-17,2026-08-17,false,false
ac1b0f3b6c6b61fc51de9a2da7bf4760,2026-08-18,HERO-02,53413121R3X1000,Rodeo Handbag Small (black),HKG,HKD,24100.00,24100.00,0.0000,unchanged,2026-08-10,2026-08-17,true,false
fe060ffce5f96c34b3d0469e35577e3e,2026-08-18,HERO-02,53413121R3X1000,Rodeo Handbag Small (black),JPN,JPY,463100.00,463100.00,0.0000,unchanged,2026-08-17,2026-08-17,false,false
8565a90c831daab49da0f254d2d9b26a,2026-08-18,HERO-02,53413121R3X1000,Rodeo Handbag Small (black),KOR,KRW,4420000.00,4420000.00,0.0000,unchanged,2026-08-10,2026-08-17,true,false
7b0f669bf3992aa19929baea5a529d6a,2026-08-18,HERO-02,53413121R3X1000,Rodeo Handbag Small (black),USA,USD,3160.00,3160.00,0.0000,unchanged,2026-08-17,2026-08-10,false,true
b8e6cfc94d5ab0b9ab589b948f1d8d31,2026-08-18,HERO-03,687101TK1EY1000,Hourglass Handbag Small (black),ARE,AED,12500.00,12500.00,0.0000,unchanged,2026-08-17,2026-08-17,false,false
2b56840e34b1188710ae01874e88c3ab,2026-08-18,HERO-03,687101TK1EY1000,Hourglass Handbag Small (black),CHN,CNY,25900.00,25900.00,0.0000,unchanged,2026-08-17,2026-08-17,false,false
378c0fa8c725ce7cd54e2692d21f21af,2026-08-18,HERO-03,687101TK1EY1000,Hourglass Handbag Small (black),FRA,EUR,2750.00,2750.00,0.0000,unchanged,2026-08-17,2026-08-17,false,false
4439e60c6ec925fb20e96b4bc082756f,2026-08-18,HERO-03,687101TK1EY1000,Hourglass Handbag Small (black),GBR,GBP,2450.00,2450.00,0.0000,unchanged,2026-08-17,2026-08-17,false,false
7a31b564e3f55c318969a06a8703b439,2026-08-18,HERO-03,687101TK1EY1000,Hourglass Handbag Small (black),HKG,HKD,25500.00,25500.00,0.0000,unchanged,2026-08-10,2026-08-17,true,false
f871e60526e72b4571003452419bf137,2026-08-18,HERO-03,687101TK1EY1000,Hourglass Handbag Small (black),JPN,JPY,510100.00,510100.00,0.0000,unchanged,2026-08-17,2026-08-17,false,false
519f5724c70b8117951fdeb79bc73ac1,2026-08-18,HERO-03,687101TK1EY1000,Hourglass Handbag Small (black),KOR,KRW,4840000.00,4840000.00,0.0000,unchanged,2026-08-10,2026-08-17,true,false
1c4f76d8ebe52104b1534c92a3b874ff,2026-08-18,HERO-03,687101TK1EY1000,Hourglass Handbag Small (black),USA,USD,3620.00,3620.00,0.0000,unchanged,2026-08-17,2026-08-10,false,true
63b655dca198f982b6d03ccf0679f487,2026-08-18,HERO-04,5543034GFF51000,Le Cagole Shoulder Bag Small (black),ARE,AED,18000.00,18000.00,0.0000,unchanged,2026-08-17,2026-08-17,false,false
ff80ad73812a28eebdc2b2f08be5d457,2026-08-18,HERO-04,5543034GFF51000,Le Cagole Shoulder Bag Small (black),CHN,CNY,37900.00,37900.00,0.0000,unchanged,2026-08-17,2026-08-17,false,false
ffa3ae3132c292e4bdbf4fc5d729cdc6,2026-08-18,HERO-04,5543034GFF51000,Le Cagole Shoulder Bag Small (black),FRA,EUR,3950.00,3950.00,0.0000,unchanged,2026-08-17,2026-08-17,false,false
81c64eda3bd038cd51f76bd35d56434e,2026-08-18,HERO-04,5543034GFF51000,Le Cagole Shoulder Bag Small (black),GBR,GBP,3550.00,3550.00,0.0000,unchanged,2026-08-17,2026-08-17,false,false
1a1b8742e7d82abe7b983b5edda393ff,2026-08-18,HERO-04,5543034GFF51000,Le Cagole Shoulder Bag Small (black),HKG,HKD,38800.00,38800.00,0.0000,unchanged,2026-08-10,2026-08-17,true,false
45a8950baeb678be632715b9813fb31d,2026-08-18,HERO-04,5543034GFF51000,Le Cagole Shoulder Bag Small (black),JPN,JPY,715800.00,715800.00,0.0000,unchanged,2026-08-17,2026-08-17,false,false
f73a22dc7c91efd297efecf16b522bcf,2026-08-18,HERO-04,5543034GFF51000,Le Cagole Shoulder Bag Small (black),KOR,KRW,6750000.00,6750000.00,0.0000,unchanged,2026-08-10,2026-08-17,true,false
e40ffb65a4b5004176d6beee02cfb405,2026-08-18,HERO-04,5543034GFF51000,Le Cagole Shoulder Bag Small (black),USA,USD,4750.00,4750.00,0.0000,unchanged,2026-08-17,2026-08-10,false,true
587c0f0bf5bff61b7d64fba9ca0472cd,2026-08-18,HERO-05,676311TT1W11000,Triple S.2 Sneaker (black),ARE,AED,4600.00,4600.00,0.0000,unchanged,2026-08-17,2026-08-17,false,false
e658cbe7150feaf5f310e3a20067d750,2026-08-18,HERO-05,676311TT1W11000,Triple S.2 Sneaker (black),CHN,CNY,9700.00,9700.00,0.0000,unchanged,2026-08-17,2026-08-17,false,false
596cdbcca67ba674de0d77fff682505e,2026-08-18,HERO-05,676311TT1W11000,Triple S.2 Sneaker (black),FRA,EUR,1020.00,1020.00,0.0000,unchanged,2026-08-17,2026-08-17,false,false
f19109cfb27b868534763eff455a04ff,2026-08-18,HERO-05,676311TT1W11000,Triple S.2 Sneaker (black),GBR,GBP,945.00,945.00,0.0000,unchanged,2026-08-17,2026-08-17,false,false
143b3644f5fa8cbce1fdf5186b9d3360,2026-08-18,HERO-05,676311TT1W11000,Triple S.2 Sneaker (black),HKG,HKD,9600.00,9600.00,0.0000,unchanged,2026-08-10,2026-08-17,true,false
24eb64193fb601c35cd0b8fec922256b,2026-08-18,HERO-05,676311TT1W11000,Triple S.2 Sneaker (black),JPN,JPY,191000.00,191000.00,0.0000,unchanged,2026-08-17,2026-08-17,false,false
39a2b9aa1c9471fe89c226529e94505c,2026-08-18,HERO-05,676311TT1W11000,Triple S.2 Sneaker (black),KOR,KRW,1820000.00,1820000.00,0.0000,unchanged,2026-08-10,2026-08-17,true,false
b1f876f3ee017c6c2c08cbc883d50b86,2026-08-18,HERO-05,676311TT1W11000,Triple S.2 Sneaker (black),USA,USD,1230.00,1230.00,0.0000,unchanged,2026-08-17,2026-08-10,false,true
69d4d3313ccc714468c240ec29962274,2026-08-18,HERO-06,768723WND8D1000,3XL Sneaker (black),ARE,AED,4100.00,4100.00,0.0000,unchanged,2026-08-17,2026-08-17,false,false
49b005afe924a42193c654e9edb8ff2b,2026-08-18,HERO-06,768723WND8D1000,3XL Sneaker (black),CHN,CNY,9000.00,9000.00,0.0000,unchanged,2026-08-17,2026-08-17,false,false
9f1d903301281e3204e1618fd2bc2636,2026-08-18,HERO-06,768723WND8D1000,3XL Sneaker (black),FRA,EUR,925.00,925.00,0.0000,unchanged,2026-08-17,2026-08-17,false,false
219ccad3fe56d154afe0ef61638689f7,2026-08-18,HERO-06,768723WND8D1000,3XL Sneaker (black),GBR,GBP,835.00,835.00,0.0000,unchanged,2026-08-17,2026-08-17,false,false
c5be82ec33e4e11f53937f5d1884cbde,2026-08-18,HERO-06,768723WND8D1000,3XL Sneaker (black),HKG,HKD,9100.00,9100.00,0.0000,unchanged,2026-08-10,2026-08-17,true,false
6c95357c3cf24360d869e70cd181f89e,2026-08-18,HERO-06,768723WND8D1000,3XL Sneaker (black),JPN,JPY,169200.00,169200.00,0.0000,unchanged,2026-08-17,2026-08-17,false,false
2591737b28e4835bdafd95989e54369a,2026-08-18,HERO-06,768723WND8D1000,3XL Sneaker (black),KOR,KRW,1610000.00,1610000.00,0.0000,unchanged,2026-08-10,2026-08-17,true,false
55c013bd14c1e95f1883565a07b584bb,2026-08-18,HERO-06,768723WND8D1000,3XL Sneaker (black),USA,USD,1110.00,1110.00,0.0000,unchanged,2026-08-17,2026-08-10,false,true
6e401bb1a1a75ad2ad91f311fa5af34c,2026-08-18,HERO-07,A064YD4GQIW1000,Le City Card Holder (black),ARE,AED,2200.00,2200.00,0.0000,unchanged,2026-08-17,2026-08-17,false,false
bf3ec3a67e81115fa7d863a3e8f56ff9,2026-08-18,HERO-07,A064YD4GQIW1000,Le City Card Holder (black),CHN,CNY,4700.00,4700.00,0.0000,unchanged,2026-08-17,2026-08-17,false,false
d2e23a9785f543bdbd633b9d0289d7b2,2026-08-18,HERO-07,A064YD4GQIW1000,Le City Card Holder (black),FRA,EUR,475.00,475.00,0.0000,unchanged,2026-08-17,2026-08-17,false,false
350b26978613de938ca77dec75f22013,2026-08-18,HERO-07,A064YD4GQIW1000,Le City Card Holder (black),GBR,GBP,420.00,420.00,0.0000,unchanged,2026-08-17,2026-08-17,false,false
783df9386c4c0192e3a546e744e069de,2026-08-18,HERO-07,A064YD4GQIW1000,Le City Card Holder (black),HKG,HKD,4700.00,4700.00,0.0000,unchanged,2026-08-10,2026-08-17,true,false
c3c9e0ee9c59db4f46943f5bab5ca6ee,2026-08-18,HERO-07,A064YD4GQIW1000,Le City Card Holder (black),JPN,JPY,84900.00,84900.00,0.0000,unchanged,2026-08-17,2026-08-17,false,false
57eb9287fa1f9f7d0c19156d10d1316c,2026-08-18,HERO-07,A064YD4GQIW1000,Le City Card Holder (black),KOR,KRW,850000.00,850000.00,0.0000,unchanged,2026-08-10,2026-08-17,true,false
3f3ae0a54278b55c5f29f2c6f3e83fb0,2026-08-18,HERO-07,A064YD4GQIW1000,Le City Card Holder (black),USA,USD,605.00,605.00,0.0000,unchanged,2026-08-17,2026-08-10,false,true
ae2ef4d952819472bb389516231fcb04,2026-08-18,HERO-08,6786802AEJ81000,Cash Long Coin and Card Holder Large (black),ARE,AED,9050.00,9050.00,0.0000,unchanged,2026-08-17,2026-08-17,false,false
d207e3a3f0408e30d491de91c36f4cb0,2026-08-18,HERO-08,6786802AEJ81000,Cash Long Coin and Card Holder Large (black),CHN,CNY,19000.00,19000.00,0.0000,unchanged,2026-08-17,2026-08-17,false,false
a88e4855a2d085c01046efbeec30be0b,2026-08-18,HERO-08,6786802AEJ81000,Cash Long Coin and Card Holder Large (black),FRA,EUR,1990.00,1990.00,0.0000,unchanged,2026-08-17,2026-08-17,false,false
8716212b4cc2309e06e9321808304f7b,2026-08-18,HERO-08,6786802AEJ81000,Cash Long Coin and Card Holder Large (black),GBR,GBP,1840.00,1840.00,0.0000,unchanged,2026-08-17,2026-08-17,false,false
cedfced12c64ab4fdd4bcdc20a87b88c,2026-08-18,HERO-08,6786802AEJ81000,Cash Long Coin and Card Holder Large (black),HKG,HKD,19700.00,19700.00,0.0000,unchanged,2026-08-10,2026-08-17,true,false
58871ecbddaa0262c32fc472e4baaaee,2026-08-18,HERO-08,6786802AEJ81000,Cash Long Coin and Card Holder Large (black),JPN,JPY,370200.00,370200.00,0.0000,unchanged,2026-08-17,2026-08-17,false,false
a3c6aafe1640508330653dde8032754c,2026-08-18,HERO-08,6786802AEJ81000,Cash Long Coin and Card Holder Large (black),KOR,KRW,3570000.00,3570000.00,0.0000,unchanged,2026-08-10,2026-08-17,true,false
f1302baf59e22b02fec6834d4a1c1d2d,2026-08-18,HERO-08,6786802AEJ81000,Cash Long Coin and Card Holder Large (black),USA,USD,2440.00,2440.00,0.0000,unchanged,2026-08-17,2026-08-10,false,true
3b7ca353b984537a036ce29206996b69,2026-08-25,HERO-01,543321TT8F11000,Le City Bag Medium (black),ARE,AED,10900.00,10900.00,0.0000,unchanged,2026-08-24,2026-08-24,false,false
aa235f4f8f455706bbe92e4f3eb4c89b,2026-08-25,HERO-01,543321TT8F11000,Le City Bag Medium (black),CHN,CNY,24200.00,24200.00,0.0000,unchanged,2026-08-24,2026-08-24,false,false
366d1b59c3b3c0280cf9709da0cf5a9b,2026-08-25,HERO-01,543321TT8F11000,Le City Bag Medium (black),FRA,EUR,2500.00,2500.00,0.0000,unchanged,2026-08-24,2026-08-24,false,false
14da784bc20961132021af5cfd562bc5,2026-08-25,HERO-01,543321TT8F11000,Le City Bag Medium (black),GBR,GBP,2280.00,2280.00,0.0000,unchanged,2026-08-24,2026-08-24,false,false
9ca9c467d24b61afbd13d43740ec27f1,2026-08-25,HERO-01,543321TT8F11000,Le City Bag Medium (black),HKG,HKD,23900.00,23900.00,0.0000,unchanged,2026-08-24,2026-08-24,false,false
f2e7cd85122d42b7de288335fa1a14d5,2026-08-25,HERO-01,543321TT8F11000,Le City Bag Medium (black),JPN,JPY,442400.00,442400.00,0.0000,unchanged,2026-08-24,2026-08-24,false,false
79f4321ee293384af5ef031981d3845c,2026-08-25,HERO-01,543321TT8F11000,Le City Bag Medium (black),KOR,KRW,4510000.00,4510000.00,0.0000,unchanged,2026-08-24,2026-08-24,false,false
7f0d0c0cbabba4a54ae9240338ec88ad,2026-08-25,HERO-01,543321TT8F11000,Le City Bag Medium (black),USA,USD,3090.00,3090.00,0.0000,unchanged,2026-08-24,2026-08-24,false,false
ba382f1ff3a5798e4f9e2430d172182e,2026-08-25,HERO-02,53413121R3X1000,Rodeo Handbag Small (black),ARE,AED,12100.00,12100.00,0.0000,unchanged,2026-08-24,2026-08-24,false,false
dbadb3d3e7bb81b498a2605a9cd90026,2026-08-25,HERO-02,53413121R3X1000,Rodeo Handbag Small (black),CHN,CNY,24900.00,24900.00,0.0000,unchanged,2026-08-24,2026-08-24,false,false
b373b109c48072332037b7abb53000af,2026-08-25,HERO-02,53413121R3X1000,Rodeo Handbag Small (black),FRA,EUR,2580.00,2580.00,0.0000,unchanged,2026-08-24,2026-08-24,false,false
774038e49dc0e07039fc893b2ea1182e,2026-08-25,HERO-02,53413121R3X1000,Rodeo Handbag Small (black),GBR,GBP,2310.00,2310.00,0.0000,unchanged,2026-08-24,2026-08-24,false,false
a2ee85beec8bafad11df02cb7ebc6a7d,2026-08-25,HERO-02,53413121R3X1000,Rodeo Handbag Small (black),HKG,HKD,24100.00,24100.00,0.0000,unchanged,2026-08-24,2026-08-24,false,false
779e91f2dc03fdc7b20141617b1e4894,2026-08-25,HERO-02,53413121R3X1000,Rodeo Handbag Small (black),JPN,JPY,463100.00,463100.00,0.0000,unchanged,2026-08-24,2026-08-24,false,false
2bcb2184ebdd85cc3f8cfbfd2d88ecd4,2026-08-25,HERO-02,53413121R3X1000,Rodeo Handbag Small (black),KOR,KRW,4420000.00,4420000.00,0.0000,unchanged,2026-08-24,2026-08-24,false,false
636abeb514c0b8cdbe502135ad2c538b,2026-08-25,HERO-02,53413121R3X1000,Rodeo Handbag Small (black),USA,USD,3160.00,3160.00,0.0000,unchanged,2026-08-24,2026-08-24,false,false
01310fd4e2be60e777753f972842e927,2026-08-25,HERO-03,687101TK1EY1000,Hourglass Handbag Small (black),ARE,AED,12500.00,12500.00,0.0000,unchanged,2026-08-24,2026-08-24,false,false
a29b516e8abf72a7f7c869bf40a8aad6,2026-08-25,HERO-03,687101TK1EY1000,Hourglass Handbag Small (black),CHN,CNY,25900.00,25900.00,0.0000,unchanged,2026-08-24,2026-08-24,false,false
0db00d14f38df2bf34438cf0fca26844,2026-08-25,HERO-03,687101TK1EY1000,Hourglass Handbag Small (black),FRA,EUR,2750.00,2750.00,0.0000,unchanged,2026-08-24,2026-08-24,false,false
640489284ee0734c7418ec7992a5a047,2026-08-25,HERO-03,687101TK1EY1000,Hourglass Handbag Small (black),GBR,GBP,2450.00,2450.00,0.0000,unchanged,2026-08-24,2026-08-24,false,false
ba13b85dfd23d8fcec7fd2f327384914,2026-08-25,HERO-03,687101TK1EY1000,Hourglass Handbag Small (black),HKG,HKD,25500.00,25500.00,0.0000,unchanged,2026-08-24,2026-08-24,false,false
b690d02e6bbdcdb320d5eb9cb87e92e6,2026-08-25,HERO-03,687101TK1EY1000,Hourglass Handbag Small (black),JPN,JPY,510100.00,510100.00,0.0000,unchanged,2026-08-24,2026-08-24,false,false
8ec5c044c02856b04c647a6b014ccbbc,2026-08-25,HERO-03,687101TK1EY1000,Hourglass Handbag Small (black),KOR,KRW,4840000.00,4840000.00,0.0000,unchanged,2026-08-24,2026-08-24,false,false
dcd4fdf34929a013b5883cb38a5ee347,2026-08-25,HERO-03,687101TK1EY1000,Hourglass Handbag Small (black),USA,USD,3620.00,3620.00,0.0000,unchanged,2026-08-24,2026-08-24,false,false
a394fd3e83bbfa659f644a6184912673,2026-08-25,HERO-04,5543034GFF51000,Le Cagole Shoulder Bag Small (black),ARE,AED,18000.00,18000.00,0.0000,unchanged,2026-08-24,2026-08-24,false,false
d444e599d4231ea07591809208ffbd49,2026-08-25,HERO-04,5543034GFF51000,Le Cagole Shoulder Bag Small (black),CHN,CNY,37900.00,37900.00,0.0000,unchanged,2026-08-24,2026-08-24,false,false
3a882a0a954355b1b90ebf3180b16ae4,2026-08-25,HERO-04,5543034GFF51000,Le Cagole Shoulder Bag Small (black),FRA,EUR,3950.00,3950.00,0.0000,unchanged,2026-08-24,2026-08-24,false,false
4c58832eec037dbda8cfec0585e4687d,2026-08-25,HERO-04,5543034GFF51000,Le Cagole Shoulder Bag Small (black),GBR,GBP,3550.00,3550.00,0.0000,unchanged,2026-08-24,2026-08-24,false,false
264ccf844e8a3881054da24ae4a60ef8,2026-08-25,HERO-04,5543034GFF51000,Le Cagole Shoulder Bag Small (black),HKG,HKD,38800.00,38800.00,0.0000,unchanged,2026-08-24,2026-08-24,false,false
e984f404d1870b744fa4003597d4868b,2026-08-25,HERO-04,5543034GFF51000,Le Cagole Shoulder Bag Small (black),JPN,JPY,715800.00,715800.00,0.0000,unchanged,2026-08-24,2026-08-24,false,false
eaa0434ca525415fe04998bd7bef9160,2026-08-25,HERO-04,5543034GFF51000,Le Cagole Shoulder Bag Small (black),KOR,KRW,6750000.00,6750000.00,0.0000,unchanged,2026-08-24,2026-08-24,false,false
3ff5ffbdcae35bef971026a3c9f9c386,2026-08-25,HERO-04,5543034GFF51000,Le Cagole Shoulder Bag Small (black),USA,USD,4750.00,4750.00,0.0000,unchanged,2026-08-24,2026-08-24,false,false
8f3146ffa0793261bd5218d68761a56a,2026-08-25,HERO-05,676311TT1W11000,Triple S.2 Sneaker (black),ARE,AED,4600.00,4600.00,0.0000,unchanged,2026-08-24,2026-08-24,false,false
0c755bc22f54d839d5929f3c710391e5,2026-08-25,HERO-05,676311TT1W11000,Triple S.2 Sneaker (black),CHN,CNY,9700.00,9700.00,0.0000,unchanged,2026-08-24,2026-08-24,false,false
fcb1fa93843f00066446ea22498a51e6,2026-08-25,HERO-05,676311TT1W11000,Triple S.2 Sneaker (black),FRA,EUR,1020.00,1020.00,0.0000,unchanged,2026-08-24,2026-08-24,false,false
b562996faf763196c8409254b4b14aeb,2026-08-25,HERO-05,676311TT1W11000,Triple S.2 Sneaker (black),GBR,GBP,945.00,945.00,0.0000,unchanged,2026-08-24,2026-08-24,false,false
e66bf8c67fb82b3ba1188ddb950dd84c,2026-08-25,HERO-05,676311TT1W11000,Triple S.2 Sneaker (black),HKG,HKD,9600.00,9600.00,0.0000,unchanged,2026-08-24,2026-08-24,false,false
d31e9319c291c7252cc8557ffeb7d0e4,2026-08-25,HERO-05,676311TT1W11000,Triple S.2 Sneaker (black),JPN,JPY,191000.00,191000.00,0.0000,unchanged,2026-08-24,2026-08-24,false,false
c5d38029f66a0575c7c491ed4310fccb,2026-08-25,HERO-05,676311TT1W11000,Triple S.2 Sneaker (black),KOR,KRW,1820000.00,1820000.00,0.0000,unchanged,2026-08-24,2026-08-24,false,false
8ee2e9262280ace7c8c85fcd77f9f148,2026-08-25,HERO-05,676311TT1W11000,Triple S.2 Sneaker (black),USA,USD,1230.00,1230.00,0.0000,unchanged,2026-08-24,2026-08-24,false,false
a7648c7f1294c8e3b19311debce48bb1,2026-08-25,HERO-06,768723WND8D1000,3XL Sneaker (black),ARE,AED,4100.00,4100.00,0.0000,unchanged,2026-08-24,2026-08-24,false,false
25af6e375d67f93bb9b4ed19d403d30a,2026-08-25,HERO-06,768723WND8D1000,3XL Sneaker (black),CHN,CNY,9000.00,9000.00,0.0000,unchanged,2026-08-24,2026-08-24,false,false
a5d2530657cc12b39e1e18bb7ebb2f59,2026-08-25,HERO-06,768723WND8D1000,3XL Sneaker (black),FRA,EUR,925.00,925.00,0.0000,unchanged,2026-08-24,2026-08-24,false,false
e66342401c87da42335e245b71a5d66d,2026-08-25,HERO-06,768723WND8D1000,3XL Sneaker (black),GBR,GBP,835.00,835.00,0.0000,unchanged,2026-08-24,2026-08-24,false,false
317990d362f52a2ccfb6f41b79745dd3,2026-08-25,HERO-06,768723WND8D1000,3XL Sneaker (black),HKG,HKD,9100.00,9100.00,0.0000,unchanged,2026-08-24,2026-08-24,false,false
831a19becba948b31dc41bc932720417,2026-08-25,HERO-06,768723WND8D1000,3XL Sneaker (black),JPN,JPY,169200.00,169200.00,0.0000,unchanged,2026-08-24,2026-08-24,false,false
13b42469b376adb3756596f92dd0dfff,2026-08-25,HERO-06,768723WND8D1000,3XL Sneaker (black),KOR,KRW,1610000.00,1610000.00,0.0000,unchanged,2026-08-24,2026-08-24,false,false
514888284db541e736ea49a84eeecfb9,2026-08-25,HERO-06,768723WND8D1000,3XL Sneaker (black),USA,USD,1110.00,1110.00,0.0000,unchanged,2026-08-24,2026-08-24,false,false
5bf5aa880a085e35b2171936eac23a99,2026-08-25,HERO-07,A064YD4GQIW1000,Le City Card Holder (black),ARE,AED,2200.00,2200.00,0.0000,unchanged,2026-08-24,2026-08-24,false,false
ab77cb13a8bd00e03f1fd3e6592fdd51,2026-08-25,HERO-07,A064YD4GQIW1000,Le City Card Holder (black),CHN,CNY,4700.00,4700.00,0.0000,unchanged,2026-08-24,2026-08-24,false,false
a7cba411521a3e666e2b5003db5a91f5,2026-08-25,HERO-07,A064YD4GQIW1000,Le City Card Holder (black),FRA,EUR,475.00,475.00,0.0000,unchanged,2026-08-24,2026-08-24,false,false
d5b8cb82ce58c5402f3def0bb867c3e5,2026-08-25,HERO-07,A064YD4GQIW1000,Le City Card Holder (black),GBR,GBP,420.00,420.00,0.0000,unchanged,2026-08-24,2026-08-24,false,false
ec7c9811c95aecad314bbd4d0b53e2e0,2026-08-25,HERO-07,A064YD4GQIW1000,Le City Card Holder (black),HKG,HKD,4700.00,4700.00,0.0000,unchanged,2026-08-24,2026-08-24,false,false
72dd8884f13d54481dd7e4d8eb79994d,2026-08-25,HERO-07,A064YD4GQIW1000,Le City Card Holder (black),JPN,JPY,84900.00,84900.00,0.0000,unchanged,2026-08-24,2026-08-24,false,false
7c04ae24984530fcdd2bb1488321208b,2026-08-25,HERO-07,A064YD4GQIW1000,Le City Card Holder (black),KOR,KRW,850000.00,850000.00,0.0000,unchanged,2026-08-24,2026-08-24,false,false
b47a48068d53ef5d1d29e01f1c11285b,2026-08-25,HERO-07,A064YD4GQIW1000,Le City Card Holder (black),USA,USD,605.00,605.00,0.0000,unchanged,2026-08-24,2026-08-24,false,false
61238b06f521c42f98d79b67c23a3ce1,2026-08-25,HERO-08,6786802AEJ81000,Cash Long Coin and Card Holder Large (black),ARE,AED,9050.00,9050.00,0.0000,unchanged,2026-08-24,2026-08-24,false,false
17467a4fa46711d7b33d7804f44601ae,2026-08-25,HERO-08,6786802AEJ81000,Cash Long Coin and Card Holder Large (black),CHN,CNY,19000.00,19000.00,0.0000,unchanged,2026-08-24,2026-08-24,false,false
13df665da8d28f9d9e762ad12226f947,2026-08-25,HERO-08,6786802AEJ81000,Cash Long Coin and Card Holder Large (black),FRA,EUR,1990.00,1990.00,0.0000,unchanged,2026-08-24,2026-08-24,false,false
a3ee9971e294639719f76f370d71dc45,2026-08-25,HERO-08,6786802AEJ81000,Cash Long Coin and Card Holder Large (black),GBR,GBP,1840.00,1840.00,0.0000,unchanged,2026-08-24,2026-08-24,false,false
cac2f8d570f70a6dc346cdae2eb4779a,2026-08-25,HERO-08,6786802AEJ81000,Cash Long Coin and Card Holder Large (black),HKG,HKD,19700.00,19700.00,0.0000,unchanged,2026-08-24,2026-08-24,false,false
11cb9d9b012512be12129502b7445daa,2026-08-25,HERO-08,6786802AEJ81000,Cash Long Coin and Card Holder Large (black),JPN,JPY,370200.00,370200.00,0.0000,unchanged,2026-08-24,2026-08-24,false,false
b3bd3e5ca3e9e74eed1a1f5b6d4e0977,2026-08-25,HERO-08,6786802AEJ81000,Cash Long Coin and Card Holder Large (black),KOR,KRW,3570000.00,3570000.00,0.0000,unchanged,2026-08-24,2026-08-24,false,false
a06bad6d93a01f8f5720d77228276800,2026-08-25,HERO-08,6786802AEJ81000,Cash Long Coin and Card Holder Large (black),USA,USD,2440.00,2440.00,0.0000,unchanged,2026-08-24,2026-08-24,false,false
063fe88f8234c58a1d60e84c6aa65406,2026-09-01,HERO-01,543321TT8F11000,Le City Bag Medium (black),ARE,AED,10900.00,10900.00,0.0000,unchanged,2026-08-31,2026-08-31,false,false
ff71defd4ee79d1d5e9b4d3cac1cae85,2026-09-01,HERO-01,543321TT8F11000,Le City Bag Medium (black),CHN,CNY,24200.00,24200.00,0.0000,unchanged,2026-08-31,2026-08-31,false,false
0df26dd07a9980280fb5c5d7a2ce0fcd,2026-09-01,HERO-01,543321TT8F11000,Le City Bag Medium (black),FRA,EUR,2500.00,2500.00,0.0000,unchanged,2026-08-31,2026-08-31,false,false
152873931efb61bc622091cdfd735daa,2026-09-01,HERO-01,543321TT8F11000,Le City Bag Medium (black),GBR,GBP,2280.00,2280.00,0.0000,unchanged,2026-08-31,2026-08-31,false,false
3b4e9a65031079e7331882919ccc00ef,2026-09-01,HERO-01,543321TT8F11000,Le City Bag Medium (black),HKG,HKD,23900.00,23900.00,0.0000,unchanged,2026-08-31,2026-08-31,false,false
e0e6ef8f3fb3d9025e85a41e1708866a,2026-09-01,HERO-01,543321TT8F11000,Le City Bag Medium (black),JPN,JPY,442400.00,442400.00,0.0000,unchanged,2026-08-31,2026-08-31,false,false
4c3803c838b8a505799fa3985dfd78e2,2026-09-01,HERO-01,543321TT8F11000,Le City Bag Medium (black),KOR,KRW,4510000.00,4510000.00,0.0000,unchanged,2026-08-31,2026-08-31,false,false
ce678df0e1902a0506ec2e93ef840c36,2026-09-01,HERO-01,543321TT8F11000,Le City Bag Medium (black),USA,USD,3090.00,3090.00,0.0000,unchanged,2026-08-31,2026-08-31,false,false
6d70139c5fd8802e58db5a0b78cf6bac,2026-09-01,HERO-02,53413121R3X1000,Rodeo Handbag Small (black),ARE,AED,12100.00,12100.00,0.0000,unchanged,2026-08-31,2026-08-31,false,false
7a130ead4c834b7c68abae8a8e0373ab,2026-09-01,HERO-02,53413121R3X1000,Rodeo Handbag Small (black),CHN,CNY,24900.00,24900.00,0.0000,unchanged,2026-08-31,2026-08-31,false,false
190e9dcd099b19913f2ecca83aa08a58,2026-09-01,HERO-02,53413121R3X1000,Rodeo Handbag Small (black),FRA,EUR,2580.00,2580.00,0.0000,unchanged,2026-08-31,2026-08-31,false,false
97e9f2bc6481f955eb5e2e4c48f9f1b1,2026-09-01,HERO-02,53413121R3X1000,Rodeo Handbag Small (black),GBR,GBP,2310.00,2310.00,0.0000,unchanged,2026-08-31,2026-08-31,false,false
46d1011ae8a2467f082eed38e40d5b71,2026-09-01,HERO-02,53413121R3X1000,Rodeo Handbag Small (black),HKG,HKD,24100.00,24100.00,0.0000,unchanged,2026-08-31,2026-08-31,false,false
22dc0b4689b27f0622e6005b31cc6873,2026-09-01,HERO-02,53413121R3X1000,Rodeo Handbag Small (black),JPN,JPY,463100.00,463100.00,0.0000,unchanged,2026-08-31,2026-08-31,false,false
d5c7d1388f0616e59d58d902eeb51298,2026-09-01,HERO-02,53413121R3X1000,Rodeo Handbag Small (black),KOR,KRW,4420000.00,4420000.00,0.0000,unchanged,2026-08-31,2026-08-31,false,false
19da60f3004a91f7a098147e37303924,2026-09-01,HERO-02,53413121R3X1000,Rodeo Handbag Small (black),USA,USD,3160.00,3160.00,0.0000,unchanged,2026-08-31,2026-08-31,false,false
04479a079511ab6a47bb8c9f50774ee2,2026-09-01,HERO-03,687101TK1EY1000,Hourglass Handbag Small (black),ARE,AED,12500.00,12500.00,0.0000,unchanged,2026-08-31,2026-08-31,false,false
4d165d9018dc9fe7393b9620430ccf5a,2026-09-01,HERO-03,687101TK1EY1000,Hourglass Handbag Small (black),CHN,CNY,25900.00,25900.00,0.0000,unchanged,2026-08-31,2026-08-31,false,false
9ec1b627807f979bbe1d6d41e788b282,2026-09-01,HERO-03,687101TK1EY1000,Hourglass Handbag Small (black),FRA,EUR,2750.00,2750.00,0.0000,unchanged,2026-08-31,2026-08-31,false,false
09c4a4de7ffd2d5a7a097dcc36f442a1,2026-09-01,HERO-03,687101TK1EY1000,Hourglass Handbag Small (black),GBR,GBP,2450.00,2450.00,0.0000,unchanged,2026-08-31,2026-08-31,false,false
9b05daca93ba9e11d0522561dd76f49a,2026-09-01,HERO-03,687101TK1EY1000,Hourglass Handbag Small (black),HKG,HKD,25500.00,25500.00,0.0000,unchanged,2026-08-31,2026-08-31,false,false
1fdc6008768a3db4dec70fbed17870de,2026-09-01,HERO-03,687101TK1EY1000,Hourglass Handbag Small (black),JPN,JPY,510100.00,510100.00,0.0000,unchanged,2026-08-31,2026-08-31,false,false
2ef64716b2e18068ecb7e8f9b6912386,2026-09-01,HERO-03,687101TK1EY1000,Hourglass Handbag Small (black),KOR,KRW,4840000.00,4840000.00,0.0000,unchanged,2026-08-31,2026-08-31,false,false
b1d87c67d70bbfbef390add92c8816bd,2026-09-01,HERO-03,687101TK1EY1000,Hourglass Handbag Small (black),USA,USD,3620.00,3620.00,0.0000,unchanged,2026-08-31,2026-08-31,false,false
66515d026f41cec9370303c25585e033,2026-09-01,HERO-04,5543034GFF51000,Le Cagole Shoulder Bag Small (black),ARE,AED,18000.00,18000.00,0.0000,unchanged,2026-08-31,2026-08-31,false,false
a734d7c9162683e528d883aead294193,2026-09-01,HERO-04,5543034GFF51000,Le Cagole Shoulder Bag Small (black),CHN,CNY,37900.00,37900.00,0.0000,unchanged,2026-08-31,2026-08-31,false,false
436827dbd7e0069a9673209f12ff7367,2026-09-01,HERO-04,5543034GFF51000,Le Cagole Shoulder Bag Small (black),FRA,EUR,3950.00,3950.00,0.0000,unchanged,2026-08-31,2026-08-31,false,false
45410e50c9f9d55881e3f49b6c566859,2026-09-01,HERO-04,5543034GFF51000,Le Cagole Shoulder Bag Small (black),GBR,GBP,3550.00,3550.00,0.0000,unchanged,2026-08-31,2026-08-31,false,false
85d8969def17cc41a1080afabd29df55,2026-09-01,HERO-04,5543034GFF51000,Le Cagole Shoulder Bag Small (black),HKG,HKD,38800.00,38800.00,0.0000,unchanged,2026-08-31,2026-08-31,false,false
54eb19edefc772c25e3ad9f0c9022fc3,2026-09-01,HERO-04,5543034GFF51000,Le Cagole Shoulder Bag Small (black),JPN,JPY,715800.00,715800.00,0.0000,unchanged,2026-08-31,2026-08-31,false,false
face5d55a6d291adf18831db0d8cafe6,2026-09-01,HERO-04,5543034GFF51000,Le Cagole Shoulder Bag Small (black),KOR,KRW,6750000.00,6750000.00,0.0000,unchanged,2026-08-31,2026-08-31,false,false
06d99e8d8931d9bdb2bacc75133de925,2026-09-01,HERO-04,5543034GFF51000,Le Cagole Shoulder Bag Small (black),USA,USD,4750.00,4750.00,0.0000,unchanged,2026-08-31,2026-08-31,false,false
6e516108859de92065031e6299ec5e4c,2026-09-01,HERO-05,676311TT1W11000,Triple S.2 Sneaker (black),ARE,AED,4600.00,4600.00,0.0000,unchanged,2026-08-31,2026-08-31,false,false
5ad47dc7f054a90a4027dbff92bfff66,2026-09-01,HERO-05,676311TT1W11000,Triple S.2 Sneaker (black),CHN,CNY,9700.00,9700.00,0.0000,unchanged,2026-08-31,2026-08-31,false,false
8e36802f41697218c5c4916eccd62a93,2026-09-01,HERO-05,676311TT1W11000,Triple S.2 Sneaker (black),FRA,EUR,1020.00,1020.00,0.0000,unchanged,2026-08-31,2026-08-31,false,false
e740e4753e91e08ef064c13b65f8ac5c,2026-09-01,HERO-05,676311TT1W11000,Triple S.2 Sneaker (black),GBR,GBP,945.00,945.00,0.0000,unchanged,2026-08-31,2026-08-31,false,false
9d41057ce3235a908ef57baafd312c64,2026-09-01,HERO-05,676311TT1W11000,Triple S.2 Sneaker (black),HKG,HKD,9600.00,9600.00,0.0000,unchanged,2026-08-31,2026-08-31,false,false
eb82a90bf25f2ea915bdc46e460fe634,2026-09-01,HERO-05,676311TT1W11000,Triple S.2 Sneaker (black),JPN,JPY,191000.00,191000.00,0.0000,unchanged,2026-08-31,2026-08-31,false,false
c6bd7212ff7d507d8cc567f427fed262,2026-09-01,HERO-05,676311TT1W11000,Triple S.2 Sneaker (black),KOR,KRW,1820000.00,1820000.00,0.0000,unchanged,2026-08-31,2026-08-31,false,false
7b5586f224809d838dede7ee0e329c5c,2026-09-01,HERO-05,676311TT1W11000,Triple S.2 Sneaker (black),USA,USD,1230.00,1230.00,0.0000,unchanged,2026-08-31,2026-08-31,false,false
7b82320f8a8c7dbb8367ced8edf105a2,2026-09-01,HERO-06,768723WND8D1000,3XL Sneaker (black),ARE,AED,4100.00,4100.00,0.0000,unchanged,2026-08-31,2026-08-31,false,false
282f7d92a267e65938e129e2d2ef04a4,2026-09-01,HERO-06,768723WND8D1000,3XL Sneaker (black),CHN,CNY,9000.00,9000.00,0.0000,unchanged,2026-08-31,2026-08-31,false,false
c8f12e24ca2aaacb983e0820d6293940,2026-09-01,HERO-06,768723WND8D1000,3XL Sneaker (black),FRA,EUR,925.00,925.00,0.0000,unchanged,2026-08-31,2026-08-31,false,false
a27c913fc5da81e2af5f4b12e857f6f4,2026-09-01,HERO-06,768723WND8D1000,3XL Sneaker (black),GBR,GBP,835.00,835.00,0.0000,unchanged,2026-08-31,2026-08-31,false,false
5114649067e6613fa8f1475dc5be9443,2026-09-01,HERO-06,768723WND8D1000,3XL Sneaker (black),HKG,HKD,9100.00,9100.00,0.0000,unchanged,2026-08-31,2026-08-31,false,false
f819542f4ffa9d6d0ee0e45e410cb1d6,2026-09-01,HERO-06,768723WND8D1000,3XL Sneaker (black),JPN,JPY,169200.00,169200.00,0.0000,unchanged,2026-08-31,2026-08-31,false,false
be555617a56d17009be736a931cfd414,2026-09-01,HERO-06,768723WND8D1000,3XL Sneaker (black),KOR,KRW,1610000.00,1610000.00,0.0000,unchanged,2026-08-31,2026-08-31,false,false
0e1cf3f4e72f700d355e145f1a925860,2026-09-01,HERO-06,768723WND8D1000,3XL Sneaker (black),USA,USD,1110.00,1110.00,0.0000,unchanged,2026-08-31,2026-08-31,false,false
0e29b6e5f24266b905adfbf85c8e1934,2026-09-01,HERO-07,A064YD4GQIW1000,Le City Card Holder (black),ARE,AED,2200.00,2200.00,0.0000,unchanged,2026-08-31,2026-08-31,false,false
609044b26a66b0d992368bea7d367fa4,2026-09-01,HERO-07,A064YD4GQIW1000,Le City Card Holder (black),CHN,CNY,4700.00,4700.00,0.0000,unchanged,2026-08-31,2026-08-31,false,false
71c867c423691ffdee29b9d50daea8a5,2026-09-01,HERO-07,A064YD4GQIW1000,Le City Card Holder (black),FRA,EUR,475.00,475.00,0.0000,unchanged,2026-08-31,2026-08-31,false,false
aa09ec317662cddf723121dfef5725a9,2026-09-01,HERO-07,A064YD4GQIW1000,Le City Card Holder (black),GBR,GBP,420.00,420.00,0.0000,unchanged,2026-08-31,2026-08-31,false,false
d446173763463ab1e126902891a22eb3,2026-09-01,HERO-07,A064YD4GQIW1000,Le City Card Holder (black),HKG,HKD,4700.00,4700.00,0.0000,unchanged,2026-08-31,2026-08-31,false,false
d25f4f06c9215cc7af37ae5e3ce02771,2026-09-01,HERO-07,A064YD4GQIW1000,Le City Card Holder (black),JPN,JPY,84900.00,84900.00,0.0000,unchanged,2026-08-31,2026-08-31,false,false
f60ae6dd54e18b335796886f4fc34057,2026-09-01,HERO-07,A064YD4GQIW1000,Le City Card Holder (black),KOR,KRW,850000.00,850000.00,0.0000,unchanged,2026-08-31,2026-08-31,false,false
9156effb45d2925efbe5d126a56e8ddd,2026-09-01,HERO-07,A064YD4GQIW1000,Le City Card Holder (black),USA,USD,605.00,605.00,0.0000,unchanged,2026-08-31,2026-08-31,false,false
df93eb79fc05a95f6a84c1e0914e8075,2026-09-01,HERO-08,6786802AEJ81000,Cash Long Coin and Card Holder Large (black),ARE,AED,9050.00,9050.00,0.0000,unchanged,2026-08-31,2026-08-31,false,false
57b2c7101907e2f6e18f74b0db6c52aa,2026-09-01,HERO-08,6786802AEJ81000,Cash Long Coin and Card Holder Large (black),CHN,CNY,19000.00,19000.00,0.0000,unchanged,2026-08-31,2026-08-31,false,false
55236d5fab7fa784e545c5d53bf2bb0e,2026-09-01,HERO-08,6786802AEJ81000,Cash Long Coin and Card Holder Large (black),FRA,EUR,1990.00,1990.00,0.0000,unchanged,2026-08-31,2026-08-31,false,false
b1d4ab554079a2867e4341e953cdc185,2026-09-01,HERO-08,6786802AEJ81000,Cash Long Coin and Card Holder Large (black),GBR,GBP,1840.00,1840.00,0.0000,unchanged,2026-08-31,2026-08-31,false,false
7dcb8224b81a02853d42dc8e12d28413,2026-09-01,HERO-08,6786802AEJ81000,Cash Long Coin and Card Holder Large (black),HKG,HKD,19700.00,19700.00,0.0000,unchanged,2026-08-31,2026-08-31,false,false
8d1a1b19334f4c1b85b80b34f3d3108c,2026-09-01,HERO-08,6786802AEJ81000,Cash Long Coin and Card Holder Large (black),JPN,JPY,370200.00,370200.00,0.0000,unchanged,2026-08-31,2026-08-31,false,false
50d2fee8988a9979522435eb1c986d5c,2026-09-01,HERO-08,6786802AEJ81000,Cash Long Coin and Card Holder Large (black),KOR,KRW,3570000.00,3570000.00,0.0000,unchanged,2026-08-31,2026-08-31,false,false
6f592f260bf7ce2ed9c12bb170b51ee9,2026-09-01,HERO-08,6786802AEJ81000,Cash Long Coin and Card Holder Large (black),USA,USD,2440.00,2440.00,0.0000,unchanged,2026-08-31,2026-08-31,false,false
91296e9afa86a79d7746eea775175baa,2026-09-08,HERO-01,543321TT8F11000,Le City Bag Medium (black),ARE,AED,11550.00,10900.00,0.0596,price_increase,2026-09-07,2026-09-07,false,false
7796fd76f38d2c2ed2467da5ca8a935c,2026-09-08,HERO-01,543321TT8F11000,Le City Bag Medium (black),CHN,CNY,25400.00,24200.00,0.0496,price_increase,2026-09-07,2026-09-07,false,false
59768b61a95b680dac2888a808c6554a,2026-09-08,HERO-01,543321TT8F11000,Le City Bag Medium (black),FRA,EUR,2650.00,2500.00,0.0600,price_increase,2026-09-07,2026-09-07,false,false
8bf80479e29f3ab0b109738b7d46ae8a,2026-09-08,HERO-01,543321TT8F11000,Le City Bag Medium (black),GBR,GBP,2420.00,2280.00,0.0614,price_increase,2026-09-07,2026-09-07,false,false
25495b5fb4b1f9223b0c61b830cecbca,2026-09-08,HERO-01,543321TT8F11000,Le City Bag Medium (black),HKG,HKD,25300.00,23900.00,0.0586,price_increase,2026-09-07,2026-09-07,false,false
d98500f5e9f3e21235e597e45ef5fc59,2026-09-08,HERO-01,543321TT8F11000,Le City Bag Medium (black),JPN,JPY,477800.00,442400.00,0.0800,price_increase,2026-09-07,2026-09-07,false,false
a787270511f7b0e0663fc57d06105898,2026-09-08,HERO-01,543321TT8F11000,Le City Bag Medium (black),KOR,KRW,4740000.00,4510000.00,0.0510,price_increase,2026-09-07,2026-09-07,false,false
a19cde410be402ddfd5d9b2a9e3778fb,2026-09-08,HERO-01,543321TT8F11000,Le City Bag Medium (black),USA,USD,3310.00,3090.00,0.0712,price_increase,2026-09-07,2026-09-07,false,false
7e5b9fe2526abf675decd6d2100d9621,2026-09-08,HERO-02,53413121R3X1000,Rodeo Handbag Small (black),ARE,AED,12800.00,12100.00,0.0579,price_increase,2026-09-07,2026-09-07,false,false
4bb19d3623f50b147bb79969477df0b1,2026-09-08,HERO-02,53413121R3X1000,Rodeo Handbag Small (black),CHN,CNY,26200.00,24900.00,0.0522,price_increase,2026-09-07,2026-09-07,false,false
82fadbc9bd7193c220d9dc61c86ca964,2026-09-08,HERO-02,53413121R3X1000,Rodeo Handbag Small (black),FRA,EUR,2740.00,2580.00,0.0620,price_increase,2026-09-07,2026-09-07,false,false
51ee0e78a3576702bd7ac2af5d6a02ee,2026-09-08,HERO-02,53413121R3X1000,Rodeo Handbag Small (black),GBR,GBP,2440.00,2310.00,0.0563,price_increase,2026-09-07,2026-09-07,false,false
7e79dbf2e2f0b554fec9be59211b7021,2026-09-08,HERO-02,53413121R3X1000,Rodeo Handbag Small (black),HKG,HKD,25500.00,24100.00,0.0581,price_increase,2026-09-07,2026-09-07,false,false
b461810849fdc1ec357d15c7e33089f0,2026-09-08,HERO-02,53413121R3X1000,Rodeo Handbag Small (black),JPN,JPY,500100.00,463100.00,0.0799,price_increase,2026-09-07,2026-09-07,false,false
e9e783fd4bb48fdb8d6f09a3ae5aa25f,2026-09-08,HERO-02,53413121R3X1000,Rodeo Handbag Small (black),KOR,KRW,4640000.00,4420000.00,0.0498,price_increase,2026-09-07,2026-09-07,false,false
8083ed1d38a156e68bc3a6a809fe963b,2026-09-08,HERO-02,53413121R3X1000,Rodeo Handbag Small (black),USA,USD,3380.00,3160.00,0.0696,price_increase,2026-09-07,2026-09-07,false,false
7e115944d1f56d0dc8390bfb263378f2,2026-09-08,HERO-03,687101TK1EY1000,Hourglass Handbag Small (black),ARE,AED,13250.00,12500.00,0.0600,price_increase,2026-09-07,2026-09-07,false,false
a77e144783684cf296c02710104d7b4c,2026-09-08,HERO-03,687101TK1EY1000,Hourglass Handbag Small (black),CHN,CNY,27100.00,25900.00,0.0463,price_increase,2026-09-07,2026-09-07,false,false
d12d72c9eb059af4e96e82f84f4988fc,2026-09-08,HERO-03,687101TK1EY1000,Hourglass Handbag Small (black),FRA,EUR,2920.00,2750.00,0.0618,price_increase,2026-09-07,2026-09-07,false,false
b0efbae498ccc994a00f3d8d2e3703fa,2026-09-08,HERO-03,687101TK1EY1000,Hourglass Handbag Small (black),GBR,GBP,2600.00,2450.00,0.0612,price_increase,2026-09-07,2026-09-07,false,false
fcb64ed4c60244ddd74817155be7645b,2026-09-08,HERO-03,687101TK1EY1000,Hourglass Handbag Small (black),HKG,HKD,27000.00,25500.00,0.0588,price_increase,2026-09-07,2026-09-07,false,false
90db0f12529baacca8884febd1147110,2026-09-08,HERO-03,687101TK1EY1000,Hourglass Handbag Small (black),JPN,JPY,550900.00,510100.00,0.0800,price_increase,2026-09-07,2026-09-07,false,false
02cf4f1880320958e7b84eb1efdbe491,2026-09-08,HERO-03,687101TK1EY1000,Hourglass Handbag Small (black),KOR,KRW,5080000.00,4840000.00,0.0496,price_increase,2026-09-07,2026-09-07,false,false
f473c8ebcb5a8e196722f1733129e492,2026-09-08,HERO-03,687101TK1EY1000,Hourglass Handbag Small (black),USA,USD,3880.00,3620.00,0.0718,price_increase,2026-09-07,2026-09-07,false,false
8c66caca023e1e1355e6990ab76332aa,2026-09-08,HERO-04,5543034GFF51000,Le Cagole Shoulder Bag Small (black),ARE,AED,19100.00,18000.00,0.0611,price_increase,2026-09-07,2026-09-07,false,false
674b04b33bd5a1bf8ece7cd4de69ebb9,2026-09-08,HERO-04,5543034GFF51000,Le Cagole Shoulder Bag Small (black),CHN,CNY,39800.00,37900.00,0.0501,price_increase,2026-09-07,2026-09-07,false,false
412daa93cbf8d11401cc017f894c1615,2026-09-08,HERO-04,5543034GFF51000,Le Cagole Shoulder Bag Small (black),FRA,EUR,4190.00,3950.00,0.0608,price_increase,2026-09-07,2026-09-07,false,false
3f0efe13c1de0327496459a2274d3600,2026-09-08,HERO-04,5543034GFF51000,Le Cagole Shoulder Bag Small (black),GBR,GBP,3760.00,3550.00,0.0592,price_increase,2026-09-07,2026-09-07,false,false
b35ad4c29a91e0ac53f9371a921a730f,2026-09-08,HERO-04,5543034GFF51000,Le Cagole Shoulder Bag Small (black),HKG,HKD,38800.00,38800.00,0.0000,unchanged,2026-09-07,2026-08-31,false,true
2693ad3ca3de6bd238f6c594d3801767,2026-09-08,HERO-04,5543034GFF51000,Le Cagole Shoulder Bag Small (black),JPN,JPY,773100.00,715800.00,0.0801,price_increase,2026-09-07,2026-09-07,false,false
56735f3acf0ed5ce83b5043a40409cd7,2026-09-08,HERO-04,5543034GFF51000,Le Cagole Shoulder Bag Small (black),KOR,KRW,7090000.00,6750000.00,0.0504,price_increase,2026-09-07,2026-09-07,false,false
5103340b687ef7cf5fe37b4ff1827872,2026-09-08,HERO-04,5543034GFF51000,Le Cagole Shoulder Bag Small (black),USA,USD,5090.00,4750.00,0.0716,price_increase,2026-09-07,2026-09-07,false,false
d68d589bca54820dde1f065110053e24,2026-09-08,HERO-05,676311TT1W11000,Triple S.2 Sneaker (black),ARE,AED,4600.00,4600.00,0.0000,unchanged,2026-09-07,2026-09-07,false,false
5993eec88ef5388f5ed28d8140920442,2026-09-08,HERO-05,676311TT1W11000,Triple S.2 Sneaker (black),CHN,CNY,9700.00,9700.00,0.0000,unchanged,2026-09-07,2026-09-07,false,false
4a18973b8494e34e2ae3bc119f63b6db,2026-09-08,HERO-05,676311TT1W11000,Triple S.2 Sneaker (black),FRA,EUR,1020.00,1020.00,0.0000,unchanged,2026-09-07,2026-09-07,false,false
ab390dec48964ad0926ef951cc309fdb,2026-09-08,HERO-05,676311TT1W11000,Triple S.2 Sneaker (black),GBR,GBP,945.00,945.00,0.0000,unchanged,2026-09-07,2026-09-07,false,false
84b543f3abbda97a22bb06008de0ca36,2026-09-08,HERO-05,676311TT1W11000,Triple S.2 Sneaker (black),HKG,HKD,9600.00,9600.00,0.0000,unchanged,2026-09-07,2026-09-07,false,false
14f894670c4b0e6ed2a9cf4837963cc0,2026-09-08,HERO-05,676311TT1W11000,Triple S.2 Sneaker (black),JPN,JPY,191000.00,191000.00,0.0000,unchanged,2026-09-07,2026-09-07,false,false
18a9e6dcaef6f25e0eed858d13349ebf,2026-09-08,HERO-05,676311TT1W11000,Triple S.2 Sneaker (black),KOR,KRW,1820000.00,1820000.00,0.0000,unchanged,2026-09-07,2026-09-07,false,false
f502385b0224da88cbe00704a3ed442f,2026-09-08,HERO-05,676311TT1W11000,Triple S.2 Sneaker (black),USA,USD,1230.00,1230.00,0.0000,unchanged,2026-09-07,2026-09-07,false,false
85c5d12e0d8c90730f6f55c0acd4b734,2026-09-08,HERO-06,768723WND8D1000,3XL Sneaker (black),ARE,AED,4100.00,4100.00,0.0000,unchanged,2026-09-07,2026-09-07,false,false
440de6f8c8097595be9c4467f6f33e11,2026-09-08,HERO-06,768723WND8D1000,3XL Sneaker (black),CHN,CNY,9000.00,9000.00,0.0000,unchanged,2026-09-07,2026-09-07,false,false
b06580cd6d36979cb3627d4641d4cbb8,2026-09-08,HERO-06,768723WND8D1000,3XL Sneaker (black),FRA,EUR,925.00,925.00,0.0000,unchanged,2026-09-07,2026-09-07,false,false
16eccb870660d30dffd4abc89e63072d,2026-09-08,HERO-06,768723WND8D1000,3XL Sneaker (black),GBR,GBP,835.00,835.00,0.0000,unchanged,2026-09-07,2026-09-07,false,false
f2e85c1b1a8dd590759b25fdde542381,2026-09-08,HERO-06,768723WND8D1000,3XL Sneaker (black),HKG,HKD,9100.00,9100.00,0.0000,unchanged,2026-09-07,2026-09-07,false,false
145793578575a9fac02cc9ff0c7de69b,2026-09-08,HERO-06,768723WND8D1000,3XL Sneaker (black),JPN,JPY,169200.00,169200.00,0.0000,unchanged,2026-09-07,2026-09-07,false,false
dcb109bdad3ec29784f1adad02f7c856,2026-09-08,HERO-06,768723WND8D1000,3XL Sneaker (black),KOR,KRW,1610000.00,1610000.00,0.0000,unchanged,2026-09-07,2026-09-07,false,false
1e4abf9410b817e8e6a4ff9ad171e5e6,2026-09-08,HERO-06,768723WND8D1000,3XL Sneaker (black),USA,USD,1110.00,1110.00,0.0000,unchanged,2026-09-07,2026-09-07,false,false
ea07ab76f393d27bbe9d16a3483b9d82,2026-09-08,HERO-07,A064YD4GQIW1000,Le City Card Holder (black),ARE,AED,2300.00,2200.00,0.0455,price_increase,2026-09-07,2026-09-07,false,false
92e905b21830b6565630457b25e1439a,2026-09-08,HERO-07,A064YD4GQIW1000,Le City Card Holder (black),CHN,CNY,4900.00,4700.00,0.0426,price_increase,2026-09-07,2026-09-07,false,false
747f26b1a31053967c6772b317cf6093,2026-09-08,HERO-07,A064YD4GQIW1000,Le City Card Holder (black),FRA,EUR,505.00,475.00,0.0632,price_increase,2026-09-07,2026-09-07,false,false
b405287df4fbf248432ed7f7e3289e06,2026-09-08,HERO-07,A064YD4GQIW1000,Le City Card Holder (black),GBR,GBP,445.00,420.00,0.0595,price_increase,2026-09-07,2026-09-07,false,false
dd0292f6c81dd2582c5dc67868f70d6d,2026-09-08,HERO-07,A064YD4GQIW1000,Le City Card Holder (black),HKG,HKD,4900.00,4700.00,0.0426,price_increase,2026-09-07,2026-09-07,false,false
5c56b479de50c0c8bd39a1699d4e96e0,2026-09-08,HERO-07,A064YD4GQIW1000,Le City Card Holder (black),JPN,JPY,91700.00,84900.00,0.0801,price_increase,2026-09-07,2026-09-07,false,false
6ee05d6809034618a91f830d02d50a15,2026-09-08,HERO-07,A064YD4GQIW1000,Le City Card Holder (black),KOR,KRW,890000.00,850000.00,0.0471,price_increase,2026-09-07,2026-09-07,false,false
602ac4c858aeafffb3cc62c17ef339b8,2026-09-08,HERO-07,A064YD4GQIW1000,Le City Card Holder (black),USA,USD,650.00,605.00,0.0744,price_increase,2026-09-07,2026-09-07,false,false
dc1b076864b146611f11ce3f1aa0a3b0,2026-09-08,HERO-08,6786802AEJ81000,Cash Long Coin and Card Holder Large (black),ARE,AED,9600.00,9050.00,0.0608,price_increase,2026-09-07,2026-09-07,false,false
4e6b1aca1646cffee8a06ed0cc8a4968,2026-09-08,HERO-08,6786802AEJ81000,Cash Long Coin and Card Holder Large (black),CHN,CNY,19900.00,19000.00,0.0474,price_increase,2026-09-07,2026-09-07,false,false
be0e2fc8b623fd0a1bec640c6068580b,2026-09-08,HERO-08,6786802AEJ81000,Cash Long Coin and Card Holder Large (black),FRA,EUR,2110.00,1990.00,0.0603,price_increase,2026-09-07,2026-09-07,false,false
c00d55f27b6719ed7f4248f7fae198cb,2026-09-08,HERO-08,6786802AEJ81000,Cash Long Coin and Card Holder Large (black),GBR,GBP,1950.00,1840.00,0.0598,price_increase,2026-09-07,2026-09-07,false,false
c7490e0b553278ccf2ef92483cdf3989,2026-09-08,HERO-08,6786802AEJ81000,Cash Long Coin and Card Holder Large (black),HKG,HKD,20900.00,19700.00,0.0609,price_increase,2026-09-07,2026-09-07,false,false
c559dcb0b23e90ca1aa25f4df943e8aa,2026-09-08,HERO-08,6786802AEJ81000,Cash Long Coin and Card Holder Large (black),JPN,JPY,399800.00,370200.00,0.0800,price_increase,2026-09-07,2026-09-07,false,false
13f79aec6c7f472509ebc3dfeb16fb4b,2026-09-08,HERO-08,6786802AEJ81000,Cash Long Coin and Card Holder Large (black),KOR,KRW,3750000.00,3570000.00,0.0504,price_increase,2026-09-07,2026-09-07,false,false
65a1bc445ce83a3349dbe94c8a241304,2026-09-08,HERO-08,6786802AEJ81000,Cash Long Coin and Card Holder Large (black),USA,USD,2610.00,2440.00,0.0697,price_increase,2026-09-07,2026-09-07,false,false
f8e67915cb727de01ef4353f5c326e77,2026-09-15,HERO-01,543321TT8F11000,Le City Bag Medium (black),ARE,AED,11550.00,11550.00,0.0000,unchanged,2026-09-14,2026-09-14,false,false
4bc9b6671e5ee9dd9fa5ca88f3bd78dd,2026-09-15,HERO-01,543321TT8F11000,Le City Bag Medium (black),CHN,CNY,25400.00,25400.00,0.0000,unchanged,2026-09-14,2026-09-14,false,false
3beba8aee937ccd56c19f93b9bad9b0b,2026-09-15,HERO-01,543321TT8F11000,Le City Bag Medium (black),FRA,EUR,2650.00,2650.00,0.0000,unchanged,2026-09-14,2026-09-14,false,false
a4bf0c9dbbf205ba7fa8c9653c03757e,2026-09-15,HERO-01,543321TT8F11000,Le City Bag Medium (black),GBR,GBP,2420.00,2420.00,0.0000,unchanged,2026-09-14,2026-09-14,false,false
75aa7a14eed1f80eb5a09bc1145b1f12,2026-09-15,HERO-01,543321TT8F11000,Le City Bag Medium (black),HKG,HKD,25300.00,25300.00,0.0000,unchanged,2026-09-14,2026-09-14,false,false
842a09007cb3d61d15c0fbc40f5b6090,2026-09-15,HERO-01,543321TT8F11000,Le City Bag Medium (black),JPN,JPY,477800.00,477800.00,0.0000,unchanged,2026-09-07,2026-09-07,true,false
a892c649e1f25da2163cd8b6e9117074,2026-09-15,HERO-01,543321TT8F11000,Le City Bag Medium (black),KOR,KRW,4740000.00,4740000.00,0.0000,unchanged,2026-09-14,2026-09-14,false,false
4f9b58eb447b18b821dcc70f9afa9356,2026-09-15,HERO-01,543321TT8F11000,Le City Bag Medium (black),USA,USD,3310.00,3310.00,0.0000,unchanged,2026-09-14,2026-09-14,false,false
f3c62004493c9e404d3e6a988c12ac0e,2026-09-15,HERO-02,53413121R3X1000,Rodeo Handbag Small (black),ARE,AED,12800.00,12800.00,0.0000,unchanged,2026-09-14,2026-09-14,false,false
504c21e2886fc1c37725ef6f3feda9b8,2026-09-15,HERO-02,53413121R3X1000,Rodeo Handbag Small (black),CHN,CNY,26200.00,26200.00,0.0000,unchanged,2026-09-14,2026-09-14,false,false
66a27d1c343c84f6b45b4eb7eac23cf2,2026-09-15,HERO-02,53413121R3X1000,Rodeo Handbag Small (black),FRA,EUR,2740.00,2740.00,0.0000,unchanged,2026-09-14,2026-09-14,false,false
d1f3f266e639e3af03ff1fe14cfd4248,2026-09-15,HERO-02,53413121R3X1000,Rodeo Handbag Small (black),GBR,GBP,2440.00,2440.00,0.0000,unchanged,2026-09-14,2026-09-14,false,false
007491da76ffbc5ed65b993dd2bd00fa,2026-09-15,HERO-02,53413121R3X1000,Rodeo Handbag Small (black),HKG,HKD,25500.00,25500.00,0.0000,unchanged,2026-09-14,2026-09-14,false,false
d121ed472606059e7641d412c5cb2c8a,2026-09-15,HERO-02,53413121R3X1000,Rodeo Handbag Small (black),JPN,JPY,500100.00,500100.00,0.0000,unchanged,2026-09-07,2026-09-07,true,false
18d56cf458e78d45e75bc76c945b29c7,2026-09-15,HERO-02,53413121R3X1000,Rodeo Handbag Small (black),KOR,KRW,4640000.00,4640000.00,0.0000,unchanged,2026-09-14,2026-09-14,false,false
0daa988383e756523176b41c722854ae,2026-09-15,HERO-02,53413121R3X1000,Rodeo Handbag Small (black),USA,USD,3380.00,3380.00,0.0000,unchanged,2026-09-14,2026-09-14,false,false
53bad00b9984203a618af412fa866f0e,2026-09-15,HERO-03,687101TK1EY1000,Hourglass Handbag Small (black),ARE,AED,13250.00,13250.00,0.0000,unchanged,2026-09-14,2026-09-14,false,false
9d2ece3e05a1a43294265fc3efbe2fe2,2026-09-15,HERO-03,687101TK1EY1000,Hourglass Handbag Small (black),CHN,CNY,27100.00,27100.00,0.0000,unchanged,2026-09-14,2026-09-14,false,false
c582082f58d3e1f787a34b28c03286cb,2026-09-15,HERO-03,687101TK1EY1000,Hourglass Handbag Small (black),FRA,EUR,2920.00,2920.00,0.0000,unchanged,2026-09-14,2026-09-14,false,false
68adcc78ebb5c6c40c34f45640839337,2026-09-15,HERO-03,687101TK1EY1000,Hourglass Handbag Small (black),GBR,GBP,2600.00,2600.00,0.0000,unchanged,2026-09-14,2026-09-14,false,false
6ac43c46ba19abad0c1d8593fee2e3ca,2026-09-15,HERO-03,687101TK1EY1000,Hourglass Handbag Small (black),HKG,HKD,27000.00,27000.00,0.0000,unchanged,2026-09-14,2026-09-14,false,false
f6a69a78e453469e4fe87b12ca5c2809,2026-09-15,HERO-03,687101TK1EY1000,Hourglass Handbag Small (black),JPN,JPY,550900.00,550900.00,0.0000,unchanged,2026-09-07,2026-09-07,true,false
095eb001f4c222a43e95351ad8e9e347,2026-09-15,HERO-03,687101TK1EY1000,Hourglass Handbag Small (black),KOR,KRW,5080000.00,5080000.00,0.0000,unchanged,2026-09-14,2026-09-14,false,false
f4e8289bdfd6bc30e781a2943089f436,2026-09-15,HERO-03,687101TK1EY1000,Hourglass Handbag Small (black),USA,USD,3880.00,3880.00,0.0000,unchanged,2026-09-14,2026-09-14,false,false
2c5e1a3a74e0b42efb881e70a30b7c13,2026-09-15,HERO-04,5543034GFF51000,Le Cagole Shoulder Bag Small (black),ARE,AED,19100.00,19100.00,0.0000,unchanged,2026-09-14,2026-09-14,false,false
3945c72322ff27b682a3eeea64d58efa,2026-09-15,HERO-04,5543034GFF51000,Le Cagole Shoulder Bag Small (black),CHN,CNY,39800.00,39800.00,0.0000,unchanged,2026-09-14,2026-09-14,false,false
27776d17ba92381e8b76f4c173570246,2026-09-15,HERO-04,5543034GFF51000,Le Cagole Shoulder Bag Small (black),FRA,EUR,4190.00,4190.00,0.0000,unchanged,2026-09-14,2026-09-14,false,false
f2a1a6a7f72036a25bf5532005a42d0d,2026-09-15,HERO-04,5543034GFF51000,Le Cagole Shoulder Bag Small (black),GBR,GBP,3760.00,3760.00,0.0000,unchanged,2026-09-14,2026-09-14,false,false
25331cfdbb5fea79f4890e79538d4e6a,2026-09-15,HERO-04,5543034GFF51000,Le Cagole Shoulder Bag Small (black),HKG,HKD,41200.00,38800.00,0.0619,price_increase,2026-09-14,2026-09-14,false,false
07d2fe6dcf853fb2ef9562dc8de22cf7,2026-09-15,HERO-04,5543034GFF51000,Le Cagole Shoulder Bag Small (black),JPN,JPY,773100.00,773100.00,0.0000,unchanged,2026-09-07,2026-09-07,true,false
f34b0e8b9741c7e76bbc60a6cd228c53,2026-09-15,HERO-04,5543034GFF51000,Le Cagole Shoulder Bag Small (black),KOR,KRW,7090000.00,7090000.00,0.0000,unchanged,2026-09-14,2026-09-14,false,false
10f29b55df76d1273abeabcd0e1c1c8b,2026-09-15,HERO-04,5543034GFF51000,Le Cagole Shoulder Bag Small (black),USA,USD,5090.00,5090.00,0.0000,unchanged,2026-09-14,2026-09-14,false,false
e9ac25474bef12104c5d1f0545c791c6,2026-09-15,HERO-05,676311TT1W11000,Triple S.2 Sneaker (black),ARE,AED,4600.00,4600.00,0.0000,unchanged,2026-09-14,2026-09-14,false,false
4eaa4ec2d77efcb79428ce42c25b3eb2,2026-09-15,HERO-05,676311TT1W11000,Triple S.2 Sneaker (black),CHN,CNY,9700.00,9700.00,0.0000,unchanged,2026-09-14,2026-09-14,false,false
fe733dfbed8a76f27cb9fc072263402a,2026-09-15,HERO-05,676311TT1W11000,Triple S.2 Sneaker (black),FRA,EUR,1020.00,1020.00,0.0000,unchanged,2026-09-14,2026-09-14,false,false
86230f45104470bfdecbd959a9ff0696,2026-09-15,HERO-05,676311TT1W11000,Triple S.2 Sneaker (black),GBR,GBP,945.00,945.00,0.0000,unchanged,2026-09-14,2026-09-14,false,false
a89c49888ff0e3cf3c4b919c34fc7ecd,2026-09-15,HERO-05,676311TT1W11000,Triple S.2 Sneaker (black),HKG,HKD,9600.00,9600.00,0.0000,unchanged,2026-09-14,2026-09-14,false,false
3b6ca06d8e3854095b63f46a35d34bb4,2026-09-15,HERO-05,676311TT1W11000,Triple S.2 Sneaker (black),JPN,JPY,191000.00,191000.00,0.0000,unchanged,2026-09-07,2026-09-07,true,false
0d508b96fdbc6c49152a71aebe213139,2026-09-15,HERO-05,676311TT1W11000,Triple S.2 Sneaker (black),KOR,KRW,1820000.00,1820000.00,0.0000,unchanged,2026-09-14,2026-09-14,false,false
63adbf2dda3d5b96a67ca2410bd0fce3,2026-09-15,HERO-05,676311TT1W11000,Triple S.2 Sneaker (black),USA,USD,1230.00,1230.00,0.0000,unchanged,2026-09-14,2026-09-14,false,false
79d00f20c259a9ce12e7ca267b112efc,2026-09-15,HERO-06,768723WND8D1000,3XL Sneaker (black),ARE,AED,3650.00,4100.00,-0.1098,price_decrease,2026-09-14,2026-09-14,false,false
ebbdabe0c4411811656252c838a5179f,2026-09-15,HERO-06,768723WND8D1000,3XL Sneaker (black),CHN,CNY,8000.00,9000.00,-0.1111,price_decrease,2026-09-14,2026-09-14,false,false
4dcacb15890c37ac55c7860b71225407,2026-09-15,HERO-06,768723WND8D1000,3XL Sneaker (black),FRA,EUR,820.00,925.00,-0.1135,price_decrease,2026-09-14,2026-09-14,false,false
a2e9b210a522e497d472979bc4e30bae,2026-09-15,HERO-06,768723WND8D1000,3XL Sneaker (black),GBR,GBP,740.00,835.00,-0.1138,price_decrease,2026-09-14,2026-09-14,false,false
104888185e9fbcde372ecfe38c75a2b0,2026-09-15,HERO-06,768723WND8D1000,3XL Sneaker (black),HKG,HKD,8100.00,9100.00,-0.1099,price_decrease,2026-09-14,2026-09-14,false,false
c1e73475a7b10038c7031f123d0e162e,2026-09-15,HERO-06,768723WND8D1000,3XL Sneaker (black),JPN,JPY,169200.00,169200.00,0.0000,unchanged,2026-09-07,2026-09-07,true,false
f6208170927c0d88f83cb91232e27d46,2026-09-15,HERO-06,768723WND8D1000,3XL Sneaker (black),KOR,KRW,1430000.00,1610000.00,-0.1118,price_decrease,2026-09-14,2026-09-14,false,false
3f8bcbd98e26d89178bba801695751b4,2026-09-15,HERO-06,768723WND8D1000,3XL Sneaker (black),USA,USD,985.00,1110.00,-0.1126,price_decrease,2026-09-14,2026-09-14,false,false
d995f79dbb9ae0928628a9df9436106c,2026-09-15,HERO-07,A064YD4GQIW1000,Le City Card Holder (black),ARE,AED,2300.00,2300.00,0.0000,unchanged,2026-09-14,2026-09-14,false,false
579785f3cdc1256fb7aa58917cab2958,2026-09-15,HERO-07,A064YD4GQIW1000,Le City Card Holder (black),CHN,CNY,4900.00,4900.00,0.0000,unchanged,2026-09-14,2026-09-14,false,false
7fe69f3f54b7d79a54b81e7dae762c00,2026-09-15,HERO-07,A064YD4GQIW1000,Le City Card Holder (black),FRA,EUR,505.00,505.00,0.0000,unchanged,2026-09-14,2026-09-14,false,false
c8cdccdf610de4a7e2fab196098925f0,2026-09-15,HERO-07,A064YD4GQIW1000,Le City Card Holder (black),GBR,GBP,445.00,445.00,0.0000,unchanged,2026-09-14,2026-09-14,false,false
04ad6f4bcb4912f326ee91b10185d8fc,2026-09-15,HERO-07,A064YD4GQIW1000,Le City Card Holder (black),HKG,HKD,4900.00,4900.00,0.0000,unchanged,2026-09-14,2026-09-14,false,false
6e20e3c32c63dcc0183d7295c9092d02,2026-09-15,HERO-07,A064YD4GQIW1000,Le City Card Holder (black),JPN,JPY,91700.00,91700.00,0.0000,unchanged,2026-09-07,2026-09-07,true,false
399f32bafcb3a375652e1b07ffdca0e6,2026-09-15,HERO-07,A064YD4GQIW1000,Le City Card Holder (black),KOR,KRW,890000.00,890000.00,0.0000,unchanged,2026-09-14,2026-09-14,false,false
094db3956820f525349ccad2f780a759,2026-09-15,HERO-07,A064YD4GQIW1000,Le City Card Holder (black),USA,USD,650.00,650.00,0.0000,unchanged,2026-09-14,2026-09-14,false,false
6bf8257989dde842890df8c02dee6c81,2026-09-15,HERO-08,6786802AEJ81000,Cash Long Coin and Card Holder Large (black),ARE,AED,9600.00,9600.00,0.0000,unchanged,2026-09-14,2026-09-14,false,false
ae13f48514469c80b1f2d3fb47ae7b84,2026-09-15,HERO-08,6786802AEJ81000,Cash Long Coin and Card Holder Large (black),CHN,CNY,19900.00,19900.00,0.0000,unchanged,2026-09-14,2026-09-14,false,false
2c5875d4a267dbee77429c6345b42027,2026-09-15,HERO-08,6786802AEJ81000,Cash Long Coin and Card Holder Large (black),FRA,EUR,2110.00,2110.00,0.0000,unchanged,2026-09-14,2026-09-14,false,false
7872d73c6c5f983a620b313d2ca2f7ef,2026-09-15,HERO-08,6786802AEJ81000,Cash Long Coin and Card Holder Large (black),GBR,GBP,1950.00,1950.00,0.0000,unchanged,2026-09-14,2026-09-14,false,false
daeac90eeaba770d2381d760c2d65da2,2026-09-15,HERO-08,6786802AEJ81000,Cash Long Coin and Card Holder Large (black),HKG,HKD,20900.00,20900.00,0.0000,unchanged,2026-09-14,2026-09-14,false,false
d9922cd43df229abf0307f8c6db38a03,2026-09-15,HERO-08,6786802AEJ81000,Cash Long Coin and Card Holder Large (black),JPN,JPY,399800.00,399800.00,0.0000,unchanged,2026-09-07,2026-09-07,true,false
6dfc5e34d372ca394bfd04c6b5e6257e,2026-09-15,HERO-08,6786802AEJ81000,Cash Long Coin and Card Holder Large (black),KOR,KRW,3750000.00,3750000.00,0.0000,unchanged,2026-09-14,2026-09-14,false,false
f21340fbff4693c80493319a5f3f567a,2026-09-15,HERO-08,6786802AEJ81000,Cash Long Coin and Card Holder Large (black),USA,USD,2610.00,2610.00,0.0000,unchanged,2026-09-14,2026-09-14,false,false
dedca432df24602d9033e70144ceaa13,2026-09-22,HERO-01,543321TT8F11000,Le City Bag Medium (black),ARE,AED,11550.00,11550.00,0.0000,unchanged,2026-09-21,2026-09-21,false,false
6810660a010b9217137dd7cec9590507,2026-09-22,HERO-01,543321TT8F11000,Le City Bag Medium (black),CHN,CNY,25400.00,25400.00,0.0000,unchanged,2026-09-21,2026-09-21,false,false
a564980beb3e93da3c5913e73e310d4a,2026-09-22,HERO-01,543321TT8F11000,Le City Bag Medium (black),FRA,EUR,2650.00,2650.00,0.0000,unchanged,2026-09-21,2026-09-21,false,false
5e972108309592c584d7c8e5a035ed32,2026-09-22,HERO-01,543321TT8F11000,Le City Bag Medium (black),GBR,GBP,2420.00,2420.00,0.0000,unchanged,2026-09-21,2026-09-21,false,false
2e07691fb7f3805ed626fd067bb64dfd,2026-09-22,HERO-01,543321TT8F11000,Le City Bag Medium (black),HKG,HKD,25300.00,25300.00,0.0000,unchanged,2026-09-21,2026-09-21,false,false
c1763313cf6994128b21ed134d9c98a5,2026-09-22,HERO-01,543321TT8F11000,Le City Bag Medium (black),JPN,JPY,477800.00,477800.00,0.0000,unchanged,2026-09-21,2026-09-21,false,false
40cef5bce53ddca019907230fd6fddf6,2026-09-22,HERO-01,543321TT8F11000,Le City Bag Medium (black),KOR,KRW,4740000.00,4740000.00,0.0000,unchanged,2026-09-21,2026-09-21,false,false
5a7e032ad026426f58e3ecab2b3eac02,2026-09-22,HERO-01,543321TT8F11000,Le City Bag Medium (black),USA,USD,3310.00,3310.00,0.0000,unchanged,2026-09-21,2026-09-21,false,false
7b90f515c86841a4f95cd7749961f61b,2026-09-22,HERO-02,53413121R3X1000,Rodeo Handbag Small (black),ARE,AED,12800.00,12800.00,0.0000,unchanged,2026-09-21,2026-09-21,false,false
81cd26e78ceabcd18e97294e2bd0b895,2026-09-22,HERO-02,53413121R3X1000,Rodeo Handbag Small (black),CHN,CNY,26200.00,26200.00,0.0000,unchanged,2026-09-21,2026-09-21,false,false
b81a8051e21c0dd7ba2d503fab9b86b8,2026-09-22,HERO-02,53413121R3X1000,Rodeo Handbag Small (black),FRA,EUR,2740.00,2740.00,0.0000,unchanged,2026-09-21,2026-09-21,false,false
00c08073440c7dedb695e7c5ae62e4db,2026-09-22,HERO-02,53413121R3X1000,Rodeo Handbag Small (black),GBR,GBP,2440.00,2440.00,0.0000,unchanged,2026-09-21,2026-09-21,false,false
c70da83f6e136e2cebfd240d68e907d4,2026-09-22,HERO-02,53413121R3X1000,Rodeo Handbag Small (black),HKG,HKD,25500.00,25500.00,0.0000,unchanged,2026-09-21,2026-09-21,false,false
d5381275929f334a7cda8e6cb2f51f08,2026-09-22,HERO-02,53413121R3X1000,Rodeo Handbag Small (black),JPN,JPY,500100.00,500100.00,0.0000,unchanged,2026-09-21,2026-09-21,false,false
3c81784925263cedbac3d8083934a3d0,2026-09-22,HERO-02,53413121R3X1000,Rodeo Handbag Small (black),KOR,KRW,4640000.00,4640000.00,0.0000,unchanged,2026-09-21,2026-09-21,false,false
9399df306b9e30ccf5b29a922f4b335e,2026-09-22,HERO-02,53413121R3X1000,Rodeo Handbag Small (black),USA,USD,3380.00,3380.00,0.0000,unchanged,2026-09-21,2026-09-21,false,false
7ddff81884880a641ec7cbb48fed0c59,2026-09-22,HERO-03,687101TK1EY1000,Hourglass Handbag Small (black),ARE,AED,13250.00,13250.00,0.0000,unchanged,2026-09-21,2026-09-21,false,false
ed63b71545d9dd960234306b68735e0e,2026-09-22,HERO-03,687101TK1EY1000,Hourglass Handbag Small (black),CHN,CNY,27100.00,27100.00,0.0000,unchanged,2026-09-21,2026-09-21,false,false
1cecedb331181ad64fba936e9e68b66f,2026-09-22,HERO-03,687101TK1EY1000,Hourglass Handbag Small (black),FRA,EUR,2920.00,2920.00,0.0000,unchanged,2026-09-21,2026-09-21,false,false
a6eb2dd62b85785a4f407b4f3238fd5e,2026-09-22,HERO-03,687101TK1EY1000,Hourglass Handbag Small (black),GBR,GBP,2600.00,2600.00,0.0000,unchanged,2026-09-21,2026-09-21,false,false
28ece1ef9ccee97441c946e04ac61f19,2026-09-22,HERO-03,687101TK1EY1000,Hourglass Handbag Small (black),HKG,HKD,27000.00,27000.00,0.0000,unchanged,2026-09-21,2026-09-21,false,false
a59474e5fecbbc59af26e0f2574dc5a4,2026-09-22,HERO-03,687101TK1EY1000,Hourglass Handbag Small (black),JPN,JPY,550900.00,550900.00,0.0000,unchanged,2026-09-21,2026-09-21,false,false
ab6743fe6eec61995a4553483bd1842e,2026-09-22,HERO-03,687101TK1EY1000,Hourglass Handbag Small (black),KOR,KRW,5080000.00,5080000.00,0.0000,unchanged,2026-09-21,2026-09-21,false,false
b61f912d172a95301ae219d5e9068f12,2026-09-22,HERO-03,687101TK1EY1000,Hourglass Handbag Small (black),USA,USD,3880.00,3880.00,0.0000,unchanged,2026-09-21,2026-09-21,false,false
d44c34efb18f9453f06a9c10833006e4,2026-09-22,HERO-04,5543034GFF51000,Le Cagole Shoulder Bag Small (black),ARE,AED,19100.00,19100.00,0.0000,unchanged,2026-09-21,2026-09-21,false,false
dbe610a0757b312558bb28187cc3f7c9,2026-09-22,HERO-04,5543034GFF51000,Le Cagole Shoulder Bag Small (black),CHN,CNY,39800.00,39800.00,0.0000,unchanged,2026-09-21,2026-09-21,false,false
3c63407c09a225988432b6ec364f5916,2026-09-22,HERO-04,5543034GFF51000,Le Cagole Shoulder Bag Small (black),FRA,EUR,4190.00,4190.00,0.0000,unchanged,2026-09-21,2026-09-21,false,false
10c76a6ad12d064bb5948bfd89639f75,2026-09-22,HERO-04,5543034GFF51000,Le Cagole Shoulder Bag Small (black),GBR,GBP,3760.00,3760.00,0.0000,unchanged,2026-09-21,2026-09-21,false,false
2fe1081166361330b11191c6cd54aa52,2026-09-22,HERO-04,5543034GFF51000,Le Cagole Shoulder Bag Small (black),HKG,HKD,41200.00,41200.00,0.0000,unchanged,2026-09-21,2026-09-21,false,false
b32794ab59cefe08044181694c696ab1,2026-09-22,HERO-04,5543034GFF51000,Le Cagole Shoulder Bag Small (black),JPN,JPY,773100.00,773100.00,0.0000,unchanged,2026-09-21,2026-09-21,false,false
5e29d302fc845d50f2ebf2026faff620,2026-09-22,HERO-04,5543034GFF51000,Le Cagole Shoulder Bag Small (black),KOR,KRW,7090000.00,7090000.00,0.0000,unchanged,2026-09-21,2026-09-21,false,false
e4b42bd6edf537ca7cf3320175a727bf,2026-09-22,HERO-04,5543034GFF51000,Le Cagole Shoulder Bag Small (black),USA,USD,5090.00,5090.00,0.0000,unchanged,2026-09-21,2026-09-21,false,false
4dac68cd253c2b8196022d8158a62cfc,2026-09-22,HERO-05,676311TT1W11000,Triple S.2 Sneaker (black),ARE,AED,4600.00,4600.00,0.0000,unchanged,2026-09-21,2026-09-21,false,false
57fc39407063d3c4e925d7cd1654b79d,2026-09-22,HERO-05,676311TT1W11000,Triple S.2 Sneaker (black),CHN,CNY,9700.00,9700.00,0.0000,unchanged,2026-09-21,2026-09-21,false,false
d9ab7503b015a1b6de99c312b155cbce,2026-09-22,HERO-05,676311TT1W11000,Triple S.2 Sneaker (black),FRA,EUR,1020.00,1020.00,0.0000,unchanged,2026-09-21,2026-09-21,false,false
57e26175c01497c945ff42092a5015fa,2026-09-22,HERO-05,676311TT1W11000,Triple S.2 Sneaker (black),GBR,GBP,945.00,945.00,0.0000,unchanged,2026-09-21,2026-09-21,false,false
67697a3ed8ee8546c39f202ed10bcc60,2026-09-22,HERO-05,676311TT1W11000,Triple S.2 Sneaker (black),HKG,HKD,9600.00,9600.00,0.0000,unchanged,2026-09-21,2026-09-21,false,false
31ce7792e66805fad132a73cb2f66574,2026-09-22,HERO-05,676311TT1W11000,Triple S.2 Sneaker (black),JPN,JPY,191000.00,191000.00,0.0000,unchanged,2026-09-21,2026-09-21,false,false
812af3ee36a15a85716cdc07ccfee741,2026-09-22,HERO-05,676311TT1W11000,Triple S.2 Sneaker (black),KOR,KRW,1820000.00,1820000.00,0.0000,unchanged,2026-09-21,2026-09-21,false,false
6bd2427b60c8f38ffa9a44b27ee9b7db,2026-09-22,HERO-05,676311TT1W11000,Triple S.2 Sneaker (black),USA,USD,1230.00,1230.00,0.0000,unchanged,2026-09-21,2026-09-21,false,false
6b6d686a4c6675aecd7fc333123d456f,2026-09-22,HERO-06,768723WND8D1000,3XL Sneaker (black),ARE,AED,3650.00,3650.00,0.0000,unchanged,2026-09-21,2026-09-21,false,false
20c6a48122631854ca1800a8eb6be5a4,2026-09-22,HERO-06,768723WND8D1000,3XL Sneaker (black),CHN,CNY,8000.00,8000.00,0.0000,unchanged,2026-09-21,2026-09-21,false,false
7c8f1766b661ad60476fd35300245453,2026-09-22,HERO-06,768723WND8D1000,3XL Sneaker (black),FRA,EUR,820.00,820.00,0.0000,unchanged,2026-09-21,2026-09-21,false,false
1e591bf5004ea7bd57820d182d3d8598,2026-09-22,HERO-06,768723WND8D1000,3XL Sneaker (black),GBR,GBP,740.00,740.00,0.0000,unchanged,2026-09-21,2026-09-21,false,false
c9792368413207db2f7bc40776f337ee,2026-09-22,HERO-06,768723WND8D1000,3XL Sneaker (black),HKG,HKD,8100.00,8100.00,0.0000,unchanged,2026-09-21,2026-09-21,false,false
1522dbd436caa6b51d1e44d373697397,2026-09-22,HERO-06,768723WND8D1000,3XL Sneaker (black),JPN,JPY,150000.00,169200.00,-0.1135,price_decrease,2026-09-21,2026-09-21,false,false
20a1ac21502669af1e69a99dcb7261ea,2026-09-22,HERO-06,768723WND8D1000,3XL Sneaker (black),KOR,KRW,1430000.00,1430000.00,0.0000,unchanged,2026-09-21,2026-09-21,false,false
d42ebaaa349e2386127ac6f9a773a707,2026-09-22,HERO-06,768723WND8D1000,3XL Sneaker (black),USA,USD,985.00,985.00,0.0000,unchanged,2026-09-21,2026-09-21,false,false
a9f57b8c5f0b5411696d2147581213b3,2026-09-22,HERO-07,A064YD4GQIW1000,Le City Card Holder (black),ARE,AED,2300.00,2300.00,0.0000,unchanged,2026-09-21,2026-09-21,false,false
32855de8ef376d3ad96301470d1146f9,2026-09-22,HERO-07,A064YD4GQIW1000,Le City Card Holder (black),CHN,CNY,4900.00,4900.00,0.0000,unchanged,2026-09-21,2026-09-21,false,false
af126570184f8d477caaa2fdb6772902,2026-09-22,HERO-07,A064YD4GQIW1000,Le City Card Holder (black),FRA,EUR,505.00,505.00,0.0000,unchanged,2026-09-21,2026-09-21,false,false
785a4686873ceb1ba416c85223a74f6f,2026-09-22,HERO-07,A064YD4GQIW1000,Le City Card Holder (black),GBR,GBP,445.00,445.00,0.0000,unchanged,2026-09-21,2026-09-21,false,false
df73226ca42608e609de4afbdecc0ad1,2026-09-22,HERO-07,A064YD4GQIW1000,Le City Card Holder (black),HKG,HKD,4900.00,4900.00,0.0000,unchanged,2026-09-21,2026-09-21,false,false
cc6a802c0fc3345c464722f25ba1e898,2026-09-22,HERO-07,A064YD4GQIW1000,Le City Card Holder (black),JPN,JPY,91700.00,91700.00,0.0000,unchanged,2026-09-21,2026-09-21,false,false
da7d1a0d7f1c34d895fa6d8b89210ebc,2026-09-22,HERO-07,A064YD4GQIW1000,Le City Card Holder (black),KOR,KRW,890000.00,890000.00,0.0000,unchanged,2026-09-21,2026-09-21,false,false
171cc901d79d8aa3184b6bd805104922,2026-09-22,HERO-07,A064YD4GQIW1000,Le City Card Holder (black),USA,USD,650.00,650.00,0.0000,unchanged,2026-09-21,2026-09-21,false,false
d89d826d444b532126cbef7600b94346,2026-09-22,HERO-08,6786802AEJ81000,Cash Long Coin and Card Holder Large (black),ARE,AED,9600.00,9600.00,0.0000,unchanged,2026-09-21,2026-09-21,false,false
38c9b5314532487dc0f2ff443ed60a7f,2026-09-22,HERO-08,6786802AEJ81000,Cash Long Coin and Card Holder Large (black),CHN,CNY,19900.00,19900.00,0.0000,unchanged,2026-09-21,2026-09-21,false,false
56d1e9d9af09fa9763fe02a0f5999bb6,2026-09-22,HERO-08,6786802AEJ81000,Cash Long Coin and Card Holder Large (black),FRA,EUR,2110.00,2110.00,0.0000,unchanged,2026-09-21,2026-09-21,false,false
1ebfd7b3ca430d64ce93d07008a69a2e,2026-09-22,HERO-08,6786802AEJ81000,Cash Long Coin and Card Holder Large (black),GBR,GBP,1950.00,1950.00,0.0000,unchanged,2026-09-21,2026-09-21,false,false
1bfbef21beab4e814dad0a20042e5aee,2026-09-22,HERO-08,6786802AEJ81000,Cash Long Coin and Card Holder Large (black),HKG,HKD,20900.00,20900.00,0.0000,unchanged,2026-09-21,2026-09-21,false,false
740248aad7d05514e3bf3ba07a69201e,2026-09-22,HERO-08,6786802AEJ81000,Cash Long Coin and Card Holder Large (black),JPN,JPY,399800.00,399800.00,0.0000,unchanged,2026-09-21,2026-09-21,false,false
0b851c9bfbfe88ace8d9653b865781b5,2026-09-22,HERO-08,6786802AEJ81000,Cash Long Coin and Card Holder Large (black),KOR,KRW,3750000.00,3750000.00,0.0000,unchanged,2026-09-21,2026-09-21,false,false
cd74bfea282091ca6b2761ed48109745,2026-09-22,HERO-08,6786802AEJ81000,Cash Long Coin and Card Holder Large (black),USA,USD,2610.00,2610.00,0.0000,unchanged,2026-09-21,2026-09-21,false,false
6387dcc07c97b0a48637b6f24cde4ba2,2026-09-29,HERO-01,543321TT8F11000,Le City Bag Medium (black),ARE,AED,11550.00,11550.00,0.0000,unchanged,2026-09-28,2026-09-28,false,false
36cf876ffc1494e35ff100789db284a7,2026-09-29,HERO-01,543321TT8F11000,Le City Bag Medium (black),CHN,CNY,25400.00,25400.00,0.0000,unchanged,2026-09-28,2026-09-28,false,false
e9af3a007807484a720f704faf016fc2,2026-09-29,HERO-01,543321TT8F11000,Le City Bag Medium (black),FRA,EUR,2650.00,2650.00,0.0000,unchanged,2026-09-28,2026-09-28,false,false
f762abe16fd1c9d8e06eeceb0fd444b0,2026-09-29,HERO-01,543321TT8F11000,Le City Bag Medium (black),GBR,GBP,2420.00,2420.00,0.0000,unchanged,2026-09-28,2026-09-28,false,false
c293bdd07bda1fe80b9a450c7754ef3e,2026-09-29,HERO-01,543321TT8F11000,Le City Bag Medium (black),HKG,HKD,25300.00,25300.00,0.0000,unchanged,2026-09-28,2026-09-28,false,false
9ef9f73858e1797e3ea437d88c4ef1f7,2026-09-29,HERO-01,543321TT8F11000,Le City Bag Medium (black),JPN,JPY,477800.00,477800.00,0.0000,unchanged,2026-09-28,2026-09-28,false,false
579bcd7ae8d49da164485e75e350d2a3,2026-09-29,HERO-01,543321TT8F11000,Le City Bag Medium (black),KOR,KRW,4740000.00,4740000.00,0.0000,unchanged,2026-09-28,2026-09-28,false,false
a9729ac3f71482f0115356d0f049354f,2026-09-29,HERO-01,543321TT8F11000,Le City Bag Medium (black),USA,USD,3310.00,3310.00,0.0000,unchanged,2026-09-28,2026-09-28,false,false
4da84fefb8176fd346a4db1f5e8b7c02,2026-09-29,HERO-02,53413121R3X1000,Rodeo Handbag Small (black),ARE,AED,12800.00,12800.00,0.0000,unchanged,2026-09-28,2026-09-28,false,false
40b4b993c224a5fe39a9699cc7b7b8e6,2026-09-29,HERO-02,53413121R3X1000,Rodeo Handbag Small (black),CHN,CNY,26200.00,26200.00,0.0000,unchanged,2026-09-28,2026-09-28,false,false
b8ee67b932e51d8dd0bfc1ba4e8c812f,2026-09-29,HERO-02,53413121R3X1000,Rodeo Handbag Small (black),FRA,EUR,2740.00,2740.00,0.0000,unchanged,2026-09-28,2026-09-28,false,false
b83f17d62c8b858fbab02fdf561e4060,2026-09-29,HERO-02,53413121R3X1000,Rodeo Handbag Small (black),GBR,GBP,2440.00,2440.00,0.0000,unchanged,2026-09-28,2026-09-28,false,false
2cda1ccce434f6b302bf77fc470bdec6,2026-09-29,HERO-02,53413121R3X1000,Rodeo Handbag Small (black),HKG,HKD,25500.00,25500.00,0.0000,unchanged,2026-09-28,2026-09-28,false,false
164892871bf98e59195d4820955240f9,2026-09-29,HERO-02,53413121R3X1000,Rodeo Handbag Small (black),JPN,JPY,500100.00,500100.00,0.0000,unchanged,2026-09-28,2026-09-28,false,false
71d65074d4f7b651d93230e729828b95,2026-09-29,HERO-02,53413121R3X1000,Rodeo Handbag Small (black),KOR,KRW,4640000.00,4640000.00,0.0000,unchanged,2026-09-28,2026-09-28,false,false
55c12a22db6af6caa244d9f714ad2f73,2026-09-29,HERO-02,53413121R3X1000,Rodeo Handbag Small (black),USA,USD,3380.00,3380.00,0.0000,unchanged,2026-09-28,2026-09-28,false,false
524588575c16eac8bdb0c0e8c1ac8d26,2026-09-29,HERO-03,687101TK1EY1000,Hourglass Handbag Small (black),ARE,AED,13250.00,13250.00,0.0000,unchanged,2026-09-28,2026-09-28,false,false
e8987893eae55081e9cf9dd072d18832,2026-09-29,HERO-03,687101TK1EY1000,Hourglass Handbag Small (black),CHN,CNY,27100.00,27100.00,0.0000,unchanged,2026-09-28,2026-09-28,false,false
d539f688478a62b2b33acc8cf09b74e1,2026-09-29,HERO-03,687101TK1EY1000,Hourglass Handbag Small (black),FRA,EUR,2920.00,2920.00,0.0000,unchanged,2026-09-28,2026-09-28,false,false
1fa01ebb051e9afd4150e87f83359480,2026-09-29,HERO-03,687101TK1EY1000,Hourglass Handbag Small (black),GBR,GBP,2600.00,2600.00,0.0000,unchanged,2026-09-28,2026-09-28,false,false
f0620e935c8565e7cc3714286cfe6354,2026-09-29,HERO-03,687101TK1EY1000,Hourglass Handbag Small (black),HKG,HKD,27000.00,27000.00,0.0000,unchanged,2026-09-28,2026-09-28,false,false
193a294f632594027fa977d56ad15337,2026-09-29,HERO-03,687101TK1EY1000,Hourglass Handbag Small (black),JPN,JPY,550900.00,550900.00,0.0000,unchanged,2026-09-28,2026-09-28,false,false
8e7e73cc3a165f66cd5b7ca49293b627,2026-09-29,HERO-03,687101TK1EY1000,Hourglass Handbag Small (black),KOR,KRW,5080000.00,5080000.00,0.0000,unchanged,2026-09-28,2026-09-28,false,false
3182d85201e37e854ed4d1168d2ddf84,2026-09-29,HERO-03,687101TK1EY1000,Hourglass Handbag Small (black),USA,USD,3880.00,3880.00,0.0000,unchanged,2026-09-28,2026-09-28,false,false
00b9193950961754610fd968181333f7,2026-09-29,HERO-04,5543034GFF51000,Le Cagole Shoulder Bag Small (black),ARE,AED,19100.00,19100.00,0.0000,unchanged,2026-09-28,2026-09-28,false,false
a8196862879e2f9a59599af77caff14b,2026-09-29,HERO-04,5543034GFF51000,Le Cagole Shoulder Bag Small (black),CHN,CNY,39800.00,39800.00,0.0000,unchanged,2026-09-28,2026-09-28,false,false
65198d9b93768e22560a77d58a54c37a,2026-09-29,HERO-04,5543034GFF51000,Le Cagole Shoulder Bag Small (black),FRA,EUR,4190.00,4190.00,0.0000,unchanged,2026-09-28,2026-09-28,false,false
d6b5d7a8e471410d2ca2b6a63f060362,2026-09-29,HERO-04,5543034GFF51000,Le Cagole Shoulder Bag Small (black),GBR,GBP,3760.00,3760.00,0.0000,unchanged,2026-09-28,2026-09-28,false,false
cec2aeb11972147b9eb9d0403f4ac0c3,2026-09-29,HERO-04,5543034GFF51000,Le Cagole Shoulder Bag Small (black),HKG,HKD,41200.00,41200.00,0.0000,unchanged,2026-09-28,2026-09-28,false,false
8acabe6bc9ebb2c68dc72f9f9d713207,2026-09-29,HERO-04,5543034GFF51000,Le Cagole Shoulder Bag Small (black),JPN,JPY,773100.00,773100.00,0.0000,unchanged,2026-09-28,2026-09-28,false,false
002569188f2318d708f3ad53bb76aec2,2026-09-29,HERO-04,5543034GFF51000,Le Cagole Shoulder Bag Small (black),KOR,KRW,7090000.00,7090000.00,0.0000,unchanged,2026-09-28,2026-09-28,false,false
a209a37cf295e9e6a4e581bd88d0ab85,2026-09-29,HERO-04,5543034GFF51000,Le Cagole Shoulder Bag Small (black),USA,USD,5090.00,5090.00,0.0000,unchanged,2026-09-28,2026-09-28,false,false
62a4e8a06da7bd87a32adb29612736ad,2026-09-29,HERO-05,676311TT1W11000,Triple S.2 Sneaker (black),ARE,AED,4600.00,4600.00,0.0000,unchanged,2026-09-28,2026-09-28,false,false
e224acd682f1d6f998cccfb0f362a600,2026-09-29,HERO-05,676311TT1W11000,Triple S.2 Sneaker (black),CHN,CNY,9700.00,9700.00,0.0000,unchanged,2026-09-28,2026-09-28,false,false
959f3b98ba955b13c0847beb766fb47f,2026-09-29,HERO-05,676311TT1W11000,Triple S.2 Sneaker (black),FRA,EUR,1020.00,1020.00,0.0000,unchanged,2026-09-28,2026-09-28,false,false
6ac55d8a142a12eea529057f2fe2ea8a,2026-09-29,HERO-05,676311TT1W11000,Triple S.2 Sneaker (black),GBR,GBP,945.00,945.00,0.0000,unchanged,2026-09-28,2026-09-28,false,false
e4f502990621104e709189d7e085f10a,2026-09-29,HERO-05,676311TT1W11000,Triple S.2 Sneaker (black),HKG,HKD,9600.00,9600.00,0.0000,unchanged,2026-09-28,2026-09-28,false,false
51371dc315e0872e7d6379ae0751993c,2026-09-29,HERO-05,676311TT1W11000,Triple S.2 Sneaker (black),JPN,JPY,191000.00,191000.00,0.0000,unchanged,2026-09-28,2026-09-28,false,false
6f9771d61411315635b58a6497f2b59c,2026-09-29,HERO-05,676311TT1W11000,Triple S.2 Sneaker (black),KOR,KRW,1820000.00,1820000.00,0.0000,unchanged,2026-09-28,2026-09-28,false,false
051d71dbbd396318856dc67054fc252b,2026-09-29,HERO-05,676311TT1W11000,Triple S.2 Sneaker (black),USA,USD,1230.00,1230.00,0.0000,unchanged,2026-09-28,2026-09-28,false,false
46379c84acd9e934dc75c29af071716e,2026-09-29,HERO-06,768723WND8D1000,3XL Sneaker (black),ARE,AED,3650.00,3650.00,0.0000,unchanged,2026-09-28,2026-09-28,false,false
8be8d5ec8c529ffa5b85613c43f49c16,2026-09-29,HERO-06,768723WND8D1000,3XL Sneaker (black),CHN,CNY,8000.00,8000.00,0.0000,unchanged,2026-09-28,2026-09-28,false,false
f86f18e0613c166451b7c1580970ccd0,2026-09-29,HERO-06,768723WND8D1000,3XL Sneaker (black),FRA,EUR,820.00,820.00,0.0000,unchanged,2026-09-28,2026-09-28,false,false
eb1796044bfe0b6b0ddfab7ed10809ba,2026-09-29,HERO-06,768723WND8D1000,3XL Sneaker (black),GBR,GBP,740.00,740.00,0.0000,unchanged,2026-09-28,2026-09-28,false,false
ccc5319d98e9b4aaab62ed0773b8fd5b,2026-09-29,HERO-06,768723WND8D1000,3XL Sneaker (black),HKG,HKD,8100.00,8100.00,0.0000,unchanged,2026-09-28,2026-09-28,false,false
6f4ad306153b5e6625f9c759670f69f4,2026-09-29,HERO-06,768723WND8D1000,3XL Sneaker (black),JPN,JPY,150000.00,150000.00,0.0000,unchanged,2026-09-28,2026-09-28,false,false
cfbf0912c660e804a0253412c028b597,2026-09-29,HERO-06,768723WND8D1000,3XL Sneaker (black),KOR,KRW,1430000.00,1430000.00,0.0000,unchanged,2026-09-28,2026-09-28,false,false
394a20f68fd35d71c94e34dda1c60fff,2026-09-29,HERO-06,768723WND8D1000,3XL Sneaker (black),USA,USD,985.00,985.00,0.0000,unchanged,2026-09-28,2026-09-28,false,false
a6ed5a59dedccc451b023a9ae9931ab1,2026-09-29,HERO-07,A064YD4GQIW1000,Le City Card Holder (black),ARE,AED,2300.00,2300.00,0.0000,unchanged,2026-09-28,2026-09-28,false,false
5dc7786c93c27c353b95f5eeac0419a3,2026-09-29,HERO-07,A064YD4GQIW1000,Le City Card Holder (black),CHN,CNY,4900.00,4900.00,0.0000,unchanged,2026-09-28,2026-09-28,false,false
df2a9d60cfb66c43d4ebeea64013f9ae,2026-09-29,HERO-07,A064YD4GQIW1000,Le City Card Holder (black),FRA,EUR,505.00,505.00,0.0000,unchanged,2026-09-28,2026-09-28,false,false
f080bcbab9a22451118d77876a9e87ca,2026-09-29,HERO-07,A064YD4GQIW1000,Le City Card Holder (black),GBR,GBP,445.00,445.00,0.0000,unchanged,2026-09-28,2026-09-28,false,false
69ef83603af531e02d7799b915e75185,2026-09-29,HERO-07,A064YD4GQIW1000,Le City Card Holder (black),HKG,HKD,4900.00,4900.00,0.0000,unchanged,2026-09-28,2026-09-28,false,false
3745e87eb1d752dc82743e41f2155100,2026-09-29,HERO-07,A064YD4GQIW1000,Le City Card Holder (black),JPN,JPY,91700.00,91700.00,0.0000,unchanged,2026-09-28,2026-09-28,false,false
59e77e015e18513a987ec289d915b95b,2026-09-29,HERO-07,A064YD4GQIW1000,Le City Card Holder (black),KOR,KRW,890000.00,890000.00,0.0000,unchanged,2026-09-28,2026-09-28,false,false
9f3ae907ef1922f9a5016365f1cc2680,2026-09-29,HERO-07,A064YD4GQIW1000,Le City Card Holder (black),USA,USD,650.00,650.00,0.0000,unchanged,2026-09-28,2026-09-28,false,false
dd352ea3ce3b9f1dc2da613bf69a5bf9,2026-09-29,HERO-08,6786802AEJ81000,Cash Long Coin and Card Holder Large (black),ARE,AED,9600.00,9600.00,0.0000,unchanged,2026-09-28,2026-09-28,false,false
35e7a16891bc04c4b44183b072599d90,2026-09-29,HERO-08,6786802AEJ81000,Cash Long Coin and Card Holder Large (black),CHN,CNY,19900.00,19900.00,0.0000,unchanged,2026-09-28,2026-09-28,false,false
16ba78a24ea5adf8b6d834c5d88f4bf7,2026-09-29,HERO-08,6786802AEJ81000,Cash Long Coin and Card Holder Large (black),FRA,EUR,2110.00,2110.00,0.0000,unchanged,2026-09-28,2026-09-28,false,false
f8abb59065c0e627dd394399e1f1d0cc,2026-09-29,HERO-08,6786802AEJ81000,Cash Long Coin and Card Holder Large (black),GBR,GBP,1950.00,1950.00,0.0000,unchanged,2026-09-28,2026-09-28,false,false
624ae0c09dc861d33fcf2ff623c2ee39,2026-09-29,HERO-08,6786802AEJ81000,Cash Long Coin and Card Holder Large (black),HKG,HKD,20900.00,20900.00,0.0000,unchanged,2026-09-28,2026-09-28,false,false
1a1476d1e2698e1cf0de91af1d9cc680,2026-09-29,HERO-08,6786802AEJ81000,Cash Long Coin and Card Holder Large (black),JPN,JPY,399800.00,399800.00,0.0000,unchanged,2026-09-28,2026-09-28,false,false
2f8801d170b7b8a24d412299361707dc,2026-09-29,HERO-08,6786802AEJ81000,Cash Long Coin and Card Holder Large (black),KOR,KRW,3750000.00,3750000.00,0.0000,unchanged,2026-09-28,2026-09-28,false,false
8f51f4c231a3c611db2e209ae5d7f7bc,2026-09-29,HERO-08,6786802AEJ81000,Cash Long Coin and Card Holder Large (black),USA,USD,2610.00,2610.00,0.0000,unchanged,2026-09-28,2026-09-28,false,false
