price_change_id,object_id,sku,market,macro_category,currency_code,changed_on_crawl_date,price_before,price_after,change_pct,change_direction
cd14f62c7fd2159497a81a8c3ec6ea44,Balenciaga_ARE_53847521W6M3258,53847521W6M3258,ARE,Shoes,AED,2026-07-13,4050.00,4600.00,0.1358,increase
1bf22d27a76918d1c55c11cd2fc0bf8f,Balenciaga_ARE_539652TTM7V5723,539652TTM7V5723,ARE,,AED,2026-07-13,5200.00,5700.00,0.0962,increase
038ef1c8a5ed6ca30cc16a3ef56a5cc9,Balenciaga_ARE_6416162ABYP9002,6416162ABYP9002,ARE,Bags,AED,2026-07-13,6100.00,5400.00,-0.1148,decrease
22be51c93f0d9525631708a9f2eeb3a6,Balenciaga_ARE_779797T061J1041,779797T061J1041,ARE,Bags,AED,2026-07-13,11500.00,12800.00,0.1130,increase
9cd7ce230f87cca0b7bff235973458ac,Balenciaga_CHN_53847521W6M3258,53847521W6M3258,CHN,Shoes,CNY,2026-07-13,8600.00,9700.00,0.1279,increase
3ab5dfb160f3a7996eb7158e8a1eddef,Balenciaga_CHN_6416162ABYP9002,6416162ABYP9002,CHN,Bags,CNY,2026-07-13,12900.00,11300.00,-0.1240,decrease
4eb53d0f195fef8c5677f290fba39d02,Balenciaga_CHN_779797T061J1041,779797T061J1041,CHN,Bags,CNY,2026-07-13,23200.00,25800.00,0.1121,increase
bce0057cdf87f943b6cada4ba756e854,Balenciaga_FRA_53847521W6M3258,53847521W6M3258,FRA,Shoes,EUR,2026-07-13,885.00,1000.00,0.1299,increase
4af4e9c21498e47272068c949c4c24ef,Balenciaga_FRA_539652TTM7V5723,539652TTM7V5723,FRA,,EUR,2026-07-13,1110.00,1220.00,0.0991,increase
e385f88ede1dfa4cc9a6209f69c37566,Balenciaga_FRA_6416162ABYP9002,6416162ABYP9002,FRA,Bags,EUR,2026-07-13,1350.00,1190.00,-0.1185,decrease
a7ca07d238cc95506e17d0f75a806857,Balenciaga_GBR_53847521W6M3258,53847521W6M3258,GBR,Shoes,GBP,2026-07-13,790.00,895.00,0.1329,increase
3c6dbc03c72575b723140dab0ec8eff6,Balenciaga_GBR_539652TTM7V5723,539652TTM7V5723,GBR,,GBP,2026-07-13,985.00,1080.00,0.0964,increase
3de1f659c82e85f451dbe5304a54fc47,Balenciaga_GBR_6416162ABYP9002,6416162ABYP9002,GBR,Bags,GBP,2026-07-13,1230.00,1080.00,-0.1220,decrease
69275ac3ad5fff5b9cef4556154902b7,Balenciaga_GBR_779797T061J1041,779797T061J1041,GBR,Bags,GBP,2026-07-13,2170.00,2420.00,0.1152,increase
72247b34e837b9dc6fdf93ffb4393ab4,Balenciaga_HKG_539652TTM7V5723,539652TTM7V5723,HKG,,HKD,2026-07-13,10500.00,11500.00,0.0952,increase
722922f4654ffb3e62834f9635282970,Balenciaga_HKG_6416162ABYP9002,6416162ABYP9002,HKG,Bags,HKD,2026-07-13,12900.00,11400.00,-0.1163,decrease
3da579ed85c1a46c5ec74e5430d9ee24,Balenciaga_HKG_779797T061J1041,779797T061J1041,HKG,Bags,HKD,2026-07-13,23500.00,26200.00,0.1149,increase
c0589cb5bac961bf95346c47ea155cdb,Balenciaga_JPN_53847521W6M3258,53847521W6M3258,JPN,Shoes,JPY,2026-07-13,157700.00,177900.00,0.1281,increase
ba80aaee56c2af45a050e6464ad96466,Balenciaga_JPN_539652TTM7V5723,539652TTM7V5723,JPN,,JPY,2026-07-13,210600.00,231600.00,0.0997,increase
e44c5eb6c9882fdbcc9223de1c1ab2a5,Balenciaga_JPN_6416162ABYP9002,6416162ABYP9002,JPN,Bags,JPY,2026-07-13,247600.00,218100.00,-0.1191,decrease
1ef9228378b16bbc6f355cb56cee0ce5,Balenciaga_JPN_779797T061J1041,779797T061J1041,JPN,Bags,JPY,2026-07-13,436400.00,486000.00,0.1137,increase
bee7b03ba7b401c7f7c66ca3888ffb51,Balenciaga_KOR_539652TTM7V5723,539652TTM7V5723,KOR,,KRW,2026-07-13,2010000.00,2210000.00,0.0995,increase
d0fccca24c0f0143d0f233ce01609649,Balenciaga_KOR_779797T061J1041,779797T061J1041,KOR,Bags,KRW,2026-07-13,4280000.00,4770000.00,0.1145,increase
50479152ba494c3e2de29440c8d10dc0,Balenciaga_USA_53847521W6M3258,53847521W6M3258,USA,Shoes,USD,2026-07-13,1100.00,1250.00,0.1364,increase
f7fea3e65cb1fe60edb8c59a2a3a5730,Balenciaga_USA_539652TTM7V5723,539652TTM7V5723,USA,,USD,2026-07-13,1410.00,1550.00,0.0993,increase
32bd0dba095e13877c2ffcfd58c3877b,Balenciaga_USA_6416162ABYP9002,6416162ABYP9002,USA,Bags,USD,2026-07-13,1730.00,1520.00,-0.1214,decrease
32e9c4e3abd991cf8e789fef32cf9d55,Balenciaga_USA_779797T061J1041,779797T061J1041,USA,Bags,USD,2026-07-13,3070.00,3420.00,0.1140,increase
8ce94a11024fa6978ac4f56d89e4a30e,Balenciaga_ARE_5168492A2EI2533,5168492A2EI2533,ARE,Accessories,AED,2026-07-20,2050.00,1750.00,-0.1463,decrease
9bfb78de16c5b533501116fc2c00f30f,Balenciaga_CHN_5168492A2EI2533,5168492A2EI2533,CHN,Accessories,CNY,2026-07-20,4400.00,3800.00,-0.1364,decrease
ffeed30e7f509f650051f2267ec61029,Balenciaga_FRA_5168492A2EI2533,5168492A2EI2533,FRA,Accessories,EUR,2026-07-20,450.00,385.00,-0.1444,decrease
12067d8caa82ce32a53c73df644e60a7,Balenciaga_GBR_5168492A2EI2533,5168492A2EI2533,GBR,Accessories,GBP,2026-07-20,400.00,345.00,-0.1375,decrease
53e28558ed4307006ef63eb228958bc9,Balenciaga_HKG_5168492A2EI2533,5168492A2EI2533,HKG,Accessories,HKD,2026-07-20,4300.00,3700.00,-0.1395,decrease
ff063829e9e3376352d5499db2842ea3,Balenciaga_JPN_5168492A2EI2533,5168492A2EI2533,JPN,Accessories,JPY,2026-07-20,82700.00,71000.00,-0.1415,decrease
6c0b58ce23bf3fc138a419d092f26716,Balenciaga_KOR_5168492A2EI2533,5168492A2EI2533,KOR,Accessories,KRW,2026-07-20,790000.00,680000.00,-0.1392,decrease
647c1ffe31693eedb903e4438a66139f,Balenciaga_KOR_53847521W6M3258,53847521W6M3258,KOR,Shoes,KRW,2026-07-20,1540000.00,1740000.00,0.1299,increase
a0b6e0ccea85585dffb192e37e5cc5c1,Balenciaga_USA_5168492A2EI2533,5168492A2EI2533,USA,Accessories,USD,2026-07-20,580.00,500.00,-0.1379,decrease
6b766d2612935079d9fdeead3ff588c9,Balenciaga_USA_676311WE1XN0127,676311WE1XN0127,USA,Shoes,USD,2026-07-20,1080.00,1220.00,0.1296,increase
3ba82449cd437806a14e3eb794ef9119,Balenciaga_ARE_674529TTS0L1000,674529TTS0L1000,ARE,,AED,2026-07-27,5850.00,6150.00,0.0513,increase
7098f7915a4a9e78290ba6c8dcc41d47,Balenciaga_CHN_674529TTS0L1000,674529TTS0L1000,CHN,,CNY,2026-07-27,12000.00,12700.00,0.0583,increase
75b9f370dee6b334954bb9b0e9567640,Balenciaga_CHN_7436992AB721000,7436992AB721000,CHN,,CNY,2026-07-27,5400.00,6100.00,0.1296,increase
fa14632b461e82c42481df2ea48840eb,Balenciaga_FRA_674529TTS0L1000,674529TTS0L1000,FRA,,EUR,2026-07-27,1290.00,1360.00,0.0543,increase
2d29fc2059350a09c1f6b40f87b0931c,Balenciaga_FRA_7436992AB721000,7436992AB721000,FRA,,EUR,2026-07-27,590.00,655.00,0.1102,increase
4004014450bb3764ceeafb2627907ab5,Balenciaga_GBR_674529TTS0L1000,674529TTS0L1000,GBR,,GBP,2026-07-27,1160.00,1220.00,0.0517,increase
72cc7dba860a03a9894ed9cdb0599096,Balenciaga_GBR_7436992AB721000,7436992AB721000,GBR,,GBP,2026-07-27,550.00,610.00,0.1091,increase
efc8c6b95a4b692fc5df99f3cec7d906,Balenciaga_HKG_674529TTS0L1000,674529TTS0L1000,HKG,,HKD,2026-07-27,12300.00,13000.00,0.0569,increase
bc0ae69bff4ab728351d46cf4b068c49,Balenciaga_HKG_7436992AB721000,7436992AB721000,HKG,,HKD,2026-07-27,5700.00,6300.00,0.1053,increase
728034a6c25401a1bc3be382b0b83b65,Balenciaga_JPN_674529TTS0L1000,674529TTS0L1000,JPN,,JPY,2026-07-27,247400.00,261400.00,0.0566,increase
068a368201d4a34ef13540df87026336,Balenciaga_JPN_7436992AB721000,7436992AB721000,JPN,,JPY,2026-07-27,110500.00,123100.00,0.1140,increase
8040668ea4ae16e082bbe4b42123741b,Balenciaga_KOR_674529TTS0L1000,674529TTS0L1000,KOR,,KRW,2026-07-27,2210000.00,2340000.00,0.0588,increase
3a07c2cd7e4518b52517513e84a29a8a,Balenciaga_KOR_7436992AB721000,7436992AB721000,KOR,,KRW,2026-07-27,1030000.00,1150000.00,0.1165,increase
42c6e4764df317c6065491b83ec25d3c,Balenciaga_USA_674529TTS0L1000,674529TTS0L1000,USA,,USD,2026-07-27,1560.00,1640.00,0.0513,increase
c2dd9f19f89070e9fd474a5b394b3648,Balenciaga_USA_7436992AB721000,7436992AB721000,USA,,USD,2026-07-27,770.00,860.00,0.1169,increase
239957ea299af23029ce5f3c0003cc1a,Balenciaga_ARE_53413121R3X1000,53413121R3X1000,ARE,Bags,AED,2026-08-03,11450.00,12100.00,0.0568,increase
31895f9ec9ee043b312ba804ed1702c3,Balenciaga_ARE_539652TTM7V5723,539652TTM7V5723,ARE,,AED,2026-08-03,5700.00,5100.00,-0.1053,decrease
2893ee158df1ba4ca8f73dad492897fe,Balenciaga_ARE_5454812ASG01090,5454812ASG01090,ARE,Shoes,AED,2026-08-03,3650.00,3200.00,-0.1233,decrease
1ea051714d717c67a80d7086db9d8436,Balenciaga_ARE_A0D4YJ218SS1251,A0D4YJ218SS1251,ARE,Shoes,AED,2026-08-03,5650.00,5150.00,-0.0885,decrease
f9e39c5a93387880e0fd6232b1632d32,Balenciaga_CHN_53413121R3X1000,53413121R3X1000,CHN,Bags,CNY,2026-08-03,23700.00,24900.00,0.0506,increase
cee4a3696c375491936b3125780f49bb,Balenciaga_CHN_5454812ASG01090,5454812ASG01090,CHN,Shoes,CNY,2026-08-03,7800.00,6900.00,-0.1154,decrease
098a99e4f033639f8bdf88b5e0a6ab2f,Balenciaga_CHN_A0D4YJ218SS1251,A0D4YJ218SS1251,CHN,Shoes,CNY,2026-08-03,12200.00,11100.00,-0.0902,decrease
62ba016044e9e0cbd3d5c757bfc09981,Balenciaga_FRA_53413121R3X1000,53413121R3X1000,FRA,Bags,EUR,2026-08-03,2450.00,2580.00,0.0531,increase
544a242424b47fb78d12f94e26607e24,Balenciaga_FRA_539652TTM7V5723,539652TTM7V5723,FRA,,EUR,2026-08-03,1220.00,1090.00,-0.1066,decrease
2867a2b2157c542a75fc2a73b45e09b6,Balenciaga_FRA_5454812ASG01090,5454812ASG01090,FRA,Shoes,EUR,2026-08-03,795.00,695.00,-0.1258,decrease
2ffd54909f8f09ee5c4c8cd447b89396,Balenciaga_FRA_A0D4YJ218SS1251,A0D4YJ218SS1251,FRA,Shoes,EUR,2026-08-03,1260.00,1150.00,-0.0873,decrease
6a8f90ec558cda5b219d4d7962f85cec,Balenciaga_GBR_53413121R3X1000,53413121R3X1000,GBR,Bags,GBP,2026-08-03,2190.00,2310.00,0.0548,increase
70b60154f6df05781b3dc7c839990701,Balenciaga_GBR_539652TTM7V5723,539652TTM7V5723,GBR,,GBP,2026-08-03,1080.00,970.00,-0.1019,decrease
2af0253843143a88c298f0100c3d9959,Balenciaga_GBR_5454812ASG01090,5454812ASG01090,GBR,Shoes,GBP,2026-08-03,720.00,630.00,-0.1250,decrease
1261d00f9d1ba1645c2ef362bc4b29f9,Balenciaga_GBR_A0D4YJ218SS1251,A0D4YJ218SS1251,GBR,Shoes,GBP,2026-08-03,1130.00,1030.00,-0.0885,decrease
a900d81131154eef80568bde165d0c2b,Balenciaga_HKG_53413121R3X1000,53413121R3X1000,HKG,Bags,HKD,2026-08-03,22900.00,24100.00,0.0524,increase
7dad4e8ea21733fb9a1453ac1e0dc916,Balenciaga_HKG_539652TTM7V5723,539652TTM7V5723,HKG,,HKD,2026-08-03,11500.00,10300.00,-0.1043,decrease
2978c4a773130e96673040e4454ffa54,Balenciaga_HKG_5454812ASG01090,5454812ASG01090,HKG,Shoes,HKD,2026-08-03,7800.00,6800.00,-0.1282,decrease
5338b51a5f93621605b59908c8e74806,Balenciaga_HKG_A0D4YJ218SS1251,A0D4YJ218SS1251,HKG,Shoes,HKD,2026-08-03,12000.00,10900.00,-0.0917,decrease
911bf378fae936b8cb2f8c2710825850,Balenciaga_JPN_53413121R3X1000,53413121R3X1000,JPN,Bags,JPY,2026-08-03,439700.00,463100.00,0.0532,increase
9649dc85dba0fef2f337ea73007ff84f,Balenciaga_JPN_539652TTM7V5723,539652TTM7V5723,JPN,,JPY,2026-08-03,231600.00,207100.00,-0.1058,decrease
9bb84f26cf27eb56f45ea12f1a2fd991,Balenciaga_JPN_5454812ASG01090,5454812ASG01090,JPN,Shoes,JPY,2026-08-03,142700.00,125000.00,-0.1240,decrease
a65143759affe6510700a1966eaa9189,Balenciaga_JPN_A0D4YJ218SS1251,A0D4YJ218SS1251,JPN,Shoes,JPY,2026-08-03,224000.00,204200.00,-0.0884,decrease
533085d8f7c85d478d450e5a6d48e2b5,Balenciaga_KOR_53413121R3X1000,53413121R3X1000,KOR,Bags,KRW,2026-08-03,4190000.00,4420000.00,0.0549,increase
487160acd79f2d8a21b5dad90ba65a81,Balenciaga_KOR_539652TTM7V5723,539652TTM7V5723,KOR,,KRW,2026-08-03,2210000.00,1970000.00,-0.1086,decrease
e758eacefca7f367eb4e16abf19588af,Balenciaga_KOR_5454812ASG01090,5454812ASG01090,KOR,Shoes,KRW,2026-08-03,1390000.00,1220000.00,-0.1223,decrease
a84434dd43b2c6970d247dd932aeb3f5,Balenciaga_KOR_A0D4YJ218SS1251,A0D4YJ218SS1251,KOR,Shoes,KRW,2026-08-03,2190000.00,2000000.00,-0.0868,decrease
a0e5bce78da29f902be2e676204df5b9,Balenciaga_USA_53413121R3X1000,53413121R3X1000,USA,Bags,USD,2026-08-03,3000.00,3160.00,0.0533,increase
f649ec0c40f3fc496ce66a69d10d77c5,Balenciaga_USA_539652TTM7V5723,539652TTM7V5723,USA,,USD,2026-08-03,1550.00,1390.00,-0.1032,decrease
4b12a84fdc289769c17aaaebafadf2ce,Balenciaga_USA_5454812ASG01090,5454812ASG01090,USA,Shoes,USD,2026-08-03,980.00,855.00,-0.1276,decrease
90b951e79daf75ca61958b68e67b5d25,Balenciaga_USA_A0D4YJ218SS1251,A0D4YJ218SS1251,USA,Shoes,USD,2026-08-03,1550.00,1420.00,-0.0839,decrease
b131cbf93e6e738e088566778658b2f5,Balenciaga_ARE_550558W3GJL1000,550558W3GJL1000,ARE,Accessories,AED,2026-08-10,18050.00,20000.00,0.1080,increase
57abfb059690cc0b1ed994fb93afbcff,Balenciaga_ARE_5912754GEMN1000,5912754GEMN1000,ARE,Accessories,AED,2026-08-10,4450.00,4850.00,0.0899,increase
2be98045847633dd6b890ceaf71b240a,Balenciaga_ARE_606872WCITL8065,606872WCITL8065,ARE,Accessories,AED,2026-08-10,1050.00,1200.00,0.1429,increase
0255142f42be35e15c810ea1df00e351,Balenciaga_ARE_87436021DZC9000,87436021DZC9000,ARE,Shoes,AED,2026-08-10,4950.00,5650.00,0.1414,increase
a7f700432f29b242ac48d32496c45197,Balenciaga_CHN_5912754GEMN1000,5912754GEMN1000,CHN,Accessories,CNY,2026-08-10,9200.00,10000.00,0.0870,increase
c211c607cb0340fd3e7fa8846e5c2a05,Balenciaga_CHN_87436021DZC9000,87436021DZC9000,CHN,Shoes,CNY,2026-08-10,10300.00,11800.00,0.1456,increase
98dcac3cf6c48ecfffd153a95f19e63f,Balenciaga_FRA_550558W3GJL1000,550558W3GJL1000,FRA,Accessories,EUR,2026-08-10,4050.00,4490.00,0.1086,increase
7a5c184f203f12ef15eeaf8363e95332,Balenciaga_FRA_5912754GEMN1000,5912754GEMN1000,FRA,Accessories,EUR,2026-08-10,980.00,1060.00,0.0816,increase
5ac48c0ed83f135bb99b1747220e9d57,Balenciaga_FRA_606872WCITL8065,606872WCITL8065,FRA,Accessories,EUR,2026-08-10,230.00,260.00,0.1304,increase
1eb9edc9a9e9fd280ac85c128ddcf765,Balenciaga_FRA_87436021DZC9000,87436021DZC9000,FRA,Shoes,EUR,2026-08-10,1070.00,1220.00,0.1402,increase
6f8124db12a1984d8f4a9fdf267c7487,Balenciaga_GBR_550558W3GJL1000,550558W3GJL1000,GBR,Accessories,GBP,2026-08-10,3690.00,4090.00,0.1084,increase
b87edfa51404bef085f95d5c9d8315a3,Balenciaga_GBR_5912754GEMN1000,5912754GEMN1000,GBR,Accessories,GBP,2026-08-10,895.00,970.00,0.0838,increase
a173fd6c9acf4e836167d76b8c79e838,Balenciaga_GBR_606872WCITL8065,606872WCITL8065,GBR,Accessories,GBP,2026-08-10,210.00,240.00,0.1429,increase
4203e600e8c65d5d1314c6a51d6df48d,Balenciaga_GBR_87436021DZC9000,87436021DZC9000,GBR,Shoes,GBP,2026-08-10,975.00,1120.00,0.1487,increase
5c2880f02eb21c07d0ed052985d8a1f1,Balenciaga_HKG_550558W3GJL1000,550558W3GJL1000,HKG,Accessories,HKD,2026-08-10,38300.00,42500.00,0.1097,increase
61448168514b9b8fa7b01191e62bc80c,Balenciaga_HKG_5912754GEMN1000,5912754GEMN1000,HKG,Accessories,HKD,2026-08-10,9600.00,10400.00,0.0833,increase
0f44c64ed10dbb924ffcf6dd9713682b,Balenciaga_HKG_606872WCITL8065,606872WCITL8065,HKG,Accessories,HKD,2026-08-10,2200.00,2500.00,0.1364,increase
fdbcb789c503ba4762ba1c250efdb388,Balenciaga_HKG_87436021DZC9000,87436021DZC9000,HKG,Shoes,HKD,2026-08-10,10500.00,12000.00,0.1429,increase
49a84c56166315577b9d4446e7e018b4,Balenciaga_JPN_550558W3GJL1000,550558W3GJL1000,JPN,Accessories,JPY,2026-08-10,730800.00,809600.00,0.1078,increase
6caaba9c3c5cfb05be3c936cff1fcd1b,Balenciaga_JPN_5912754GEMN1000,5912754GEMN1000,JPN,Accessories,JPY,2026-08-10,175200.00,189900.00,0.0839,increase
fa7c3282a1fdf919498917af591e1e8c,Balenciaga_JPN_606872WCITL8065,606872WCITL8065,JPN,Accessories,JPY,2026-08-10,43000.00,49000.00,0.1395,increase
d5c5123591efcb9ca14cc38421c8d0f5,Balenciaga_JPN_87436021DZC9000,87436021DZC9000,JPN,Shoes,JPY,2026-08-10,205100.00,234500.00,0.1433,increase
d7ad2fd0d570e4b36ebad0e9aabc35e8,Balenciaga_KOR_550558W3GJL1000,550558W3GJL1000,KOR,Accessories,KRW,2026-08-10,7050000.00,7810000.00,0.1078,increase
bf7a7f0ff44d8cce0ad362bf4a1700b9,Balenciaga_KOR_5912754GEMN1000,5912754GEMN1000,KOR,Accessories,KRW,2026-08-10,1780000.00,1930000.00,0.0843,increase
ee6bcfafb6e1689bb88d04b81db85a12,Balenciaga_KOR_606872WCITL8065,606872WCITL8065,KOR,Accessories,KRW,2026-08-10,390000.00,440000.00,0.1282,increase
3939189a3a3d1abad8b9130d52695a01,Balenciaga_KOR_87436021DZC9000,87436021DZC9000,KOR,Shoes,KRW,2026-08-10,1900000.00,2180000.00,0.1474,increase
7d380388877a2bafe3655215b0c425fd,Balenciaga_USA_550558W3GJL1000,550558W3GJL1000,USA,Accessories,USD,2026-08-10,5330.00,5900.00,0.1069,increase
9dcef722125c3e50bd5bc88dfeb24cc0,Balenciaga_USA_5912754GEMN1000,5912754GEMN1000,USA,Accessories,USD,2026-08-10,1230.00,1330.00,0.0813,increase
9da2fc675f859f5f7e3b720ef487a5d2,Balenciaga_USA_606872WCITL8065,606872WCITL8065,USA,Accessories,USD,2026-08-10,280.00,315.00,0.1250,increase
599fe4531e680237dea9287c5541e116,Balenciaga_USA_87436021DZC9000,87436021DZC9000,USA,Shoes,USD,2026-08-10,1390.00,1590.00,0.1439,increase
11feef6fa23b9ceaa71380d3aaa7b618,Balenciaga_ARE_6153052AVLR1210,6153052AVLR1210,ARE,Accessories,AED,2026-08-24,2250.00,2050.00,-0.0889,decrease
33b82e5b4e83b30964e0f27ada07e45f,Balenciaga_ARE_6154342AB0Q2533,6154342AB0Q2533,ARE,Bags,AED,2026-08-24,10150.00,11650.00,0.1478,increase
2d9733dbd819c5299c4b38926296e0b4,Balenciaga_ARE_70510321GQZ1000,70510321GQZ1000,ARE,,AED,2026-08-24,6450.00,5800.00,-0.1008,decrease
ab4ff0414a75874037f2c24937c97843,Balenciaga_ARE_8384312AY4L1251,8384312AY4L1251,ARE,Shoes,AED,2026-08-24,7500.00,8050.00,0.0733,increase
97c33bf76de19212514f8eeeec65ed9b,Balenciaga_CHN_6153052AVLR1210,6153052AVLR1210,CHN,Accessories,CNY,2026-08-24,4700.00,4400.00,-0.0638,decrease
689d8b3d3847d45449e1f44028e2a927,Balenciaga_CHN_70510321GQZ1000,70510321GQZ1000,CHN,,CNY,2026-08-24,13100.00,11800.00,-0.0992,decrease
5aac9af5228f282e0914a36cf0173f4f,Balenciaga_CHN_8384312AY4L1251,8384312AY4L1251,CHN,Shoes,CNY,2026-08-24,14800.00,15900.00,0.0743,increase
ab4a5e3d5b1e1db50292e27f64018730,Balenciaga_FRA_6153052AVLR1210,6153052AVLR1210,FRA,Accessories,EUR,2026-08-24,495.00,455.00,-0.0808,decrease
4c9041825e1175a94aa88e80d1f72073,Balenciaga_FRA_6154342AB0Q2533,6154342AB0Q2533,FRA,Bags,EUR,2026-08-24,2180.00,2500.00,0.1468,increase
2d3d937ce0bfc10cba07858fa7ee8528,Balenciaga_FRA_70510321GQZ1000,70510321GQZ1000,FRA,,EUR,2026-08-24,1360.00,1220.00,-0.1029,decrease
b3aac1ae64ac27430ca9e090d4f5296c,Balenciaga_FRA_8384312AY4L1251,8384312AY4L1251,FRA,Shoes,EUR,2026-08-24,1590.00,1700.00,0.0692,increase
6baf096946735f1c98cbccc038a8a298,Balenciaga_GBR_6153052AVLR1210,6153052AVLR1210,GBR,Accessories,GBP,2026-08-24,455.00,420.00,-0.0769,decrease
4f9390fb03a5aa2f4b88fb41bf67f721,Balenciaga_GBR_6154342AB0Q2533,6154342AB0Q2533,GBR,Bags,GBP,2026-08-24,1950.00,2240.00,0.1487,increase
c0d03c01531b0eff862c4c69e530e122,Balenciaga_GBR_70510321GQZ1000,70510321GQZ1000,GBR,,GBP,2026-08-24,1210.00,1090.00,-0.0992,decrease
dbdf68a477b02adf2f44a607f183c4fe,Balenciaga_GBR_8384312AY4L1251,8384312AY4L1251,GBR,Shoes,GBP,2026-08-24,1480.00,1580.00,0.0676,increase
95d229a697c0e1924b950775eb2ebd14,Balenciaga_HKG_6153052AVLR1210,6153052AVLR1210,HKG,Accessories,HKD,2026-08-24,4600.00,4200.00,-0.0870,decrease
31cad96b2f5baada70cfc01e5a13a7f9,Balenciaga_HKG_6154342AB0Q2533,6154342AB0Q2533,HKG,Bags,HKD,2026-08-24,21100.00,24300.00,0.1517,increase
c7c3afda8bec5f6d817e0a20f7ef9b5a,Balenciaga_HKG_70510321GQZ1000,70510321GQZ1000,HKG,,HKD,2026-08-24,12800.00,11500.00,-0.1016,decrease
ba406f97fd6f5d28d94064bc0cd18bdf,Balenciaga_HKG_8384312AY4L1251,8384312AY4L1251,HKG,Shoes,HKD,2026-08-24,15200.00,16300.00,0.0724,increase
021b53f66da3a04d9261efbab1d2cb28,Balenciaga_JPN_6153052AVLR1210,6153052AVLR1210,JPN,Accessories,JPY,2026-08-24,89200.00,82100.00,-0.0796,decrease
4eb130d6ca200efc8be3df912aa2cef5,Balenciaga_JPN_6154342AB0Q2533,6154342AB0Q2533,JPN,Bags,JPY,2026-08-24,391600.00,449600.00,0.1481,increase
e2f7fe6f2f7d37789f35e0e04de51137,Balenciaga_JPN_70510321GQZ1000,70510321GQZ1000,JPN,,JPY,2026-08-24,244600.00,220200.00,-0.0998,decrease
fcddd556b2c7870132661c79265566e3,Balenciaga_JPN_8384312AY4L1251,8384312AY4L1251,JPN,Shoes,JPY,2026-08-24,282400.00,302000.00,0.0694,increase
813b7d3ae3e23e95b630b1addd40a4b9,Balenciaga_KOR_6153052AVLR1210,6153052AVLR1210,KOR,Accessories,KRW,2026-08-24,870000.00,800000.00,-0.0805,decrease
ad77fad70215cb594bc27b86dc12212e,Balenciaga_KOR_6154342AB0Q2533,6154342AB0Q2533,KOR,Bags,KRW,2026-08-24,3700000.00,4250000.00,0.1486,increase
ae34e1cf02fe83fd2f0f6dfe24801f10,Balenciaga_KOR_70510321GQZ1000,70510321GQZ1000,KOR,,KRW,2026-08-24,2380000.00,2150000.00,-0.0966,decrease
f417a5e925ef2b96cf44289f51caf153,Balenciaga_KOR_8384312AY4L1251,8384312AY4L1251,KOR,Shoes,KRW,2026-08-24,2860000.00,3060000.00,0.0699,increase
1e25780fae08b1789a40f334e9079edc,Balenciaga_USA_6153052AVLR1210,6153052AVLR1210,USA,Accessories,USD,2026-08-24,620.00,570.00,-0.0806,decrease
8a89fefae8ee1e820562eae5b082a4af,Balenciaga_USA_6154342AB0Q2533,6154342AB0Q2533,USA,Bags,USD,2026-08-24,2770.00,3180.00,0.1480,increase
a76ca356160e0a31400aa90c2ca22ba7,Balenciaga_USA_70510321GQZ1000,70510321GQZ1000,USA,,USD,2026-08-24,1650.00,1480.00,-0.1030,decrease
615ab60d4ff6e3f415f9ff12d7099d5e,Balenciaga_USA_8384312AY4L1251,8384312AY4L1251,USA,Shoes,USD,2026-08-24,2020.00,2170.00,0.0743,increase
5b6b406ac01770daafe064b39b42ab03,Balenciaga_ARE_530322TTOR92533,530322TTOR92533,ARE,Accessories,AED,2026-08-31,2000.00,2300.00,0.1500,increase
adae33784d2a0ae4bd3fc3f6cbe8794e,Balenciaga_ARE_5724002AB7Y1000,5724002AB7Y1000,ARE,,AED,2026-08-31,3350.00,2900.00,-0.1343,decrease
6d2e7a2c7f8ef14e8f1e3df86e6dd97b,Balenciaga_ARE_7395262AUV41000,7395262AUV41000,ARE,Accessories,AED,2026-08-31,1900.00,1800.00,-0.0526,decrease
5f028828c5c40df05b77d2beabda365b,Balenciaga_AUS_530322TTOR92533,530322TTOR92533,AUS,Accessories,AUD,2026-08-31,790.00,895.00,0.1329,increase
0fce35f8ad4b03b7466cd0bbb2989bdf,Balenciaga_AUS_539652TTM7V5723,539652TTM7V5723,AUS,,AUD,2026-08-31,2220.00,1990.00,-0.1036,decrease
81ada083ed395e4c883acf136b7e1fa3,Balenciaga_AUS_5454812ASG01090,5454812ASG01090,AUS,Shoes,AUD,2026-08-31,1460.00,1280.00,-0.1233,decrease
6f88b6964aa391484f552cf77cbbda40,Balenciaga_AUS_550558W3GJL1000,550558W3GJL1000,AUS,Accessories,AUD,2026-08-31,6830.00,7560.00,0.1069,increase
232c6524142da15b52ce1d2782459816,Balenciaga_AUS_5724002AB7Y1000,5724002AB7Y1000,AUS,,AUD,2026-08-31,1410.00,1210.00,-0.1418,decrease
78b539dbd4b8c1db631186f3368f2073,Balenciaga_AUS_606872WCITL8065,606872WCITL8065,AUS,Accessories,AUD,2026-08-31,380.00,435.00,0.1447,increase
ae19cbee44d8e1c52ab21b83d75a5a69,Balenciaga_AUS_6153052AVLR1210,6153052AVLR1210,AUS,Accessories,AUD,2026-08-31,875.00,805.00,-0.0800,decrease
3e7d2de3fe4b8107b1c0c013fbbca7d6,Balenciaga_AUS_70510321GQZ1000,70510321GQZ1000,AUS,,AUD,2026-08-31,2610.00,2350.00,-0.0996,decrease
f73ad15589946e71c08d5b48659ad44b,Balenciaga_AUS_7395262AUV41000,7395262AUV41000,AUS,Accessories,AUD,2026-08-31,760.00,720.00,-0.0526,decrease
a4c2a01f155f7fe8b03e34a93f7f8d01,Balenciaga_AUS_8384312AY4L1251,8384312AY4L1251,AUS,Shoes,AUD,2026-08-31,2900.00,3100.00,0.0690,increase
01832e06aacede4ea1f2b6aa26c88267,Balenciaga_CAN_530322TTOR92533,530322TTOR92533,CAN,Accessories,CAD,2026-08-31,710.00,805.00,0.1338,increase
5fe1dc67e8f100e2c744f4df4d3fc20f,Balenciaga_CAN_53413121R3X1000,53413121R3X1000,CAN,Bags,CAD,2026-08-31,4000.00,4220.00,0.0550,increase
521781cea47ed48b9ff23b433e015eff,Balenciaga_CAN_5454812ASG01090,5454812ASG01090,CAN,Shoes,CAD,2026-08-31,1360.00,1190.00,-0.1250,decrease
684ef56a252ed2fda8ff24df5747e936,Balenciaga_CAN_550558W3GJL1000,550558W3GJL1000,CAN,Accessories,CAD,2026-08-31,6570.00,7280.00,0.1081,increase
c3cbe5b642ae24b0926a7d5df35b5540,Balenciaga_CAN_5912754GEMN1000,5912754GEMN1000,CAN,Accessories,CAD,2026-08-31,1600.00,1730.00,0.0813,increase
fa70ddebeb941d111e8db6206a301c68,Balenciaga_CAN_606872WCITL8065,606872WCITL8065,CAN,Accessories,CAD,2026-08-31,365.00,420.00,0.1507,increase
026d32b33337d471a16d1f26274d5c95,Balenciaga_CAN_6153052AVLR1210,6153052AVLR1210,CAN,Accessories,CAD,2026-08-31,820.00,755.00,-0.0793,decrease
e8acc8fc0783f93a8276d6621122de16,Balenciaga_CAN_6154342AB0Q2533,6154342AB0Q2533,CAN,Bags,CAD,2026-08-31,3510.00,4030.00,0.1481,increase
c77d7cebef655cd8c4bca325f71c1152,Balenciaga_CAN_70510321GQZ1000,70510321GQZ1000,CAN,,CAD,2026-08-31,2280.00,2050.00,-0.1009,decrease
a0e181b366c6860d17e95e758f679b52,Balenciaga_CAN_8384312AY4L1251,8384312AY4L1251,CAN,Shoes,CAD,2026-08-31,2680.00,2870.00,0.0709,increase
3b23b5fe322432a7b64c4d8dc504152b,Balenciaga_CAN_A0TKX7W7RJL9000,A0TKX7W7RJL9000,CAN,Accessories,CAD,2026-08-31,525.00,495.00,-0.0571,decrease
b6df74b6aae885047f1def534e53253a,Balenciaga_CHN_530322TTOR92533,530322TTOR92533,CHN,Accessories,CNY,2026-08-31,4200.00,4800.00,0.1429,increase
4cd063c16bc22aadae4bbe26368fa582,Balenciaga_CHN_5724002AB7Y1000,5724002AB7Y1000,CHN,,CNY,2026-08-31,7000.00,6000.00,-0.1429,decrease
dc5a8e7b92492fbd9bb3386187cd1de3,Balenciaga_CHN_A0TKX7W7RJL9000,A0TKX7W7RJL9000,CHN,Accessories,CNY,2026-08-31,3200.00,3000.00,-0.0625,decrease
0808158df01313845fcd6016abf68dc7,Balenciaga_FRA_530322TTOR92533,530322TTOR92533,FRA,Accessories,EUR,2026-08-31,435.00,495.00,0.1379,increase
1b2238695017de730d9b7654af4c31ed,Balenciaga_FRA_5724002AB7Y1000,5724002AB7Y1000,FRA,,EUR,2026-08-31,730.00,630.00,-0.1370,decrease
2754900451dd63c18bdcb40531736e50,Balenciaga_FRA_7395262AUV41000,7395262AUV41000,FRA,Accessories,EUR,2026-08-31,420.00,400.00,-0.0476,decrease
af616d2cbd127f25fc76f902709a3ee2,Balenciaga_FRA_A0TKX7W7RJL9000,A0TKX7W7RJL9000,FRA,Accessories,EUR,2026-08-31,335.00,315.00,-0.0597,decrease
bbcd0c4ffd5a837c9caf968d4f23739d,Balenciaga_GBR_530322TTOR92533,530322TTOR92533,GBR,Accessories,GBP,2026-08-31,395.00,450.00,0.1392,increase
6f2a0c532d78df6fb5fb4495c1c4bf64,Balenciaga_GBR_5724002AB7Y1000,5724002AB7Y1000,GBR,,GBP,2026-08-31,650.00,560.00,-0.1385,decrease
fc9601e51acfe40181fe5bda953dca43,Balenciaga_GBR_7395262AUV41000,7395262AUV41000,GBR,Accessories,GBP,2026-08-31,395.00,375.00,-0.0506,decrease
69e3f60f87dbcf126f1b7d3440a0fe0d,Balenciaga_GBR_A0TKX7W7RJL9000,A0TKX7W7RJL9000,GBR,Accessories,GBP,2026-08-31,310.00,290.00,-0.0645,decrease
562ccee23751a17d6af573820c4d0f6b,Balenciaga_HKG_530322TTOR92533,530322TTOR92533,HKG,Accessories,HKD,2026-08-31,4100.00,4700.00,0.1463,increase
b1d3f934276b3c16b0c166eacaf814e0,Balenciaga_HKG_5724002AB7Y1000,5724002AB7Y1000,HKG,,HKD,2026-08-31,7000.00,6000.00,-0.1429,decrease
d92cb457d1b9c9eb26315742b620863e,Balenciaga_HKG_7395262AUV41000,7395262AUV41000,HKG,Accessories,HKD,2026-08-31,4000.00,3800.00,-0.0500,decrease
a07eceed29e0aee97aecb5ebd994a2eb,Balenciaga_HKG_A0TKX7W7RJL9000,A0TKX7W7RJL9000,HKG,Accessories,HKD,2026-08-31,3200.00,3100.00,-0.0313,decrease
ff73f96862b92a5ee285855207cd74f5,Balenciaga_JPN_530322TTOR92533,530322TTOR92533,JPN,Accessories,JPY,2026-08-31,81100.00,91800.00,0.1319,increase
086779e9c160e8eaff120e92853df034,Balenciaga_JPN_5724002AB7Y1000,5724002AB7Y1000,JPN,,JPY,2026-08-31,132500.00,114400.00,-0.1366,decrease
7239763ae3e312bcf62310b16f455898,Balenciaga_JPN_7395262AUV41000,7395262AUV41000,JPN,Accessories,JPY,2026-08-31,74200.00,70300.00,-0.0526,decrease
7f217a38c13620cfd616de5730240bab,Balenciaga_JPN_A0TKX7W7RJL9000,A0TKX7W7RJL9000,JPN,Accessories,JPY,2026-08-31,63000.00,59400.00,-0.0571,decrease
9d26681607996e86fce6b560edc9e171,Balenciaga_KOR_530322TTOR92533,530322TTOR92533,KOR,Accessories,KRW,2026-08-31,770000.00,880000.00,0.1429,increase
417be37a1cc526d6f1ea2904ca15a1d3,Balenciaga_KOR_5724002AB7Y1000,5724002AB7Y1000,KOR,,KRW,2026-08-31,1270000.00,1100000.00,-0.1339,decrease
cff344c2f834c4791ecca5e5ee7a012a,Balenciaga_KOR_7395262AUV41000,7395262AUV41000,KOR,Accessories,KRW,2026-08-31,730000.00,690000.00,-0.0548,decrease
d6bc62d16c9f9a4ab87b5b12d3e6f752,Balenciaga_KOR_A0TKX7W7RJL9000,A0TKX7W7RJL9000,KOR,Accessories,KRW,2026-08-31,580000.00,550000.00,-0.0517,decrease
681681396dc875a23a7082e7661cc154,Balenciaga_MEX_6153052AVLR1210,6153052AVLR1210,MEX,Accessories,MXN,2026-08-31,13500.00,12400.00,-0.0815,decrease
f9bf2d7ff38ce80e6d2c8d5ff615543d,Balenciaga_MEX_7395262AUV41000,7395262AUV41000,MEX,Accessories,MXN,2026-08-31,10700.00,10100.00,-0.0561,decrease
93fd36d12bafe5e625ff9b2383578a91,Balenciaga_MYS_53413121R3X1000,53413121R3X1000,MYS,Bags,MYR,2026-08-31,13350.00,14100.00,0.0562,increase
903802bc2663f82f7d121e60558a3d5d,Balenciaga_MYS_5454812ASG01090,5454812ASG01090,MYS,Shoes,MYR,2026-08-31,4400.00,3850.00,-0.1250,decrease
6814c44e3dd0151766705192feda033d,Balenciaga_MYS_550558W3GJL1000,550558W3GJL1000,MYS,Accessories,MYR,2026-08-31,22350.00,24750.00,0.1074,increase
6c1d0c4076f04d2e337207335309ef46,Balenciaga_MYS_5724002AB7Y1000,5724002AB7Y1000,MYS,,MYR,2026-08-31,3950.00,3400.00,-0.1392,decrease
05c18c499134949458f23cd61e8d0671,Balenciaga_MYS_5912754GEMN1000,5912754GEMN1000,MYS,Accessories,MYR,2026-08-31,4950.00,5350.00,0.0808,increase
589b0f2090427daa89785331aaaacbb4,Balenciaga_MYS_606872WCITL8065,606872WCITL8065,MYS,Accessories,MYR,2026-08-31,1200.00,1350.00,0.1250,increase
620dc6d5b52a8d946455615b74720f44,Balenciaga_MYS_6153052AVLR1210,6153052AVLR1210,MYS,Accessories,MYR,2026-08-31,2600.00,2400.00,-0.0769,decrease
c114337fddc3c99c63ec7c29d02acf7b,Balenciaga_MYS_6154342AB0Q2533,6154342AB0Q2533,MYS,Bags,MYR,2026-08-31,11700.00,13400.00,0.1453,increase
3dbde29eb676fa515f6dfb707fff114c,Balenciaga_MYS_70510321GQZ1000,70510321GQZ1000,MYS,,MYR,2026-08-31,7150.00,6450.00,-0.0979,decrease
bf44f513a89d62a14961ada01454ec7a,Balenciaga_MYS_7395262AUV41000,7395262AUV41000,MYS,Accessories,MYR,2026-08-31,2150.00,2050.00,-0.0465,decrease
5a705e0d5d01991cf0e0a8d9424aa9b8,Balenciaga_MYS_8384312AY4L1251,8384312AY4L1251,MYS,Shoes,MYR,2026-08-31,8350.00,8950.00,0.0719,increase
c47e3310fd87f80705007a08b1afa3a0,Balenciaga_MYS_A0D4YJ218SS1251,A0D4YJ218SS1251,MYS,Shoes,MYR,2026-08-31,6700.00,6100.00,-0.0896,decrease
ff548095d49326325730a35650473395,Balenciaga_MYS_A0TKX7W7RJL9000,A0TKX7W7RJL9000,MYS,Accessories,MYR,2026-08-31,1700.00,1600.00,-0.0588,decrease
93443bfdcc1198a410a30f6094cd2181,Balenciaga_SAU_530322TTOR92533,530322TTOR92533,SAU,Accessories,SAR,2026-08-31,2050.00,2300.00,0.1220,increase
eb91b8964bec72a59c27f7bc5dad2c8a,Balenciaga_SAU_53413121R3X1000,53413121R3X1000,SAU,Bags,SAR,2026-08-31,11850.00,12500.00,0.0549,increase
863718eb6e39b8da421e84443e2e50a1,Balenciaga_SAU_539652TTM7V5723,539652TTM7V5723,SAU,,SAR,2026-08-31,6000.00,5350.00,-0.1083,decrease
1a3359f0729819f0a9d0d40bd48fb788,Balenciaga_SAU_5454812ASG01090,5454812ASG01090,SAU,Shoes,SAR,2026-08-31,3900.00,3400.00,-0.1282,decrease
c00be0e8a5b676411addd8fcf3c03817,Balenciaga_SAU_550558W3GJL1000,550558W3GJL1000,SAU,Accessories,SAR,2026-08-31,19750.00,21900.00,0.1089,increase
397eb1ae89b2c58ff31140d995b7764d,Balenciaga_SAU_5724002AB7Y1000,5724002AB7Y1000,SAU,,SAR,2026-08-31,3600.00,3100.00,-0.1389,decrease
19d4649c8db9cc3f5740356cbf000aaf,Balenciaga_SAU_5912754GEMN1000,5912754GEMN1000,SAU,Accessories,SAR,2026-08-31,4700.00,5100.00,0.0851,increase
289f2a55e8d1bd0869838748961cafd8,Balenciaga_SAU_606872WCITL8065,606872WCITL8065,SAU,Accessories,SAR,2026-08-31,1100.00,1250.00,0.1364,increase
088d5c54ca62fff9abcca0f229636c87,Balenciaga_SAU_6153052AVLR1210,6153052AVLR1210,SAU,Accessories,SAR,2026-08-31,2400.00,2200.00,-0.0833,decrease
928ac9711c855d57a5c3d641ee3bbdc4,Balenciaga_SAU_6154342AB0Q2533,6154342AB0Q2533,SAU,Bags,SAR,2026-08-31,10450.00,12000.00,0.1483,increase
d55bfc58205cd1c85ab41f501398cbfd,Balenciaga_SAU_70510321GQZ1000,70510321GQZ1000,SAU,,SAR,2026-08-31,6550.00,5900.00,-0.0992,decrease
6a592e453115dddd3fa14c0bac90e8e8,Balenciaga_SAU_7395262AUV41000,7395262AUV41000,SAU,Accessories,SAR,2026-08-31,2050.00,1950.00,-0.0488,decrease
005b05ccbbf99dcfad787942b9c16d43,Balenciaga_SAU_A0D4YJ218SS1251,A0D4YJ218SS1251,SAU,Shoes,SAR,2026-08-31,6100.00,5550.00,-0.0902,decrease
862089dd9ca7ef8c55d88578296d4f71,Balenciaga_SAU_A0TKX7W7RJL9000,A0TKX7W7RJL9000,SAU,Accessories,SAR,2026-08-31,1700.00,1600.00,-0.0588,decrease
0aa67848cddb0acffb5c18258e1aaca5,Balenciaga_SGP_530322TTOR92533,530322TTOR92533,SGP,Accessories,SGD,2026-08-31,705.00,795.00,0.1277,increase
a8b9a7035c82f10a4fd11a32a0bc109e,Balenciaga_SGP_539652TTM7V5723,539652TTM7V5723,SGP,,SGD,2026-08-31,2080.00,1860.00,-0.1058,decrease
02d0b030ee25f7f79a2657c5a4e0791a,Balenciaga_SGP_5454812ASG01090,5454812ASG01090,SGP,Shoes,SGD,2026-08-31,1330.00,1160.00,-0.1278,decrease
39f3f3755b12474da6991ce2889db82d,Balenciaga_SGP_550558W3GJL1000,550558W3GJL1000,SGP,Accessories,SGD,2026-08-31,6860.00,7590.00,0.1064,increase
9c2384229d46d594286b2f9e7a27e83e,Balenciaga_SGP_5724002AB7Y1000,5724002AB7Y1000,SGP,,SGD,2026-08-31,1230.00,1060.00,-0.1382,decrease
c5ad0deff3ff4b04cc43eba6a1d89fdd,Balenciaga_SGP_5912754GEMN1000,5912754GEMN1000,SGP,Accessories,SGD,2026-08-31,1680.00,1820.00,0.0833,increase
f545a6999dab8f7486984f332511e6bd,Balenciaga_SGP_606872WCITL8065,606872WCITL8065,SGP,Accessories,SGD,2026-08-31,405.00,460.00,0.1358,increase
580d52864fbca2c83722b14c8a0dddd4,Balenciaga_SGP_6153052AVLR1210,6153052AVLR1210,SGP,Accessories,SGD,2026-08-31,840.00,775.00,-0.0774,decrease
15a36d1bc08b21612f43b223fea99080,Balenciaga_SGP_6154342AB0Q2533,6154342AB0Q2533,SGP,Bags,SGD,2026-08-31,3650.00,4190.00,0.1479,increase
5e6db7aafe2b7f2c4fdafaf46fe65650,Balenciaga_SGP_70510321GQZ1000,70510321GQZ1000,SGP,,SGD,2026-08-31,2230.00,2010.00,-0.0987,decrease
bd1e910ed49d5c6306cf553d4f8b9f96,Balenciaga_SGP_7395262AUV41000,7395262AUV41000,SGP,Accessories,SGD,2026-08-31,710.00,670.00,-0.0563,decrease
916a65bef3c0e314c98b71c5dadefce2,Balenciaga_SGP_7737734GROH1251,7737734GROH1251,SGP,Bags,SGD,2026-08-31,4760.00,4410.00,-0.0735,decrease
3b3501b78eb2f7db40baf72848588fde,Balenciaga_SGP_8384312AY4L1251,8384312AY4L1251,SGP,Shoes,SGD,2026-08-31,2700.00,2890.00,0.0704,increase
89786c0d9fe6b3829e80e8c8be59ed5a,Balenciaga_SGP_A0D4YJ218SS1251,A0D4YJ218SS1251,SGP,Shoes,SGD,2026-08-31,2050.00,1870.00,-0.0878,decrease
df0812a0b5dd502a95105e0c9245059f,Balenciaga_SGP_A0TKX7W7RJL9000,A0TKX7W7RJL9000,SGP,Accessories,SGD,2026-08-31,555.00,520.00,-0.0631,decrease
ef0050496ad4e9254a29ffef09d9f040,Balenciaga_THA_530322TTOR92533,530322TTOR92533,THA,Accessories,THB,2026-08-31,17900.00,20300.00,0.1341,increase
a444ce0c27b2cb327a0da0f2152bff28,Balenciaga_THA_53413121R3X1000,53413121R3X1000,THA,Bags,THB,2026-08-31,103800.00,109300.00,0.0530,increase
6b155b3cc3139509c4530dd8de48b8f1,Balenciaga_THA_539652TTM7V5723,539652TTM7V5723,THA,,THB,2026-08-31,50000.00,44700.00,-0.1060,decrease
fba1bae4a34c1f546037585a9432e23a,Balenciaga_THA_5454812ASG01090,5454812ASG01090,THA,Shoes,THB,2026-08-31,33700.00,29600.00,-0.1217,decrease
08b80ddd321974cd474684931dabb19f,Balenciaga_THA_5724002AB7Y1000,5724002AB7Y1000,THA,,THB,2026-08-31,30500.00,26400.00,-0.1344,decrease
4485f4ca4a77e182e9738553be85a59c,Balenciaga_THA_5912754GEMN1000,5912754GEMN1000,THA,Accessories,THB,2026-08-31,43200.00,46800.00,0.0833,increase
91058dcfc06f8675dccfd24f199fadc6,Balenciaga_THA_606872WCITL8065,606872WCITL8065,THA,Accessories,THB,2026-08-31,9800.00,11100.00,0.1327,increase
cd3df794f691ab5e7a1602855e533caf,Balenciaga_THA_6153052AVLR1210,6153052AVLR1210,THA,Accessories,THB,2026-08-31,21700.00,20000.00,-0.0783,decrease
313d305e9753a4984ef0aec6db86ce68,Balenciaga_THA_6154342AB0Q2533,6154342AB0Q2533,THA,Bags,THB,2026-08-31,93700.00,107600.00,0.1483,increase
1b491a40215cefacfe60736a4e98a83c,Balenciaga_THA_70510321GQZ1000,70510321GQZ1000,THA,,THB,2026-08-31,59900.00,54000.00,-0.0985,decrease
434501936d10a961ef44a7e18e6e4330,Balenciaga_THA_7395262AUV41000,7395262AUV41000,THA,Accessories,THB,2026-08-31,18000.00,17100.00,-0.0500,decrease
6f1faf66bbbe1f26ffa0858d2dde7ec1,Balenciaga_THA_8384312AY4L1251,8384312AY4L1251,THA,Shoes,THB,2026-08-31,64800.00,69300.00,0.0694,increase
a36a17aa8db29b3359ad7f94169b94d0,Balenciaga_THA_A0D4YJ218SS1251,A0D4YJ218SS1251,THA,Shoes,THB,2026-08-31,53600.00,48900.00,-0.0877,decrease
2f518cf0bc2e968a6218fbff3955fab0,Balenciaga_THA_A0TKX7W7RJL9000,A0TKX7W7RJL9000,THA,Accessories,THB,2026-08-31,14600.00,13800.00,-0.0548,decrease
1d53f27d4178f5d69d9900189de74dab,Balenciaga_TWN_530322TTOR92533,530322TTOR92533,TWN,Accessories,TWD,2026-08-31,17400.00,19800.00,0.1379,increase
ff7c9cbbb1cdd6dd3b3c0b9feb563039,Balenciaga_TWN_53413121R3X1000,53413121R3X1000,TWN,Bags,TWD,2026-08-31,95700.00,100800.00,0.0533,increase
139bd14b6a8f4e38fde987a55a554ae9,Balenciaga_TWN_539652TTM7V5723,539652TTM7V5723,TWN,,TWD,2026-08-31,48800.00,43700.00,-0.1045,decrease
08a014fcf0d46b22aa9bc13c61d5d88b,Balenciaga_TWN_5454812ASG01090,5454812ASG01090,TWN,Shoes,TWD,2026-08-31,31700.00,27800.00,-0.1230,decrease
7a3b7f0ddf8db6542ae89ab310e53da2,Balenciaga_TWN_5724002AB7Y1000,5724002AB7Y1000,TWN,,TWD,2026-08-31,27600.00,23800.00,-0.1377,decrease
b5d5dc175886545b2cbe75285fc0864a,Balenciaga_TWN_606872WCITL8065,606872WCITL8065,TWN,Accessories,TWD,2026-08-31,8800.00,10100.00,0.1477,increase
a32f0ad455d2f7eaa61bab19a0f8780c,Balenciaga_TWN_6153052AVLR1210,6153052AVLR1210,TWN,Accessories,TWD,2026-08-31,19400.00,17900.00,-0.0773,decrease
6febaab73afb586df3f2199e75f86463,Balenciaga_TWN_6154342AB0Q2533,6154342AB0Q2533,TWN,Bags,TWD,2026-08-31,88300.00,101300.00,0.1472,increase
3a34dac1167cfb3cbc8a44e44fa6ccef,Balenciaga_TWN_70510321GQZ1000,70510321GQZ1000,TWN,,TWD,2026-08-31,54300.00,48900.00,-0.0994,decrease
f923ad0a18fc6019b0873c82ae2bdd02,Balenciaga_TWN_7395262AUV41000,7395262AUV41000,TWN,Accessories,TWD,2026-08-31,17000.00,16100.00,-0.0529,decrease
9ad717e4ac8a383e65a8ede763b54f23,Balenciaga_TWN_8384312AY4L1251,8384312AY4L1251,TWN,Shoes,TWD,2026-08-31,61400.00,65600.00,0.0684,increase
fb1fff1911ccb5f0951688b4dec8e7be,Balenciaga_TWN_A0TKX7W7RJL9000,A0TKX7W7RJL9000,TWN,Accessories,TWD,2026-08-31,13000.00,12300.00,-0.0538,decrease
c3a06fe4687d3a5138094a5e07939785,Balenciaga_USA_530322TTOR92533,530322TTOR92533,USA,Accessories,USD,2026-08-31,550.00,620.00,0.1273,increase
45567ad0d3e8d1fee8bfba99b4215bfa,Balenciaga_USA_5724002AB7Y1000,5724002AB7Y1000,USA,,USD,2026-08-31,945.00,815.00,-0.1376,decrease
2866c03e852300c3672eba918e608969,Balenciaga_USA_7395262AUV41000,7395262AUV41000,USA,Accessories,USD,2026-08-31,525.00,495.00,-0.0571,decrease
8e0e3544011b8c982576bf9c9786b7b1,Balenciaga_USA_A0TKX7W7RJL9000,A0TKX7W7RJL9000,USA,Accessories,USD,2026-08-31,410.00,390.00,-0.0488,decrease
62651e9466a14f30bc07f1e5677dbe2f,Balenciaga_ARE_5090582ABZK1000,5090582ABZK1000,ARE,Bags,AED,2026-09-07,11000.00,11650.00,0.0591,increase
ab46fd862e45c7cbb0688f5f463e3aea,Balenciaga_ARE_509058W7FP09002,509058W7FP09002,ARE,Bags,AED,2026-09-07,14600.00,15500.00,0.0616,increase
993eb052518d5d076246788e87c2a338,Balenciaga_ARE_512319214FT9104,512319214FT9104,ARE,Bags,AED,2026-09-07,7200.00,7650.00,0.0625,increase
e1e29e8e9f3982e84c21f429a8646ce7,Balenciaga_ARE_5123192ABXZ9020,5123192ABXZ9020,ARE,Bags,AED,2026-09-07,12200.00,12950.00,0.0615,increase
547fe22fea0038ec8fc43a7f11981fea,Balenciaga_ARE_5146274GMIB2533,5146274GMIB2533,ARE,Bags,AED,2026-09-07,4900.00,5200.00,0.0612,increase
6cd3d8607516b15d871baef69d08776a,Balenciaga_ARE_514627TA8D30127,514627TA8D30127,ARE,Bags,AED,2026-09-07,17450.00,18500.00,0.0602,increase
2e1e9da50bd6305259a941d57bc6f4f6,Balenciaga_ARE_5149002A92F1210,5149002A92F1210,ARE,Bags,AED,2026-09-07,12500.00,13250.00,0.0600,increase
97c50c6ece3306322b3cd5080264b92a,Balenciaga_ARE_517390210UD1210,517390210UD1210,ARE,Bags,AED,2026-09-07,14700.00,15550.00,0.0578,increase
372fe7dcff5931b57cd379f432f22dcf,Balenciaga_ARE_5173904GKC41210,5173904GKC41210,ARE,Bags,AED,2026-09-07,7000.00,7400.00,0.0571,increase
b7c7d29f53aea31b680a788363614143,Balenciaga_ARE_517390TT3LZ1240,517390TT3LZ1240,ARE,Bags,AED,2026-09-07,11650.00,12350.00,0.0601,increase
19747267417631b0ee746b667aac66f5,Balenciaga_ARE_517390WIAYH5723,517390WIAYH5723,ARE,Bags,AED,2026-09-07,7600.00,8050.00,0.0592,increase
282889292e4fc4c8721f570645e20210,Balenciaga_ARE_52138621EG84011,52138621EG84011,ARE,Small Leather Goods,AED,2026-09-07,1200.00,1250.00,0.0417,increase
bd83134bffd621e41ac1293eaf638078,Balenciaga_ARE_5239552AJGA1000,5239552AJGA1000,ARE,Accessories,AED,2026-09-07,7100.00,7550.00,0.0634,increase
492ffcf21edb6abcd6f6ed74fa86145f,Balenciaga_ARE_523955WJVHN1090,523955WJVHN1090,ARE,Accessories,AED,2026-09-07,7500.00,7950.00,0.0600,increase
993a789dbf7cb9a0b1dbe2a5bb934749,Balenciaga_ARE_525528TA3V13258,525528TA3V13258,ARE,Bags,AED,2026-09-07,13350.00,14150.00,0.0599,increase
44b7842b2fa7738798f427e8ad1e9ebb,Balenciaga_ARE_525528TTLY91000,525528TTLY91000,ARE,Bags,AED,2026-09-07,10750.00,11350.00,0.0558,increase
f59a2791c7345708ed299eef9c0fb98a,Balenciaga_ARE_5265652181K1240,5265652181K1240,ARE,Bags,AED,2026-09-07,18350.00,19450.00,0.0599,increase
3115959ca14eeddd51e15306376f8d09,Balenciaga_ARE_5265652ABNJ1000,5265652ABNJ1000,ARE,Bags,AED,2026-09-07,10050.00,10700.00,0.0647,increase
1875591dde5e1de96e535d58c86e277b,Balenciaga_ARE_5265652ABRG8122,5265652ABRG8122,ARE,Bags,AED,2026-09-07,14350.00,15200.00,0.0592,increase
9414db80c2ee5dc77b74ff5353f34d56,Balenciaga_ARE_52688321KYV1090,52688321KYV1090,ARE,Bags,AED,2026-09-07,10150.00,10750.00,0.0591,increase
c777459fbe97c01eeb72fcbe3df92a46,Balenciaga_ARE_5268832ABFW2533,5268832ABFW2533,ARE,Bags,AED,2026-09-07,22750.00,24100.00,0.0593,increase
5378443970e4a0551ce9796c44b1fa73,Balenciaga_ARE_527313T0VEI2533,527313T0VEI2533,ARE,Small Leather Goods,AED,2026-09-07,1250.00,1350.00,0.0800,increase
32ed1b5d127cbdb3246968fe7a391326,Balenciaga_ARE_527313TUOCB4011,527313TUOCB4011,ARE,Small Leather Goods,AED,2026-09-07,1250.00,1350.00,0.0800,increase
ae8f95997f0c7622db30dd79d3248837,Balenciaga_ARE_527313W5X041000,527313W5X041000,ARE,Small Leather Goods,AED,2026-09-07,2250.00,2400.00,0.0667,increase
025d891be6021664726fa5520a8ce17f,Balenciaga_ARE_5286014GP201000,5286014GP201000,ARE,Small Leather Goods,AED,2026-09-07,1300.00,1350.00,0.0385,increase
d122ee71d161389ccb478877a58ae725,Balenciaga_ARE_529971215991000,529971215991000,ARE,Bags,AED,2026-09-07,10550.00,11200.00,0.0616,increase
51701af2700432d0c7d69e66586e4b94,Balenciaga_ARE_529971218229000,529971218229000,ARE,Bags,AED,2026-09-07,6700.00,7150.00,0.0672,increase
d05dfde3145d54d3ed99c68e4f761565,Balenciaga_ARE_5299714GOPH5723,5299714GOPH5723,ARE,Bags,AED,2026-09-07,13550.00,14350.00,0.0590,increase
91be469b6f315467501eecd382bfe4ca,Balenciaga_ARE_529971TEYU71000,529971TEYU71000,ARE,Bags,AED,2026-09-07,7050.00,7450.00,0.0567,increase
f3ab6a8f033774c2d76505fb587ca0df,Balenciaga_ARE_53089821CU23258,53089821CU23258,ARE,Small Leather Goods,AED,2026-09-07,1100.00,1200.00,0.0909,increase
cdeffc25d93c7636432b13ffd4a22411,Balenciaga_ARE_5308982ABS69000,5308982ABS69000,ARE,Small Leather Goods,AED,2026-09-07,1350.00,1450.00,0.0741,increase
7ac566ec3eb72c51b958fc34accb4cce,Balenciaga_ARE_5333162APVK1000,5333162APVK1000,ARE,Accessories,AED,2026-09-07,1600.00,1700.00,0.0625,increase
14781580caf29698ffaeb192db9e6318,Balenciaga_ARE_5333164GXRM5723,5333164GXRM5723,ARE,Accessories,AED,2026-09-07,2200.00,2350.00,0.0682,increase
f0819b873ff25b198bb489dee170c665,Balenciaga_ARE_533316T75I81084,533316T75I81084,ARE,Accessories,AED,2026-09-07,3550.00,3750.00,0.0563,increase
9d34a11203e2429f1a7d3a09db979cad,Balenciaga_ARE_533654213HK1090,533654213HK1090,ARE,Small Leather Goods,AED,2026-09-07,4700.00,5000.00,0.0638,increase
e4f6b17bf2f8b9c268ccca2e8eb2b577,Balenciaga_ARE_53365421G921000,53365421G921000,ARE,Small Leather Goods,AED,2026-09-07,2100.00,2250.00,0.0714,increase
bf40ac5a3d96234ac23777e778d08444,Balenciaga_ARE_533654THV4T1251,533654THV4T1251,ARE,Accessories,AED,2026-09-07,1650.00,1750.00,0.0606,increase
970050149241ce3ca85431a4291c1a2d,Balenciaga_ARE_53413121R3X1000,53413121R3X1000,ARE,Bags,AED,2026-09-07,12100.00,12800.00,0.0579,increase
568d121743d02fd6add895251fdd4b40,Balenciaga_ARE_5341314GAPT1000,5341314GAPT1000,ARE,Bags,AED,2026-09-07,15650.00,16600.00,0.0607,increase
81f8ea5c4d9ee9fba0cf42a0b71f2b1a,Balenciaga_ARE_5341314GI642840,5341314GI642840,ARE,Bags,AED,2026-09-07,14300.00,15150.00,0.0594,increase
567788a722b45112a944245db885550d,Balenciaga_ARE_534131WS53L2840,534131WS53L2840,ARE,Bags,AED,2026-09-07,9700.00,10250.00,0.0567,increase
feb241510287255132cefe9295abf18f,Balenciaga_ARE_53659021R122533,53659021R122533,ARE,Bags,AED,2026-09-07,1800.00,1900.00,0.0556,increase
4a8edf4bf6dcdb265e325ff419bb964e,Balenciaga_ARE_539788TAQB38122,539788TAQB38122,ARE,Bags,AED,2026-09-07,6600.00,7000.00,0.0606,increase
4ce22d3deb068d54bb05983b7b566ba6,Balenciaga_ARE_539914WQIJ69020,539914WQIJ69020,ARE,Small Leather Goods,AED,2026-09-07,1150.00,1200.00,0.0435,increase
8ea69dae88c045fbb5d676469e381daa,Balenciaga_ARE_54096221JKJ5723,54096221JKJ5723,ARE,Small Leather Goods,AED,2026-09-07,1500.00,1550.00,0.0333,increase
214e8b49f7bc2f71bfee43ba1fb5fa31,Balenciaga_ARE_54096221R8F1000,54096221R8F1000,ARE,Small Leather Goods,AED,2026-09-07,1650.00,1750.00,0.0606,increase
23994e253d91ff6de6d4ab46e930426e,Balenciaga_ARE_5409624GX4F1000,5409624GX4F1000,ARE,Small Leather Goods,AED,2026-09-07,4650.00,4900.00,0.0538,increase
438a2f31abbac4bffad2faa1cdb32499,Balenciaga_ARE_540962T5NE71210,540962T5NE71210,ARE,Small Leather Goods,AED,2026-09-07,1300.00,1350.00,0.0385,increase
be467623ecae4b453192dc0f5afbe117,Balenciaga_ARE_540962TTG124200,540962TTG124200,ARE,Small Leather Goods,AED,2026-09-07,1250.00,1350.00,0.0800,increase
4e24404372dfa7bdf9a11fbd6c585d51,Balenciaga_ARE_540962WD2T71251,540962WD2T71251,ARE,Small Leather Goods,AED,2026-09-07,4200.00,4450.00,0.0595,increase
922c9f5dab6beef83d428b150d8b31fb,Balenciaga_ARE_54300421W5L1000,54300421W5L1000,ARE,Accessories,AED,2026-09-07,1050.00,1200.00,0.1429,increase
49601354e6b8b84d90b5879e3fa8cd39,Balenciaga_ARE_5433214G4QH1240,5433214G4QH1240,ARE,Bags,AED,2026-09-07,6600.00,7000.00,0.0606,increase
75a2b533c82aa339ec05fdf20abb061b,Balenciaga_ARE_543321TT8F11000,543321TT8F11000,ARE,Bags,AED,2026-09-07,10900.00,11550.00,0.0596,increase
872c2ecb92b2bd661232fed68a9a21c2,Balenciaga_ARE_543321TTJN28122,543321TTJN28122,ARE,Bags,AED,2026-09-07,12100.00,12800.00,0.0579,increase
54d8172e93289c14d87b72239f325507,Balenciaga_ARE_543321W65TT1000,543321W65TT1000,ARE,Bags,AED,2026-09-07,7250.00,7700.00,0.0621,increase
6c11eeef6a50a4f1bdd02b8c6a2dcb4d,Balenciaga_ARE_543321WALW40911,543321WALW40911,ARE,Bags,AED,2026-09-07,20250.00,21450.00,0.0593,increase
3543b7e300cdebb1fbabc22371da03ad,Balenciaga_ARE_54493221SAD1000,54493221SAD1000,ARE,Bags,AED,2026-09-07,5550.00,5900.00,0.0631,increase
a056370b346143d7881c0ed9aed50566,Balenciaga_ARE_5449322AYZX0911,5449322AYZX0911,ARE,Bags,AED,2026-09-07,9800.00,10350.00,0.0561,increase
e92a1c6b97bc94c2080f92dfdcd58f24,Balenciaga_ARE_5449324G4HJ0926,5449324G4HJ0926,ARE,Bags,AED,2026-09-07,3750.00,3950.00,0.0533,increase
31e71960f0765ded78349eac9c0538be,Balenciaga_ARE_5449324GQLA8065,5449324GQLA8065,ARE,Bags,AED,2026-09-07,8800.00,9350.00,0.0625,increase
446904fb6a795e379819bc35ede6f914,Balenciaga_ARE_5449324GWV24011,5449324GWV24011,ARE,Bags,AED,2026-09-07,12150.00,12900.00,0.0617,increase
3d6d7a7a1158c2465d59aeaacd58a20a,Balenciaga_ARE_544932W60MX2840,544932W60MX2840,ARE,Bags,AED,2026-09-07,7000.00,7400.00,0.0571,increase
c220842397a889e28d10fb938e452e67,Balenciaga_ARE_546998213YO9104,546998213YO9104,ARE,Bags,AED,2026-09-07,1600.00,1700.00,0.0625,increase
da3381e4b5dfeaaccf478a09c42f9c8a,Balenciaga_ARE_5469982ABEE9002,5469982ABEE9002,ARE,Bags,AED,2026-09-07,3500.00,3750.00,0.0714,increase
9c960e73d5a19dc7a7e4ecfe420627a4,Balenciaga_ARE_5482214GQV51000,5482214GQV51000,ARE,Bags,AED,2026-09-07,9400.00,9950.00,0.0585,increase
62fa74fb0b19ee7386fff972b9db447e,Balenciaga_ARE_5505264G0059002,5505264G0059002,ARE,Bags,AED,2026-09-07,4900.00,5200.00,0.0612,increase
00219c17982cbe90b19a52e1b1dd0a0f,Balenciaga_ARE_552358T6AME4011,552358T6AME4011,ARE,Bags,AED,2026-09-07,9550.00,10100.00,0.0576,increase
93181072259f0c06f479320fbf122fc4,Balenciaga_ARE_553957TBSVE4200,553957TBSVE4200,ARE,Small Leather Goods,AED,2026-09-07,1850.00,1950.00,0.0541,increase
f0b0b6c7aa3b0f9ad5651b8bcac9d2c4,Balenciaga_ARE_553957WO6SQ1251,553957WO6SQ1251,ARE,Small Leather Goods,AED,2026-09-07,1700.00,1800.00,0.0588,increase
6d3234091e7bfa2da3c9de1887e970f1,Balenciaga_ARE_55430321CYU1240,55430321CYU1240,ARE,Bags,AED,2026-09-07,9500.00,10050.00,0.0579,increase
1067d2b6870147ef95187c4b03b20816,Balenciaga_ARE_5543034GFF51000,5543034GFF51000,ARE,Bags,AED,2026-09-07,18000.00,19100.00,0.0611,increase
6d357f39a39707d984310b4da4bb89de,Balenciaga_ARE_554303TCULN5723,554303TCULN5723,ARE,Bags,AED,2026-09-07,6500.00,6900.00,0.0615,increase
a7df2108e84bf7bb1f3ffb8670c47633,Balenciaga_ARE_554303WHAQI0926,554303WHAQI0926,ARE,Bags,AED,2026-09-07,10100.00,10750.00,0.0644,increase
26ff4334595054914ee7a7dcd69eddbb,Balenciaga_ARE_558209TUR5X2840,558209TUR5X2840,ARE,Small Leather Goods,AED,2026-09-07,1150.00,1250.00,0.0870,increase
c15753e8d64d224075f022cf9f1c47c3,Balenciaga_ARE_560831T8TK91000,560831T8TK91000,ARE,Bags,AED,2026-09-07,7550.00,8000.00,0.0596,increase
ae64ea919076fd904803e30dd0796dd2,Balenciaga_ARE_560831TT4RI5723,560831TT4RI5723,ARE,Bags,AED,2026-09-07,6850.00,7300.00,0.0657,increase
f1e79e6efa420c2acdba6ab071838cec,Balenciaga_ARE_5628364GG1K4011,5628364GG1K4011,ARE,Bags,AED,2026-09-07,12300.00,13000.00,0.0569,increase
ffd686df94a4f75629a44295cad710b1,Balenciaga_ARE_562836TXYUY1210,562836TXYUY1210,ARE,Bags,AED,2026-09-07,13650.00,14450.00,0.0586,increase
9c9df1e834148aea1136ee3ab02ed835,Balenciaga_ARE_5678242AIHF1000,5678242AIHF1000,ARE,Bags,AED,2026-09-07,13100.00,13900.00,0.0611,increase
fbfd5ee8807d1d73cc738c96729073ec,Balenciaga_ARE_567824WUMAJ8065,567824WUMAJ8065,ARE,Bags,AED,2026-09-07,11550.00,12250.00,0.0606,increase
befbdb5597935a6ac8cbde6510470da6,Balenciaga_ARE_5737202ABMI9020,5737202ABMI9020,ARE,Bags,AED,2026-09-07,17350.00,18400.00,0.0605,increase
4d04bc6368147dc3e99340c54c969729,Balenciaga_ARE_5737202AWYK1000,5737202AWYK1000,ARE,Bags,AED,2026-09-07,8300.00,8800.00,0.0602,increase
9af139bed5ebe6f62fa5ef46b0f80360,Balenciaga_ARE_573720WMG5U3258,573720WMG5U3258,ARE,Bags,AED,2026-09-07,9050.00,9550.00,0.0552,increase
200df546465646eeca7bc1ced4475a43,Balenciaga_ARE_5851324GHQ51090,5851324GHQ51090,ARE,Bags,AED,2026-09-07,5300.00,5600.00,0.0566,increase
06c397f94eb9a6d04af5ac350953c1b6,Balenciaga_ARE_585132TTBXP1090,585132TTBXP1090,ARE,Bags,AED,2026-09-07,11400.00,12050.00,0.0570,increase
0431f639b3182a2b98b7073799836c3e,Balenciaga_ARE_5856092AB8R1000,5856092AB8R1000,ARE,Bags,AED,2026-09-07,9150.00,9700.00,0.0601,increase
564909c127afb54645105f9078c547c6,Balenciaga_ARE_5861342A5ZF2533,5861342A5ZF2533,ARE,Bags,AED,2026-09-07,12300.00,13050.00,0.0610,increase
486176c6e01c13282e7ff6ea2a86336a,Balenciaga_ARE_586134THIHP4200,586134THIHP4200,ARE,Bags,AED,2026-09-07,12650.00,13450.00,0.0632,increase
28c5d0fa76a5ecad9cdc20d5f8a01e44,Balenciaga_ARE_5861462ABI32533,5861462ABI32533,ARE,Bags,AED,2026-09-07,9850.00,10450.00,0.0609,increase
8bfd07e4919e54708c02a72a8222f4d1,Balenciaga_ARE_586146TO7IY1210,586146TO7IY1210,ARE,Bags,AED,2026-09-07,9850.00,10450.00,0.0609,increase
e9c58cbaa4e0026ed87652aaafc1a8f1,Balenciaga_ARE_586146TRVHI2533,586146TRVHI2533,ARE,Bags,AED,2026-09-07,11300.00,11950.00,0.0575,increase
bd5620fc5e023cda21ab4dde1a36fdb1,Balenciaga_ARE_586146TT9QA8065,586146TT9QA8065,ARE,Bags,AED,2026-09-07,11400.00,12050.00,0.0570,increase
fd9d6c974e7a5f4f80a91154c06fa046,Balenciaga_ARE_586146TTWU21240,586146TTWU21240,ARE,Bags,AED,2026-09-07,9600.00,10150.00,0.0573,increase
2747768af307775efaf40879d11bb753,Balenciaga_ARE_586146W1WP65723,586146W1WP65723,ARE,Bags,AED,2026-09-07,12550.00,13300.00,0.0598,increase
4c368cd957b9f9815c9f2e7bdffbea16,Balenciaga_ARE_586146WBD2S8122,586146WBD2S8122,ARE,Bags,AED,2026-09-07,7800.00,8300.00,0.0641,increase
e6abb626ee7261a069ef89ea59fd18a0,Balenciaga_ARE_58737121E5Q1000,58737121E5Q1000,ARE,Bags,AED,2026-09-07,12250.00,13000.00,0.0612,increase
42d03a7d96e47c06ed0bc546a46c65b2,Balenciaga_ARE_5898034GZAD1000,5898034GZAD1000,ARE,Bags,AED,2026-09-07,13050.00,13800.00,0.0575,increase
4d582e4331aeccb25c08fca7c582d963,Balenciaga_ARE_589803TTLSW4011,589803TTLSW4011,ARE,Bags,AED,2026-09-07,8900.00,9450.00,0.0618,increase
50618f19a56909fc40a78dd7c6f2eaa7,Balenciaga_ARE_5919172AZ1O5723,5919172AZ1O5723,ARE,Small Leather Goods,AED,2026-09-07,1250.00,1350.00,0.0800,increase
06a69c7c323d77ca3d41f6bb673f109c,Balenciaga_ARE_5919174GT0G9000,5919174GT0G9000,ARE,Small Leather Goods,AED,2026-09-07,2100.00,2250.00,0.0714,increase
8726dbde86e72219c4462a7c265859ad,Balenciaga_ARE_591917W3LVJ1000,591917W3LVJ1000,ARE,Small Leather Goods,AED,2026-09-07,2150.00,2250.00,0.0465,increase
3eb9eaec7721895531e758697b9fca11,Balenciaga_ARE_59650121J5P2533,59650121J5P2533,ARE,Bags,AED,2026-09-07,12400.00,13150.00,0.0605,increase
882ba3f1a8bc14392eb473394f190118,Balenciaga_ARE_596501TY52T1000,596501TY52T1000,ARE,Bags,AED,2026-09-07,9700.00,10300.00,0.0619,increase
9cde914b4070b0cf68058e30a35582f7,Balenciaga_ARE_596501W8PY42840,596501W8PY42840,ARE,Bags,AED,2026-09-07,9250.00,9800.00,0.0595,increase
40ddc914c84f04faf0518bfaf3f16ac5,Balenciaga_ARE_600325214860911,600325214860911,ARE,Bags,AED,2026-09-07,7500.00,7950.00,0.0600,increase
9aa6a2b91f611c7290947ce971925285,Balenciaga_ARE_6003254G0R28122,6003254G0R28122,ARE,Bags,AED,2026-09-07,7650.00,8100.00,0.0588,increase
d142374edd17e86331818f50b9892bc2,Balenciaga_ARE_600325TT4SF1000,600325TT4SF1000,ARE,Bags,AED,2026-09-07,11250.00,11950.00,0.0622,increase
bd7e77af2e3e41163bfff8102f623ad6,Balenciaga_ARE_604342219829104,604342219829104,ARE,Accessories,AED,2026-09-07,7600.00,8050.00,0.0592,increase
8cc4a2e9032a430cda87fea6119cc9cd,Balenciaga_ARE_6043422ABBQ0911,6043422ABBQ0911,ARE,Accessories,AED,2026-09-07,7500.00,7950.00,0.0600,increase
5db833dd8559ed40c570953ec0908855,Balenciaga_ARE_6043424G58X9000,6043424G58X9000,ARE,Accessories,AED,2026-09-07,17800.00,18850.00,0.0590,increase
ee433e9165bc8145e45ba1dc7378f062,Balenciaga_ARE_604342TN9E49000,604342TN9E49000,ARE,Accessories,AED,2026-09-07,8600.00,9100.00,0.0581,increase
c8aefddccfa62af43ce5bd84cf63c242,Balenciaga_ARE_605291218ME1000,605291218ME1000,ARE,Small Leather Goods,AED,2026-09-07,1650.00,1750.00,0.0606,increase
0516001d513990f66b04797d3fb12d26,Balenciaga_ARE_6067874GSEE1084,6067874GSEE1084,ARE,Bags,AED,2026-09-07,11150.00,11800.00,0.0583,increase
601f4ac255ceab5968b7673cd3466356,Balenciaga_ARE_606787WJ1DK1251,606787WJ1DK1251,ARE,Bags,AED,2026-09-07,8900.00,9450.00,0.0618,increase
9e708dcae85abcb45f2f19635d673644,Balenciaga_ARE_6068722A74C0911,6068722A74C0911,ARE,Small Leather Goods,AED,2026-09-07,1850.00,1950.00,0.0541,increase
1512bdc9790878f291097af93717ffd5,Balenciaga_ARE_606872TJ2VY9000,606872TJ2VY9000,ARE,Bags,AED,2026-09-07,3400.00,3600.00,0.0588,increase
6abe9e278a089488a1a5d1d957642efe,Balenciaga_ARE_606872TTD4I1000,606872TTD4I1000,ARE,Small Leather Goods,AED,2026-09-07,2250.00,2400.00,0.0667,increase
d4dc26128a3f6479c0a2e117cfa8a36d,Balenciaga_ARE_606872WCITL8065,606872WCITL8065,ARE,Accessories,AED,2026-09-07,1200.00,1250.00,0.0417,increase
8228fb1a8c4caa9df41687e779612669,Balenciaga_ARE_6081552A3911090,6081552A3911090,ARE,Bags,AED,2026-09-07,2900.00,3100.00,0.0690,increase
df6a3809457d821c9c4eb6e5cfb52593,Balenciaga_ARE_6090452AB6B0926,6090452AB6B0926,ARE,Small Leather Goods,AED,2026-09-07,1600.00,1700.00,0.0625,increase
c64cbd9f2a5477f2de955189509ea9d5,Balenciaga_ARE_6090454GFZ40926,6090454GFZ40926,ARE,Small Leather Goods,AED,2026-09-07,4000.00,4250.00,0.0625,increase
308eb98b991bd4e77e887d3c2fbf1466,Balenciaga_ARE_60976421CA79000,60976421CA79000,ARE,Accessories,AED,2026-09-07,3050.00,3250.00,0.0656,increase
8a3722ba3777a51a0780278a3450a288,Balenciaga_ARE_6097644GYE99104,6097644GYE99104,ARE,Accessories,AED,2026-09-07,1650.00,1750.00,0.0606,increase
9edc1243270439687af9f9d291304b72,Balenciaga_ARE_609764W580V9002,609764W580V9002,ARE,Accessories,AED,2026-09-07,2200.00,2350.00,0.0682,increase
d64f83c783ec9152a4f7dab68326b826,Balenciaga_ARE_6106004GZJF9104,6106004GZJF9104,ARE,Bags,AED,2026-09-07,6900.00,7300.00,0.0580,increase
7f2de81f644f851bfb8e2797f7b8ca4a,Balenciaga_ARE_610600WI7Z98065,610600WI7Z98065,ARE,Bags,AED,2026-09-07,3600.00,3800.00,0.0556,increase
77e33a500424dac1ae69fc71ae2f272c,Balenciaga_ARE_6115974G4912308,6115974G4912308,ARE,Bags,AED,2026-09-07,4400.00,4650.00,0.0568,increase
ffe1d8d9d388d2989296e9d77e748d59,Balenciaga_ARE_614404TT16Q1251,614404TT16Q1251,ARE,Bags,AED,2026-09-07,11100.00,11800.00,0.0631,increase
f87bc343035d7d1dd78d3f6710314882,Balenciaga_ARE_615434215P10926,615434215P10926,ARE,Bags,AED,2026-09-07,17600.00,18650.00,0.0597,increase
0838a556442fe3b3e8213ecf4dead806,Balenciaga_ARE_6154342AB0Q2533,6154342AB0Q2533,ARE,Bags,AED,2026-09-07,11650.00,12350.00,0.0601,increase
d805da62c2f7209e37f753b59701a263,Balenciaga_ARE_6154342AFAB4011,6154342AFAB4011,ARE,Bags,AED,2026-09-07,8800.00,9350.00,0.0625,increase
2300cb9c7db34db444f73ce36768f626,Balenciaga_ARE_6154344GBXM0926,6154344GBXM0926,ARE,Bags,AED,2026-09-07,9850.00,10450.00,0.0609,increase
0a2895be4ea097431737cc96756e4b69,Balenciaga_ARE_6154344GF5T2308,6154344GF5T2308,ARE,Bags,AED,2026-09-07,8300.00,8800.00,0.0602,increase
e4e6373725230f0fa080719c426f8861,Balenciaga_ARE_615434TT9YP0127,615434TT9YP0127,ARE,Bags,AED,2026-09-07,8050.00,8500.00,0.0559,increase
a57e9dd48f73f298454308bacee98f20,Balenciaga_ARE_61818021PJ51090,61818021PJ51090,ARE,Accessories,AED,2026-09-07,1250.00,1350.00,0.0800,increase
ac148eb592d62b1e45560215bc34d69b,Balenciaga_ARE_6181802A8GI8065,6181802A8GI8065,ARE,Accessories,AED,2026-09-07,5950.00,6300.00,0.0588,increase
3a6bec7c614c28deb5ea43445018bd09,Balenciaga_ARE_6181802ABRM1084,6181802ABRM1084,ARE,Accessories,AED,2026-09-07,6000.00,6400.00,0.0667,increase
24a10d21e2737d60ce3808b80a7f5217,Balenciaga_ARE_618809TH1H49020,618809TH1H49020,ARE,Small Leather Goods,AED,2026-09-07,6300.00,6650.00,0.0556,increase
ddee3598cc2f5b0490c30c514b29f972,Balenciaga_ARE_618809WDY7T2840,618809WDY7T2840,ARE,Small Leather Goods,AED,2026-09-07,16550.00,17550.00,0.0604,increase
5febbdf30aed51ba525a4b20c36fff61,Balenciaga_ARE_6197992ABGI2840,6197992ABGI2840,ARE,Small Leather Goods,AED,2026-09-07,1150.00,1250.00,0.0870,increase
cca2bfb116dce7f184acdd3c4d7a4139,Balenciaga_ARE_6200252AB6C2840,6200252AB6C2840,ARE,Bags,AED,2026-09-07,9400.00,10000.00,0.0638,increase
10e77fecfbb5617b8027318e43768cca,Balenciaga_ARE_620025TTOCR3258,620025TTOCR3258,ARE,Bags,AED,2026-09-07,11800.00,12500.00,0.0593,increase
e796f5b6867ddc7ce3443a9234d0c7a3,Balenciaga_ARE_6206382A28F2533,6206382A28F2533,ARE,Bags,AED,2026-09-07,11600.00,12300.00,0.0603,increase
a3bb20936dd55470ce96adb4ca77fcdb,Balenciaga_ARE_62422121YB51240,62422121YB51240,ARE,Bags,AED,2026-09-07,2200.00,2350.00,0.0682,increase
a04560d6030bafd9d051bf5b58ce3297,Balenciaga_ARE_624221WD4EL9020,624221WD4EL9020,ARE,Bags,AED,2026-09-07,4850.00,5150.00,0.0619,increase
2566618c84b7a951dd365b999b9382b5,Balenciaga_ARE_6257174GF6W2533,6257174GF6W2533,ARE,Small Leather Goods,AED,2026-09-07,1000.00,1050.00,0.0500,increase
9758c4398323676fe7f484f38cd62e67,Balenciaga_ARE_627903TTOKK2840,627903TTOKK2840,ARE,Bags,AED,2026-09-07,1600.00,1700.00,0.0625,increase
6116085928e3e451fd2754c75a709f94,Balenciaga_ARE_63050721WLN1251,63050721WLN1251,ARE,Bags,AED,2026-09-07,7700.00,8200.00,0.0649,increase
b18f25c3d9fae275ffa6b7ba9b174774,Balenciaga_ARE_630507TTWFZ1240,630507TTWFZ1240,ARE,Bags,AED,2026-09-07,13450.00,14250.00,0.0595,increase
62228f5cc10cdbb25c2ff82da808e880,Balenciaga_ARE_630507WVDSS9002,630507WVDSS9002,ARE,Bags,AED,2026-09-07,12800.00,13550.00,0.0586,increase
e58f45bb34d6da6beab3d89a47621680,Balenciaga_ARE_6319002AAW31090,6319002AAW31090,ARE,Bags,AED,2026-09-07,8250.00,8750.00,0.0606,increase
0139f4ad33fa103782d6d05836c8de31,Balenciaga_ARE_6319002ABTX1000,6319002ABTX1000,ARE,Bags,AED,2026-09-07,12550.00,13300.00,0.0598,increase
af28dfaf556fa701becb083d06bdf449,Balenciaga_ARE_6319002AWRE9104,6319002AWRE9104,ARE,Bags,AED,2026-09-07,11050.00,11750.00,0.0633,increase
5b837a522277305bf6a1de40d390f2c4,Balenciaga_ARE_6319004GBUF5723,6319004GBUF5723,ARE,Bags,AED,2026-09-07,12500.00,13250.00,0.0600,increase
f40e984833c5ffae9ce990be07ae465e,Balenciaga_ARE_631900TT6TA9000,631900TT6TA9000,ARE,Bags,AED,2026-09-07,8950.00,9500.00,0.0615,increase
8abb01fa12caccf905bb4f729a969652,Balenciaga_ARE_631900TTHUH1000,631900TTHUH1000,ARE,Bags,AED,2026-09-07,9700.00,10300.00,0.0619,increase
5527e2cf58d12ddea91ad241b12ea8fe,Balenciaga_ARE_631900TTM6O1000,631900TTM6O1000,ARE,Bags,AED,2026-09-07,12100.00,12800.00,0.0579,increase
b2c65ead1c294866c03cf7ac2af8088f,Balenciaga_ARE_631900WFXVH1000,631900WFXVH1000,ARE,Bags,AED,2026-09-07,10250.00,10850.00,0.0585,increase
8b3b67ef739c4da0d528359e9d51cc9f,Balenciaga_ARE_63238321K5N1090,63238321K5N1090,ARE,Small Leather Goods,AED,2026-09-07,14550.00,15450.00,0.0619,increase
12d1c8be7fc348658470556dc7abe36d,Balenciaga_ARE_6341232ABT41041,6341232ABT41041,ARE,Bags,AED,2026-09-07,5000.00,5250.00,0.0500,increase
13b01fbd30b79323dca859a0a96cbae3,Balenciaga_ARE_634123TF2SO0911,634123TF2SO0911,ARE,Bags,AED,2026-09-07,6100.00,6500.00,0.0656,increase
2dea0a6437b00a7c05d8ffd0d4380187,Balenciaga_ARE_634123TTEWD5723,634123TTEWD5723,ARE,Bags,AED,2026-09-07,13600.00,14400.00,0.0588,increase
baa4eb155ea166ed05f965ee38c92d0d,Balenciaga_ARE_639916T3NGA1000,639916T3NGA1000,ARE,Small Leather Goods,AED,2026-09-07,7600.00,8100.00,0.0658,increase
792faacc7397d1d4b408470594425e79,Balenciaga_ARE_6416162ABYP9002,6416162ABYP9002,ARE,Bags,AED,2026-09-07,5400.00,5700.00,0.0556,increase
cb6773cd7de92f87fecc1e32f82559e7,Balenciaga_ARE_6482272AB7M0127,6482272AB7M0127,ARE,Bags,AED,2026-09-07,3950.00,4200.00,0.0633,increase
067d9d83d8f1e67f21d7b477cba878f5,Balenciaga_ARE_648227WHLJF3258,648227WHLJF3258,ARE,Bags,AED,2026-09-07,12450.00,13200.00,0.0602,increase
fd35a3f07d7d25a2aaa930ec65055115,Balenciaga_ARE_65021421L5I4200,65021421L5I4200,ARE,Small Leather Goods,AED,2026-09-07,1600.00,1700.00,0.0625,increase
b1025bac2a54aa49553db09e002046ea,Balenciaga_ARE_6502142A5IF9000,6502142A5IF9000,ARE,Small Leather Goods,AED,2026-09-07,1150.00,1250.00,0.0870,increase
0333c3c2c947e6ac1c327cca6b31e2a2,Balenciaga_ARE_65463321I4N1000,65463321I4N1000,ARE,Bags,AED,2026-09-07,3650.00,3850.00,0.0548,increase
750416f1a1a51b8058b1c03dd9c1096f,Balenciaga_ARE_6582622A6FA9020,6582622A6FA9020,ARE,Bags,AED,2026-09-07,6800.00,7200.00,0.0588,increase
3ac0776478d53826178a69cbbcd16f23,Balenciaga_ARE_658262W7ZM61090,658262W7ZM61090,ARE,Bags,AED,2026-09-07,1800.00,1900.00,0.0556,increase
971bca93d105d70ffcd21b31ed395101,Balenciaga_ARE_6595782AB1G2533,6595782AB1G2533,ARE,Bags,AED,2026-09-07,1200.00,1250.00,0.0417,increase
21d0b0304b8460fb270de87a9e14a548,Balenciaga_ARE_659578WTHGI0127,659578WTHGI0127,ARE,Bags,AED,2026-09-07,1700.00,1800.00,0.0588,increase
4e924beeef2918fa557fffd7aa4b2c23,Balenciaga_ARE_664769WDPAE8065,664769WDPAE8065,ARE,Bags,AED,2026-09-07,8700.00,9250.00,0.0632,increase
9d3b805135e158a71406d70439bc537f,Balenciaga_ARE_6661592ABB71000,6661592ABB71000,ARE,Small Leather Goods,AED,2026-09-07,3650.00,3900.00,0.0685,increase
16125e6458f812dbf976ad6d8e478733,Balenciaga_ARE_666159TT9KL9000,666159TT9KL9000,ARE,Small Leather Goods,AED,2026-09-07,1150.00,1200.00,0.0435,increase
2240355c7ca1cf15338162eb8b9d8553,Balenciaga_ARE_668213WBX4D2533,668213WBX4D2533,ARE,Bags,AED,2026-09-07,11450.00,12100.00,0.0568,increase
0def4cd692ce5672bb278618750a4712,Balenciaga_ARE_668213WIM2Q0911,668213WIM2Q0911,ARE,Bags,AED,2026-09-07,10500.00,11150.00,0.0619,increase
97c67ccefa7edb84ea15b22b6fdc2e76,Balenciaga_ARE_6703942ADO60911,6703942ADO60911,ARE,Small Leather Goods,AED,2026-09-07,1650.00,1750.00,0.0606,increase
b0910ef6871d1057de4521fd9403b0ad,Balenciaga_ARE_6703942AJWP9002,6703942AJWP9002,ARE,Small Leather Goods,AED,2026-09-07,1150.00,1250.00,0.0870,increase
04f42806bea1d1ce9c1c8521faa9b4fa,Balenciaga_ARE_6703944GWYS4200,6703944GWYS4200,ARE,Small Leather Goods,AED,2026-09-07,1500.00,1550.00,0.0333,increase
5a30b62f5ccb7709428b34da8dde0f16,Balenciaga_ARE_6704764GD9W5723,6704764GD9W5723,ARE,Bags,AED,2026-09-07,1750.00,1850.00,0.0571,increase
b4d8b9d85163ef42cbf096a6d0d2bb15,Balenciaga_ARE_673470TS1LV2533,673470TS1LV2533,ARE,Accessories,AED,2026-09-07,1250.00,1300.00,0.0400,increase
8a2ad348f38b21031d87808923b4d1c2,Balenciaga_ARE_67679221VL61210,67679221VL61210,ARE,Bags,AED,2026-09-07,10400.00,11000.00,0.0577,increase
8367ddf2f2b701a92f4885f68e92dfc0,Balenciaga_ARE_6767922AB4K1090,6767922AB4K1090,ARE,Bags,AED,2026-09-07,6600.00,7000.00,0.0606,increase
dd267a609d121b544b29f3231e70214c,Balenciaga_ARE_6767922APFE1000,6767922APFE1000,ARE,Bags,AED,2026-09-07,9050.00,9600.00,0.0608,increase
43316821e7cebc4005913affc3d04df1,Balenciaga_ARE_676820WGNH62533,676820WGNH62533,ARE,Bags,AED,2026-09-07,9450.00,10000.00,0.0582,increase
e87d9fe19bf728452aa4431f40d66692,Balenciaga_ARE_6778232A4ZU9020,6778232A4ZU9020,ARE,Bags,AED,2026-09-07,10550.00,11150.00,0.0569,increase
f6e22eb64ed4e4d7c253b150755c733f,Balenciaga_ARE_6778234GNKV1000,6778234GNKV1000,ARE,Bags,AED,2026-09-07,8750.00,9250.00,0.0571,increase
9ebc2aea1cca2ef54f5d17c1438d0b87,Balenciaga_ARE_677823TPXBN1090,677823TPXBN1090,ARE,Bags,AED,2026-09-07,13350.00,14150.00,0.0599,increase
f4595c9c62c27c03d043e8251c2d119d,Balenciaga_ARE_6786802AEJ81000,6786802AEJ81000,ARE,Small Leather Goods,AED,2026-09-07,9050.00,9600.00,0.0608,increase
203ed07d6f69ea63be90b5aa678f3cdb,Balenciaga_ARE_6869382ABCP0911,6869382ABCP0911,ARE,Bags,AED,2026-09-07,11050.00,11700.00,0.0588,increase
3016661036205b1a566a3cf19b4cdea9,Balenciaga_ARE_6871014GGDU8122,6871014GGDU8122,ARE,Bags,AED,2026-09-07,5150.00,5450.00,0.0583,increase
b7e2da89f5bd11b2fbc64f4528cd185d,Balenciaga_ARE_687101TK1EY1000,687101TK1EY1000,ARE,Bags,AED,2026-09-07,12500.00,13250.00,0.0600,increase
4a15dcf330d4dcf57e6056e56938f5dc,Balenciaga_ARE_687101TTS681000,687101TTS681000,ARE,Bags,AED,2026-09-07,9250.00,9800.00,0.0595,increase
3285d61041cb5024d19a211b3ebaccd4,Balenciaga_ARE_6873682AB3L1000,6873682AB3L1000,ARE,Bags,AED,2026-09-07,17400.00,18450.00,0.0603,increase
2ef0c2a92bc6214616fe75a3ce1c580b,Balenciaga_ARE_6873682ABYE2308,6873682ABYE2308,ARE,Bags,AED,2026-09-07,13850.00,14700.00,0.0614,increase
c0cd333e223c63b4c1a7aa2e4dd20296,Balenciaga_ARE_6873684GEGI1210,6873684GEGI1210,ARE,Bags,AED,2026-09-07,8750.00,9250.00,0.0571,increase
5875d4cf7a51b933157b64f52c545d84,Balenciaga_ARE_687755TT6SC1090,687755TT6SC1090,ARE,Small Leather Goods,AED,2026-09-07,2500.00,2650.00,0.0600,increase
8ead76ddc41e7b23653f4e7e767ef137,Balenciaga_ARE_687755WZQV70926,687755WZQV70926,ARE,Small Leather Goods,AED,2026-09-07,2000.00,2100.00,0.0500,increase
2dc41717eff97478f531880e480cd10a,Balenciaga_ARE_690455WM0LO0926,690455WM0LO0926,ARE,Small Leather Goods,AED,2026-09-07,3500.00,3700.00,0.0571,increase
3f075c665985c13e5645756ae92e5d0d,Balenciaga_ARE_690455WV5SI9002,690455WV5SI9002,ARE,Small Leather Goods,AED,2026-09-07,4950.00,5250.00,0.0606,increase
7dd214d48100e242609d4101ace1d4c4,Balenciaga_ARE_698478T6LAH9020,698478T6LAH9020,ARE,Bags,AED,2026-09-07,17050.00,18100.00,0.0616,increase
6e94114d07637bbc7c4ce08ca5601699,Balenciaga_ARE_698478TK52K4200,698478TK52K4200,ARE,Bags,AED,2026-09-07,3100.00,3300.00,0.0645,increase
1f105193823db732dd562177e3cf3ff5,Balenciaga_ARE_698478WAG0O0911,698478WAG0O0911,ARE,Bags,AED,2026-09-07,3450.00,3650.00,0.0580,increase
6c73a47dc4891358b32c8f4333da464e,Balenciaga_ARE_706014TT5D61000,706014TT5D61000,ARE,Bags,AED,2026-09-07,2050.00,2150.00,0.0488,increase
8a56461a5f30b884b4a151fc09c4f68b,Balenciaga_ARE_706014TTHIA8065,706014TTHIA8065,ARE,Bags,AED,2026-09-07,2050.00,2200.00,0.0732,increase
d56836ad0e393cbca71bbff237a2535e,Balenciaga_ARE_706014TV8UH1084,706014TV8UH1084,ARE,Bags,AED,2026-09-07,3250.00,3400.00,0.0462,increase
ced8d6947369bef82dc4899d22e82e5e,Balenciaga_ARE_7066122AB3X1000,7066122AB3X1000,ARE,Small Leather Goods,AED,2026-09-07,4350.00,4600.00,0.0575,increase
dad15a2798d1f710ed20430720cd611a,Balenciaga_ARE_7066122AY6L8065,7066122AY6L8065,ARE,Small Leather Goods,AED,2026-09-07,8300.00,8800.00,0.0602,increase
1de23744503c532338381f05a6392d6f,Balenciaga_ARE_706612TTDZG0926,706612TTDZG0926,ARE,Small Leather Goods,AED,2026-09-07,3100.00,3250.00,0.0484,increase
0d57ce8f7497df9c84f513cfba465b0b,Balenciaga_ARE_706612WBFE11090,706612WBFE11090,ARE,Small Leather Goods,AED,2026-09-07,1250.00,1350.00,0.0800,increase
e975e546e12287c2cf3c174d77998947,Balenciaga_ARE_7089882AB993258,7089882AB993258,ARE,Small Leather Goods,AED,2026-09-07,2500.00,2650.00,0.0600,increase
68506a353d0358191a4c1a0aec94f124,Balenciaga_ARE_7089882ABJZ1251,7089882ABJZ1251,ARE,Small Leather Goods,AED,2026-09-07,2950.00,3150.00,0.0678,increase
ab91ddfbc5b543e58267daae787784ce,Balenciaga_ARE_7108894GUHQ1000,7108894GUHQ1000,ARE,Small Leather Goods,AED,2026-09-07,2300.00,2450.00,0.0652,increase
4096579a137323c7af8e39b336224930,Balenciaga_ARE_711160WE21T1240,711160WE21T1240,ARE,Small Leather Goods,AED,2026-09-07,1250.00,1300.00,0.0400,increase
6c0607ef21e4850471afbb5a9b6ba720,Balenciaga_ARE_711160WOZ6M4011,711160WOZ6M4011,ARE,Small Leather Goods,AED,2026-09-07,1650.00,1750.00,0.0606,increase
da34933dac3b06c54be55294807d7517,Balenciaga_ARE_7134902AB1H4200,7134902AB1H4200,ARE,Bags,AED,2026-09-07,12900.00,13650.00,0.0581,increase
cdeeeeb940eb8bfc00fd87fb0cf195f8,Balenciaga_ARE_713490TTJ7K2533,713490TTJ7K2533,ARE,Bags,AED,2026-09-07,13100.00,13850.00,0.0573,increase
f4b55e3033fb041fac71b21efdc3c343,Balenciaga_ARE_7163572AY874200,7163572AY874200,ARE,Bags,AED,2026-09-07,12450.00,13150.00,0.0562,increase
1cdb68a9e1aaf81213fab2c4992394f3,Balenciaga_ARE_7163574GQBG9000,7163574GQBG9000,ARE,Bags,AED,2026-09-07,8900.00,9450.00,0.0618,increase
067d42e48ff51c2b741d327bc843fdae,Balenciaga_ARE_7238022ALQU5723,7238022ALQU5723,ARE,Bags,AED,2026-09-07,6850.00,7250.00,0.0584,increase
46c4c4d2eb546ad484eb90a393b2dc41,Balenciaga_ARE_723802TPE569000,723802TPE569000,ARE,Bags,AED,2026-09-07,7300.00,7750.00,0.0616,increase
05aa414f80011d8141edba79cbc0660c,Balenciaga_ARE_723802TTN6J5723,723802TTN6J5723,ARE,Bags,AED,2026-09-07,18300.00,19400.00,0.0601,increase
9d9f95a65cbfcb650f453d2750b2778d,Balenciaga_ARE_7247992ABQG0926,7247992ABQG0926,ARE,Small Leather Goods,AED,2026-09-07,3250.00,3450.00,0.0615,increase
141cbd566a202b5e0664fa881c0c7310,Balenciaga_ARE_72532821OA90911,72532821OA90911,ARE,Small Leather Goods,AED,2026-09-07,3050.00,3250.00,0.0656,increase
66496b06cd0a04f652f2d73e5d7e0d80,Balenciaga_ARE_725328TTV443258,725328TTV443258,ARE,Small Leather Goods,AED,2026-09-07,1150.00,1200.00,0.0435,increase
f3d4796d5958d8bc1afe2effe14cb67c,Balenciaga_ARE_72600621HFN1210,72600621HFN1210,ARE,Bags,AED,2026-09-07,13600.00,14400.00,0.0588,increase
6152b27dc92cf545180370e6bec29158,Balenciaga_ARE_7260062AINV9000,7260062AINV9000,ARE,Bags,AED,2026-09-07,8600.00,9100.00,0.0581,increase
693cd4cd33ade692deed6c82352ba691,Balenciaga_ARE_7260064GLKM1000,7260064GLKM1000,ARE,Bags,AED,2026-09-07,12250.00,12950.00,0.0571,increase
e593c33aff93b1157cc9f1ac16d12129,Balenciaga_ARE_7283052ABY31090,7283052ABY31090,ARE,Bags,AED,2026-09-07,13950.00,14800.00,0.0609,increase
65b6ab3dfb3f866ed750cb8a480d929c,Balenciaga_ARE_728305TUZCI4011,728305TUZCI4011,ARE,Bags,AED,2026-09-07,17100.00,18100.00,0.0585,increase
62907cdde85530e84903e30ad0de491b,Balenciaga_ARE_72872721NOR1090,72872721NOR1090,ARE,Bags,AED,2026-09-07,9350.00,9900.00,0.0588,increase
c41a0b224dfe8e9ccf7c8b1a2d4468f1,Balenciaga_ARE_728727WEHTC8065,728727WEHTC8065,ARE,Bags,AED,2026-09-07,10950.00,11600.00,0.0594,increase
74074283eb2961c88c3eb43aad30db47,Balenciaga_ARE_72918421GJI3258,72918421GJI3258,ARE,Bags,AED,2026-09-07,12150.00,12900.00,0.0617,increase
e6ea7e2e2bcdf6374eb2d522db280939,Balenciaga_ARE_7297992A1LP1000,7297992A1LP1000,ARE,Bags,AED,2026-09-07,8150.00,8650.00,0.0613,increase
681ff0718277e446458c6a61e8483d2b,Balenciaga_ARE_7297992ABTM0926,7297992ABTM0926,ARE,Bags,AED,2026-09-07,6500.00,6900.00,0.0615,increase
b5f32749efc58ae0c97f619ebf6e142d,Balenciaga_ARE_7297992ACVY2840,7297992ACVY2840,ARE,Bags,AED,2026-09-07,7350.00,7800.00,0.0612,increase
692a9c7ef6ff54455359e30332a324cc,Balenciaga_ARE_729799TTQ0W0911,729799TTQ0W0911,ARE,Bags,AED,2026-09-07,12600.00,13400.00,0.0635,increase
006c5d559e760c9f59bcfefc51ca0df3,Balenciaga_ARE_729799W4YYO2533,729799W4YYO2533,ARE,Bags,AED,2026-09-07,8600.00,9100.00,0.0581,increase
3345203233e7bb4a2b69b6aa1100bb4c,Balenciaga_ARE_7311302ABV99104,7311302ABV99104,ARE,Bags,AED,2026-09-07,6200.00,6550.00,0.0565,increase
710b76d75defb3837e9a23e9880ce526,Balenciaga_ARE_731130TEWXC1000,731130TEWXC1000,ARE,Bags,AED,2026-09-07,6700.00,7100.00,0.0597,increase
c38140f0f318498f4437ccd79a6965db,Balenciaga_ARE_734797W7EBY1041,734797W7EBY1041,ARE,Accessories,AED,2026-09-07,8500.00,9050.00,0.0647,increase
1cc3eec5108976461c652128102862f9,Balenciaga_ARE_7378382ABGT0926,7378382ABGT0926,ARE,Bags,AED,2026-09-07,5750.00,6100.00,0.0609,increase
475b52a8c1154ded5270294f015fde5d,Balenciaga_ARE_74009021IIT1084,74009021IIT1084,ARE,Small Leather Goods,AED,2026-09-07,3000.00,3200.00,0.0667,increase
ee560ae08fb29d281afd08342fc993b9,Balenciaga_ARE_7400904G1H21240,7400904G1H21240,ARE,Small Leather Goods,AED,2026-09-07,1800.00,1950.00,0.0833,increase
d00f680e7a959a8803144526ad94921f,Balenciaga_ARE_740090TT35C4011,740090TT35C4011,ARE,Small Leather Goods,AED,2026-09-07,4000.00,4250.00,0.0625,increase
3608b999dd9604d710f115d1135edb02,Balenciaga_ARE_7434644GJUQ1251,7434644GJUQ1251,ARE,Small Leather Goods,AED,2026-09-07,5800.00,6150.00,0.0603,increase
6dc373af8fcd044a1dbe6ab04d3b130b,Balenciaga_ARE_74818821RAQ1000,74818821RAQ1000,ARE,Small Leather Goods,AED,2026-09-07,1250.00,1350.00,0.0800,increase
1c81873d7b76e8677160f9af60be2e17,Balenciaga_ARE_7481882ABWW0911,7481882ABWW0911,ARE,Small Leather Goods,AED,2026-09-07,2250.00,2400.00,0.0667,increase
d1ddb0af295cd85326932b5da3907304,Balenciaga_ARE_7481884GUB61000,7481884GUB61000,ARE,Small Leather Goods,AED,2026-09-07,2700.00,2850.00,0.0556,increase
e9922ca97a8febef9337f87306afc6b2,Balenciaga_ARE_7483542ABV39020,7483542ABV39020,ARE,Bags,AED,2026-09-07,20100.00,21300.00,0.0597,increase
9da66055c86488d7016a27bd6f0adb67,Balenciaga_ARE_748354T1COL0911,748354T1COL0911,ARE,Bags,AED,2026-09-07,9500.00,10050.00,0.0579,increase
f6ce496563ca2636645880e671e04efc,Balenciaga_ARE_7517282110W1090,7517282110W1090,ARE,Small Leather Goods,AED,2026-09-07,5700.00,6050.00,0.0614,increase
fc6447aeed1e4d0d684d5f16a8da9e7f,Balenciaga_ARE_75172821F7M1210,75172821F7M1210,ARE,Small Leather Goods,AED,2026-09-07,4100.00,4300.00,0.0488,increase
7cbec0adff622bad2cafe9e46b71c80a,Balenciaga_ARE_751728WJEN18122,751728WJEN18122,ARE,Small Leather Goods,AED,2026-09-07,4200.00,4500.00,0.0714,increase
bfb7a3ba61c8a34e6ef6a8c85efcc57b,Balenciaga_ARE_7616174GM071041,7616174GM071041,ARE,Small Leather Goods,AED,2026-09-07,1200.00,1250.00,0.0417,increase
ee07f1dbfbc038b429d811a1bdb3a515,Balenciaga_ARE_7702602AB191000,7702602AB191000,ARE,Bags,AED,2026-09-07,12450.00,13200.00,0.0602,increase
bddc75778fd98ac765588754bef7dc98,Balenciaga_ARE_770260WXM7O1210,770260WXM7O1210,ARE,Bags,AED,2026-09-07,12800.00,13600.00,0.0625,increase
06dcdc3eb13d474b4b8745b7e52f1b8f,Balenciaga_ARE_77077921FFS1090,77077921FFS1090,ARE,Small Leather Goods,AED,2026-09-07,1300.00,1350.00,0.0385,increase
89db1ef35d7648109319a87281eddffa,Balenciaga_ARE_77077921PII8122,77077921PII8122,ARE,Small Leather Goods,AED,2026-09-07,2150.00,2250.00,0.0465,increase
fe42aa43fd21effac6f6e18615c12186,Balenciaga_ARE_7707792A4VV4011,7707792A4VV4011,ARE,Small Leather Goods,AED,2026-09-07,1800.00,1950.00,0.0833,increase
f84a622ebf66933a4dfe207e56f4bd94,Balenciaga_ARE_7707792ABU11084,7707792ABU11084,ARE,Small Leather Goods,AED,2026-09-07,1750.00,1850.00,0.0571,increase
c8e1092c71af190c678bb7494d91f64e,Balenciaga_ARE_7707794G8472308,7707794G8472308,ARE,Small Leather Goods,AED,2026-09-07,2550.00,2700.00,0.0588,increase
da6b40890a1562352f2c89807614220d,Balenciaga_ARE_7707794GGLA1090,7707794GGLA1090,ARE,Small Leather Goods,AED,2026-09-07,1050.00,1100.00,0.0476,increase
3f0f0bb589bba88a76dde2b909b6d4bb,Balenciaga_ARE_770779TCSA20127,770779TCSA20127,ARE,Small Leather Goods,AED,2026-09-07,835.00,890.00,0.0659,increase
5d39f0ec9cd19799d143dd477c9b093c,Balenciaga_ARE_7737734GF951000,7737734GF951000,ARE,Bags,AED,2026-09-07,7350.00,7800.00,0.0612,increase
8b4f965a2fa69beafedbfb7ce10f0ff3,Balenciaga_ARE_773773W5BMK1240,773773W5BMK1240,ARE,Bags,AED,2026-09-07,9600.00,10200.00,0.0625,increase
17a548df6ea33af1f6694d7cfd6ba81c,Balenciaga_ARE_7751222AB963258,7751222AB963258,ARE,Small Leather Goods,AED,2026-09-07,1500.00,1600.00,0.0667,increase
3eaf25a12b781c39b5c6d7dd3171bdd4,Balenciaga_ARE_775122WM5075723,775122WM5075723,ARE,Small Leather Goods,AED,2026-09-07,2150.00,2300.00,0.0698,increase
4e9b5e759465fd27d996594b1d227ce7,Balenciaga_ARE_7783482AAGM1041,7783482AAGM1041,ARE,Small Leather Goods,AED,2026-09-07,4450.00,4700.00,0.0562,increase
1e56397ce27a6eee171b857178c66a51,Balenciaga_ARE_7783482ABC80926,7783482ABC80926,ARE,Small Leather Goods,AED,2026-09-07,2450.00,2600.00,0.0612,increase
71107581670acf1f01e880e1ccfd2d41,Balenciaga_ARE_778348TTK6R9002,778348TTK6R9002,ARE,Small Leather Goods,AED,2026-09-07,2250.00,2400.00,0.0667,increase
732c338cb99c0389cfede857e208b6ec,Balenciaga_ARE_778348WUVHU1210,778348WUVHU1210,ARE,Small Leather Goods,AED,2026-09-07,2350.00,2500.00,0.0638,increase
b44f86214ae560f6d180130f5cbad78b,Balenciaga_ARE_7793722AW9V1084,7793722AW9V1084,ARE,Bags,AED,2026-09-07,8350.00,8850.00,0.0599,increase
c070fd5a632773cc3d7ed8f485b75a74,Balenciaga_ARE_779372TOH4Y5723,779372TOH4Y5723,ARE,Bags,AED,2026-09-07,11100.00,11750.00,0.0586,increase
bad5b890f2e501a7166b82d56c5cfcbc,Balenciaga_ARE_779797T061J1041,779797T061J1041,ARE,Bags,AED,2026-09-07,12800.00,13600.00,0.0625,increase
a397d005576210a66e70dedec58e2e3c,Balenciaga_ARE_7830972190M9104,7830972190M9104,ARE,Accessories,AED,2026-09-07,14000.00,14850.00,0.0607,increase
a9692c2d4b2b2b0e0faba38ac41e832c,Balenciaga_ARE_78309721JPY0127,78309721JPY0127,ARE,Accessories,AED,2026-09-07,9550.00,10150.00,0.0628,increase
67a247b2b7bcd31b4cd46a553cef120b,Balenciaga_ARE_7830974GC5O8065,7830974GC5O8065,ARE,Accessories,AED,2026-09-07,10800.00,11450.00,0.0602,increase
c36c2cd62b552f258b6b31a9087b0539,Balenciaga_ARE_783097T88LE4011,783097T88LE4011,ARE,Accessories,AED,2026-09-07,8900.00,9400.00,0.0562,increase
cab3abfc4c7ce8eb5592ba10df6c2f60,Balenciaga_ARE_7842954GWXL2308,7842954GWXL2308,ARE,Bags,AED,2026-09-07,13450.00,14250.00,0.0595,increase
4a4b68e7480b3bfa0d8c8e8db62cac80,Balenciaga_ARE_7846182AWFP1090,7846182AWFP1090,ARE,Accessories,AED,2026-09-07,1300.00,1350.00,0.0385,increase
7d8a16af107e8391687d95e6a7db5b47,Balenciaga_ARE_786691213DR2308,786691213DR2308,ARE,Bags,AED,2026-09-07,13100.00,13900.00,0.0611,increase
a3029b6d8a07016bfc0ce38fa37f60c1,Balenciaga_ARE_7866912A6IT9002,7866912A6IT9002,ARE,Bags,AED,2026-09-07,8600.00,9100.00,0.0581,increase
5d15d9dd93127d5df99a7f5e6b9cea2d,Balenciaga_ARE_7866912ABIU2308,7866912ABIU2308,ARE,Bags,AED,2026-09-07,4250.00,4500.00,0.0588,increase
be1fa24683be03f6ad45fcc62ebe80d8,Balenciaga_ARE_7866912AENG9104,7866912AENG9104,ARE,Bags,AED,2026-09-07,4950.00,5250.00,0.0606,increase
a66b5c6d555ae11358b11bdc26dd76c0,Balenciaga_ARE_79014021E841041,79014021E841041,ARE,Small Leather Goods,AED,2026-09-07,5000.00,5300.00,0.0600,increase
a68b51820620776ffd20eaa6ced0a6ec,Balenciaga_ARE_7901402AB731000,7901402AB731000,ARE,Small Leather Goods,AED,2026-09-07,5000.00,5300.00,0.0600,increase
ab5992b2815b8acdccc46f8602d1a0da,Balenciaga_ARE_790421216UF9020,790421216UF9020,ARE,Small Leather Goods,AED,2026-09-07,11450.00,12150.00,0.0611,increase
edaf1fc49450790e5a8f596f10e6b86c,Balenciaga_ARE_790421WLLWX1000,790421WLLWX1000,ARE,Small Leather Goods,AED,2026-09-07,9750.00,10350.00,0.0615,increase
80cc5fa862726d5b7a2729e2a98ad33f,Balenciaga_ARE_791061TTORO1090,791061TTORO1090,ARE,Bags,AED,2026-09-07,11350.00,12050.00,0.0617,increase
27cc7c85d583639271295f9e80dc1b91,Balenciaga_ARE_792932218SJ1240,792932218SJ1240,ARE,Bags,AED,2026-09-07,10800.00,11450.00,0.0602,increase
f1d774c510a2b8da74ffc4b22bff5a5b,Balenciaga_ARE_792932219O01251,792932219O01251,ARE,Bags,AED,2026-09-07,11550.00,12250.00,0.0606,increase
07e230bf7235fe75c1d1b33a453ce883,Balenciaga_ARE_792932W27C95723,792932W27C95723,ARE,Bags,AED,2026-09-07,14300.00,15150.00,0.0594,increase
944e0a485ae2433a1f34d2c5d44917de,Balenciaga_ARE_7986072AB0P4011,7986072AB0P4011,ARE,Small Leather Goods,AED,2026-09-07,1700.00,1800.00,0.0588,increase
215a71886689b307b03f5bee6837dd53,Balenciaga_ARE_798607WHH8S8065,798607WHH8S8065,ARE,Small Leather Goods,AED,2026-09-07,1350.00,1450.00,0.0741,increase
2cde77ea687e2f5eda3a41292677e947,Balenciaga_ARE_8044914G46E1000,8044914G46E1000,ARE,Small Leather Goods,AED,2026-09-07,2250.00,2350.00,0.0444,increase
7271ebdd20150f86699e4284628f885d,Balenciaga_ARE_804491WDN3F1090,804491WDN3F1090,ARE,Small Leather Goods,AED,2026-09-07,3050.00,3250.00,0.0656,increase
56bf35feb75364a925c09af75f76799f,Balenciaga_ARE_8088952AB0I2840,8088952AB0I2840,ARE,Bags,AED,2026-09-07,13850.00,14700.00,0.0614,increase
d806792a3cb542492667cd8d6bda1cca,Balenciaga_ARE_8088952AM3D0127,8088952AM3D0127,ARE,Bags,AED,2026-09-07,11800.00,12500.00,0.0593,increase
b74614d1bf78acec1a9694083538cd11,Balenciaga_ARE_808895TOVIZ2533,808895TOVIZ2533,ARE,Bags,AED,2026-09-07,14400.00,15300.00,0.0625,increase
a682d781be3839669ada1b24fc6ec38e,Balenciaga_ARE_8133392ABV39002,8133392ABV39002,ARE,Bags,AED,2026-09-07,6800.00,7200.00,0.0588,increase
fd2b76f8dcbc8158fd6b68124e2f93a1,Balenciaga_ARE_813339TTM3T1000,813339TTM3T1000,ARE,Bags,AED,2026-09-07,12250.00,12950.00,0.0571,increase
21c27c490848f2072a3c7bd0e5bc0aa1,Balenciaga_ARE_817556TTCFN1090,817556TTCFN1090,ARE,Bags,AED,2026-09-07,8950.00,9500.00,0.0615,increase
e295657d85b967ce9afcb8d113f31fc8,Balenciaga_ARE_81955721MIX1210,81955721MIX1210,ARE,Small Leather Goods,AED,2026-09-07,2850.00,3000.00,0.0526,increase
b595a6764ef9808048058eebdc37674d,Balenciaga_ARE_8195572AA863258,8195572AA863258,ARE,Small Leather Goods,AED,2026-09-07,1700.00,1800.00,0.0588,increase
289f560573b3f435fda20fdc6d77a6cc,Balenciaga_ARE_822303TTHOD8065,822303TTHOD8065,ARE,Small Leather Goods,AED,2026-09-07,7050.00,7450.00,0.0567,increase
fa1c4f3ca43484bef0c7b16363562a9e,Balenciaga_ARE_824002TJQAV2308,824002TJQAV2308,ARE,Small Leather Goods,AED,2026-09-07,2200.00,2350.00,0.0682,increase
8ee747035f78e0c242ab50cc06932f41,Balenciaga_ARE_82443621AQF0127,82443621AQF0127,ARE,Small Leather Goods,AED,2026-09-07,1200.00,1300.00,0.0833,increase
f38ee7d863225c88930eda461793ee0c,Balenciaga_ARE_8244362A4UN1000,8244362A4UN1000,ARE,Small Leather Goods,AED,2026-09-07,1800.00,1900.00,0.0556,increase
9343476a8f1173d4ccdb84d6c0838d7a,Balenciaga_ARE_8245244GV630926,8245244GV630926,ARE,Accessories,AED,2026-09-07,5050.00,5350.00,0.0594,increase
a2dcce82369db2b837d2b0e4ed1328da,Balenciaga_ARE_82607121B2V1041,82607121B2V1041,ARE,Bags,AED,2026-09-07,11150.00,11850.00,0.0628,increase
22e6802a7429f06c576cf6f1d2d873f0,Balenciaga_ARE_8260712A4T11000,8260712A4T11000,ARE,Bags,AED,2026-09-07,9300.00,9900.00,0.0645,increase
109a395f512db4def74418cd4c863e1c,Balenciaga_ARE_8260712ABPL3258,8260712ABPL3258,ARE,Bags,AED,2026-09-07,11300.00,12000.00,0.0619,increase
d7f721d49c2605544e28bf31f6faf493,Balenciaga_ARE_826071W06VT2533,826071W06VT2533,ARE,Bags,AED,2026-09-07,7850.00,8350.00,0.0637,increase
49b16d3d4ab6fdcfefac13abc72f1d40,Balenciaga_ARE_8287712ABI90911,8287712ABI90911,ARE,Small Leather Goods,AED,2026-09-07,1200.00,1300.00,0.0833,increase
dd7eb7d23274ef41633e8904cf2bb853,Balenciaga_ARE_828771TTCTJ0911,828771TTCTJ0911,ARE,Small Leather Goods,AED,2026-09-07,1100.00,1200.00,0.0909,increase
34a2e3f97b370bc66bc16c6d36c269a4,Balenciaga_ARE_830936WU99V9002,830936WU99V9002,ARE,Small Leather Goods,AED,2026-09-07,6300.00,6650.00,0.0556,increase
7f5c72d61fd88b282ff7a4255e2dd120,Balenciaga_ARE_8311342ABU61090,8311342ABU61090,ARE,Bags,AED,2026-09-07,10000.00,10600.00,0.0600,increase
d496b8802b5e0303abf631703d843fd9,Balenciaga_ARE_8311344GKAG3258,8311344GKAG3258,ARE,Bags,AED,2026-09-07,6100.00,6450.00,0.0574,increase
8a50778b56f38836809818a44689b137,Balenciaga_ARE_831134T9FMJ0911,831134T9FMJ0911,ARE,Bags,AED,2026-09-07,4800.00,5100.00,0.0625,increase
959d6f9c13184833a46d997d47b89740,Balenciaga_ARE_831134TEOO93258,831134TEOO93258,ARE,Bags,AED,2026-09-07,10850.00,11500.00,0.0599,increase
b3af2bf4df3d892d87e11b071d8b973d,Balenciaga_ARE_833006217XM0911,833006217XM0911,ARE,Bags,AED,2026-09-07,12750.00,13550.00,0.0627,increase
f7013d47cb051e50c0e925691789065e,Balenciaga_ARE_8330062AB421000,8330062AB421000,ARE,Bags,AED,2026-09-07,12000.00,12700.00,0.0583,increase
d044f63859bce7f8bee62252a2756b71,Balenciaga_ARE_8330062ABAZ2840,8330062ABAZ2840,ARE,Bags,AED,2026-09-07,9700.00,10300.00,0.0619,increase
63fc08d5c1f16cf192e56be1441e8ca8,Balenciaga_ARE_834058214S09104,834058214S09104,ARE,Bags,AED,2026-09-07,9000.00,9500.00,0.0556,increase
2593fce61a50752c87ea4887a9deae02,Balenciaga_ARE_8401812AKBD1000,8401812AKBD1000,ARE,Small Leather Goods,AED,2026-09-07,1800.00,1900.00,0.0556,increase
b224a359188b0bdca22836041fecfec9,Balenciaga_ARE_840181TTX3A0926,840181TTX3A0926,ARE,Small Leather Goods,AED,2026-09-07,1650.00,1750.00,0.0606,increase
7cdb05591bbcb337beef4265082defd1,Balenciaga_ARE_840181WKE7A1090,840181WKE7A1090,ARE,Small Leather Goods,AED,2026-09-07,1350.00,1450.00,0.0741,increase
5cd7ab667581e47510d0013ab581eefc,Balenciaga_ARE_844132TD4EC9104,844132TD4EC9104,ARE,Bags,AED,2026-09-07,15000.00,15900.00,0.0600,increase
640ac3675c77744954d44c6747733222,Balenciaga_ARE_845436216410127,845436216410127,ARE,Bags,AED,2026-09-07,5300.00,5650.00,0.0660,increase
dd6497540fa6678f142b61c9ffdf1434,Balenciaga_ARE_8454362ABSV9000,8454362ABSV9000,ARE,Bags,AED,2026-09-07,13950.00,14800.00,0.0609,increase
3eddd811473ef244c3296a1433d2b4b3,Balenciaga_ARE_8454364GBTX9000,8454364GBTX9000,ARE,Bags,AED,2026-09-07,9900.00,10500.00,0.0606,increase
e80162a88ee64cdfbfd660c770c3e5d0,Balenciaga_ARE_845436THX071000,845436THX071000,ARE,Bags,AED,2026-09-07,13800.00,14600.00,0.0580,increase
71262b92d40a8cae215da02bdb0f551e,Balenciaga_ARE_845436TTCJ71000,845436TTCJ71000,ARE,Bags,AED,2026-09-07,6850.00,7250.00,0.0584,increase
d2256a8da59dd6b8a806de7e85013572,Balenciaga_ARE_845436TTGI61251,845436TTGI61251,ARE,Bags,AED,2026-09-07,13000.00,13750.00,0.0577,increase
7138f81ddfac1f6c940ed5a2e5c2d7b3,Balenciaga_ARE_845436W94521090,845436W94521090,ARE,Bags,AED,2026-09-07,8950.00,9450.00,0.0559,increase
94a0d41d495dea4074e6669eb4993fa7,Balenciaga_ARE_8501442AB0O1000,8501442AB0O1000,ARE,Bags,AED,2026-09-07,4100.00,4350.00,0.0610,increase
e5cddf09ee56c218f621d9fba66127ef,Balenciaga_ARE_8514352A4CY1000,8514352A4CY1000,ARE,Small Leather Goods,AED,2026-09-07,5350.00,5700.00,0.0654,increase
e63cfeda0cf40c2d3598b27ec3f089b7,Balenciaga_ARE_851435W66F78065,851435W66F78065,ARE,Small Leather Goods,AED,2026-09-07,1150.00,1250.00,0.0870,increase
85d5017b8201ae187f06bb7a81201274,Balenciaga_ARE_85254221FH01000,85254221FH01000,ARE,Small Leather Goods,AED,2026-09-07,2750.00,2900.00,0.0545,increase
96ea322d8aa9673c88170fdc12e05b7a,Balenciaga_ARE_85254221MXR4011,85254221MXR4011,ARE,Small Leather Goods,AED,2026-09-07,3600.00,3800.00,0.0556,increase
a9282ffb14e05b48c13cf6ec489ff92b,Balenciaga_ARE_8525422AB5G1090,8525422AB5G1090,ARE,Small Leather Goods,AED,2026-09-07,1200.00,1250.00,0.0417,increase
99b90ea936a57550bc23c68e67497170,Balenciaga_ARE_852542TRTB02840,852542TRTB02840,ARE,Small Leather Goods,AED,2026-09-07,1150.00,1200.00,0.0435,increase
c97a80a7f5ef1b8c5f8abacce4252cac,Balenciaga_ARE_852542WCMOK5723,852542WCMOK5723,ARE,Small Leather Goods,AED,2026-09-07,1200.00,1250.00,0.0417,increase
40e016cea62c676b45027559d050b448,Balenciaga_ARE_8561912110W1000,8561912110W1000,ARE,Small Leather Goods,AED,2026-09-07,1250.00,1350.00,0.0800,increase
d82dac4cd58d2308985697e86e3d2f98,Balenciaga_ARE_856191T2DEI9104,856191T2DEI9104,ARE,Small Leather Goods,AED,2026-09-07,1750.00,1850.00,0.0571,increase
c25fac1b76316c900c53067391b13062,Balenciaga_ARE_856191T74RJ1210,856191T74RJ1210,ARE,Small Leather Goods,AED,2026-09-07,1650.00,1750.00,0.0606,increase
74026b6b61818bb05c842b2997ee6abf,Balenciaga_ARE_856191TTCXJ0926,856191TTCXJ0926,ARE,Small Leather Goods,AED,2026-09-07,1050.00,1100.00,0.0476,increase
eff4f17e3438f67672f33b43cc63351e,Balenciaga_ARE_858352TTBLY1041,858352TTBLY1041,ARE,Small Leather Goods,AED,2026-09-07,5900.00,6250.00,0.0593,increase
7ffa952dee47865e157124170bb6f8c5,Balenciaga_ARE_8592792AZWF1251,8592792AZWF1251,ARE,Small Leather Goods,AED,2026-09-07,1150.00,1200.00,0.0435,increase
50837b5733f029dcdb9b4ed44f9388ea,Balenciaga_ARE_8592794GT7H9104,8592794GT7H9104,ARE,Small Leather Goods,AED,2026-09-07,4950.00,5250.00,0.0606,increase
06145c86bf4285961a7a2563dcdb8e18,Balenciaga_ARE_860458WVPJ84200,860458WVPJ84200,ARE,Bags,AED,2026-09-07,11450.00,12150.00,0.0611,increase
206c89622de8faf3c977b53ddb5b38ee,Balenciaga_ARE_8665422AB2D9104,8665422AB2D9104,ARE,Accessories,AED,2026-09-07,2300.00,2400.00,0.0435,increase
f580dbc4f0e20d58db1b0a0ddcbb4824,Balenciaga_ARE_8665424G8ZY1000,8665424G8ZY1000,ARE,Accessories,AED,2026-09-07,1250.00,1350.00,0.0800,increase
983c7441e4f549574838ef2514b831a8,Balenciaga_ARE_8671922ABIT1210,8671922ABIT1210,ARE,Small Leather Goods,AED,2026-09-07,1800.00,1900.00,0.0556,increase
e2196d27f5f0d94d6aefa2fdfed3937b,Balenciaga_ARE_8690362ABPU2308,8690362ABPU2308,ARE,Bags,AED,2026-09-07,8350.00,8850.00,0.0599,increase
531c1e25d2de6a45af00981c853f404a,Balenciaga_ARE_8690364G7ZC4200,8690364G7ZC4200,ARE,Bags,AED,2026-09-07,17400.00,18450.00,0.0603,increase
2753ffa84681307ab97b357e91555625,Balenciaga_ARE_86935021KK58122,86935021KK58122,ARE,Bags,AED,2026-09-07,4950.00,5250.00,0.0606,increase
80b7eb76f73edcd15d80ecaa512d2886,Balenciaga_ARE_8738792ABM71041,8738792ABM71041,ARE,Bags,AED,2026-09-07,11200.00,11900.00,0.0625,increase
ae3d79afa81ec6831c52dfa2ae33fc8f,Balenciaga_ARE_873879TSIMN8122,873879TSIMN8122,ARE,Bags,AED,2026-09-07,10700.00,11350.00,0.0607,increase
6aab0598404e7d85300eda38509af3a1,Balenciaga_ARE_8750414GAUA1000,8750414GAUA1000,ARE,Bags,AED,2026-09-07,8500.00,9000.00,0.0588,increase
cfd80d2d63cd07fe4b97c42232462208,Balenciaga_ARE_8837202AB1Q1000,8837202AB1Q1000,ARE,Small Leather Goods,AED,2026-09-07,1350.00,1450.00,0.0741,increase
684666e1e9865ad41e850318c63036a3,Balenciaga_ARE_883720W1IKV1000,883720W1IKV1000,ARE,Small Leather Goods,AED,2026-09-07,1850.00,1950.00,0.0541,increase
99fc1cf616e65daf24bcfbb6e4e6d4f3,Balenciaga_ARE_88445621WO28122,88445621WO28122,ARE,Small Leather Goods,AED,2026-09-07,915.00,970.00,0.0601,increase
cea5a302b666513f2d56f0c847b46b0d,Balenciaga_ARE_8844562AB381090,8844562AB381090,ARE,Small Leather Goods,AED,2026-09-07,2250.00,2400.00,0.0667,increase
985b6c476cc9c147c98be5dbc3ee7faa,Balenciaga_ARE_8863144G5AR8065,8863144G5AR8065,ARE,Small Leather Goods,AED,2026-09-07,1600.00,1700.00,0.0625,increase
0ead24f0fd5c9f9554ca88e1f058c995,Balenciaga_ARE_886314TT7F98122,886314TT7F98122,ARE,Small Leather Goods,AED,2026-09-07,2100.00,2200.00,0.0476,increase
c56106dc61504bad705426abc26fb0d8,Balenciaga_ARE_8872612AB144200,8872612AB144200,ARE,Small Leather Goods,AED,2026-09-07,4350.00,4600.00,0.0575,increase
4a3898c10a9684a24771198e55cb3b4e,Balenciaga_ARE_888240214TG5723,888240214TG5723,ARE,Small Leather Goods,AED,2026-09-07,2250.00,2400.00,0.0667,increase
7070e4a47793e31006a4e2bb269debd2,Balenciaga_ARE_888240TTFRH4200,888240TTFRH4200,ARE,Small Leather Goods,AED,2026-09-07,1950.00,2050.00,0.0513,increase
fb7b153bcdce97b853307c0de58b0bec,Balenciaga_ARE_8902582ABVL1251,8902582ABVL1251,ARE,Bags,AED,2026-09-07,3750.00,4000.00,0.0667,increase
d3ad128b391cd8b33c2622f26d7f6fc8,Balenciaga_ARE_89310521G2W1240,89310521G2W1240,ARE,Bags,AED,2026-09-07,10250.00,10850.00,0.0585,increase
3450ed43c46e71629ac2aa57c5edc26c,Balenciaga_ARE_89310521IZ84011,89310521IZ84011,ARE,Bags,AED,2026-09-07,9250.00,9800.00,0.0595,increase
8fc2957b6353fb493992a4bbd467ea05,Balenciaga_ARE_8931052A3PL2533,8931052A3PL2533,ARE,Bags,AED,2026-09-07,19250.00,20400.00,0.0597,increase
bacd590aa21dc0da66862bdddc38d810,Balenciaga_ARE_8945912AEYF1090,8945912AEYF1090,ARE,Small Leather Goods,AED,2026-09-07,9050.00,9600.00,0.0608,increase
a48fa0179afd4a2b5d9d00eda509ab95,Balenciaga_ARE_8945912AHW24200,8945912AHW24200,ARE,Small Leather Goods,AED,2026-09-07,4650.00,4950.00,0.0645,increase
a564b505e86d1dd7c8ab659e4a4e6b91,Balenciaga_ARE_894591TTFLA4200,894591TTFLA4200,ARE,Small Leather Goods,AED,2026-09-07,9950.00,10550.00,0.0603,increase
f73900bcabc2aec6f90f683514db9769,Balenciaga_ARE_894919W7KYF4200,894919W7KYF4200,ARE,Bags,AED,2026-09-07,11950.00,12650.00,0.0586,increase
9a5fb4512e0d4196321647dd816327c0,Balenciaga_ARE_89504321IWB1084,89504321IWB1084,ARE,Bags,AED,2026-09-07,13700.00,14500.00,0.0584,increase
7a7c219f545e00fad9a3067594dfd22d,Balenciaga_ARE_8950432ATN89104,8950432ATN89104,ARE,Bags,AED,2026-09-07,12150.00,12900.00,0.0617,increase
07bb942f9a816b1307faedc670076f16,Balenciaga_ARE_895043TTYCV1000,895043TTYCV1000,ARE,Bags,AED,2026-09-07,10350.00,10950.00,0.0580,increase
fc14ffdc4b1532f9d81b71070fd9f58a,Balenciaga_ARE_895043WA6731000,895043WA6731000,ARE,Bags,AED,2026-09-07,11250.00,11900.00,0.0578,increase
f8099fa91c545a941646f4414cc47896,Balenciaga_ARE_A00J7KTT7PD1251,A00J7KTT7PD1251,ARE,Bags,AED,2026-09-07,4200.00,4450.00,0.0595,increase
ee80a129195d447fba624586bbba0a42,Balenciaga_ARE_A042712ABQZ9020,A042712ABQZ9020,ARE,Bags,AED,2026-09-07,17350.00,18400.00,0.0605,increase
f1759422b0b1a0485d9bed4f67bc042a,Balenciaga_ARE_A042712AMT61210,A042712AMT61210,ARE,Bags,AED,2026-09-07,49450.00,52400.00,0.0597,increase
948b06cf11c9fe47313c873a73fef6f0,Balenciaga_ARE_A05K8B2ASBF4200,A05K8B2ASBF4200,ARE,Small Leather Goods,AED,2026-09-07,1300.00,1400.00,0.0769,increase
ee2f36189117e082c25d415549dea1c3,Balenciaga_ARE_A05K8BTJ0TE9002,A05K8BTJ0TE9002,ARE,Small Leather Goods,AED,2026-09-07,1750.00,1850.00,0.0571,increase
9a6a3ebbfc2f152e47bf3ce51f1ba81b,Balenciaga_ARE_A05K8BTSM663258,A05K8BTSM663258,ARE,Small Leather Goods,AED,2026-09-07,1450.00,1550.00,0.0690,increase
ab5383c31a577c32aec8b0e2e1eb52a4,Balenciaga_ARE_A05K8BTTMMU9104,A05K8BTTMMU9104,ARE,Small Leather Goods,AED,2026-09-07,3150.00,3350.00,0.0635,increase
0fb0fe161396673dd95717e9186d3278,Balenciaga_ARE_A064YD4GOOO0926,A064YD4GOOO0926,ARE,Small Leather Goods,AED,2026-09-07,1550.00,1650.00,0.0645,increase
e34bb914c841d8f885948718462cf22c,Balenciaga_ARE_A064YD4GQIW1000,A064YD4GQIW1000,ARE,Small Leather Goods,AED,2026-09-07,2200.00,2300.00,0.0455,increase
53b5025b34d75981bdd4362c8eb5ad4f,Balenciaga_ARE_A064YDTKNEL3258,A064YDTKNEL3258,ARE,Small Leather Goods,AED,2026-09-07,2150.00,2300.00,0.0698,increase
4c02436666d891196ace57f9c8b26af6,Balenciaga_ARE_A064YDTTENX9002,A064YDTTENX9002,ARE,Small Leather Goods,AED,2026-09-07,1700.00,1800.00,0.0588,increase
ded933149767908e738e953f12d33e03,Balenciaga_ARE_A06RN2216DW1084,A06RN2216DW1084,ARE,Bags,AED,2026-09-07,9200.00,9750.00,0.0598,increase
b856304ba4e2a8a085e2063996c749c6,Balenciaga_ARE_A06RN22AB2X1041,A06RN22AB2X1041,ARE,Bags,AED,2026-09-07,11900.00,12650.00,0.0630,increase
625401b17a1b34629556826ffd556032,Balenciaga_ARE_A06RN22ABS95723,A06RN22ABS95723,ARE,Bags,AED,2026-09-07,12050.00,12750.00,0.0581,increase
510169d5f035a82cbeaa7db22da8fcd8,Balenciaga_ARE_A07WXJ21SEY1240,A07WXJ21SEY1240,ARE,Small Leather Goods,AED,2026-09-07,2200.00,2300.00,0.0455,increase
5921934e50908a7fd456537294e4811f,Balenciaga_ARE_A07WXJW005D1090,A07WXJW005D1090,ARE,Small Leather Goods,AED,2026-09-07,6600.00,6950.00,0.0530,increase
89d89af82f686632d1d54f25c2f4d3fd,Balenciaga_ARE_A07XQJTTA4R0911,A07XQJTTA4R0911,ARE,Small Leather Goods,AED,2026-09-07,1200.00,1250.00,0.0417,increase
9252dd7ed639f138be191b10f1e232f5,Balenciaga_ARE_A0AVTR2AES89002,A0AVTR2AES89002,ARE,Bags,AED,2026-09-07,7350.00,7750.00,0.0544,increase
e97439196e25dbc0c6f56e30f743e8ab,Balenciaga_ARE_A0AVTRT9W4P8122,A0AVTRT9W4P8122,ARE,Bags,AED,2026-09-07,8350.00,8850.00,0.0599,increase
3ce50e4201b787eb960150e0723c6ac0,Balenciaga_ARE_A0DVHZ211W08065,A0DVHZ211W08065,ARE,Small Leather Goods,AED,2026-09-07,4600.00,4900.00,0.0652,increase
eb80896d9837afe71b1b174187ccd8da,Balenciaga_ARE_A0DVHZ2159I1240,A0DVHZ2159I1240,ARE,Small Leather Goods,AED,2026-09-07,1200.00,1250.00,0.0417,increase
a80429cbbba8811880d80d884b123a64,Balenciaga_ARE_A0DVHZWC7C15723,A0DVHZWC7C15723,ARE,Small Leather Goods,AED,2026-09-07,5400.00,5700.00,0.0556,increase
52c6669b07734d864c248c6ca9f0b67b,Balenciaga_ARE_A0FKA3210572533,A0FKA3210572533,ARE,Bags,AED,2026-09-07,13050.00,13800.00,0.0575,increase
0cf0554c28e7cc18a3b9099ef9d2af58,Balenciaga_ARE_A0HVOZ2AB3Y1251,A0HVOZ2AB3Y1251,ARE,Small Leather Goods,AED,2026-09-07,1550.00,1650.00,0.0645,increase
850735be4b9c8751f3280b0676ce040c,Balenciaga_ARE_A0JTOY4GNZM1240,A0JTOY4GNZM1240,ARE,Small Leather Goods,AED,2026-09-07,2000.00,2150.00,0.0750,increase
b4c4516814067eb151663e1f06a44c9e,Balenciaga_ARE_A0JTOYWTQWI1000,A0JTOYWTQWI1000,ARE,Small Leather Goods,AED,2026-09-07,2400.00,2550.00,0.0625,increase
9760d9d6137f900f6b823c206306692d,Balenciaga_ARE_A0JW0G2ABNG9002,A0JW0G2ABNG9002,ARE,Bags,AED,2026-09-07,6450.00,6850.00,0.0620,increase
d3918d932820bf231d834f5a5b630e95,Balenciaga_ARE_A0JW0GT1SDP1090,A0JW0GT1SDP1090,ARE,Bags,AED,2026-09-07,23400.00,24800.00,0.0598,increase
bc8888718ebff8741d0cfcc2602780ab,Balenciaga_ARE_A0JW0GWQGJ51000,A0JW0GWQGJ51000,ARE,Bags,AED,2026-09-07,7550.00,8050.00,0.0662,increase
7a4bfd4d9e51325a8c61238a370a7a47,Balenciaga_ARE_A0LD3V2A8284200,A0LD3V2A8284200,ARE,Bags,AED,2026-09-07,7100.00,7500.00,0.0563,increase
7facb486d0b4314f49a35eb15c3d7903,Balenciaga_ARE_A0LD3V2ABND9020,A0LD3V2ABND9020,ARE,Bags,AED,2026-09-07,5100.00,5400.00,0.0588,increase
f29f65a65d2a3251620481c9b3b8434a,Balenciaga_ARE_A0NXIX2ABF42840,A0NXIX2ABF42840,ARE,Small Leather Goods,AED,2026-09-07,2950.00,3100.00,0.0508,increase
d0dab350502060fb17e3bd0e9cea8e54,Balenciaga_ARE_A0NXIX4GIX61041,A0NXIX4GIX61041,ARE,Small Leather Goods,AED,2026-09-07,1350.00,1450.00,0.0741,increase
dd787e8b2bf7dab21b2d84a6cb35f7d2,Balenciaga_ARE_A0OHAU213J01000,A0OHAU213J01000,ARE,Bags,AED,2026-09-07,4750.00,5050.00,0.0632,increase
9eabb9d215aa5b2457c5b676ad81c064,Balenciaga_ARE_A0QFZA4GZMJ9002,A0QFZA4GZMJ9002,ARE,Bags,AED,2026-09-07,10100.00,10750.00,0.0644,increase
ab1b3dfbda56806c06a1c706be986f75,Balenciaga_ARE_A0QFZAWEHIJ0911,A0QFZAWEHIJ0911,ARE,Bags,AED,2026-09-07,11350.00,12050.00,0.0617,increase
b22b079832b9dc375d3e5900c6c6a074,Balenciaga_ARE_A0QFZAWRPKY9000,A0QFZAWRPKY9000,ARE,Bags,AED,2026-09-07,11450.00,12100.00,0.0568,increase
cb2cfb3c3b96bbae2c1939824b25d0e4,Balenciaga_ARE_A0TKX7W7RJL9000,A0TKX7W7RJL9000,ARE,Accessories,AED,2026-09-07,1550.00,1450.00,-0.0645,decrease
20e2f1e5980357167f323484c122a175,Balenciaga_ARE_A0W9ZQ2ABHN5723,A0W9ZQ2ABHN5723,ARE,Small Leather Goods,AED,2026-09-07,1850.00,1950.00,0.0541,increase
2da56d3ebad29b95cc7c73b8aa3e78a7,Balenciaga_ARE_A0W9ZQTT6H89020,A0W9ZQTT6H89020,ARE,Small Leather Goods,AED,2026-09-07,1650.00,1750.00,0.0606,increase
163e7654036d2a26de74136fa4f9f7ba,Balenciaga_ARE_A0W9ZQTTNFO8122,A0W9ZQTTNFO8122,ARE,Small Leather Goods,AED,2026-09-07,1400.00,1500.00,0.0714,increase
70f82340aab0cf7e7cc2e52881c16b6e,Balenciaga_CHN_5090582ABZK1000,5090582ABZK1000,CHN,Bags,CNY,2026-09-07,23100.00,24200.00,0.0476,increase
ca56e1c7fa28b54d22e23787513d5100,Balenciaga_CHN_509058W7FP09002,509058W7FP09002,CHN,Bags,CNY,2026-09-07,30300.00,31800.00,0.0495,increase
17eaece329c531f238ac57c679ea62c1,Balenciaga_CHN_5146274GMIB2533,5146274GMIB2533,CHN,Bags,CNY,2026-09-07,10600.00,11200.00,0.0566,increase
b87d1bd60dd06100afe89251de8d3ed2,Balenciaga_CHN_5149002A92F1210,5149002A92F1210,CHN,Bags,CNY,2026-09-07,24800.00,26000.00,0.0484,increase
4a6374466abb89169ed59a21f8f84dfb,Balenciaga_CHN_517390210UD1210,517390210UD1210,CHN,Bags,CNY,2026-09-07,29800.00,31300.00,0.0503,increase
e2f0c5db3d331f8d2b20ed0404ca9eeb,Balenciaga_CHN_5173904GKC41210,5173904GKC41210,CHN,Bags,CNY,2026-09-07,15300.00,16100.00,0.0523,increase
c8af78b4bb60f84876e1c235a690cf38,Balenciaga_CHN_517390TT3LZ1240,517390TT3LZ1240,CHN,Bags,CNY,2026-09-07,23200.00,24400.00,0.0517,increase
8893452176a8cef0e8de1762f6c58351,Balenciaga_CHN_517390WIAYH5723,517390WIAYH5723,CHN,Bags,CNY,2026-09-07,16300.00,17200.00,0.0552,increase
dff2caaef0edfd6c9a03010fe7c237c7,Balenciaga_CHN_52138621EG84011,52138621EG84011,CHN,Small Leather Goods,CNY,2026-09-07,2500.00,2600.00,0.0400,increase
fe81a96cd4dfe74078890baccc424fae,Balenciaga_CHN_5239552AJGA1000,5239552AJGA1000,CHN,Accessories,CNY,2026-09-07,14700.00,15400.00,0.0476,increase
ecb5b35a890ca1fc80c10f87dcd3983b,Balenciaga_CHN_523955WJVHN1090,523955WJVHN1090,CHN,Accessories,CNY,2026-09-07,14700.00,15400.00,0.0476,increase
01938ec676c07e98fe01c2c83e8cd5f6,Balenciaga_CHN_525528TA3V13258,525528TA3V13258,CHN,Bags,CNY,2026-09-07,27800.00,29200.00,0.0504,increase
e77d79a9a404b52a09e91e20345be8c7,Balenciaga_CHN_525528WCDOX3258,525528WCDOX3258,CHN,Bags,CNY,2026-09-07,17000.00,17800.00,0.0471,increase
7642672e97c5eac03a907597cf5a5c8c,Balenciaga_CHN_5265652181K1240,5265652181K1240,CHN,Bags,CNY,2026-09-07,38000.00,39900.00,0.0500,increase
7fa2250be575ab9fc7065e68386b24a4,Balenciaga_CHN_5265652ABNJ1000,5265652ABNJ1000,CHN,Bags,CNY,2026-09-07,20700.00,21800.00,0.0531,increase
4d698620386c0c6ef37c0eaea2a89c3f,Balenciaga_CHN_5265652ABRG8122,5265652ABRG8122,CHN,Bags,CNY,2026-09-07,29100.00,30500.00,0.0481,increase
e17812b377aa8ae2f6fb816798ea388f,Balenciaga_CHN_52688321KYV1090,52688321KYV1090,CHN,Bags,CNY,2026-09-07,20700.00,21700.00,0.0483,increase
ad3b9199352c4e4d73db242a868d15da,Balenciaga_CHN_527313TUOCB4011,527313TUOCB4011,CHN,Small Leather Goods,CNY,2026-09-07,2700.00,2800.00,0.0370,increase
418e16d7f8ec1639fd563d18b4c68f2c,Balenciaga_CHN_5286014GP201000,5286014GP201000,CHN,Small Leather Goods,CNY,2026-09-07,2700.00,2800.00,0.0370,increase
90774db3d5cd40196107c890c32e699e,Balenciaga_CHN_529971215991000,529971215991000,CHN,Bags,CNY,2026-09-07,21200.00,22300.00,0.0519,increase
bac958a93862d1bc296f0968318524e0,Balenciaga_CHN_529971218229000,529971218229000,CHN,Bags,CNY,2026-09-07,13900.00,14600.00,0.0504,increase
596fa47a45407ca789b5a6061236d7f1,Balenciaga_CHN_5299714GOPH5723,5299714GOPH5723,CHN,Bags,CNY,2026-09-07,28900.00,30300.00,0.0484,increase
eb6544626b01c245f40f41c1d828b80a,Balenciaga_CHN_529971TEYU71000,529971TEYU71000,CHN,Bags,CNY,2026-09-07,14100.00,14800.00,0.0496,increase
7b68313395131d4617808d202ccf7825,Balenciaga_CHN_5308982ABS69000,5308982ABS69000,CHN,Small Leather Goods,CNY,2026-09-07,2800.00,3000.00,0.0714,increase
772bf2d82c1a2cd39bf326879a3ac5f0,Balenciaga_CHN_5333162APVK1000,5333162APVK1000,CHN,Accessories,CNY,2026-09-07,3200.00,3400.00,0.0625,increase
7055002d877e56455a10f3f993d8e06b,Balenciaga_CHN_533316T75I81084,533316T75I81084,CHN,Accessories,CNY,2026-09-07,7000.00,7400.00,0.0571,increase
be29e952abe58bcc3508caa8e06bbe79,Balenciaga_CHN_533654213HK1090,533654213HK1090,CHN,Small Leather Goods,CNY,2026-09-07,9400.00,9800.00,0.0426,increase
8a2befa8dc44b1ac269502c85a1e2ad2,Balenciaga_CHN_53413121R3X1000,53413121R3X1000,CHN,Bags,CNY,2026-09-07,24900.00,26200.00,0.0522,increase
84149ceed8515df335f9bf889b3ee667,Balenciaga_CHN_5341312AZ5Y1210,5341312AZ5Y1210,CHN,Bags,CNY,2026-09-07,23700.00,24800.00,0.0464,increase
9219be73ccf4f94321ab37b1a6cdd124,Balenciaga_CHN_5341314GAPT1000,5341314GAPT1000,CHN,Bags,CNY,2026-09-07,33100.00,34700.00,0.0483,increase
ffc67d44a468e5d9fcce35f349919fc6,Balenciaga_CHN_5341314GI642840,5341314GI642840,CHN,Bags,CNY,2026-09-07,30500.00,32000.00,0.0492,increase
f3bd1226a3241c86886c84b7c2a03fb6,Balenciaga_CHN_534131WS53L2840,534131WS53L2840,CHN,Bags,CNY,2026-09-07,20500.00,21500.00,0.0488,increase
3fd35c54ad4e3faed9b709f4897a890d,Balenciaga_CHN_53659021R122533,53659021R122533,CHN,Bags,CNY,2026-09-07,3800.00,4000.00,0.0526,increase
c420ed4415e42a2d7f7e4eeeac1a5f83,Balenciaga_CHN_536590TT9831251,536590TT9831251,CHN,Bags,CNY,2026-09-07,8900.00,9300.00,0.0449,increase
ec629bcedeefda2af77c7a4b0a319357,Balenciaga_CHN_539914WQIJ69020,539914WQIJ69020,CHN,Small Leather Goods,CNY,2026-09-07,2400.00,2500.00,0.0417,increase
cc23ba6aeaa65dcd04a84a2f81238bc6,Balenciaga_CHN_54096221JKJ5723,54096221JKJ5723,CHN,Small Leather Goods,CNY,2026-09-07,3100.00,3200.00,0.0323,increase
5ec2c00e8fe03053713187445eae6729,Balenciaga_CHN_5409624GX4F1000,5409624GX4F1000,CHN,Small Leather Goods,CNY,2026-09-07,9400.00,9800.00,0.0426,increase
eee5cb5e4834014d702ff8b69c16b97f,Balenciaga_CHN_540962T5NE71210,540962T5NE71210,CHN,Small Leather Goods,CNY,2026-09-07,2700.00,2800.00,0.0370,increase
94e43b0cec83377d859a1d39c8ed08cf,Balenciaga_CHN_540962WD2T71251,540962WD2T71251,CHN,Small Leather Goods,CNY,2026-09-07,8400.00,8800.00,0.0476,increase
5fb3fc8c88ccfec143baad57a0a461a1,Balenciaga_CHN_54300421W5L1000,54300421W5L1000,CHN,Accessories,CNY,2026-09-07,2300.00,2500.00,0.0870,increase
91e8f603bd21af4a86d83a4d4e6a7237,Balenciaga_CHN_543321TT8F11000,543321TT8F11000,CHN,Bags,CNY,2026-09-07,24200.00,25400.00,0.0496,increase
aae5b56b149925a6b87d8e74fb0383b1,Balenciaga_CHN_543321TTJN28122,543321TTJN28122,CHN,Bags,CNY,2026-09-07,24200.00,25400.00,0.0496,increase
581b675a15a3751e3b0bdec70ccd9e62,Balenciaga_CHN_543321W65TT1000,543321W65TT1000,CHN,Bags,CNY,2026-09-07,15400.00,16100.00,0.0455,increase
120c6d8b36fd402ed1c6bc075fbece45,Balenciaga_CHN_543321WALW40911,543321WALW40911,CHN,Bags,CNY,2026-09-07,41700.00,43800.00,0.0504,increase
a7d82c34c55cc8b4de26c74419f667f2,Balenciaga_CHN_54493221SAD1000,54493221SAD1000,CHN,Bags,CNY,2026-09-07,11500.00,12000.00,0.0435,increase
3e1eaed9d817d03461d2c4261fb4baf7,Balenciaga_CHN_5449322AYZX0911,5449322AYZX0911,CHN,Bags,CNY,2026-09-07,19900.00,20900.00,0.0503,increase
8f4364ee387e1833285b1697c154fe49,Balenciaga_CHN_5449324G4HJ0926,5449324G4HJ0926,CHN,Bags,CNY,2026-09-07,7900.00,8300.00,0.0506,increase
1efafb9dfe2e7bb2e65dc9b4b8622492,Balenciaga_CHN_5449324GWV24011,5449324GWV24011,CHN,Bags,CNY,2026-09-07,24300.00,25500.00,0.0494,increase
d7e5a646b310c8a627c4c841a5542c5f,Balenciaga_CHN_544932W60MX2840,544932W60MX2840,CHN,Bags,CNY,2026-09-07,15100.00,15900.00,0.0530,increase
f001724f5106317dcf8743e60d1a4a7c,Balenciaga_CHN_546998213YO9104,546998213YO9104,CHN,Bags,CNY,2026-09-07,3200.00,3400.00,0.0625,increase
0e384031e9b37b9a292308a492f134bb,Balenciaga_CHN_5469982ABEE9002,5469982ABEE9002,CHN,Bags,CNY,2026-09-07,7000.00,7300.00,0.0429,increase
20b352f09806e415b747db3183633dba,Balenciaga_CHN_5505264G0059002,5505264G0059002,CHN,Bags,CNY,2026-09-07,10000.00,10500.00,0.0500,increase
baa74d2969e33cead9783f0db111d333,Balenciaga_CHN_553957TBSVE4200,553957TBSVE4200,CHN,Small Leather Goods,CNY,2026-09-07,3600.00,3800.00,0.0556,increase
ef04e13c81d33fe7794ff6b6191570a5,Balenciaga_CHN_55430321CYU1240,55430321CYU1240,CHN,Bags,CNY,2026-09-07,19100.00,20100.00,0.0524,increase
1c6390a3031d04e7d7f5bf37aee76665,Balenciaga_CHN_5543034GFF51000,5543034GFF51000,CHN,Bags,CNY,2026-09-07,37900.00,39800.00,0.0501,increase
47bb54c8611958ebb3d1e0b3a5704436,Balenciaga_CHN_554303TCULN5723,554303TCULN5723,CHN,Bags,CNY,2026-09-07,14000.00,14700.00,0.0500,increase
7742793e35e9940d0a31a133591e0e92,Balenciaga_CHN_554303WHAQI0926,554303WHAQI0926,CHN,Bags,CNY,2026-09-07,20200.00,21200.00,0.0495,increase
cb5a023d2723b99e45b8e193542581fc,Balenciaga_CHN_558209WQ28U8122,558209WQ28U8122,CHN,Small Leather Goods,CNY,2026-09-07,4900.00,5100.00,0.0408,increase
21c1efe6082f91bca2a36db57899fb6d,Balenciaga_CHN_560831T8TK91000,560831T8TK91000,CHN,Bags,CNY,2026-09-07,15200.00,15900.00,0.0461,increase
614dd5b225b64ad0aa61daff95efb159,Balenciaga_CHN_560831TT4RI5723,560831TT4RI5723,CHN,Bags,CNY,2026-09-07,13800.00,14400.00,0.0435,increase
756d50ddd8182eed95607e95d4379f0d,Balenciaga_CHN_5628362AZUH1000,5628362AZUH1000,CHN,Bags,CNY,2026-09-07,34800.00,36500.00,0.0489,increase
bf832823a6c967346b9e4bb91d40ef66,Balenciaga_CHN_5628364GG1K4011,5628364GG1K4011,CHN,Bags,CNY,2026-09-07,24600.00,25800.00,0.0488,increase
dc41738911ad6a35b84b7915e1bfea9a,Balenciaga_CHN_562836TTSKW3258,562836TTSKW3258,CHN,Bags,CNY,2026-09-07,14600.00,15400.00,0.0548,increase
ba031dd231382b153e6c7bd0dd5f0da2,Balenciaga_CHN_562836TXYUY1210,562836TXYUY1210,CHN,Bags,CNY,2026-09-07,27600.00,29000.00,0.0507,increase
13e7b1240d2133e4e33e6ea553320315,Balenciaga_CHN_567824WUMAJ8065,567824WUMAJ8065,CHN,Bags,CNY,2026-09-07,25000.00,26300.00,0.0520,increase
bea6bcfba7faebae8748acd382d72dd2,Balenciaga_CHN_5737202ABMI9020,5737202ABMI9020,CHN,Bags,CNY,2026-09-07,34800.00,36600.00,0.0517,increase
e2e7e7ae58260912d8250072426a4f3b,Balenciaga_CHN_573720WMG5U3258,573720WMG5U3258,CHN,Bags,CNY,2026-09-07,19100.00,20000.00,0.0471,increase
ffdcf87b5196f6e668771c11949b52f1,Balenciaga_CHN_5851324GHQ51090,5851324GHQ51090,CHN,Bags,CNY,2026-09-07,11200.00,11800.00,0.0536,increase
3b167761002cf1d8d4e330549eeff282,Balenciaga_CHN_585132TTBXP1090,585132TTBXP1090,CHN,Bags,CNY,2026-09-07,24400.00,25600.00,0.0492,increase
2e028cffee2f2e89b9f55b19448a21b9,Balenciaga_CHN_585609216ZI1210,585609216ZI1210,CHN,Bags,CNY,2026-09-07,4300.00,4600.00,0.0698,increase
e79cf66fb5c9ef86be2c78a5b6284051,Balenciaga_CHN_5861342A5ZF2533,5861342A5ZF2533,CHN,Bags,CNY,2026-09-07,26400.00,27700.00,0.0492,increase
aafd0532b15cad8aef75e9ed22b16d5b,Balenciaga_CHN_5861462ABI32533,5861462ABI32533,CHN,Bags,CNY,2026-09-07,20300.00,21300.00,0.0493,increase
a6e846cfe59a3e8e693ecbd2a944a70e,Balenciaga_CHN_586146TO7IY1210,586146TO7IY1210,CHN,Bags,CNY,2026-09-07,20700.00,21700.00,0.0483,increase
fc267bda9c7c13366a62afb80678f39c,Balenciaga_CHN_586146TT9QA8065,586146TT9QA8065,CHN,Bags,CNY,2026-09-07,23500.00,24700.00,0.0511,increase
9fb31fa4e3bbb50a8c9e0e3d272830ca,Balenciaga_CHN_586146TTWU21240,586146TTWU21240,CHN,Bags,CNY,2026-09-07,19800.00,20800.00,0.0505,increase
d3b4ac238c314783e5bdc6ab3ac9c1ac,Balenciaga_CHN_586146W1WP65723,586146W1WP65723,CHN,Bags,CNY,2026-09-07,24600.00,25800.00,0.0488,increase
14edd3eef22ed3c83603f2c2bc0f984d,Balenciaga_CHN_58737121E5Q1000,58737121E5Q1000,CHN,Bags,CNY,2026-09-07,25200.00,26400.00,0.0476,increase
011a11bfbacaef904cccac66cf8bbfac,Balenciaga_CHN_5898034GZAD1000,5898034GZAD1000,CHN,Bags,CNY,2026-09-07,25600.00,26900.00,0.0508,increase
c3d70fe2389fd6c52d85bea6b6306319,Balenciaga_CHN_589803TTLSW4011,589803TTLSW4011,CHN,Bags,CNY,2026-09-07,17600.00,18500.00,0.0511,increase
16ab3c79fc370ef451e9bb6ac363ec19,Balenciaga_CHN_5919172AZ1O5723,5919172AZ1O5723,CHN,Small Leather Goods,CNY,2026-09-07,2600.00,2700.00,0.0385,increase
e66717f8f65ecab027bd93192365c32c,Balenciaga_CHN_596501TY52T1000,596501TY52T1000,CHN,Bags,CNY,2026-09-07,21100.00,22100.00,0.0474,increase
f54b97145889087ca73f54febc1bdfce,Balenciaga_CHN_596501W8PY42840,596501W8PY42840,CHN,Bags,CNY,2026-09-07,18500.00,19400.00,0.0486,increase
63cb782010f16f8d65bb85b081e81105,Balenciaga_CHN_600325214860911,600325214860911,CHN,Bags,CNY,2026-09-07,15300.00,16100.00,0.0523,increase
2c61abf0e14bd5a9bf4cbd4e909010d0,Balenciaga_CHN_6003254G0R28122,6003254G0R28122,CHN,Bags,CNY,2026-09-07,16500.00,17300.00,0.0485,increase
9e41768e22151e74a3291b740d3ec7d2,Balenciaga_CHN_600325TT4SF1000,600325TT4SF1000,CHN,Bags,CNY,2026-09-07,23400.00,24500.00,0.0470,increase
8291347cdb3128c72d13e241095adde5,Balenciaga_CHN_6039712AHBR3258,6039712AHBR3258,CHN,Bags,CNY,2026-09-07,24000.00,25200.00,0.0500,increase
c015ee897d73b900e57778e681a6d751,Balenciaga_CHN_6039714G6ZW1090,6039714G6ZW1090,CHN,Bags,CNY,2026-09-07,86700.00,91000.00,0.0496,increase
63c8fa9060b19ac229e4ce11fd65b4fc,Balenciaga_CHN_6043422ABBQ0911,6043422ABBQ0911,CHN,Accessories,CNY,2026-09-07,14600.00,15300.00,0.0479,increase
a9f081215fab4e6a889d4a8e6dc33e86,Balenciaga_CHN_604342TN9E49000,604342TN9E49000,CHN,Accessories,CNY,2026-09-07,18500.00,19500.00,0.0541,increase
9ad3109062ac7f1172e687491c70441b,Balenciaga_CHN_605291218ME1000,605291218ME1000,CHN,Small Leather Goods,CNY,2026-09-07,3200.00,3400.00,0.0625,increase
a26b9efcb8eabfdd1cf81ff2865d9921,Balenciaga_CHN_6052912ABSR1210,6052912ABSR1210,CHN,Small Leather Goods,CNY,2026-09-07,3600.00,3800.00,0.0556,increase
019283521e28898ea04ee852f342e67f,Balenciaga_CHN_606787WJ1DK1251,606787WJ1DK1251,CHN,Bags,CNY,2026-09-07,19000.00,19900.00,0.0474,increase
5de78b703fdf386fb6662b771afd4f33,Balenciaga_CHN_6068722A74C0911,6068722A74C0911,CHN,Small Leather Goods,CNY,2026-09-07,3700.00,3900.00,0.0541,increase
4e01f1ab7fbc68915490af37241b4b0c,Balenciaga_CHN_606872TJ2VY9000,606872TJ2VY9000,CHN,Bags,CNY,2026-09-07,7000.00,7300.00,0.0429,increase
b2bced2f45a78e095ce859c3bb37d57c,Balenciaga_CHN_606872TTD4I1000,606872TTD4I1000,CHN,Small Leather Goods,CNY,2026-09-07,4600.00,4800.00,0.0435,increase
ac946b25836a6592b75085aa6957be6f,Balenciaga_CHN_6090452AB6B0926,6090452AB6B0926,CHN,Small Leather Goods,CNY,2026-09-07,3300.00,3500.00,0.0606,increase
3059fa79f6435d8eb296b2cd2a5f5ee3,Balenciaga_CHN_6090454GFZ40926,6090454GFZ40926,CHN,Small Leather Goods,CNY,2026-09-07,7900.00,8300.00,0.0506,increase
bb31c699c6fbeed40cbc1efe38f72691,Balenciaga_CHN_60976421CA79000,60976421CA79000,CHN,Accessories,CNY,2026-09-07,6600.00,7000.00,0.0606,increase
7be50434ce42ff203a6fc62606fb7a9d,Balenciaga_CHN_6097644GYE99104,6097644GYE99104,CHN,Accessories,CNY,2026-09-07,3300.00,3500.00,0.0606,increase
91b8c9e6efe8c70e5de4ea084a505ce6,Balenciaga_CHN_609764W580V9002,609764W580V9002,CHN,Accessories,CNY,2026-09-07,4500.00,4700.00,0.0444,increase
083d0be5c3804052b4c94fe4f4e7eac4,Balenciaga_CHN_6106004GZJF9104,6106004GZJF9104,CHN,Bags,CNY,2026-09-07,13900.00,14600.00,0.0504,increase
55293fec170a3b3e9b596eb5b9d270e3,Balenciaga_CHN_6115974G4912308,6115974G4912308,CHN,Bags,CNY,2026-09-07,9500.00,10000.00,0.0526,increase
b9e295a737f6d1cf26da9541401e6610,Balenciaga_CHN_615434215P10926,615434215P10926,CHN,Bags,CNY,2026-09-07,38500.00,40400.00,0.0494,increase
87df7b94f85d2b9950c5205c19957018,Balenciaga_CHN_6154342AFAB4011,6154342AFAB4011,CHN,Bags,CNY,2026-09-07,18200.00,19200.00,0.0549,increase
e071d9bef6d688c449dbd1ac15b08d91,Balenciaga_CHN_6154344GBXM0926,6154344GBXM0926,CHN,Bags,CNY,2026-09-07,20600.00,21600.00,0.0485,increase
de633ddf8d9a070cad32977abe288e94,Balenciaga_CHN_615434TT9YP0127,615434TT9YP0127,CHN,Bags,CNY,2026-09-07,16800.00,17600.00,0.0476,increase
4b79aeb0e38573ff0d056d319d145fa4,Balenciaga_CHN_61818021PJ51090,61818021PJ51090,CHN,Accessories,CNY,2026-09-07,2600.00,2700.00,0.0385,increase
b977ba7543487e7c1994566c13199439,Balenciaga_CHN_6181802ABRM1084,6181802ABRM1084,CHN,Accessories,CNY,2026-09-07,12600.00,13200.00,0.0476,increase
c17b3439c0848a392190c90102396557,Balenciaga_CHN_618809TH1H49020,618809TH1H49020,CHN,Small Leather Goods,CNY,2026-09-07,12800.00,13400.00,0.0469,increase
ae7d93ad15b34b01e7b704b0f396a268,Balenciaga_CHN_618809WDY7T2840,618809WDY7T2840,CHN,Small Leather Goods,CNY,2026-09-07,34300.00,36000.00,0.0496,increase
a96530bbd9693a213afdb5d3e8c3abb0,Balenciaga_CHN_61979921UMQ9000,61979921UMQ9000,CHN,Small Leather Goods,CNY,2026-09-07,3300.00,3400.00,0.0303,increase
1a4c80483db4ba5abbb09facb6c0a903,Balenciaga_CHN_6197992ABGI2840,6197992ABGI2840,CHN,Small Leather Goods,CNY,2026-09-07,2500.00,2600.00,0.0400,increase
a4608383cd656449a8d4818e570fdae7,Balenciaga_CHN_6206382A28F2533,6206382A28F2533,CHN,Bags,CNY,2026-09-07,24800.00,26000.00,0.0484,increase
b29c87572a7fe3335516a58f18beb4cc,Balenciaga_CHN_62422121YB51240,62422121YB51240,CHN,Bags,CNY,2026-09-07,4600.00,4800.00,0.0435,increase
7c18e89a50e72c13cc0e8fd32ca524dd,Balenciaga_CHN_624221TTQWM8065,624221TTQWM8065,CHN,Bags,CNY,2026-09-07,4600.00,4900.00,0.0652,increase
4200de1d958d443c63daaa0e38f9f42f,Balenciaga_CHN_624221WD4EL9020,624221WD4EL9020,CHN,Bags,CNY,2026-09-07,10100.00,10600.00,0.0495,increase
9fd8e3e0cd205d8fb524ec115e31acb5,Balenciaga_CHN_63050721WLN1251,63050721WLN1251,CHN,Bags,CNY,2026-09-07,16100.00,16900.00,0.0497,increase
4273ccc810b319c04759619f30b2933c,Balenciaga_CHN_630507TTWFZ1240,630507TTWFZ1240,CHN,Bags,CNY,2026-09-07,26900.00,28200.00,0.0483,increase
dee108dd989e34398c0e842e51272436,Balenciaga_CHN_6319002AAW31090,6319002AAW31090,CHN,Bags,CNY,2026-09-07,18200.00,19100.00,0.0495,increase
60d73890cf4b85b9ad29236cfb685775,Balenciaga_CHN_6319002ABTX1000,6319002ABTX1000,CHN,Bags,CNY,2026-09-07,25600.00,26900.00,0.0508,increase
b1828b91b4e3d21bfe7d50e0fa5a2efb,Balenciaga_CHN_6319002AWRE9104,6319002AWRE9104,CHN,Bags,CNY,2026-09-07,23300.00,24400.00,0.0472,increase
66685a8330497411c6b822a318e1ffaf,Balenciaga_CHN_6319004GBUF5723,6319004GBUF5723,CHN,Bags,CNY,2026-09-07,24700.00,25900.00,0.0486,increase
d3615caa8505afa5798751b64f640c94,Balenciaga_CHN_631900TT6TA9000,631900TT6TA9000,CHN,Bags,CNY,2026-09-07,18400.00,19300.00,0.0489,increase
d9abe93886ed0c3da9f2c3759d3787e9,Balenciaga_CHN_6341232ABT41041,6341232ABT41041,CHN,Bags,CNY,2026-09-07,10300.00,10800.00,0.0485,increase
9dfe85d807291e236fc528f4b4704802,Balenciaga_CHN_634123TF2SO0911,634123TF2SO0911,CHN,Bags,CNY,2026-09-07,12800.00,13400.00,0.0469,increase
896e5ed6d6799c6e00f5a96052fd5eb6,Balenciaga_CHN_634123TTEWD5723,634123TTEWD5723,CHN,Bags,CNY,2026-09-07,28000.00,29400.00,0.0500,increase
839f3c41b9de329ff232c40b8cf817a0,Balenciaga_CHN_639916T3NGA1000,639916T3NGA1000,CHN,Small Leather Goods,CNY,2026-09-07,15300.00,16000.00,0.0458,increase
f5d94e70aeb837be334ada6f7df71563,Balenciaga_CHN_6416162ABYP9002,6416162ABYP9002,CHN,Bags,CNY,2026-09-07,11300.00,11900.00,0.0531,increase
7538420032cf0c91733df815e7710b7b,Balenciaga_CHN_6482272AB7M0127,6482272AB7M0127,CHN,Bags,CNY,2026-09-07,8200.00,8600.00,0.0488,increase
d61650ce7ba44407f1cd3062699b157c,Balenciaga_CHN_648227WHLJF3258,648227WHLJF3258,CHN,Bags,CNY,2026-09-07,25500.00,26800.00,0.0510,increase
6a62258f82fad3100ae9928a16936c48,Balenciaga_CHN_65021421L5I4200,65021421L5I4200,CHN,Small Leather Goods,CNY,2026-09-07,3100.00,3300.00,0.0645,increase
10dc6282537001318b33571b2bd91e64,Balenciaga_CHN_6502142A5IF9000,6502142A5IF9000,CHN,Small Leather Goods,CNY,2026-09-07,2500.00,2600.00,0.0400,increase
83958deb95a0f05c9542dc2bdb1bfbc8,Balenciaga_CHN_6582622A6FA9020,6582622A6FA9020,CHN,Bags,CNY,2026-09-07,13800.00,14500.00,0.0507,increase
d0620a7ee845fe7927810d5127eb8877,Balenciaga_CHN_658262W7ZM61090,658262W7ZM61090,CHN,Bags,CNY,2026-09-07,3700.00,3900.00,0.0541,increase
c2541d9bd59689b0cf863fb74121b4a5,Balenciaga_CHN_6595782AB1G2533,6595782AB1G2533,CHN,Bags,CNY,2026-09-07,2500.00,2600.00,0.0400,increase
3075e166fdba280177a049937c6d355f,Balenciaga_CHN_664769WDPAE8065,664769WDPAE8065,CHN,Bags,CNY,2026-09-07,18500.00,19400.00,0.0486,increase
09bc2f5d7534a1f01a9e2a894f74a070,Balenciaga_CHN_6661592ABB71000,6661592ABB71000,CHN,Small Leather Goods,CNY,2026-09-07,7400.00,7800.00,0.0541,increase
bef606d9a6e063904305ca63319407f3,Balenciaga_CHN_666159TT9KL9000,666159TT9KL9000,CHN,Small Leather Goods,CNY,2026-09-07,2400.00,2500.00,0.0417,increase
c9204687ddbce797e5bc26cbfe9e912d,Balenciaga_CHN_668213WBX4D2533,668213WBX4D2533,CHN,Bags,CNY,2026-09-07,23400.00,24600.00,0.0513,increase
d1e732d12d44161f94afb6635d16cac2,Balenciaga_CHN_668213WIM2Q0911,668213WIM2Q0911,CHN,Bags,CNY,2026-09-07,21600.00,22700.00,0.0509,increase
bc2d153c213999ca8c6244b5483ea835,Balenciaga_CHN_6703942ADO60911,6703942ADO60911,CHN,Small Leather Goods,CNY,2026-09-07,3300.00,3400.00,0.0303,increase
029ca931f8e2cee7cf6a497d214aa214,Balenciaga_CHN_6703942AJWP9002,6703942AJWP9002,CHN,Small Leather Goods,CNY,2026-09-07,2500.00,2600.00,0.0400,increase
c99757c7f9fa0743823eb074417b366f,Balenciaga_CHN_6704764GD9W5723,6704764GD9W5723,CHN,Bags,CNY,2026-09-07,3700.00,3900.00,0.0541,increase
5216294c7390f997f66ee2327fba5c45,Balenciaga_CHN_67679221VL61210,67679221VL61210,CHN,Bags,CNY,2026-09-07,21600.00,22700.00,0.0509,increase
484c9c6989e3ed4101cc589c88784902,Balenciaga_CHN_6767922APFE1000,6767922APFE1000,CHN,Bags,CNY,2026-09-07,19500.00,20400.00,0.0462,increase
56480ac1813b78092036d99e90b8901a,Balenciaga_CHN_676820WGNH62533,676820WGNH62533,CHN,Bags,CNY,2026-09-07,19600.00,20600.00,0.0510,increase
3c8ecbe057b9e7aa6bcf6ffa48b42674,Balenciaga_CHN_6778234GEPF8122,6778234GEPF8122,CHN,Bags,CNY,2026-09-07,38200.00,40100.00,0.0497,increase
dd721e1f752c10e5917a1721db02e948,Balenciaga_CHN_677823TPXBN1090,677823TPXBN1090,CHN,Bags,CNY,2026-09-07,27800.00,29200.00,0.0504,increase
d264d356c340052763a893c63569fae8,Balenciaga_CHN_6786802AEJ81000,6786802AEJ81000,CHN,Small Leather Goods,CNY,2026-09-07,19000.00,19900.00,0.0474,increase
baa64dd6e4d116ab3dee8fe130becce6,Balenciaga_CHN_6869382ABCP0911,6869382ABCP0911,CHN,Bags,CNY,2026-09-07,22800.00,23900.00,0.0482,increase
d56cf90fdf2f6773ad3ca3966328b901,Balenciaga_CHN_6871014GGDU8122,6871014GGDU8122,CHN,Bags,CNY,2026-09-07,10500.00,11000.00,0.0476,increase
bb7a4d5fe1e1ec053fe7373a6fc375d9,Balenciaga_CHN_687101TK1EY1000,687101TK1EY1000,CHN,Bags,CNY,2026-09-07,25900.00,27100.00,0.0463,increase
2ad3dda79eea7061a617d617648d78bf,Balenciaga_CHN_6873682AB3L1000,6873682AB3L1000,CHN,Bags,CNY,2026-09-07,37000.00,38800.00,0.0486,increase
73bd66f08e280213b215c653faba48a4,Balenciaga_CHN_6873682ABYE2308,6873682ABYE2308,CHN,Bags,CNY,2026-09-07,28200.00,29600.00,0.0496,increase
8294a9dfd7621bf406f8458c57a26cf9,Balenciaga_CHN_687755TT6SC1090,687755TT6SC1090,CHN,Small Leather Goods,CNY,2026-09-07,5200.00,5500.00,0.0577,increase
87747a866204f393570da3f4611f5b1e,Balenciaga_CHN_690455WM0LO0926,690455WM0LO0926,CHN,Small Leather Goods,CNY,2026-09-07,7500.00,7900.00,0.0533,increase
6b06c6ef93769d8ff820f96952563220,Balenciaga_CHN_690455WV5SI9002,690455WV5SI9002,CHN,Small Leather Goods,CNY,2026-09-07,10700.00,11200.00,0.0467,increase
bf55375b7f2e05cbd5e77a40e2ef74a6,Balenciaga_CHN_698478WAG0O0911,698478WAG0O0911,CHN,Bags,CNY,2026-09-07,7400.00,7700.00,0.0405,increase
8ada8fcdba29c110991658c3d97b6eac,Balenciaga_CHN_706014TT5D61000,706014TT5D61000,CHN,Bags,CNY,2026-09-07,4400.00,4600.00,0.0455,increase
4de6d924b8ca64e2692e585c9e2b8817,Balenciaga_CHN_706014TTHIA8065,706014TTHIA8065,CHN,Bags,CNY,2026-09-07,4100.00,4300.00,0.0488,increase
1929c08a606c6d6ea1974e861bd72dc9,Balenciaga_CHN_706014TV8UH1084,706014TV8UH1084,CHN,Bags,CNY,2026-09-07,6700.00,7100.00,0.0597,increase
fe9da7ca3b6f35ebc4d8620b709aa06c,Balenciaga_CHN_7066122A50P3258,7066122A50P3258,CHN,Small Leather Goods,CNY,2026-09-07,9700.00,10200.00,0.0515,increase
17d2abf9299ee4f7d682bd5d38a7ca89,Balenciaga_CHN_7066122AB3X1000,7066122AB3X1000,CHN,Small Leather Goods,CNY,2026-09-07,8900.00,9300.00,0.0449,increase
74eed3da8e045a113f50ac47ce047a29,Balenciaga_CHN_706612WBFE11090,706612WBFE11090,CHN,Small Leather Goods,CNY,2026-09-07,2600.00,2700.00,0.0385,increase
9303ff46548fb0cd7610330f4bc07780,Balenciaga_CHN_71088921W3O1240,71088921W3O1240,CHN,Small Leather Goods,CNY,2026-09-07,4600.00,4900.00,0.0652,increase
45f51fe9e43981ae79449f8115bbc650,Balenciaga_CHN_7108894GUHQ1000,7108894GUHQ1000,CHN,Small Leather Goods,CNY,2026-09-07,4700.00,5000.00,0.0638,increase
2a42c16db337e007d32ad752a08b54b0,Balenciaga_CHN_711160WOZ6M4011,711160WOZ6M4011,CHN,Small Leather Goods,CNY,2026-09-07,3500.00,3700.00,0.0571,increase
e93bd8c490fa71050842e466fcbcbb76,Balenciaga_CHN_7134902AB1H4200,7134902AB1H4200,CHN,Bags,CNY,2026-09-07,27700.00,29100.00,0.0505,increase
f8b6141a3ff8937efe5f9901789656f3,Balenciaga_CHN_713490TTJ7K2533,713490TTJ7K2533,CHN,Bags,CNY,2026-09-07,27000.00,28400.00,0.0519,increase
cc5bc32b545ef06602bab0f7fcfbee07,Balenciaga_CHN_7163572AY874200,7163572AY874200,CHN,Bags,CNY,2026-09-07,25100.00,26300.00,0.0478,increase
258988f34bb4ce9b6c2f25c9638b0b3c,Balenciaga_CHN_7163574GQBG9000,7163574GQBG9000,CHN,Bags,CNY,2026-09-07,17900.00,18800.00,0.0503,increase
892d605a67eba4676c4ffc0dd4f5c317,Balenciaga_CHN_7238022ALQU5723,7238022ALQU5723,CHN,Bags,CNY,2026-09-07,14800.00,15600.00,0.0541,increase
01075266fa2a3b218927bf4f9a210573,Balenciaga_CHN_723802TTN6J5723,723802TTN6J5723,CHN,Bags,CNY,2026-09-07,38800.00,40800.00,0.0515,increase
cbcfb69891a17cee371adcf6de8b3eda,Balenciaga_CHN_72532821OA90911,72532821OA90911,CHN,Small Leather Goods,CNY,2026-09-07,6100.00,6400.00,0.0492,increase
72588899441ffb14a4548d7d4e801029,Balenciaga_CHN_725328TTV443258,725328TTV443258,CHN,Small Leather Goods,CNY,2026-09-07,2300.00,2400.00,0.0435,increase
941878b679fd3e9c27fb02b863bcb470,Balenciaga_CHN_72600621HFN1210,72600621HFN1210,CHN,Bags,CNY,2026-09-07,28200.00,29600.00,0.0496,increase
e2d775e8188b50c7c04be46d3b31efd0,Balenciaga_CHN_7260062AINV9000,7260062AINV9000,CHN,Bags,CNY,2026-09-07,18000.00,18900.00,0.0500,increase
08531dd12a32eb360301fdd48bc70367,Balenciaga_CHN_7260064GLKM1000,7260064GLKM1000,CHN,Bags,CNY,2026-09-07,25100.00,26400.00,0.0518,increase
db6bae604ee4f98d9299987fe5c91c90,Balenciaga_CHN_728727WEHTC8065,728727WEHTC8065,CHN,Bags,CNY,2026-09-07,23400.00,24500.00,0.0470,increase
617451a0b7222ea9151e0616e9c85490,Balenciaga_CHN_72918421GJI3258,72918421GJI3258,CHN,Bags,CNY,2026-09-07,24600.00,25800.00,0.0488,increase
25633afc5f71ef65ff889970ceff306b,Balenciaga_CHN_7297992A1LP1000,7297992A1LP1000,CHN,Bags,CNY,2026-09-07,16200.00,17000.00,0.0494,increase
af6aaafe1d6068b9917bb00e95896a2f,Balenciaga_CHN_7297992ABTM0926,7297992ABTM0926,CHN,Bags,CNY,2026-09-07,13400.00,14100.00,0.0522,increase
506fe323a3874eea2734d251f7e57df7,Balenciaga_CHN_729799TTQ0W0911,729799TTQ0W0911,CHN,Bags,CNY,2026-09-07,26200.00,27500.00,0.0496,increase
5d7b98e0386fb55118a33307b5d67ab4,Balenciaga_CHN_729799W4YYO2533,729799W4YYO2533,CHN,Bags,CNY,2026-09-07,17300.00,18200.00,0.0520,increase
28a64a7dfffdf49bec12692eb8ec7820,Balenciaga_CHN_734797W7EBY1041,734797W7EBY1041,CHN,Accessories,CNY,2026-09-07,18400.00,19300.00,0.0489,increase
05d1353f062f6ae10648a1d391f294c2,Balenciaga_CHN_7378382ABGT0926,7378382ABGT0926,CHN,Bags,CNY,2026-09-07,12000.00,12600.00,0.0500,increase
a386bbc334554e7013356adbda730494,Balenciaga_CHN_74009021IIT1084,74009021IIT1084,CHN,Small Leather Goods,CNY,2026-09-07,6100.00,6400.00,0.0492,increase
8850b875ce82a7b9567c7795d261da03,Balenciaga_CHN_7400904G1H21240,7400904G1H21240,CHN,Small Leather Goods,CNY,2026-09-07,3600.00,3800.00,0.0556,increase
f372e82a9932a1c3ba490dec28967651,Balenciaga_CHN_740090TT35C4011,740090TT35C4011,CHN,Small Leather Goods,CNY,2026-09-07,8600.00,9000.00,0.0465,increase
6f5aceaae9e2b4b316b3c90de0d53964,Balenciaga_CHN_74818821RAQ1000,74818821RAQ1000,CHN,Small Leather Goods,CNY,2026-09-07,2600.00,2800.00,0.0769,increase
fd34e5a92c6c678541104f47fa011200,Balenciaga_CHN_7481882ABWW0911,7481882ABWW0911,CHN,Small Leather Goods,CNY,2026-09-07,4600.00,4800.00,0.0435,increase
cb1d8e3e105564db3f924255d899e6bc,Balenciaga_CHN_7481884GUB61000,7481884GUB61000,CHN,Small Leather Goods,CNY,2026-09-07,5500.00,5800.00,0.0545,increase
dd0c6c3e28ff0004afd56d91aa897bd5,Balenciaga_CHN_7483542ABV39020,7483542ABV39020,CHN,Bags,CNY,2026-09-07,39900.00,41900.00,0.0501,increase
a0c7676bbb004c07491348acb6bb33af,Balenciaga_CHN_748354T1COL0911,748354T1COL0911,CHN,Bags,CNY,2026-09-07,19300.00,20200.00,0.0466,increase
c56617d85602a7ef7401f86c04c07acf,Balenciaga_CHN_7517282110W1090,7517282110W1090,CHN,Small Leather Goods,CNY,2026-09-07,11200.00,11800.00,0.0536,increase
ead70d30f2dc0da82fa96c0c101f8ca5,Balenciaga_CHN_75172821F7M1210,75172821F7M1210,CHN,Small Leather Goods,CNY,2026-09-07,8400.00,8900.00,0.0595,increase
04e2f2d9a00de8929f831b416110dabe,Balenciaga_CHN_751728WJEN18122,751728WJEN18122,CHN,Small Leather Goods,CNY,2026-09-07,9200.00,9600.00,0.0435,increase
81a37f6fb754dff93d9797e91844cd10,Balenciaga_CHN_7616174GM071041,7616174GM071041,CHN,Small Leather Goods,CNY,2026-09-07,2700.00,2900.00,0.0741,increase
ac3f08f1d7f504e9477a34541ba06cc6,Balenciaga_CHN_7702602AB191000,7702602AB191000,CHN,Bags,CNY,2026-09-07,26000.00,27300.00,0.0500,increase
27e90025c40ce7b9d5ebaa9721d3dfcb,Balenciaga_CHN_77077921FFS1090,77077921FFS1090,CHN,Small Leather Goods,CNY,2026-09-07,2700.00,2900.00,0.0741,increase
1aad4eb2436e32cd1ad4c07da376bba9,Balenciaga_CHN_77077921PII8122,77077921PII8122,CHN,Small Leather Goods,CNY,2026-09-07,4700.00,4900.00,0.0426,increase
da7c6c1c7ad3e8557d3e9d962893889b,Balenciaga_CHN_7707792ABU11084,7707792ABU11084,CHN,Small Leather Goods,CNY,2026-09-07,3800.00,4000.00,0.0526,increase
956c437f904a71af5b9f751e17481cfd,Balenciaga_CHN_7707792ALGH1000,7707792ALGH1000,CHN,Small Leather Goods,CNY,2026-09-07,9200.00,9600.00,0.0435,increase
77ecdd373425bec9228aeeec12b9dbab,Balenciaga_CHN_7707794G8472308,7707794G8472308,CHN,Small Leather Goods,CNY,2026-09-07,5500.00,5800.00,0.0545,increase
03a504204083fa3f931f9421df5a857a,Balenciaga_CHN_7707794GGLA1090,7707794GGLA1090,CHN,Small Leather Goods,CNY,2026-09-07,2200.00,2300.00,0.0455,increase
7e476b616f186aa424e11527133a86c7,Balenciaga_CHN_773773W5BMK1240,773773W5BMK1240,CHN,Bags,CNY,2026-09-07,20400.00,21400.00,0.0490,increase
e2dd0842ac51966c42db5638fe7d48e8,Balenciaga_CHN_7751222AB963258,7751222AB963258,CHN,Small Leather Goods,CNY,2026-09-07,3100.00,3300.00,0.0645,increase
7c430ca5542d98a5bf04a71fe443e088,Balenciaga_CHN_775122WM5075723,775122WM5075723,CHN,Small Leather Goods,CNY,2026-09-07,4500.00,4800.00,0.0667,increase
57a069e3f26f88f2c7721737bfbfbae3,Balenciaga_CHN_7783482AAGM1041,7783482AAGM1041,CHN,Small Leather Goods,CNY,2026-09-07,9100.00,9600.00,0.0549,increase
0d67b31197697caf817e1c34ac4bbbfd,Balenciaga_CHN_778348TTK6R9002,778348TTK6R9002,CHN,Small Leather Goods,CNY,2026-09-07,4500.00,4700.00,0.0444,increase
d35f0113e64dc5d5f9acdb05c72cacb0,Balenciaga_CHN_778348WUVHU1210,778348WUVHU1210,CHN,Small Leather Goods,CNY,2026-09-07,4800.00,5000.00,0.0417,increase
1c2dfe9f6784f912d5c10292b6f8b3d5,Balenciaga_CHN_7793722AW9V1084,7793722AW9V1084,CHN,Bags,CNY,2026-09-07,16800.00,17600.00,0.0476,increase
ba573cd4da2132ee6d91cbcaa8ede3f5,Balenciaga_CHN_779797T061J1041,779797T061J1041,CHN,Bags,CNY,2026-09-07,25800.00,27100.00,0.0504,increase
7e3973049f69090e9ff9fb71b5f8e64d,Balenciaga_CHN_7830972190M9104,7830972190M9104,CHN,Accessories,CNY,2026-09-07,28200.00,29600.00,0.0496,increase
4b286a5a285ed5e540f86955056dd5c2,Balenciaga_CHN_78309721JPY0127,78309721JPY0127,CHN,Accessories,CNY,2026-09-07,20900.00,21900.00,0.0478,increase
475b1d28e49a3c965a24d9278b5bdc7c,Balenciaga_CHN_7830974GC5O8065,7830974GC5O8065,CHN,Accessories,CNY,2026-09-07,22200.00,23300.00,0.0495,increase
40e8fbbe299625260082e39b6b0f57a8,Balenciaga_CHN_783097T88LE4011,783097T88LE4011,CHN,Accessories,CNY,2026-09-07,18200.00,19100.00,0.0495,increase
0e20ea41e259f8683df711af6d3756d9,Balenciaga_CHN_7842954GWXL2308,7842954GWXL2308,CHN,Bags,CNY,2026-09-07,27800.00,29200.00,0.0504,increase
38d33105dd3687619df0e8e22ca4861d,Balenciaga_CHN_7846182AWFP1090,7846182AWFP1090,CHN,Accessories,CNY,2026-09-07,2600.00,2700.00,0.0385,increase
27c7d3e72ec539af698ebd0d4c1429b3,Balenciaga_CHN_7866912A6IT9002,7866912A6IT9002,CHN,Bags,CNY,2026-09-07,18300.00,19200.00,0.0492,increase
2cd57a96bba52b8fd763ae47ade414ac,Balenciaga_CHN_7866912ABIU2308,7866912ABIU2308,CHN,Bags,CNY,2026-09-07,8700.00,9200.00,0.0575,increase
dd3125f4baa4ae22ba3cbe3fd2297211,Balenciaga_CHN_79014021E841041,79014021E841041,CHN,Small Leather Goods,CNY,2026-09-07,10300.00,10800.00,0.0485,increase
1b7ff733b4fdc8d9a11d29267ae1daef,Balenciaga_CHN_7901402AB731000,7901402AB731000,CHN,Small Leather Goods,CNY,2026-09-07,10800.00,11300.00,0.0463,increase
c70c1f86760ca41443573f6ee94d7bc2,Balenciaga_CHN_790421216UF9020,790421216UF9020,CHN,Small Leather Goods,CNY,2026-09-07,23500.00,24700.00,0.0511,increase
bf76610ae5bcc42e3d0a825047f8017a,Balenciaga_CHN_792932218SJ1240,792932218SJ1240,CHN,Bags,CNY,2026-09-07,23700.00,24900.00,0.0506,increase
3e7bffe5ee3599a0c5c1eeaa5ea8a89d,Balenciaga_CHN_79293221SBP1210,79293221SBP1210,CHN,Bags,CNY,2026-09-07,20500.00,21500.00,0.0488,increase
455c45794c3300eb25f084effbc8b330,Balenciaga_CHN_792932W27C95723,792932W27C95723,CHN,Bags,CNY,2026-09-07,29700.00,31200.00,0.0505,increase
5d1bdc066caef9bc8c86faed6fe2b67c,Balenciaga_CHN_798607WHH8S8065,798607WHH8S8065,CHN,Small Leather Goods,CNY,2026-09-07,2900.00,3000.00,0.0345,increase
2d0b639790e9c6e9935cd8a4d158a92d,Balenciaga_CHN_8044914G46E1000,8044914G46E1000,CHN,Small Leather Goods,CNY,2026-09-07,4800.00,5000.00,0.0417,increase
bf8ef0ee38f18011dcde684ef84b80d5,Balenciaga_CHN_804491WDN3F1090,804491WDN3F1090,CHN,Small Leather Goods,CNY,2026-09-07,6300.00,6600.00,0.0476,increase
9fe1f502c6c862d7150a659857d379fe,Balenciaga_CHN_8088952AM3D0127,8088952AM3D0127,CHN,Bags,CNY,2026-09-07,23600.00,24800.00,0.0508,increase
b913386f218a15b45988fd39611d2165,Balenciaga_CHN_813339TTM3T1000,813339TTM3T1000,CHN,Bags,CNY,2026-09-07,24200.00,25400.00,0.0496,increase
0ad676ea9da8f2ef65850536fcb72625,Balenciaga_CHN_817556TTCFN1090,817556TTCFN1090,CHN,Bags,CNY,2026-09-07,19800.00,20700.00,0.0455,increase
1b53311b12bd0f40321dd34cedaf49ef,Balenciaga_CHN_8223032AF5D1041,8223032AF5D1041,CHN,Small Leather Goods,CNY,2026-09-07,25500.00,26800.00,0.0510,increase
df8c9a60a73728892f52b93a8c681fff,Balenciaga_CHN_822303TTHOD8065,822303TTHOD8065,CHN,Small Leather Goods,CNY,2026-09-07,14800.00,15600.00,0.0541,increase
ac49d4a015787417ef1d3ca1608d0d52,Balenciaga_CHN_82443621AQF0127,82443621AQF0127,CHN,Small Leather Goods,CNY,2026-09-07,2600.00,2800.00,0.0769,increase
b4f75ed029972257d97461d14298f6bc,Balenciaga_CHN_824436W9DJB2308,824436W9DJB2308,CHN,Small Leather Goods,CNY,2026-09-07,4600.00,4800.00,0.0435,increase
73d184bdeb601a23e8e477f4e26682bf,Balenciaga_CHN_8245244GV630926,8245244GV630926,CHN,Accessories,CNY,2026-09-07,10700.00,11200.00,0.0467,increase
af1cabf13f02c5510562632cc0886072,Balenciaga_CHN_8260712ABPL3258,8260712ABPL3258,CHN,Bags,CNY,2026-09-07,23700.00,24900.00,0.0506,increase
463065c629a4cd3ce37800fc3095fe74,Balenciaga_CHN_826071W06VT2533,826071W06VT2533,CHN,Bags,CNY,2026-09-07,16700.00,17500.00,0.0479,increase
5eb15e6cb9fa7521f6080b8eaec69bfa,Balenciaga_CHN_8287712ABI90911,8287712ABI90911,CHN,Small Leather Goods,CNY,2026-09-07,2500.00,2600.00,0.0400,increase
14d9f59205c631c79511812befef57d3,Balenciaga_CHN_830936WU99V9002,830936WU99V9002,CHN,Small Leather Goods,CNY,2026-09-07,13300.00,14000.00,0.0526,increase
e6ac361d8167ce76267bd77979f4d217,Balenciaga_CHN_8311342ABU61090,8311342ABU61090,CHN,Bags,CNY,2026-09-07,21100.00,22200.00,0.0521,increase
8714562434a7b932d9f31b27c026b592,Balenciaga_CHN_8311344GKAG3258,8311344GKAG3258,CHN,Bags,CNY,2026-09-07,12700.00,13300.00,0.0472,increase
c05cfb603b61831978aeaf6edc131de2,Balenciaga_CHN_831134T9FMJ0911,831134T9FMJ0911,CHN,Bags,CNY,2026-09-07,9700.00,10200.00,0.0515,increase
37302128ce93575849ca234a6a008fe1,Balenciaga_CHN_831134TEOO93258,831134TEOO93258,CHN,Bags,CNY,2026-09-07,22500.00,23600.00,0.0489,increase
028ec5312741250fb3b197153fff4afd,Balenciaga_CHN_8330062AB421000,8330062AB421000,CHN,Bags,CNY,2026-09-07,24700.00,25900.00,0.0486,increase
e066833d2532978a691c43938849594f,Balenciaga_CHN_834058WWA8W4200,834058WWA8W4200,CHN,Bags,CNY,2026-09-07,26200.00,27500.00,0.0496,increase
46ced260b6360741f51c513ac0d30485,Balenciaga_CHN_844132TD4EC9104,844132TD4EC9104,CHN,Bags,CNY,2026-09-07,33100.00,34800.00,0.0514,increase
e5353ca407567047c76faf994f383be3,Balenciaga_CHN_845436216410127,845436216410127,CHN,Bags,CNY,2026-09-07,10800.00,11400.00,0.0556,increase
abb5eaab5c27493bfc7654708211b366,Balenciaga_CHN_8454362ABSV9000,8454362ABSV9000,CHN,Bags,CNY,2026-09-07,28900.00,30400.00,0.0519,increase
918efa866263f884c4f5e23e7b6694e1,Balenciaga_CHN_8454364GBTX9000,8454364GBTX9000,CHN,Bags,CNY,2026-09-07,20300.00,21300.00,0.0493,increase
0f6e1a1a2f9ddd5e8bfb47a3f816af96,Balenciaga_CHN_845436THX071000,845436THX071000,CHN,Bags,CNY,2026-09-07,29400.00,30900.00,0.0510,increase
d4942f13c13d802d527a8765ebf015fc,Balenciaga_CHN_845436TTCJ71000,845436TTCJ71000,CHN,Bags,CNY,2026-09-07,14400.00,15200.00,0.0556,increase
a36a1dddb5c74fae9d71e20e2f7e622a,Balenciaga_CHN_845436TTGI61251,845436TTGI61251,CHN,Bags,CNY,2026-09-07,27400.00,28800.00,0.0511,increase
6bd051840417419e95fd1e12c0d08e50,Balenciaga_CHN_845436W94521090,845436W94521090,CHN,Bags,CNY,2026-09-07,18400.00,19300.00,0.0489,increase
2711fcdfc942fd47b9acf78da79dad6b,Balenciaga_CHN_8514352A4CY1000,8514352A4CY1000,CHN,Small Leather Goods,CNY,2026-09-07,11100.00,11700.00,0.0541,increase
6cafbe8d8c4b640b78114b3f46036c94,Balenciaga_CHN_851435W66F78065,851435W66F78065,CHN,Small Leather Goods,CNY,2026-09-07,2600.00,2700.00,0.0385,increase
aaba3185aaa75ee3fda8db31dbc66595,Balenciaga_CHN_85254221FH01000,85254221FH01000,CHN,Small Leather Goods,CNY,2026-09-07,5600.00,5900.00,0.0536,increase
a167cdd2bf63279ef252fa3e10274f50,Balenciaga_CHN_85254221MXR4011,85254221MXR4011,CHN,Small Leather Goods,CNY,2026-09-07,7500.00,7900.00,0.0533,increase
58310495edafeee3cbf6decf5e3c0eb2,Balenciaga_CHN_8525422AB5G1090,8525422AB5G1090,CHN,Small Leather Goods,CNY,2026-09-07,2500.00,2600.00,0.0400,increase
2e11558f3d9fcab7ad2d491e5c511212,Balenciaga_CHN_852542TRTB02840,852542TRTB02840,CHN,Small Leather Goods,CNY,2026-09-07,2500.00,2600.00,0.0400,increase
7257acc05285eee0a8bcec0809b6e796,Balenciaga_CHN_852542WCMOK5723,852542WCMOK5723,CHN,Small Leather Goods,CNY,2026-09-07,2600.00,2700.00,0.0385,increase
dfc05e26fda166120be6baf69222c470,Balenciaga_CHN_8561912110W1000,8561912110W1000,CHN,Small Leather Goods,CNY,2026-09-07,2600.00,2700.00,0.0385,increase
5c063b2136fd7328898094a8c3831c9a,Balenciaga_CHN_856191T2DEI9104,856191T2DEI9104,CHN,Small Leather Goods,CNY,2026-09-07,3500.00,3700.00,0.0571,increase
8a3adb3dac669fcc825199b572917b18,Balenciaga_CHN_856191T74RJ1210,856191T74RJ1210,CHN,Small Leather Goods,CNY,2026-09-07,3300.00,3500.00,0.0606,increase
5426f2b44e2b719372dbce4c1945a522,Balenciaga_CHN_858352TTBLY1041,858352TTBLY1041,CHN,Small Leather Goods,CNY,2026-09-07,11900.00,12500.00,0.0504,increase
9e7f31cae9fe2c8686cd0bd4cac19503,Balenciaga_CHN_8592794GT7H9104,8592794GT7H9104,CHN,Small Leather Goods,CNY,2026-09-07,10000.00,10500.00,0.0500,increase
f14716a09e1d008b20154bb78ee3e385,Balenciaga_CHN_8665424G8ZY1000,8665424G8ZY1000,CHN,Accessories,CNY,2026-09-07,2700.00,2800.00,0.0370,increase
70c991d455ceb171f4293bac43eb4b35,Balenciaga_CHN_8690362ABPU2308,8690362ABPU2308,CHN,Bags,CNY,2026-09-07,17200.00,18100.00,0.0523,increase
16acc057290a0338c32022cc0beaa1c7,Balenciaga_CHN_8690364G7ZC4200,8690364G7ZC4200,CHN,Bags,CNY,2026-09-07,35600.00,37300.00,0.0478,increase
2de139118478cac3a02ab9cc09617776,Balenciaga_CHN_86935021KK58122,86935021KK58122,CHN,Bags,CNY,2026-09-07,10500.00,11100.00,0.0571,increase
d9746c926fea0034d26f3356bc7402ea,Balenciaga_CHN_8738792A2QI4011,8738792A2QI4011,CHN,Bags,CNY,2026-09-07,20600.00,21600.00,0.0485,increase
60d429baece553f4142d651df75e4043,Balenciaga_CHN_8738792ABM71041,8738792ABM71041,CHN,Bags,CNY,2026-09-07,24500.00,25700.00,0.0490,increase
6f95a6ea64a18795af9e8ccb6316eaff,Balenciaga_CHN_873879TSIMN8122,873879TSIMN8122,CHN,Bags,CNY,2026-09-07,22800.00,23900.00,0.0482,increase
addb33bf57d5734d8d5b7d9d2d780367,Balenciaga_CHN_8750414GAUA1000,8750414GAUA1000,CHN,Bags,CNY,2026-09-07,17600.00,18500.00,0.0511,increase
7353f1f68e218777bd739f8dd31952ed,Balenciaga_CHN_8837202AB1Q1000,8837202AB1Q1000,CHN,Small Leather Goods,CNY,2026-09-07,2800.00,2900.00,0.0357,increase
e814cbcf6901b969967a574685fc1916,Balenciaga_CHN_883720W1IKV1000,883720W1IKV1000,CHN,Small Leather Goods,CNY,2026-09-07,3700.00,3900.00,0.0541,increase
64c4c6d9435742a049555860ab326228,Balenciaga_CHN_8863144G5AR8065,8863144G5AR8065,CHN,Small Leather Goods,CNY,2026-09-07,3500.00,3700.00,0.0571,increase
7e330cc5f86083afa0473ad81d4d7ac6,Balenciaga_CHN_886314TT7F98122,886314TT7F98122,CHN,Small Leather Goods,CNY,2026-09-07,4500.00,4700.00,0.0444,increase
22b9965a079fd8e20eff5c3eb3bee8b8,Balenciaga_CHN_8872612AB144200,8872612AB144200,CHN,Small Leather Goods,CNY,2026-09-07,9000.00,9400.00,0.0444,increase
33e64b23be520640ab209a3de7ff0aa6,Balenciaga_CHN_888240214TG5723,888240214TG5723,CHN,Small Leather Goods,CNY,2026-09-07,4600.00,4800.00,0.0435,increase
2d149aa7af7dc6ccae3cb8a82ca0248e,Balenciaga_CHN_888240TTFRH4200,888240TTFRH4200,CHN,Small Leather Goods,CNY,2026-09-07,4000.00,4200.00,0.0500,increase
f70e8fc14e33eb8f3d15e58e6dee973d,Balenciaga_CHN_8902582ABVL1251,8902582ABVL1251,CHN,Bags,CNY,2026-09-07,7700.00,8100.00,0.0519,increase
b36f33e5a091723c503109af823c64d3,Balenciaga_CHN_8931052A3PL2533,8931052A3PL2533,CHN,Bags,CNY,2026-09-07,39700.00,41700.00,0.0504,increase
8dc84da1db542a9f1adbfa36a15a567d,Balenciaga_CHN_894591TTFLA4200,894591TTFLA4200,CHN,Small Leather Goods,CNY,2026-09-07,21600.00,22600.00,0.0463,increase
6483740e01a6dea2928891f29064575a,Balenciaga_CHN_894919W7KYF4200,894919W7KYF4200,CHN,Bags,CNY,2026-09-07,24500.00,25800.00,0.0531,increase
6761504dd0163cc7d4616f79082c9f00,Balenciaga_CHN_89504321IWB1084,89504321IWB1084,CHN,Bags,CNY,2026-09-07,27000.00,28400.00,0.0519,increase
45d89aecf09ff7a0f551f723a94ccd5b,Balenciaga_CHN_8950432ATN89104,8950432ATN89104,CHN,Bags,CNY,2026-09-07,24200.00,25400.00,0.0496,increase
768fe9b0f7b9bb57639ddc3b25e6119e,Balenciaga_CHN_895043TTYCV1000,895043TTYCV1000,CHN,Bags,CNY,2026-09-07,21200.00,22300.00,0.0519,increase
cc5fe03341af15dab5a50e5dfd6ef8b6,Balenciaga_CHN_895043WA6731000,895043WA6731000,CHN,Bags,CNY,2026-09-07,23000.00,24100.00,0.0478,increase
a3ce91a0aaa451a6639cc05a1fc25e5e,Balenciaga_CHN_A00J7KTT7PD1251,A00J7KTT7PD1251,CHN,Bags,CNY,2026-09-07,8400.00,8800.00,0.0476,increase
0f27d90f53bb4050e5cbd3b97f4a4837,Balenciaga_CHN_A042712AMT61210,A042712AMT61210,CHN,Bags,CNY,2026-09-07,100100.00,105100.00,0.0500,increase
e237a41e2c10a0c30e45eec1b8c00014,Balenciaga_CHN_A05K8B2ASBF4200,A05K8B2ASBF4200,CHN,Small Leather Goods,CNY,2026-09-07,2800.00,3000.00,0.0714,increase
5c913defabd21c28027f2ae6a80efc32,Balenciaga_CHN_A05K8BTJ0TE9002,A05K8BTJ0TE9002,CHN,Small Leather Goods,CNY,2026-09-07,3700.00,3900.00,0.0541,increase
e76931b3f7af3c9d8d6dd09322fa61dc,Balenciaga_CHN_A05K8BTSM663258,A05K8BTSM663258,CHN,Small Leather Goods,CNY,2026-09-07,3100.00,3300.00,0.0645,increase
71debf2e09eedb04b782575b2a0f48c7,Balenciaga_CHN_A064YD4GQIW1000,A064YD4GQIW1000,CHN,Small Leather Goods,CNY,2026-09-07,4700.00,4900.00,0.0426,increase
3c048c0ea242d03edc829030182eb429,Balenciaga_CHN_A064YDTKNEL3258,A064YDTKNEL3258,CHN,Small Leather Goods,CNY,2026-09-07,4500.00,4800.00,0.0667,increase
07953b998ddb430f555e363eff4dc136,Balenciaga_CHN_A06RN2216DW1084,A06RN2216DW1084,CHN,Bags,CNY,2026-09-07,18600.00,19500.00,0.0484,increase
afee51c4e9b01fe72744adaaee30fa3f,Balenciaga_CHN_A06RN22AB2X1041,A06RN22AB2X1041,CHN,Bags,CNY,2026-09-07,24400.00,25600.00,0.0492,increase
32292c2d1b3889b1ad0cf020355c807c,Balenciaga_CHN_A06RN22ABS95723,A06RN22ABS95723,CHN,Bags,CNY,2026-09-07,24500.00,25700.00,0.0490,increase
eac5157354b04252dd048b3705f59d26,Balenciaga_CHN_A07WXJW005D1090,A07WXJW005D1090,CHN,Small Leather Goods,CNY,2026-09-07,14200.00,14900.00,0.0493,increase
f48ad03d3b4a6f210d954e63ff92792e,Balenciaga_CHN_A07XQJ2ABFT1240,A07XQJ2ABFT1240,CHN,Small Leather Goods,CNY,2026-09-07,2600.00,2800.00,0.0769,increase
80a2c7b1726437cf4835da0944c82ec5,Balenciaga_CHN_A07XQJTTA4R0911,A07XQJTTA4R0911,CHN,Small Leather Goods,CNY,2026-09-07,2400.00,2500.00,0.0417,increase
ef5d57708069e74eeadd80fa480b9723,Balenciaga_CHN_A07XQJW4FMO5723,A07XQJW4FMO5723,CHN,Small Leather Goods,CNY,2026-09-07,6300.00,6600.00,0.0476,increase
ed091055c3086dabb3295817ec0dd42f,Balenciaga_CHN_A0AVTR2AES89002,A0AVTR2AES89002,CHN,Bags,CNY,2026-09-07,15400.00,16100.00,0.0455,increase
a725f8e30d46d310a43d6698f2370a44,Balenciaga_CHN_A0AVTRT9W4P8122,A0AVTRT9W4P8122,CHN,Bags,CNY,2026-09-07,16700.00,17600.00,0.0539,increase
18e2e99cd284eeaf010f516c0fd38d73,Balenciaga_CHN_A0DVHZ211W08065,A0DVHZ211W08065,CHN,Small Leather Goods,CNY,2026-09-07,9500.00,10000.00,0.0526,increase
c705476aeab9ead52bf626bdbd176026,Balenciaga_CHN_A0DVHZ2159I1240,A0DVHZ2159I1240,CHN,Small Leather Goods,CNY,2026-09-07,2400.00,2500.00,0.0417,increase
53e93c5c863274aa298747050dc6da21,Balenciaga_CHN_A0DVHZWC7C15723,A0DVHZWC7C15723,CHN,Small Leather Goods,CNY,2026-09-07,11100.00,11700.00,0.0541,increase
f8b6c5ce58a2bf0395dc93c94b4879d2,Balenciaga_CHN_A0JW0G2ABNG9002,A0JW0G2ABNG9002,CHN,Bags,CNY,2026-09-07,13400.00,14100.00,0.0522,increase
82cb34c1be541bd8e6ed7b34ebb01030,Balenciaga_CHN_A0JW0GT1SDP1090,A0JW0GT1SDP1090,CHN,Bags,CNY,2026-09-07,46700.00,49100.00,0.0514,increase
45e6b72e9ca0c16c2776ce2f4378a86d,Balenciaga_CHN_A0JW0GWQGJ51000,A0JW0GWQGJ51000,CHN,Bags,CNY,2026-09-07,15600.00,16300.00,0.0449,increase
c08d151b144ff39b2c20a0ee2835bfdb,Balenciaga_CHN_A0LD3V2A8284200,A0LD3V2A8284200,CHN,Bags,CNY,2026-09-07,14700.00,15400.00,0.0476,increase
79847f4f5a3c03c0256577755abb28fc,Balenciaga_CHN_A0LD3V2ABND9020,A0LD3V2ABND9020,CHN,Bags,CNY,2026-09-07,10400.00,10900.00,0.0481,increase
986d34880bc8fc779420df36de0a9217,Balenciaga_CHN_A0NXIX2ABF42840,A0NXIX2ABF42840,CHN,Small Leather Goods,CNY,2026-09-07,6000.00,6300.00,0.0500,increase
439c017c73aff62277d16733c8fd9295,Balenciaga_CHN_A0QFZAWEHIJ0911,A0QFZAWEHIJ0911,CHN,Bags,CNY,2026-09-07,24400.00,25600.00,0.0492,increase
4c27635d1ee9dfa84d6ed10c1e0b0b54,Balenciaga_CHN_A0W9ZQ2ABHN5723,A0W9ZQ2ABHN5723,CHN,Small Leather Goods,CNY,2026-09-07,3800.00,4000.00,0.0526,increase
1797afdf7b13810a7fe50a31d9445651,Balenciaga_CHN_A0W9ZQTT6H89020,A0W9ZQTT6H89020,CHN,Small Leather Goods,CNY,2026-09-07,3400.00,3500.00,0.0294,increase
0f3f1014240c3b598f52e80cc2f8ec37,Balenciaga_FRA_5090582ABZK1000,5090582ABZK1000,FRA,Bags,EUR,2026-09-07,2470.00,2620.00,0.0607,increase
e11f4e2c63fd6c30645af450134e3bb6,Balenciaga_FRA_512319214FT9104,512319214FT9104,FRA,Bags,EUR,2026-09-07,1530.00,1620.00,0.0588,increase
93d14aadfc5bcb161fcee0730c78dc8a,Balenciaga_FRA_5146274GMIB2533,5146274GMIB2533,FRA,Bags,EUR,2026-09-07,1100.00,1160.00,0.0545,increase
c2469171bfc9efdb21291b9765bd5d18,Balenciaga_FRA_514627TA8D30127,514627TA8D30127,FRA,Bags,EUR,2026-09-07,3790.00,4020.00,0.0607,increase
b03bd5fc35383dae0e98b899ce3ac246,Balenciaga_FRA_5149002A92F1210,5149002A92F1210,FRA,Bags,EUR,2026-09-07,2710.00,2870.00,0.0590,increase
59ef95d5bf3f66b8ecaa8cc52996ba1c,Balenciaga_FRA_517390210UD1210,517390210UD1210,FRA,Bags,EUR,2026-09-07,3100.00,3280.00,0.0581,increase
bab0997491e042762bf21c8ba11d5782,Balenciaga_FRA_5173904GKC41210,5173904GKC41210,FRA,Bags,EUR,2026-09-07,1550.00,1640.00,0.0581,increase
d93adba5322330f2f232eb6221323a59,Balenciaga_FRA_517390TT3LZ1240,517390TT3LZ1240,FRA,Bags,EUR,2026-09-07,2500.00,2640.00,0.0560,increase
5b41a92f290267e9e236d7ebae5df1db,Balenciaga_FRA_517390WIAYH5723,517390WIAYH5723,FRA,Bags,EUR,2026-09-07,1650.00,1750.00,0.0606,increase
7a6ce2774ea875f5e2ad29f61856c644,Balenciaga_FRA_52138621EG84011,52138621EG84011,FRA,Small Leather Goods,EUR,2026-09-07,260.00,275.00,0.0577,increase
0795508fb903489925d09f7f657f62ea,Balenciaga_FRA_5239552AJGA1000,5239552AJGA1000,FRA,Accessories,EUR,2026-09-07,1590.00,1690.00,0.0629,increase
ba62b8547d7e4904bfb9392274bba241,Balenciaga_FRA_523955WJVHN1090,523955WJVHN1090,FRA,Accessories,EUR,2026-09-07,1580.00,1670.00,0.0570,increase
15df8e4b56eecd224494ef274499d053,Balenciaga_FRA_525528TTLY91000,525528TTLY91000,FRA,Bags,EUR,2026-09-07,2300.00,2430.00,0.0565,increase
18a30c66600b1ce73e79a255b765d5a4,Balenciaga_FRA_525528WCDOX3258,525528WCDOX3258,FRA,Bags,EUR,2026-09-07,1790.00,1900.00,0.0615,increase
cee9c846e308885a50a4d5463c2c4c0c,Balenciaga_FRA_5265652181K1240,5265652181K1240,FRA,Bags,EUR,2026-09-07,3990.00,4230.00,0.0602,increase
df3046b9c6aef1c52be94ba78784e61f,Balenciaga_FRA_5265652ABNJ1000,5265652ABNJ1000,FRA,Bags,EUR,2026-09-07,2250.00,2380.00,0.0578,increase
810c4ffaa40b76219d83b0f122baf47e,Balenciaga_FRA_5265652ABRG8122,5265652ABRG8122,FRA,Bags,EUR,2026-09-07,3080.00,3260.00,0.0584,increase
5e346d5644f7383bdb8e3e517ca4f232,Balenciaga_FRA_52688321KYV1090,52688321KYV1090,FRA,Bags,EUR,2026-09-07,2250.00,2380.00,0.0578,increase
6b44eda637a4d9fed51d8bc495d36a19,Balenciaga_FRA_5268832ABFW2533,5268832ABFW2533,FRA,Bags,EUR,2026-09-07,4790.00,5100.00,0.0647,increase
e5efccad881cbb1f045bb1ed7976bf31,Balenciaga_FRA_527313T0VEI2533,527313T0VEI2533,FRA,Small Leather Goods,EUR,2026-09-07,275.00,290.00,0.0545,increase
1cc247b0802910c067e0c15c250601b7,Balenciaga_FRA_527313TUOCB4011,527313TUOCB4011,FRA,Small Leather Goods,EUR,2026-09-07,275.00,290.00,0.0545,increase
02e952a55b15b125483afb85bd0c8377,Balenciaga_FRA_527313W5X041000,527313W5X041000,FRA,Small Leather Goods,EUR,2026-09-07,490.00,520.00,0.0612,increase
cc81a0b45de341dbf572aec1d8b933f1,Balenciaga_FRA_5286014GP201000,5286014GP201000,FRA,Small Leather Goods,EUR,2026-09-07,275.00,290.00,0.0545,increase
3cc8cb4aa54270f5f10fe79d2e12eef6,Balenciaga_FRA_529971215991000,529971215991000,FRA,Bags,EUR,2026-09-07,2290.00,2430.00,0.0611,increase
eb706c50cbf8b82c12c77976f7e717fb,Balenciaga_FRA_529971218229000,529971218229000,FRA,Bags,EUR,2026-09-07,1470.00,1560.00,0.0612,increase
4152f6c1363fa36c33a60c6a311d543c,Balenciaga_FRA_52997121QBJ4011,52997121QBJ4011,FRA,Bags,EUR,2026-09-07,690.00,730.00,0.0580,increase
1aabe89fcca5e3274ee2382611b2b5c2,Balenciaga_FRA_5299714GOPH5723,5299714GOPH5723,FRA,Bags,EUR,2026-09-07,2950.00,3130.00,0.0610,increase
918d1154708dbca543f9c3cd04836c00,Balenciaga_FRA_529971TEYU71000,529971TEYU71000,FRA,Bags,EUR,2026-09-07,1500.00,1580.00,0.0533,increase
2d5356c8413046d9db36e2cbec794b44,Balenciaga_FRA_53089821CU23258,53089821CU23258,FRA,Small Leather Goods,EUR,2026-09-07,250.00,265.00,0.0600,increase
e60261e60f3c5690d3ca51c4aca4eb5c,Balenciaga_FRA_5308982ABS69000,5308982ABS69000,FRA,Small Leather Goods,EUR,2026-09-07,295.00,315.00,0.0678,increase
4e244a923699da6999fc32b03c07ef02,Balenciaga_FRA_5333162APVK1000,5333162APVK1000,FRA,Accessories,EUR,2026-09-07,350.00,370.00,0.0571,increase
f9fff5228a6c008c559721fa8ed4b199,Balenciaga_FRA_5333164GXRM5723,5333164GXRM5723,FRA,Accessories,EUR,2026-09-07,465.00,495.00,0.0645,increase
13f019a025d17d06984e702c2eb067e0,Balenciaga_FRA_533654213HK1090,533654213HK1090,FRA,Small Leather Goods,EUR,2026-09-07,995.00,1050.00,0.0553,increase
12bf493912d1a2734aff9bf6ab9a0ce4,Balenciaga_FRA_533654THV4T1251,533654THV4T1251,FRA,Accessories,EUR,2026-09-07,350.00,370.00,0.0571,increase
4b6ec25135c3dc14ae12a0c5ea29e450,Balenciaga_FRA_53413121R3X1000,53413121R3X1000,FRA,Bags,EUR,2026-09-07,2580.00,2740.00,0.0620,increase
028c0dd09ec209eed4c90de36c43f90b,Balenciaga_FRA_5341312AZ5Y1210,5341312AZ5Y1210,FRA,Bags,EUR,2026-09-07,2490.00,2640.00,0.0602,increase
196e1333794d51e2925e315eadc70c7b,Balenciaga_FRA_5341314GAPT1000,5341314GAPT1000,FRA,Bags,EUR,2026-09-07,3380.00,3580.00,0.0592,increase
38532fb44c4f50f106c4ffd7df9baffd,Balenciaga_FRA_5341314GI642840,5341314GI642840,FRA,Bags,EUR,2026-09-07,3120.00,3310.00,0.0609,increase
be1aa355b5d6f63e18abc80d3f20330c,Balenciaga_FRA_534131WS53L2840,534131WS53L2840,FRA,Bags,EUR,2026-09-07,2150.00,2280.00,0.0605,increase
1ff374a958d650538b58e62963c99a44,Balenciaga_FRA_53659021R122533,53659021R122533,FRA,Bags,EUR,2026-09-07,395.00,420.00,0.0633,increase
1ef59f2923fe2a82b64aad73d071f04d,Balenciaga_FRA_536590TT9831251,536590TT9831251,FRA,Bags,EUR,2026-09-07,935.00,990.00,0.0588,increase
972223fa7106a0193725619b62ad32dc,Balenciaga_FRA_539788TAQB38122,539788TAQB38122,FRA,Bags,EUR,2026-09-07,1450.00,1540.00,0.0621,increase
d83b9eb41320b9aa6eff6324444f2333,Balenciaga_FRA_539914WQIJ69020,539914WQIJ69020,FRA,Small Leather Goods,EUR,2026-09-07,250.00,265.00,0.0600,increase
dfbebf794ff0fa73d9fee865c1a27d8a,Balenciaga_FRA_54096221JKJ5723,54096221JKJ5723,FRA,Small Leather Goods,EUR,2026-09-07,325.00,345.00,0.0615,increase
99abc88352de91144bf27304cf9f8e71,Balenciaga_FRA_54096221R8F1000,54096221R8F1000,FRA,Small Leather Goods,EUR,2026-09-07,365.00,385.00,0.0548,increase
7590ad75ebb3a7b6d402d23e5d12077f,Balenciaga_FRA_5409624GX4F1000,5409624GX4F1000,FRA,Small Leather Goods,EUR,2026-09-07,990.00,1050.00,0.0606,increase
9cd890c23916ff78e0975286dc336497,Balenciaga_FRA_540962T5NE71210,540962T5NE71210,FRA,Small Leather Goods,EUR,2026-09-07,290.00,305.00,0.0517,increase
1101425be0aff942e9405bc013c4e5da,Balenciaga_FRA_540962TTG124200,540962TTG124200,FRA,Small Leather Goods,EUR,2026-09-07,275.00,290.00,0.0545,increase
008f1ecdeedfdf6919c6427ee433872d,Balenciaga_FRA_540962WD2T71251,540962WD2T71251,FRA,Small Leather Goods,EUR,2026-09-07,890.00,945.00,0.0618,increase
4f069f0adf549bb61bada408a9029a7c,Balenciaga_FRA_54300421W5L1000,54300421W5L1000,FRA,Accessories,EUR,2026-09-07,230.00,255.00,0.1087,increase
0df7d4473c62f63590c15b129864cb6e,Balenciaga_FRA_5433214G4QH1240,5433214G4QH1240,FRA,Bags,EUR,2026-09-07,1450.00,1540.00,0.0621,increase
b9c8d0a6620d041bdcd6e1695cb10d2e,Balenciaga_FRA_543321TT8F11000,543321TT8F11000,FRA,Bags,EUR,2026-09-07,2500.00,2650.00,0.0600,increase
e35b77836a629baf593d3b58526815f9,Balenciaga_FRA_543321TTJN28122,543321TTJN28122,FRA,Bags,EUR,2026-09-07,2560.00,2710.00,0.0586,increase
9b7d4017fc89669d0605e7c9d9affc0f,Balenciaga_FRA_543321W65TT1000,543321W65TT1000,FRA,Bags,EUR,2026-09-07,1590.00,1690.00,0.0629,increase
3d106499426a98927cd78b77e0580021,Balenciaga_FRA_543321WALW40911,543321WALW40911,FRA,Bags,EUR,2026-09-07,4390.00,4650.00,0.0592,increase
dc2810cf855264d9f378cc6f308d65de,Balenciaga_FRA_54493221SAD1000,54493221SAD1000,FRA,Bags,EUR,2026-09-07,1210.00,1280.00,0.0579,increase
e249192ccd372839d7de3d1b082b8ab1,Balenciaga_FRA_5449322AYZX0911,5449322AYZX0911,FRA,Bags,EUR,2026-09-07,2100.00,2220.00,0.0571,increase
2e656572c13a5b2f9b7ccc67bcd0bc35,Balenciaga_FRA_5449324G4HJ0926,5449324G4HJ0926,FRA,Bags,EUR,2026-09-07,805.00,855.00,0.0621,increase
405cfbe4286e3b8721e45c1c752931a7,Balenciaga_FRA_5449324GQLA8065,5449324GQLA8065,FRA,Bags,EUR,2026-09-07,1880.00,1990.00,0.0585,increase
fd8d8f7bc80e5542c310628e65661c31,Balenciaga_FRA_5449324GWV24011,5449324GWV24011,FRA,Bags,EUR,2026-09-07,2630.00,2790.00,0.0608,increase
d2db55244b3b22dcb108a0c6221327df,Balenciaga_FRA_544932W60MX2840,544932W60MX2840,FRA,Bags,EUR,2026-09-07,1570.00,1660.00,0.0573,increase
e191bdb5fc8b73c8fbdb42c4b4b57d39,Balenciaga_FRA_546998213YO9104,546998213YO9104,FRA,Bags,EUR,2026-09-07,350.00,370.00,0.0571,increase
e9e8b76d743afc5da49f2dd2ddf803be,Balenciaga_FRA_5469982ABEE9002,5469982ABEE9002,FRA,Bags,EUR,2026-09-07,755.00,800.00,0.0596,increase
175c41d9f47f722a0b53c33f8bd16a39,Balenciaga_FRA_5482214GQV51000,5482214GQV51000,FRA,Bags,EUR,2026-09-07,2150.00,2280.00,0.0605,increase
27230f9b1b567d7140e1fd0e023b13d2,Balenciaga_FRA_5505264G0059002,5505264G0059002,FRA,Bags,EUR,2026-09-07,1070.00,1130.00,0.0561,increase
f31a725a31270ccc19264137ba8a691b,Balenciaga_FRA_552358T6AME4011,552358T6AME4011,FRA,Bags,EUR,2026-09-07,2080.00,2200.00,0.0577,increase
e4e2767e5ffb5e0d7ab2c5ba23a863c9,Balenciaga_FRA_553957TBSVE4200,553957TBSVE4200,FRA,Small Leather Goods,EUR,2026-09-07,395.00,420.00,0.0633,increase
7fb00db3526bd55a7246829586b415d0,Balenciaga_FRA_553957WO6SQ1251,553957WO6SQ1251,FRA,Small Leather Goods,EUR,2026-09-07,365.00,385.00,0.0548,increase
ba443defcff6cc129caf30bfd4f65d81,Balenciaga_FRA_5543034GFF51000,5543034GFF51000,FRA,Bags,EUR,2026-09-07,3950.00,4190.00,0.0608,increase
be98d0f577626466599b423455342a39,Balenciaga_FRA_554303TCULN5723,554303TCULN5723,FRA,Bags,EUR,2026-09-07,1450.00,1540.00,0.0621,increase
07d21c9f7d093da9c76b076eec957835,Balenciaga_FRA_554303WHAQI0926,554303WHAQI0926,FRA,Bags,EUR,2026-09-07,2150.00,2280.00,0.0605,increase
5aefab558e8637cd674752fa8344b15e,Balenciaga_FRA_558209TUR5X2840,558209TUR5X2840,FRA,Small Leather Goods,EUR,2026-09-07,265.00,280.00,0.0566,increase
7b340cec5c7ad36aaf19e52d29009475,Balenciaga_FRA_558209WQ28U8122,558209WQ28U8122,FRA,Small Leather Goods,EUR,2026-09-07,495.00,525.00,0.0606,increase
dff5452749e527066eeab90b7e15214f,Balenciaga_FRA_5628362AZUH1000,5628362AZUH1000,FRA,Bags,EUR,2026-09-07,3670.00,3890.00,0.0599,increase
be8c856fcab072031d216e7a6f0ac425,Balenciaga_FRA_5628364GG1K4011,5628364GG1K4011,FRA,Bags,EUR,2026-09-07,2690.00,2850.00,0.0595,increase
183d8fe8791432afb5cc037b527c4760,Balenciaga_FRA_562836TTSKW3258,562836TTSKW3258,FRA,Bags,EUR,2026-09-07,1600.00,1690.00,0.0563,increase
359ffef64cf69b1eb0f248d0b4e1d86e,Balenciaga_FRA_562836TXYUY1210,562836TXYUY1210,FRA,Bags,EUR,2026-09-07,2990.00,3170.00,0.0602,increase
cc251fc465cc260997c13d48e8b84ddd,Balenciaga_FRA_5678242AIHF1000,5678242AIHF1000,FRA,Bags,EUR,2026-09-07,2950.00,3130.00,0.0610,increase
19002c5e2fed2a44724af5e9b3c4675f,Balenciaga_FRA_567824WUMAJ8065,567824WUMAJ8065,FRA,Bags,EUR,2026-09-07,2590.00,2750.00,0.0618,increase
f5abd43fc1bf18b671bc70d1ff77b3b0,Balenciaga_FRA_57372021BEH1000,57372021BEH1000,FRA,Bags,EUR,2026-09-07,2400.00,2540.00,0.0583,increase
0a9d617c2617afb5965254ee65550f42,Balenciaga_FRA_5737202AWYK1000,5737202AWYK1000,FRA,Bags,EUR,2026-09-07,1760.00,1870.00,0.0625,increase
669241a265984b26c98dec8530dd9bd1,Balenciaga_FRA_573720WMG5U3258,573720WMG5U3258,FRA,Bags,EUR,2026-09-07,2050.00,2170.00,0.0585,increase
66c412d12411ca2018cb05791e6b242b,Balenciaga_FRA_5851324GHQ51090,5851324GHQ51090,FRA,Bags,EUR,2026-09-07,1140.00,1210.00,0.0614,increase
2389290dcd7c224b43b71d2d75cce470,Balenciaga_FRA_585132TTBXP1090,585132TTBXP1090,FRA,Bags,EUR,2026-09-07,2520.00,2670.00,0.0595,increase
1bb6ce886c02c216b1949a13ac69df2d,Balenciaga_FRA_585609216ZI1210,585609216ZI1210,FRA,Bags,EUR,2026-09-07,460.00,490.00,0.0652,increase
0e8cede60b5ee9451a06c4b2b689a948,Balenciaga_FRA_5856092AB8R1000,5856092AB8R1000,FRA,Bags,EUR,2026-09-07,1990.00,2110.00,0.0603,increase
c357eba2b554cd5d7da8f257c50a7eac,Balenciaga_FRA_5861342A5ZF2533,5861342A5ZF2533,FRA,Bags,EUR,2026-09-07,2760.00,2930.00,0.0616,increase
2a8720af9290e0cf1349577361b76327,Balenciaga_FRA_5861342ABDK1000,5861342ABDK1000,FRA,Bags,EUR,2026-09-07,2950.00,3130.00,0.0610,increase
7c6b3bb64278697543780b83fea386de,Balenciaga_FRA_5861462ABI32533,5861462ABI32533,FRA,Bags,EUR,2026-09-07,2150.00,2280.00,0.0605,increase
f6c959499a05476080f4eb7902cc1c62,Balenciaga_FRA_586146TO7IY1210,586146TO7IY1210,FRA,Bags,EUR,2026-09-07,2150.00,2280.00,0.0605,increase
6ad8c2faf82898099937333f241a7e16,Balenciaga_FRA_586146TRVHI2533,586146TRVHI2533,FRA,Bags,EUR,2026-09-07,2490.00,2640.00,0.0602,increase
ee70d4b4ddc827040edf64a316fd4e6f,Balenciaga_FRA_586146TTWU21240,586146TTWU21240,FRA,Bags,EUR,2026-09-07,2100.00,2220.00,0.0571,increase
7233fd708d4dad2868b0728093475087,Balenciaga_FRA_586146W1WP65723,586146W1WP65723,FRA,Bags,EUR,2026-09-07,2640.00,2800.00,0.0606,increase
fc25b38ba918ce6fe16693b991a8d5ea,Balenciaga_FRA_586146WBD2S8122,586146WBD2S8122,FRA,Bags,EUR,2026-09-07,1690.00,1790.00,0.0592,increase
466026a29c2ccfd0f59f6144cc01438b,Balenciaga_FRA_5898034GZAD1000,5898034GZAD1000,FRA,Bags,EUR,2026-09-07,2750.00,2920.00,0.0618,increase
5a462c4d26ca3c3eff2a6f7ce632b6e2,Balenciaga_FRA_589803TTLSW4011,589803TTLSW4011,FRA,Bags,EUR,2026-09-07,1900.00,2010.00,0.0579,increase
db8a7d97ef9d45865809ceeb581d13b0,Balenciaga_FRA_5919172AZ1O5723,5919172AZ1O5723,FRA,Small Leather Goods,EUR,2026-09-07,275.00,290.00,0.0545,increase
ed9527e67bbd23ccbe86b1cf0ff464da,Balenciaga_FRA_5919174GT0G9000,5919174GT0G9000,FRA,Small Leather Goods,EUR,2026-09-07,450.00,475.00,0.0556,increase
dd03afa09b7a4fc020cae745c9db423c,Balenciaga_FRA_591917W3LVJ1000,591917W3LVJ1000,FRA,Small Leather Goods,EUR,2026-09-07,475.00,505.00,0.0632,increase
5875629a807c590017a549a3fbdf7c84,Balenciaga_FRA_596501218XT4200,596501218XT4200,FRA,Bags,EUR,2026-09-07,2660.00,2820.00,0.0602,increase
a3e570c3bc330df61a5ee6c0b41b0bce,Balenciaga_FRA_59650121J5P2533,59650121J5P2533,FRA,Bags,EUR,2026-09-07,2660.00,2820.00,0.0602,increase
61750d4745ca6d9c6d6769f9b82c0572,Balenciaga_FRA_596501TY52T1000,596501TY52T1000,FRA,Bags,EUR,2026-09-07,2190.00,2320.00,0.0594,increase
48f456738d6b68b2a05c578f68417133,Balenciaga_FRA_596501W8PY42840,596501W8PY42840,FRA,Bags,EUR,2026-09-07,2000.00,2120.00,0.0600,increase
25f4aa6bcc23bf4775b14556ba287e8a,Balenciaga_FRA_600325214860911,600325214860911,FRA,Bags,EUR,2026-09-07,1630.00,1730.00,0.0613,increase
c9f9f85ad63449e5ab93c87f85e2625e,Balenciaga_FRA_6003254G0R28122,6003254G0R28122,FRA,Bags,EUR,2026-09-07,1700.00,1800.00,0.0588,increase
563e2e67be0227f6795229dc00d9b955,Balenciaga_FRA_600325TT4SF1000,600325TT4SF1000,FRA,Bags,EUR,2026-09-07,2500.00,2650.00,0.0600,increase
5aef596fc029a1c52b9d0b3244d9a403,Balenciaga_FRA_6039712AHBR3258,6039712AHBR3258,FRA,Bags,EUR,2026-09-07,2500.00,2650.00,0.0600,increase
818f6e55c2dc9e0ec3d18f9989a020f4,Balenciaga_FRA_6039714G6ZW1090,6039714G6ZW1090,FRA,Bags,EUR,2026-09-07,9050.00,9600.00,0.0608,increase
3f3019ecb2cdb7989b438372f9f6f155,Balenciaga_FRA_6043422ABBQ0911,6043422ABBQ0911,FRA,Accessories,EUR,2026-09-07,1590.00,1690.00,0.0629,increase
a3e054ebdc226a10f4c1e7cfa1a398f9,Balenciaga_FRA_6043424G58X9000,6043424G58X9000,FRA,Accessories,EUR,2026-09-07,3800.00,4030.00,0.0605,increase
feb82467976749dccc83e51c4b78b0e7,Balenciaga_FRA_604342TN9E49000,604342TN9E49000,FRA,Accessories,EUR,2026-09-07,1890.00,2000.00,0.0582,increase
ef9d91052cdd543c6efc84be7a330e51,Balenciaga_FRA_605291218ME1000,605291218ME1000,FRA,Small Leather Goods,EUR,2026-09-07,350.00,370.00,0.0571,increase
087313bf69d6e0f90138ab44fdc988dd,Balenciaga_FRA_6052912ABSR1210,6052912ABSR1210,FRA,Small Leather Goods,EUR,2026-09-07,390.00,415.00,0.0641,increase
3f9e21d99937fd8c6fb5e1a67a2143e1,Balenciaga_FRA_6067874GSEE1084,6067874GSEE1084,FRA,Bags,EUR,2026-09-07,2390.00,2530.00,0.0586,increase
882debc27f3d33641e9ace7319fc4039,Balenciaga_FRA_606787WJ1DK1251,606787WJ1DK1251,FRA,Bags,EUR,2026-09-07,1950.00,2070.00,0.0615,increase
3b7de69eac2d1c3e26313c972927d430,Balenciaga_FRA_6068722A74C0911,6068722A74C0911,FRA,Small Leather Goods,EUR,2026-09-07,395.00,420.00,0.0633,increase
df00f9b0e20d0d28e2fde16be81b5f31,Balenciaga_FRA_606872TJ2VY9000,606872TJ2VY9000,FRA,Bags,EUR,2026-09-07,715.00,760.00,0.0629,increase
32e27fbabdb1ddb10b9b9b255a0d632f,Balenciaga_FRA_606872TTD4I1000,606872TTD4I1000,FRA,Small Leather Goods,EUR,2026-09-07,495.00,525.00,0.0606,increase
8867f6e16896dd66c7b90e575d0fc37e,Balenciaga_FRA_606872WCITL8065,606872WCITL8065,FRA,Accessories,EUR,2026-09-07,260.00,280.00,0.0769,increase
efb1fef043b271266bca868bcc810865,Balenciaga_FRA_6081552A3911090,6081552A3911090,FRA,Bags,EUR,2026-09-07,650.00,690.00,0.0615,increase
f1d0dba8fce71f0414012f62d454f0fd,Balenciaga_FRA_6090452AB6B0926,6090452AB6B0926,FRA,Small Leather Goods,EUR,2026-09-07,350.00,370.00,0.0571,increase
108690eacef290d9f25d9f22a79de9d4,Balenciaga_FRA_6090454GFZ40926,6090454GFZ40926,FRA,Small Leather Goods,EUR,2026-09-07,850.00,900.00,0.0588,increase
087ec00a3f733d1c993639407384fbfe,Balenciaga_FRA_60976421CA79000,60976421CA79000,FRA,Accessories,EUR,2026-09-07,690.00,730.00,0.0580,increase
0a4a124ac49f5a4667d3afd082e31709,Balenciaga_FRA_609764W580V9002,609764W580V9002,FRA,Accessories,EUR,2026-09-07,470.00,500.00,0.0638,increase
7e4e57a35f535042211591d229bec9e8,Balenciaga_FRA_6106004GZJF9104,6106004GZJF9104,FRA,Bags,EUR,2026-09-07,1500.00,1590.00,0.0600,increase
215b5fd19dd0d45012d3dbb2a0c228f3,Balenciaga_FRA_610600WI7Z98065,610600WI7Z98065,FRA,Bags,EUR,2026-09-07,795.00,845.00,0.0629,increase
52323efd8b35cd17d185ce35d2250638,Balenciaga_FRA_614404TT16Q1251,614404TT16Q1251,FRA,Bags,EUR,2026-09-07,2450.00,2600.00,0.0612,increase
0fc9fee8ba0385935090eade35a0b2b1,Balenciaga_FRA_6154342AB0Q2533,6154342AB0Q2533,FRA,Bags,EUR,2026-09-07,2500.00,2650.00,0.0600,increase
daedab3aab5cf5cdefe9dfa9fb43b2e3,Balenciaga_FRA_6154342AFAB4011,6154342AFAB4011,FRA,Bags,EUR,2026-09-07,1960.00,2080.00,0.0612,increase
954a5e0042de9436bd7cbedbafb28592,Balenciaga_FRA_6154344GBXM0926,6154344GBXM0926,FRA,Bags,EUR,2026-09-07,2200.00,2330.00,0.0591,increase
b7b5d7d1811e26246f72b3fcbc075bf6,Balenciaga_FRA_615434TT9YP0127,615434TT9YP0127,FRA,Bags,EUR,2026-09-07,1740.00,1840.00,0.0575,increase
9d12bc9d7cc8b887b4a173af5b0e4e47,Balenciaga_FRA_61818021PJ51090,61818021PJ51090,FRA,Accessories,EUR,2026-09-07,275.00,290.00,0.0545,increase
aadc8554ea056d7e60563d517fec41c6,Balenciaga_FRA_6181802A8GI8065,6181802A8GI8065,FRA,Accessories,EUR,2026-09-07,1350.00,1430.00,0.0593,increase
f49677e6ec799d0eb3bb76b97775d2f3,Balenciaga_FRA_6181802ABRM1084,6181802ABRM1084,FRA,Accessories,EUR,2026-09-07,1320.00,1400.00,0.0606,increase
3d061dd65d2b0da3da85107ce3678bb1,Balenciaga_FRA_618809TH1H49020,618809TH1H49020,FRA,Small Leather Goods,EUR,2026-09-07,1350.00,1430.00,0.0593,increase
1ab1279dfcfea4394e4d42e5d972b19f,Balenciaga_FRA_618809WDY7T2840,618809WDY7T2840,FRA,Small Leather Goods,EUR,2026-09-07,3600.00,3820.00,0.0611,increase
a4974bbd7bfadf147c594379223ee049,Balenciaga_FRA_61979921UMQ9000,61979921UMQ9000,FRA,Small Leather Goods,EUR,2026-09-07,350.00,370.00,0.0571,increase
145d0359c03c3045101d984225ce3f00,Balenciaga_FRA_6197992ABGI2840,6197992ABGI2840,FRA,Small Leather Goods,EUR,2026-09-07,250.00,265.00,0.0600,increase
2b28ddcd2b3fa0c9c9386500ad45b919,Balenciaga_FRA_6200252AB6C2840,6200252AB6C2840,FRA,Bags,EUR,2026-09-07,2080.00,2200.00,0.0577,increase
ef8e6c51e3c41806c2d2fd03f284b3f1,Balenciaga_FRA_620025TTOCR3258,620025TTOCR3258,FRA,Bags,EUR,2026-09-07,2490.00,2640.00,0.0602,increase
eb437388d8056843031fa0dcf3ec5f5f,Balenciaga_FRA_6206382A28F2533,6206382A28F2533,FRA,Bags,EUR,2026-09-07,2650.00,2810.00,0.0604,increase
cfcf5edf12c9d2ac4dc941381fec07e9,Balenciaga_FRA_62422121YB51240,62422121YB51240,FRA,Bags,EUR,2026-09-07,495.00,525.00,0.0606,increase
8c414aab599dedcd7ff74f8232b497e3,Balenciaga_FRA_624221TTQWM8065,624221TTQWM8065,FRA,Bags,EUR,2026-09-07,490.00,520.00,0.0612,increase
27d045489cd3a6e9e890a12c651ce61f,Balenciaga_FRA_624221WD4EL9020,624221WD4EL9020,FRA,Bags,EUR,2026-09-07,1090.00,1160.00,0.0642,increase
c9f9909c42092e33d07f4a0bf3881f45,Balenciaga_FRA_6257174GF6W2533,6257174GF6W2533,FRA,Small Leather Goods,EUR,2026-09-07,220.00,235.00,0.0682,increase
454ddd092503e38d385783cf59618933,Balenciaga_FRA_627903TTOKK2840,627903TTOKK2840,FRA,Bags,EUR,2026-09-07,350.00,370.00,0.0571,increase
6a4a4b8f409d7e70120fbd133dc72e92,Balenciaga_FRA_6305072110B1041,6305072110B1041,FRA,Bags,EUR,2026-09-07,3550.00,3760.00,0.0592,increase
aec742f2d1d78c8bc3cc8851e23ac03c,Balenciaga_FRA_63050721WLN1251,63050721WLN1251,FRA,Bags,EUR,2026-09-07,1670.00,1770.00,0.0599,increase
2dd94b192be53748b01b709bc3a7c6a5,Balenciaga_FRA_630507TTWFZ1240,630507TTWFZ1240,FRA,Bags,EUR,2026-09-07,2870.00,3040.00,0.0592,increase
3d209243fc7d28b5d7ed8c07bcfbad93,Balenciaga_FRA_630507WVDSS9002,630507WVDSS9002,FRA,Bags,EUR,2026-09-07,2850.00,3020.00,0.0596,increase
b9738dfbd281d061fd342b1098b66342,Balenciaga_FRA_630507WZAMO2533,630507WZAMO2533,FRA,Bags,EUR,2026-09-07,3680.00,3900.00,0.0598,increase
ec8781d66ebe339ef4f44cedd5acbb11,Balenciaga_FRA_6319002AAW31090,6319002AAW31090,FRA,Bags,EUR,2026-09-07,1900.00,2010.00,0.0579,increase
7008fd771069b080bff36d59a7ec7891,Balenciaga_FRA_6319002ABTX1000,6319002ABTX1000,FRA,Bags,EUR,2026-09-07,2630.00,2790.00,0.0608,increase
cb01e7c496839678145ab69aadff986f,Balenciaga_FRA_6319002AWRE9104,6319002AWRE9104,FRA,Bags,EUR,2026-09-07,2500.00,2640.00,0.0560,increase
bae406d00ed6215ee50ce727ecdcaf2f,Balenciaga_FRA_6319004GBUF5723,6319004GBUF5723,FRA,Bags,EUR,2026-09-07,2640.00,2800.00,0.0606,increase
c08ccb3acfbcd2239587b2b5c230b2ea,Balenciaga_FRA_631900TT6TA9000,631900TT6TA9000,FRA,Bags,EUR,2026-09-07,1930.00,2050.00,0.0622,increase
b69ce211135a46b8cae9bce447250e68,Balenciaga_FRA_631900TTHUH1000,631900TTHUH1000,FRA,Bags,EUR,2026-09-07,2150.00,2280.00,0.0605,increase
7ebeaa137900772a8829d8a2030666c8,Balenciaga_FRA_631900TTM6O1000,631900TTM6O1000,FRA,Bags,EUR,2026-09-07,2650.00,2810.00,0.0604,increase
f9e85e7ce0f2f96d73cbab3027dbdcc3,Balenciaga_FRA_631900WDUX21090,631900WDUX21090,FRA,Bags,EUR,2026-09-07,3100.00,3280.00,0.0581,increase
391e3432451a7aabf70a9e90b10749e6,Balenciaga_FRA_631900WFXVH1000,631900WFXVH1000,FRA,Bags,EUR,2026-09-07,2190.00,2320.00,0.0594,increase
3f8cfe6d1e3111d45b1b2ff4cf76960a,Balenciaga_FRA_63238321K5N1090,63238321K5N1090,FRA,Small Leather Goods,EUR,2026-09-07,3290.00,3490.00,0.0608,increase
07a859f44f37fcdaf0a7437f94847148,Balenciaga_FRA_6341232ABT41041,6341232ABT41041,FRA,Bags,EUR,2026-09-07,1100.00,1160.00,0.0545,increase
88b252138d94564919f764673decdc68,Balenciaga_FRA_634123TF2SO0911,634123TF2SO0911,FRA,Bags,EUR,2026-09-07,1350.00,1430.00,0.0593,increase
55ef03661b328f3b6e70cc02d8ab35aa,Balenciaga_FRA_634123TTEWD5723,634123TTEWD5723,FRA,Bags,EUR,2026-09-07,2890.00,3060.00,0.0588,increase
a0990ecfd710d3aa80b0c2e546669df5,Balenciaga_FRA_639916T3NGA1000,639916T3NGA1000,FRA,Small Leather Goods,EUR,2026-09-07,1650.00,1750.00,0.0606,increase
febb1bbc07d8f6536797fa74ce321384,Balenciaga_FRA_6416162ABYP9002,6416162ABYP9002,FRA,Bags,EUR,2026-09-07,1190.00,1260.00,0.0588,increase
e7259a709f864ff919b12143b0c3d033,Balenciaga_FRA_6482272AB7M0127,6482272AB7M0127,FRA,Bags,EUR,2026-09-07,850.00,900.00,0.0588,increase
49fea48ed311bd5ac8544d0d6d059607,Balenciaga_FRA_648227WHLJF3258,648227WHLJF3258,FRA,Bags,EUR,2026-09-07,2730.00,2890.00,0.0586,increase
ac8a6fda4f849c6a8d19d2ed0d2f7a5f,Balenciaga_FRA_65021421L5I4200,65021421L5I4200,FRA,Small Leather Goods,EUR,2026-09-07,340.00,360.00,0.0588,increase
f9dfd39e8f74f1d275032f98e841211c,Balenciaga_FRA_6502142A5IF9000,6502142A5IF9000,FRA,Small Leather Goods,EUR,2026-09-07,260.00,275.00,0.0577,increase
6abb1f956bb74fb26e459650ef528cd5,Balenciaga_FRA_65463321I4N1000,65463321I4N1000,FRA,Bags,EUR,2026-09-07,790.00,835.00,0.0570,increase
aea9babd8b23423eabbc3df51b342b91,Balenciaga_FRA_6582622A6FA9020,6582622A6FA9020,FRA,Bags,EUR,2026-09-07,1470.00,1560.00,0.0612,increase
2a2d19e088bf815115e7371d662fb00b,Balenciaga_FRA_658262W7ZM61090,658262W7ZM61090,FRA,Bags,EUR,2026-09-07,395.00,420.00,0.0633,increase
5c4f70732de529e6ff010a758408b248,Balenciaga_FRA_6595782AB1G2533,6595782AB1G2533,FRA,Bags,EUR,2026-09-07,260.00,275.00,0.0577,increase
92259185a73865dbbcd28fb1877fbf84,Balenciaga_FRA_659578WTHGI0127,659578WTHGI0127,FRA,Bags,EUR,2026-09-07,365.00,385.00,0.0548,increase
afb8cc9c483d5986ccf7bd2cf7deb5ae,Balenciaga_FRA_664769WDPAE8065,664769WDPAE8065,FRA,Bags,EUR,2026-09-07,1960.00,2080.00,0.0612,increase
2339a88ebb99a13400f54dff760e1a12,Balenciaga_FRA_6661592ABB71000,6661592ABB71000,FRA,Small Leather Goods,EUR,2026-09-07,785.00,830.00,0.0573,increase
eff4775697cfed46117aeeddf69cb346,Balenciaga_FRA_666159TT9KL9000,666159TT9KL9000,FRA,Small Leather Goods,EUR,2026-09-07,250.00,265.00,0.0600,increase
631b0c38d6443366fd73047382a3299b,Balenciaga_FRA_668213WBX4D2533,668213WBX4D2533,FRA,Bags,EUR,2026-09-07,2450.00,2600.00,0.0612,increase
67940ab7cc3c7d6158d4386c9e367f0b,Balenciaga_FRA_668213WIM2Q0911,668213WIM2Q0911,FRA,Bags,EUR,2026-09-07,2300.00,2430.00,0.0565,increase
51038f2a772014e99eb4dbae972201c1,Balenciaga_FRA_6703942ADO60911,6703942ADO60911,FRA,Small Leather Goods,EUR,2026-09-07,350.00,370.00,0.0571,increase
7ff748d35d8b1a2de049543c7f3c8e15,Balenciaga_FRA_6703942AJWP9002,6703942AJWP9002,FRA,Small Leather Goods,EUR,2026-09-07,255.00,270.00,0.0588,increase
84c7fdb4a8938fc906b9855f90483518,Balenciaga_FRA_6703944GWYS4200,6703944GWYS4200,FRA,Small Leather Goods,EUR,2026-09-07,320.00,340.00,0.0625,increase
075cbc6bd4814c54d8b057aef4b70b8d,Balenciaga_FRA_6704764GD9W5723,6704764GD9W5723,FRA,Bags,EUR,2026-09-07,395.00,420.00,0.0633,increase
d98cd75ff48a7284bfcd6f6ebea19b38,Balenciaga_FRA_673470TS1LV2533,673470TS1LV2533,FRA,Accessories,EUR,2026-09-07,260.00,275.00,0.0577,increase
e7f5b4750ff8785accce312576247c9b,Balenciaga_FRA_67679221VL61210,67679221VL61210,FRA,Bags,EUR,2026-09-07,2300.00,2430.00,0.0565,increase
e6562d5e0450222940b98fe5ef6efc30,Balenciaga_FRA_6767922AB4K1090,6767922AB4K1090,FRA,Bags,EUR,2026-09-07,1420.00,1510.00,0.0634,increase
7218bd15e5add0f4d3c74d71e08fe776,Balenciaga_FRA_6767922APFE1000,6767922APFE1000,FRA,Bags,EUR,2026-09-07,2000.00,2110.00,0.0550,increase
b504b1126b73c674ca9a16b6decc31f5,Balenciaga_FRA_676820WGNH62533,676820WGNH62533,FRA,Bags,EUR,2026-09-07,2050.00,2170.00,0.0585,increase
1011bbf0d17e6733d2e7e6cdcc45a939,Balenciaga_FRA_6778232A4ZU9020,6778232A4ZU9020,FRA,Bags,EUR,2026-09-07,2290.00,2430.00,0.0611,increase
5e32f6e544b62b8a24668707ec1eb360,Balenciaga_FRA_6778234GNKV1000,6778234GNKV1000,FRA,Bags,EUR,2026-09-07,1900.00,2010.00,0.0579,increase
c8648012639c8d7c4dce002f8f150352,Balenciaga_FRA_677823TPXBN1090,677823TPXBN1090,FRA,Bags,EUR,2026-09-07,2900.00,3070.00,0.0586,increase
f24cc675c07d5fc8e580c636bedb7c22,Balenciaga_FRA_6786802AEJ81000,6786802AEJ81000,FRA,Small Leather Goods,EUR,2026-09-07,1990.00,2110.00,0.0603,increase
18b0658a8a82c68807b1f3eef672ad84,Balenciaga_FRA_687101TK1EY1000,687101TK1EY1000,FRA,Bags,EUR,2026-09-07,2750.00,2920.00,0.0618,increase
cef6abc9273c1f7decd24877e5d8444a,Balenciaga_FRA_687101TTS681000,687101TTS681000,FRA,Bags,EUR,2026-09-07,1930.00,2050.00,0.0622,increase
2c0db20c6dd5fb4695610cf35af9fa5d,Balenciaga_FRA_6873682AB3L1000,6873682AB3L1000,FRA,Bags,EUR,2026-09-07,3770.00,4000.00,0.0610,increase
16eb83f587640818ad73ad28bc75d418,Balenciaga_FRA_6873682ABYE2308,6873682ABYE2308,FRA,Bags,EUR,2026-09-07,2930.00,3110.00,0.0614,increase
cc13fee05eae58008a9649d410d2d399,Balenciaga_FRA_6873684GEGI1210,6873684GEGI1210,FRA,Bags,EUR,2026-09-07,1950.00,2070.00,0.0615,increase
962495f4158d15e95c81d118819419f0,Balenciaga_FRA_687755TT6SC1090,687755TT6SC1090,FRA,Small Leather Goods,EUR,2026-09-07,545.00,580.00,0.0642,increase
e84a8d13a0f6777ad1741e6de72f2ec6,Balenciaga_FRA_690455WM0LO0926,690455WM0LO0926,FRA,Small Leather Goods,EUR,2026-09-07,795.00,845.00,0.0629,increase
e46bce35de84c4d36cacecb5d5e1bd1d,Balenciaga_FRA_690455WV5SI9002,690455WV5SI9002,FRA,Small Leather Goods,EUR,2026-09-07,1090.00,1160.00,0.0642,increase
6cb0f996b4aaeb26008c32555356f95e,Balenciaga_FRA_698478T6LAH9020,698478T6LAH9020,FRA,Bags,EUR,2026-09-07,3750.00,3980.00,0.0613,increase
ea5e264108b75566e52d651672a68ebd,Balenciaga_FRA_698478TK52K4200,698478TK52K4200,FRA,Bags,EUR,2026-09-07,695.00,735.00,0.0576,increase
8d0d7cc6697fb98f05a955352f23fc32,Balenciaga_FRA_698478WAG0O0911,698478WAG0O0911,FRA,Bags,EUR,2026-09-07,750.00,795.00,0.0600,increase
18f9a1be8d60fb1e68e62292b1d0eee8,Balenciaga_FRA_706014TT5D61000,706014TT5D61000,FRA,Bags,EUR,2026-09-07,450.00,475.00,0.0556,increase
a03094191fba1b3b7734a32d0d54aaa1,Balenciaga_FRA_706014TTHIA8065,706014TTHIA8065,FRA,Bags,EUR,2026-09-07,435.00,460.00,0.0575,increase
3e5f408b771cb36116597c900390e488,Balenciaga_FRA_706014TV8UH1084,706014TV8UH1084,FRA,Bags,EUR,2026-09-07,680.00,720.00,0.0588,increase
11c712ba8e74695037e23202733e0010,Balenciaga_FRA_7066122A50P3258,7066122A50P3258,FRA,Small Leather Goods,EUR,2026-09-07,995.00,1050.00,0.0553,increase
a979af864a38dd39d1f0623a7944844e,Balenciaga_FRA_7066122AB3X1000,7066122AB3X1000,FRA,Small Leather Goods,EUR,2026-09-07,915.00,970.00,0.0601,increase
720adcd76f96c352fc174c13db9b5fa0,Balenciaga_FRA_7066122AY6L8065,7066122AY6L8065,FRA,Small Leather Goods,EUR,2026-09-07,1890.00,2000.00,0.0582,increase
b7b804e689e15d2a037b5fa9049f100d,Balenciaga_FRA_706612TTDZG0926,706612TTDZG0926,FRA,Small Leather Goods,EUR,2026-09-07,690.00,730.00,0.0580,increase
8e407e17980b28bf6ad94d961da1495a,Balenciaga_FRA_706612WBFE11090,706612WBFE11090,FRA,Small Leather Goods,EUR,2026-09-07,275.00,290.00,0.0545,increase
3d38fec02d95d4463cbf5a268f911094,Balenciaga_FRA_7089882AB993258,7089882AB993258,FRA,Small Leather Goods,EUR,2026-09-07,545.00,580.00,0.0642,increase
9ac1a2fcf679c76537158feb3c6d714e,Balenciaga_FRA_7089882ABJZ1251,7089882ABJZ1251,FRA,Small Leather Goods,EUR,2026-09-07,650.00,690.00,0.0615,increase
f39001e7dfe5000fe795961831313e88,Balenciaga_FRA_71088921W3O1240,71088921W3O1240,FRA,Small Leather Goods,EUR,2026-09-07,495.00,525.00,0.0606,increase
5ba965a2c5b0f16630c12a3d765ad7c4,Balenciaga_FRA_7108894GUHQ1000,7108894GUHQ1000,FRA,Small Leather Goods,EUR,2026-09-07,495.00,525.00,0.0606,increase
b9e16d7ce0dd7e911da7b175e51d9e5f,Balenciaga_FRA_711160WE21T1240,711160WE21T1240,FRA,Small Leather Goods,EUR,2026-09-07,275.00,290.00,0.0545,increase
906de45b268df47fd25841eb2c9d2eb6,Balenciaga_FRA_711160WOZ6M4011,711160WOZ6M4011,FRA,Small Leather Goods,EUR,2026-09-07,360.00,380.00,0.0556,increase
b404daaad54701adf70e2499aa7a16e3,Balenciaga_FRA_7134902AB1H4200,7134902AB1H4200,FRA,Bags,EUR,2026-09-07,2850.00,3020.00,0.0596,increase
3d9f6d07d99638f491e0aef508e0a09e,Balenciaga_FRA_713490TTJ7K2533,713490TTJ7K2533,FRA,Bags,EUR,2026-09-07,2910.00,3080.00,0.0584,increase
158639217c28ff350c1a82c6426fbad8,Balenciaga_FRA_7163572AY874200,7163572AY874200,FRA,Bags,EUR,2026-09-07,2680.00,2840.00,0.0597,increase
6882e9395ef92de60c31de1ed02e7bd7,Balenciaga_FRA_7163574GQBG9000,7163574GQBG9000,FRA,Bags,EUR,2026-09-07,1910.00,2020.00,0.0576,increase
f6cee415e734185695e931f01f984bdb,Balenciaga_FRA_7238022ALQU5723,7238022ALQU5723,FRA,Bags,EUR,2026-09-07,1550.00,1640.00,0.0581,increase
ff592a9000f8e71510d88c3a1661261b,Balenciaga_FRA_723802TPE569000,723802TPE569000,FRA,Bags,EUR,2026-09-07,1550.00,1640.00,0.0581,increase
997fb06cddbed66ee69b1c095e1419e6,Balenciaga_FRA_723802TTN6J5723,723802TTN6J5723,FRA,Bags,EUR,2026-09-07,4000.00,4240.00,0.0600,increase
63831b34bcbbef671b45b2ef359139e7,Balenciaga_FRA_7247992ABQG0926,7247992ABQG0926,FRA,Small Leather Goods,EUR,2026-09-07,695.00,735.00,0.0576,increase
460b6188e2bee06c5fc7fbd89d03e508,Balenciaga_FRA_72532821OA90911,72532821OA90911,FRA,Small Leather Goods,EUR,2026-09-07,650.00,690.00,0.0615,increase
372b670a179133aa18ddcec7b1e174ba,Balenciaga_FRA_725328TTV443258,725328TTV443258,FRA,Small Leather Goods,EUR,2026-09-07,245.00,260.00,0.0612,increase
38b67e86985f5a2948015cfa48963241,Balenciaga_FRA_72600621HFN1210,72600621HFN1210,FRA,Bags,EUR,2026-09-07,2950.00,3130.00,0.0610,increase
5be7735c563bbd8bbb26056fbfd354de,Balenciaga_FRA_7260062AINV9000,7260062AINV9000,FRA,Bags,EUR,2026-09-07,1930.00,2050.00,0.0622,increase
d9ac1f4df9a81845a99589900a896ad4,Balenciaga_FRA_7260064GLKM1000,7260064GLKM1000,FRA,Bags,EUR,2026-09-07,2650.00,2810.00,0.0604,increase
5f342b2f1c2193d06405eced3605c4b0,Balenciaga_FRA_7283052ABY31090,7283052ABY31090,FRA,Bags,EUR,2026-09-07,3080.00,3260.00,0.0584,increase
6e1b2893aca845980f8860196183e28a,Balenciaga_FRA_728305TUZCI4011,728305TUZCI4011,FRA,Bags,EUR,2026-09-07,3660.00,3880.00,0.0601,increase
4af650a6018336e63202c9153a6a5536,Balenciaga_FRA_72872721NOR1090,72872721NOR1090,FRA,Bags,EUR,2026-09-07,2030.00,2150.00,0.0591,increase
2ca1579f092957905883ce740ae52064,Balenciaga_FRA_728727WEHTC8065,728727WEHTC8065,FRA,Bags,EUR,2026-09-07,2490.00,2640.00,0.0602,increase
6c38bc85ade36f89b22eb19988dac808,Balenciaga_FRA_72918421GJI3258,72918421GJI3258,FRA,Bags,EUR,2026-09-07,2600.00,2750.00,0.0577,increase
79dd43eb1306322010dfa8517f75c6d1,Balenciaga_FRA_7297992ABTM0926,7297992ABTM0926,FRA,Bags,EUR,2026-09-07,1400.00,1480.00,0.0571,increase
97634b1c4efb6cddfb73f9014150136b,Balenciaga_FRA_7297992ACVY2840,7297992ACVY2840,FRA,Bags,EUR,2026-09-07,1570.00,1660.00,0.0573,increase
aa78a257b270705465d0de87bdceb35c,Balenciaga_FRA_729799W4YYO2533,729799W4YYO2533,FRA,Bags,EUR,2026-09-07,1870.00,1980.00,0.0588,increase
abe49b6d7a13460401cdad80f3957a58,Balenciaga_FRA_7311302ABV99104,7311302ABV99104,FRA,Bags,EUR,2026-09-07,1350.00,1430.00,0.0593,increase
9a29871f4ac29c6ad7290707275d84e4,Balenciaga_FRA_731130TEWXC1000,731130TEWXC1000,FRA,Bags,EUR,2026-09-07,1430.00,1520.00,0.0629,increase
f20040b64efaa98d800664c6e846aea4,Balenciaga_FRA_734797W7EBY1041,734797W7EBY1041,FRA,Accessories,EUR,2026-09-07,1940.00,2060.00,0.0619,increase
b274364a93f19c7d7502bb6a786eeb1d,Balenciaga_FRA_7378382ABGT0926,7378382ABGT0926,FRA,Bags,EUR,2026-09-07,1290.00,1370.00,0.0620,increase
9a788c0fa665296c90a466bdfc9b1185,Balenciaga_FRA_74009021IIT1084,74009021IIT1084,FRA,Small Leather Goods,EUR,2026-09-07,650.00,690.00,0.0615,increase
0dfd6d66dc1a04bbe508f266e88b322b,Balenciaga_FRA_740090TT35C4011,740090TT35C4011,FRA,Small Leather Goods,EUR,2026-09-07,890.00,945.00,0.0618,increase
4f9845202abd2aa9f3cd6140cf832f3c,Balenciaga_FRA_740090TTQWT5723,740090TTQWT5723,FRA,Small Leather Goods,EUR,2026-09-07,545.00,580.00,0.0642,increase
9015c3fc8c098ee52090979348b6cd88,Balenciaga_FRA_74818821RAQ1000,74818821RAQ1000,FRA,Small Leather Goods,EUR,2026-09-07,275.00,290.00,0.0545,increase
e3e28dc1829113ab234d7fab7be744ac,Balenciaga_FRA_7481882ABWW0911,7481882ABWW0911,FRA,Small Leather Goods,EUR,2026-09-07,490.00,520.00,0.0612,increase
3eefcf4942fdee4d6d3dbf0fef4853dd,Balenciaga_FRA_7481884GUB61000,7481884GUB61000,FRA,Small Leather Goods,EUR,2026-09-07,590.00,625.00,0.0593,increase
f9421609033d1205f711ce950992696c,Balenciaga_FRA_7483542ABV39020,7483542ABV39020,FRA,Bags,EUR,2026-09-07,4320.00,4580.00,0.0602,increase
6b1f5223cead1742c4f9b2513aeeccae,Balenciaga_FRA_748354T1COL0911,748354T1COL0911,FRA,Bags,EUR,2026-09-07,2020.00,2140.00,0.0594,increase
c588c2cfd7d4aa49691caa08d3506e22,Balenciaga_FRA_7517282110W1090,7517282110W1090,FRA,Small Leather Goods,EUR,2026-09-07,1200.00,1270.00,0.0583,increase
73136da2bf41d4681b4319368784900f,Balenciaga_FRA_75172821F7M1210,75172821F7M1210,FRA,Small Leather Goods,EUR,2026-09-07,895.00,950.00,0.0615,increase
072df1468d925b8f0a7bdc4f84cb7186,Balenciaga_FRA_751728WJEN18122,751728WJEN18122,FRA,Small Leather Goods,EUR,2026-09-07,950.00,1010.00,0.0632,increase
1964ac673ff552b3a0e030bca594a50a,Balenciaga_FRA_7616174GM071041,7616174GM071041,FRA,Small Leather Goods,EUR,2026-09-07,275.00,290.00,0.0545,increase
a53e9358848465be3b93017439d60685,Balenciaga_FRA_770260WXM7O1210,770260WXM7O1210,FRA,Bags,EUR,2026-09-07,2840.00,3010.00,0.0599,increase
680b0c800891b0d27ae7950b6cb4e430,Balenciaga_FRA_77077921FFS1090,77077921FFS1090,FRA,Small Leather Goods,EUR,2026-09-07,280.00,295.00,0.0536,increase
58f3bc6335b3148e145c1351588dafca,Balenciaga_FRA_77077921PII8122,77077921PII8122,FRA,Small Leather Goods,EUR,2026-09-07,475.00,505.00,0.0632,increase
877b669832deedae32df2f1855ddb3a4,Balenciaga_FRA_7707792A4VV4011,7707792A4VV4011,FRA,Small Leather Goods,EUR,2026-09-07,395.00,420.00,0.0633,increase
af1d6c6be2a70c953c19ac559ad7d075,Balenciaga_FRA_7707792ABU11084,7707792ABU11084,FRA,Small Leather Goods,EUR,2026-09-07,390.00,415.00,0.0641,increase
52841bd0821fa5b867e2460bf3d24ad1,Balenciaga_FRA_7707792ALGH1000,7707792ALGH1000,FRA,Small Leather Goods,EUR,2026-09-07,965.00,1020.00,0.0570,increase
30869b5eb2ee5441b122bc4de3389c21,Balenciaga_FRA_7707794G8472308,7707794G8472308,FRA,Small Leather Goods,EUR,2026-09-07,575.00,610.00,0.0609,increase
fb8cc294a7d04581b2940183793f2f2f,Balenciaga_FRA_7707794GGLA1090,7707794GGLA1090,FRA,Small Leather Goods,EUR,2026-09-07,225.00,240.00,0.0667,increase
6e9c8f80ff8bfb0d0c632d8a6dbeb4eb,Balenciaga_FRA_770779TCSA20127,770779TCSA20127,FRA,Small Leather Goods,EUR,2026-09-07,180.00,190.00,0.0556,increase
bf5a1195d2fdd027b125ba907d6b2e8d,Balenciaga_FRA_7737734GF951000,7737734GF951000,FRA,Bags,EUR,2026-09-07,1580.00,1670.00,0.0570,increase
36bd6cd1db466e8fb75eb358e2392c14,Balenciaga_FRA_773773W5BMK1240,773773W5BMK1240,FRA,Bags,EUR,2026-09-07,2130.00,2260.00,0.0610,increase
d3449c1a986a23e6c2768da0da2ed84c,Balenciaga_FRA_7751222AB963258,7751222AB963258,FRA,Small Leather Goods,EUR,2026-09-07,330.00,350.00,0.0606,increase
152c002dcb8c8492bd413b62f564169d,Balenciaga_FRA_775122WM5075723,775122WM5075723,FRA,Small Leather Goods,EUR,2026-09-07,470.00,500.00,0.0638,increase
c6b3ef1e7e60fb17e4130f3e6700c8a4,Balenciaga_FRA_7783482AAGM1041,7783482AAGM1041,FRA,Small Leather Goods,EUR,2026-09-07,950.00,1010.00,0.0632,increase
338562b70f76b1983a1e98351f019d58,Balenciaga_FRA_7783482ABC80926,7783482ABC80926,FRA,Small Leather Goods,EUR,2026-09-07,535.00,565.00,0.0561,increase
01deb0f48d67da176c1ef25316e467f1,Balenciaga_FRA_778348TTK6R9002,778348TTK6R9002,FRA,Small Leather Goods,EUR,2026-09-07,480.00,510.00,0.0625,increase
7581a2b527f5484a132121331ae61844,Balenciaga_FRA_778348TTMNA0911,778348TTMNA0911,FRA,Small Leather Goods,EUR,2026-09-07,690.00,730.00,0.0580,increase
814fd76f23adf8c14e552c49b4801b82,Balenciaga_FRA_778348WUVHU1210,778348WUVHU1210,FRA,Small Leather Goods,EUR,2026-09-07,495.00,525.00,0.0606,increase
e53c935a1d3810764cbbcfd9999f7e17,Balenciaga_FRA_7793722AW9V1084,7793722AW9V1084,FRA,Bags,EUR,2026-09-07,1800.00,1900.00,0.0556,increase
a9336da56420c925ea372daae5480156,Balenciaga_FRA_779372TOH4Y5723,779372TOH4Y5723,FRA,Bags,EUR,2026-09-07,2450.00,2600.00,0.0612,increase
6881140c8575a4fb5d0657a69007b1ae,Balenciaga_FRA_7830972190M9104,7830972190M9104,FRA,Accessories,EUR,2026-09-07,3040.00,3220.00,0.0592,increase
0880cf30584956d64e1c0c0ad5f0ebb6,Balenciaga_FRA_78309721JPY0127,78309721JPY0127,FRA,Accessories,EUR,2026-09-07,2170.00,2300.00,0.0599,increase
3e610241bae6d2ad8ea0bfbf1d8f9823,Balenciaga_FRA_7830974GC5O8065,7830974GC5O8065,FRA,Accessories,EUR,2026-09-07,2350.00,2490.00,0.0596,increase
cbba2fe3189ca7ee2c9f4b2dd585e313,Balenciaga_FRA_783097T88LE4011,783097T88LE4011,FRA,Accessories,EUR,2026-09-07,1890.00,2000.00,0.0582,increase
ea3f794b0ec9d1aa1469dbc3162ea5a1,Balenciaga_FRA_7842954GWXL2308,7842954GWXL2308,FRA,Bags,EUR,2026-09-07,2910.00,3080.00,0.0584,increase
df87213337a2213be51e57318e45c452,Balenciaga_FRA_7846182AWFP1090,7846182AWFP1090,FRA,Accessories,EUR,2026-09-07,275.00,290.00,0.0545,increase
8ef7220b9162fdde8f6d697055ad00fd,Balenciaga_FRA_786691213DR2308,786691213DR2308,FRA,Bags,EUR,2026-09-07,2800.00,2960.00,0.0571,increase
9dc77ae2cbd2986c41c4eaafe36332e2,Balenciaga_FRA_7866912A6IT9002,7866912A6IT9002,FRA,Bags,EUR,2026-09-07,1890.00,2000.00,0.0582,increase
78f5b52a61c6cf2d131e6a194ecc247c,Balenciaga_FRA_7866912ABIU2308,7866912ABIU2308,FRA,Bags,EUR,2026-09-07,930.00,985.00,0.0591,increase
02f692bb1305938a56f57538fcee41d9,Balenciaga_FRA_7866912AENG9104,7866912AENG9104,FRA,Bags,EUR,2026-09-07,1040.00,1100.00,0.0577,increase
1457668395d369a314150ec0d504bada,Balenciaga_FRA_79014021E841041,79014021E841041,FRA,Small Leather Goods,EUR,2026-09-07,1100.00,1160.00,0.0545,increase
1f51463be87bd7bafb022456e9115248,Balenciaga_FRA_790421216UF9020,790421216UF9020,FRA,Small Leather Goods,EUR,2026-09-07,2440.00,2590.00,0.0615,increase
b46e63cc0ebaddd19a59c0dcc03c349f,Balenciaga_FRA_790421WLLWX1000,790421WLLWX1000,FRA,Small Leather Goods,EUR,2026-09-07,2190.00,2320.00,0.0594,increase
37bc67233bef21d71d8f3d1d3f570c9b,Balenciaga_FRA_791061TTORO1090,791061TTORO1090,FRA,Bags,EUR,2026-09-07,2500.00,2640.00,0.0560,increase
a5c30008a8853f7caf52010f226dace8,Balenciaga_FRA_792932218SJ1240,792932218SJ1240,FRA,Bags,EUR,2026-09-07,2450.00,2600.00,0.0612,increase
b3b849176703154629391a2474538b02,Balenciaga_FRA_792932219O01251,792932219O01251,FRA,Bags,EUR,2026-09-07,2490.00,2640.00,0.0602,increase
17ee4722b6de13ff1eefbbc929953cd2,Balenciaga_FRA_79293221SBP1210,79293221SBP1210,FRA,Bags,EUR,2026-09-07,2110.00,2240.00,0.0616,increase
ec075dffd2828a37b33fbbd893e632bd,Balenciaga_FRA_792932W27C95723,792932W27C95723,FRA,Bags,EUR,2026-09-07,3240.00,3430.00,0.0586,increase
83b87ab60f5820398fa1e40bd5058e58,Balenciaga_FRA_7986072AB0P4011,7986072AB0P4011,FRA,Small Leather Goods,EUR,2026-09-07,385.00,410.00,0.0649,increase
324779e19c59d076b303a90772f44a79,Balenciaga_FRA_798607WHH8S8065,798607WHH8S8065,FRA,Small Leather Goods,EUR,2026-09-07,290.00,305.00,0.0517,increase
92c861b89a80ad6f097b4fddbb7ae06a,Balenciaga_FRA_8044914G46E1000,8044914G46E1000,FRA,Small Leather Goods,EUR,2026-09-07,490.00,520.00,0.0612,increase
61983dd0a1b327c67939bcbd0648378f,Balenciaga_FRA_804491WDN3F1090,804491WDN3F1090,FRA,Small Leather Goods,EUR,2026-09-07,670.00,710.00,0.0597,increase
6ae58772285ec854eca2b2dc9b3a3ba1,Balenciaga_FRA_808895TOVIZ2533,808895TOVIZ2533,FRA,Bags,EUR,2026-09-07,3140.00,3330.00,0.0605,increase
86fa4fb86a1eacd9c0cae7180fe3875d,Balenciaga_FRA_8133392ABV39002,8133392ABV39002,FRA,Bags,EUR,2026-09-07,1490.00,1580.00,0.0604,increase
c55427fae25a00ca56f1ef8e63a146de,Balenciaga_FRA_813339TTM3T1000,813339TTM3T1000,FRA,Bags,EUR,2026-09-07,2630.00,2790.00,0.0608,increase
8818ca19aa4fea59fe9636c92170852f,Balenciaga_FRA_8175562A3NQ1251,8175562A3NQ1251,FRA,Bags,EUR,2026-09-07,2650.00,2810.00,0.0604,increase
68dd8e86e11630f3cfbffef9afd3c19a,Balenciaga_FRA_817556TTCFN1090,817556TTCFN1090,FRA,Bags,EUR,2026-09-07,1990.00,2110.00,0.0603,increase
10ea5ec64cd1093a6960809775d10033,Balenciaga_FRA_81955721MIX1210,81955721MIX1210,FRA,Small Leather Goods,EUR,2026-09-07,620.00,655.00,0.0565,increase
e857e1288f071f7f4a83df1d38e6fd85,Balenciaga_FRA_8195572AA863258,8195572AA863258,FRA,Small Leather Goods,EUR,2026-09-07,380.00,405.00,0.0658,increase
b513d309359b7ccf73eb8bfc8f6afb27,Balenciaga_FRA_8223032AF5D1041,8223032AF5D1041,FRA,Small Leather Goods,EUR,2026-09-07,2700.00,2860.00,0.0593,increase
07a422830a49343616235276fd179ef7,Balenciaga_FRA_824002TJQAV2308,824002TJQAV2308,FRA,Small Leather Goods,EUR,2026-09-07,485.00,515.00,0.0619,increase
f7962cbef40e98de244fa8e92fac0227,Balenciaga_FRA_82443621AQF0127,82443621AQF0127,FRA,Small Leather Goods,EUR,2026-09-07,275.00,290.00,0.0545,increase
20b6a708aa8ef220a5ce54c9203743ad,Balenciaga_FRA_8244362A4UN1000,8244362A4UN1000,FRA,Small Leather Goods,EUR,2026-09-07,390.00,415.00,0.0641,increase
0f017b2c45d0959760ecc2c27e0ef08c,Balenciaga_FRA_824436W9DJB2308,824436W9DJB2308,FRA,Small Leather Goods,EUR,2026-09-07,490.00,520.00,0.0612,increase
a913372b87d4da528cc7f8b690e0fe88,Balenciaga_FRA_8245244GV630926,8245244GV630926,FRA,Accessories,EUR,2026-09-07,1100.00,1170.00,0.0636,increase
9aeb5cb2cbe7b55eae7d6d767f297e5b,Balenciaga_FRA_82607121B2V1041,82607121B2V1041,FRA,Bags,EUR,2026-09-07,2390.00,2530.00,0.0586,increase
7d0d8df1c26a995cd2cad0c8fd915ffc,Balenciaga_FRA_8260712A4T11000,8260712A4T11000,FRA,Bags,EUR,2026-09-07,2020.00,2140.00,0.0594,increase
f52de1f7e4de7b154b984460dfa0199e,Balenciaga_FRA_8260712ABPL3258,8260712ABPL3258,FRA,Bags,EUR,2026-09-07,2550.00,2700.00,0.0588,increase
b14da7a1f3e7ee988d3d9164d72e7546,Balenciaga_FRA_826071W06VT2533,826071W06VT2533,FRA,Bags,EUR,2026-09-07,1750.00,1860.00,0.0629,increase
595cdb420b065f503d0a817e25c771c1,Balenciaga_FRA_8287712ABI90911,8287712ABI90911,FRA,Small Leather Goods,EUR,2026-09-07,270.00,285.00,0.0556,increase
49e08fda4602eaf99fd45d9fbd8abe44,Balenciaga_FRA_828771TTCTJ0911,828771TTCTJ0911,FRA,Small Leather Goods,EUR,2026-09-07,245.00,260.00,0.0612,increase
9f50bf5ef3c7855ba159a637c46076f4,Balenciaga_FRA_830936WU99V9002,830936WU99V9002,FRA,Small Leather Goods,EUR,2026-09-07,1400.00,1480.00,0.0571,increase
c30eab96cf8e6bb49fd740e41e65049e,Balenciaga_FRA_8311342ABU61090,8311342ABU61090,FRA,Bags,EUR,2026-09-07,2160.00,2290.00,0.0602,increase
07d753941c2cad2321502745c535e3bc,Balenciaga_FRA_8311344GKAG3258,8311344GKAG3258,FRA,Bags,EUR,2026-09-07,1350.00,1430.00,0.0593,increase
c461a2d4b528de44c408da155fa2cbd0,Balenciaga_FRA_831134T9FMJ0911,831134T9FMJ0911,FRA,Bags,EUR,2026-09-07,1050.00,1110.00,0.0571,increase
fcc14505e433087aef86ef0c2070ec15,Balenciaga_FRA_831134TEOO93258,831134TEOO93258,FRA,Bags,EUR,2026-09-07,2400.00,2540.00,0.0583,increase
1cc2d8198d758392affd061342fa0c31,Balenciaga_FRA_8330062AB421000,8330062AB421000,FRA,Bags,EUR,2026-09-07,2690.00,2850.00,0.0595,increase
09a7d70ca05e12f63aa7b1736557603c,Balenciaga_FRA_8330062ABAZ2840,8330062ABAZ2840,FRA,Bags,EUR,2026-09-07,2090.00,2220.00,0.0622,increase
26f5a1b0dc425d107bbb6be22a35ee43,Balenciaga_FRA_834058214S09104,834058214S09104,FRA,Bags,EUR,2026-09-07,1960.00,2080.00,0.0612,increase
baf4539e3b8561ab024aaa0d84455bc7,Balenciaga_FRA_834058218YP5723,834058218YP5723,FRA,Bags,EUR,2026-09-07,2050.00,2170.00,0.0585,increase
a219d7b2a55827cf8d8b11ee4de327b2,Balenciaga_FRA_8401812AKBD1000,8401812AKBD1000,FRA,Small Leather Goods,EUR,2026-09-07,390.00,415.00,0.0641,increase
16a37544248f1e5c4ae790411c845ad2,Balenciaga_FRA_840181TTX3A0926,840181TTX3A0926,FRA,Small Leather Goods,EUR,2026-09-07,350.00,370.00,0.0571,increase
2a441f9c099501c2c8d6382945c9aea8,Balenciaga_FRA_844132TD4EC9104,844132TD4EC9104,FRA,Bags,EUR,2026-09-07,3350.00,3550.00,0.0597,increase
82871422a5ebdbb474f46882b9c644e8,Balenciaga_FRA_845436216410127,845436216410127,FRA,Bags,EUR,2026-09-07,1150.00,1220.00,0.0609,increase
21fa1b11f7c0799c10f6a3ebf008db2b,Balenciaga_FRA_8454362ABSV9000,8454362ABSV9000,FRA,Bags,EUR,2026-09-07,2990.00,3170.00,0.0602,increase
6eeb67ad1bcb807543ccd8a8eaeeca61,Balenciaga_FRA_8454364GBTX9000,8454364GBTX9000,FRA,Bags,EUR,2026-09-07,2130.00,2260.00,0.0610,increase
b698d140ea45995efddff04e6a4f707f,Balenciaga_FRA_845436THX071000,845436THX071000,FRA,Bags,EUR,2026-09-07,3150.00,3340.00,0.0603,increase
19c767eeda6680de2b2106b6ff09ae17,Balenciaga_FRA_845436TTCJ71000,845436TTCJ71000,FRA,Bags,EUR,2026-09-07,1490.00,1580.00,0.0604,increase
62ababf064a587e6c53fd5f6a4597394,Balenciaga_FRA_845436W94521090,845436W94521090,FRA,Bags,EUR,2026-09-07,1930.00,2050.00,0.0622,increase
4c56da657ac397533911b630ed2c30fa,Balenciaga_FRA_8501442AB0O1000,8501442AB0O1000,FRA,Bags,EUR,2026-09-07,890.00,945.00,0.0618,increase
e9a2aa3dffe1cb4b5b6982f257321af5,Balenciaga_FRA_8514352A4CY1000,8514352A4CY1000,FRA,Small Leather Goods,EUR,2026-09-07,1180.00,1250.00,0.0593,increase
103dbb11eb377426a5bbc16f1cedd035,Balenciaga_FRA_851435W66F78065,851435W66F78065,FRA,Small Leather Goods,EUR,2026-09-07,260.00,275.00,0.0577,increase
4ae7032dae25c7d1e0ee76d406251360,Balenciaga_FRA_85254221FH01000,85254221FH01000,FRA,Small Leather Goods,EUR,2026-09-07,590.00,625.00,0.0593,increase
72aef66472f68ce6f853e4c5f10f46b1,Balenciaga_FRA_85254221MXR4011,85254221MXR4011,FRA,Small Leather Goods,EUR,2026-09-07,790.00,835.00,0.0570,increase
1761f08586bffbbdfe5884650fe7e28b,Balenciaga_FRA_8525422AB5G1090,8525422AB5G1090,FRA,Small Leather Goods,EUR,2026-09-07,265.00,280.00,0.0566,increase
5692844439193884f88d21722f56b6b1,Balenciaga_FRA_852542TRTB02840,852542TRTB02840,FRA,Small Leather Goods,EUR,2026-09-07,255.00,270.00,0.0588,increase
590278bd10b5a71abc22fa40a4b066ed,Balenciaga_FRA_852542WCMOK5723,852542WCMOK5723,FRA,Small Leather Goods,EUR,2026-09-07,275.00,290.00,0.0545,increase
12a4e20c0066d93ad3dc50938f2c64a5,Balenciaga_FRA_8561912110W1000,8561912110W1000,FRA,Small Leather Goods,EUR,2026-09-07,275.00,290.00,0.0545,increase
3eeee5052104472026f53ff509a81308,Balenciaga_FRA_856191T2DEI9104,856191T2DEI9104,FRA,Small Leather Goods,EUR,2026-09-07,375.00,400.00,0.0667,increase
a87bff69dd8818e344eafd6c3cdcb1c1,Balenciaga_FRA_856191T74RJ1210,856191T74RJ1210,FRA,Small Leather Goods,EUR,2026-09-07,350.00,370.00,0.0571,increase
560460fc2df135a3eeaaf1f9d98083a7,Balenciaga_FRA_856191TTCXJ0926,856191TTCXJ0926,FRA,Small Leather Goods,EUR,2026-09-07,225.00,240.00,0.0667,increase
ded4b1d8ef7c675d6e65c0684f65e2e9,Balenciaga_FRA_858352TTBLY1041,858352TTBLY1041,FRA,Small Leather Goods,EUR,2026-09-07,1270.00,1350.00,0.0630,increase
4efe36c5bba79dd2530353d70fc862a5,Balenciaga_FRA_8592792AZWF1251,8592792AZWF1251,FRA,Small Leather Goods,EUR,2026-09-07,250.00,265.00,0.0600,increase
157616a793b60991918375e2f6428b41,Balenciaga_FRA_8592794GT7H9104,8592794GT7H9104,FRA,Small Leather Goods,EUR,2026-09-07,1060.00,1120.00,0.0566,increase
ebab853d63d784b04c92d2e9d0b656db,Balenciaga_FRA_860458WVPJ84200,860458WVPJ84200,FRA,Bags,EUR,2026-09-07,2520.00,2670.00,0.0595,increase
88ea62689c9706fce156063d81753e58,Balenciaga_FRA_8665422AB2D9104,8665422AB2D9104,FRA,Accessories,EUR,2026-09-07,490.00,520.00,0.0612,increase
51e47754d23f29dd0e617df3f2d921be,Balenciaga_FRA_8665424G8ZY1000,8665424G8ZY1000,FRA,Accessories,EUR,2026-09-07,275.00,290.00,0.0545,increase
6768b5cb11c41ab4974915ed828d95a8,Balenciaga_FRA_8671922ABIT1210,8671922ABIT1210,FRA,Small Leather Goods,EUR,2026-09-07,385.00,410.00,0.0649,increase
5754c2c0f5a5b94b0d19e64f946ad71b,Balenciaga_FRA_8690362ABPU2308,8690362ABPU2308,FRA,Bags,EUR,2026-09-07,1790.00,1900.00,0.0615,increase
62caae620982c2aa131206bedd644075,Balenciaga_FRA_8690364G7ZC4200,8690364G7ZC4200,FRA,Bags,EUR,2026-09-07,3750.00,3980.00,0.0613,increase
716a96d82e33a3599357ccb5e4678ea7,Balenciaga_FRA_8738792A2QI4011,8738792A2QI4011,FRA,Bags,EUR,2026-09-07,2150.00,2280.00,0.0605,increase
074940f911a73a2622bf869437b88392,Balenciaga_FRA_8738792ABM71041,8738792ABM71041,FRA,Bags,EUR,2026-09-07,2500.00,2650.00,0.0600,increase
b9e1ca32101eb7043346ac4e132f82f8,Balenciaga_FRA_873879TSIMN8122,873879TSIMN8122,FRA,Bags,EUR,2026-09-07,2360.00,2500.00,0.0593,increase
1d0246b4b7a8cfebc3c772ad338748d5,Balenciaga_FRA_8750414GAUA1000,8750414GAUA1000,FRA,Bags,EUR,2026-09-07,1850.00,1960.00,0.0595,increase
e486dc9339c5307c2ed8c20738a0deba,Balenciaga_FRA_8837202AB1Q1000,8837202AB1Q1000,FRA,Small Leather Goods,EUR,2026-09-07,295.00,315.00,0.0678,increase
8edd0b365d8ae50395d7229c62e34719,Balenciaga_FRA_883720W1IKV1000,883720W1IKV1000,FRA,Small Leather Goods,EUR,2026-09-07,400.00,425.00,0.0625,increase
231ef135d89ee3a33238646815546eb5,Balenciaga_FRA_88445621WO28122,88445621WO28122,FRA,Small Leather Goods,EUR,2026-09-07,205.00,215.00,0.0488,increase
fab32beedfbe01b5698988fa48f8ab1a,Balenciaga_FRA_8844562AB381090,8844562AB381090,FRA,Small Leather Goods,EUR,2026-09-07,495.00,525.00,0.0606,increase
ad38f3c89d37f41bfd2484cf4e06f20d,Balenciaga_FRA_8863144G5AR8065,8863144G5AR8065,FRA,Small Leather Goods,EUR,2026-09-07,350.00,370.00,0.0571,increase
809f35a902be0fc88dd67ae5ffdf8d1e,Balenciaga_FRA_886314TT7F98122,886314TT7F98122,FRA,Small Leather Goods,EUR,2026-09-07,465.00,495.00,0.0645,increase
e83974754d0a59d2a30ec36ef790fdcc,Balenciaga_FRA_8872612AB144200,8872612AB144200,FRA,Small Leather Goods,EUR,2026-09-07,950.00,1010.00,0.0632,increase
8680fae88049e71368d57fe73c7d655b,Balenciaga_FRA_888240214TG5723,888240214TG5723,FRA,Small Leather Goods,EUR,2026-09-07,490.00,520.00,0.0612,increase
b35c1503dfab8628543992b460f7f64d,Balenciaga_FRA_8902582ABVL1251,8902582ABVL1251,FRA,Bags,EUR,2026-09-07,825.00,875.00,0.0606,increase
2cb1e62cce932d0999fd9a91cd860330,Balenciaga_FRA_89310521G2W1240,89310521G2W1240,FRA,Bags,EUR,2026-09-07,2200.00,2330.00,0.0591,increase
92732ad879c91a9bf52e659a7b390393,Balenciaga_FRA_8931052A3PL2533,8931052A3PL2533,FRA,Bags,EUR,2026-09-07,4150.00,4400.00,0.0602,increase
892f5d55c34bedb367405bf60de24e42,Balenciaga_FRA_893105TTXTD1240,893105TTXTD1240,FRA,Bags,EUR,2026-09-07,3860.00,4090.00,0.0596,increase
77ea1b5b8be368cc59276194585250da,Balenciaga_FRA_8945912AEYF1090,8945912AEYF1090,FRA,Small Leather Goods,EUR,2026-09-07,1920.00,2040.00,0.0625,increase
6a6e4c9a803742011c7d00d3c5fee496,Balenciaga_FRA_8945912AHW24200,8945912AHW24200,FRA,Small Leather Goods,EUR,2026-09-07,1050.00,1110.00,0.0571,increase
6c7279faaa5e9cd363e774acae6de26f,Balenciaga_FRA_894591TTFLA4200,894591TTFLA4200,FRA,Small Leather Goods,EUR,2026-09-07,2190.00,2320.00,0.0594,increase
604921ce93c516732d186a11b1685fad,Balenciaga_FRA_894919W7KYF4200,894919W7KYF4200,FRA,Bags,EUR,2026-09-07,2610.00,2770.00,0.0613,increase
1d7d5461f8dd25e189ae310b5a5b8bc6,Balenciaga_FRA_89504321IWB1084,89504321IWB1084,FRA,Bags,EUR,2026-09-07,2900.00,3070.00,0.0586,increase
46443497a28e3759b5ee47379d4297c7,Balenciaga_FRA_8950432ATN89104,8950432ATN89104,FRA,Bags,EUR,2026-09-07,2590.00,2750.00,0.0618,increase
27326be0ab1addfc6ef1a49717c5d674,Balenciaga_FRA_895043TTYCV1000,895043TTYCV1000,FRA,Bags,EUR,2026-09-07,2210.00,2340.00,0.0588,increase
9ed3ff29a9cf97e5a67374069af982d7,Balenciaga_FRA_A00J7KTT7PD1251,A00J7KTT7PD1251,FRA,Bags,EUR,2026-09-07,895.00,950.00,0.0615,increase
2f2830541d80140fb60d3c86e075fd41,Balenciaga_FRA_A042712ABQZ9020,A042712ABQZ9020,FRA,Bags,EUR,2026-09-07,3790.00,4020.00,0.0607,increase
e2a5b17c5f4cf3074a0e41bbe356b0a1,Balenciaga_FRA_A042712AMT61210,A042712AMT61210,FRA,Bags,EUR,2026-09-07,10600.00,11250.00,0.0613,increase
80053af780923daf2c47a63795068b53,Balenciaga_FRA_A05K8B2ASBF4200,A05K8B2ASBF4200,FRA,Small Leather Goods,EUR,2026-09-07,295.00,315.00,0.0678,increase
1b744f1ebe1a2f8b6c8450b00113be4c,Balenciaga_FRA_A05K8BTJ0TE9002,A05K8BTJ0TE9002,FRA,Small Leather Goods,EUR,2026-09-07,390.00,415.00,0.0641,increase
acf5872f457d4bddcd4a8a9558c63f8f,Balenciaga_FRA_A05K8BTSM663258,A05K8BTSM663258,FRA,Small Leather Goods,EUR,2026-09-07,320.00,340.00,0.0625,increase
3573a43be658ca5da53ceeec6bcec83d,Balenciaga_FRA_A05K8BTTMMU9104,A05K8BTTMMU9104,FRA,Small Leather Goods,EUR,2026-09-07,685.00,725.00,0.0584,increase
0a9f31314d34c61e14ea1c8203634ed8,Balenciaga_FRA_A064YD4GOOO0926,A064YD4GOOO0926,FRA,Small Leather Goods,EUR,2026-09-07,350.00,370.00,0.0571,increase
512960db084780b02d8f660510fe1050,Balenciaga_FRA_A064YD4GQIW1000,A064YD4GQIW1000,FRA,Small Leather Goods,EUR,2026-09-07,475.00,505.00,0.0632,increase
4e8c90faeda3777da8b787ffc122e667,Balenciaga_FRA_A064YDTKNEL3258,A064YDTKNEL3258,FRA,Small Leather Goods,EUR,2026-09-07,475.00,505.00,0.0632,increase
5ca4e049f733c826769c87de17f5a5a3,Balenciaga_FRA_A064YDTTENX9002,A064YDTTENX9002,FRA,Small Leather Goods,EUR,2026-09-07,370.00,390.00,0.0541,increase
79d37c165b314410764935bc448c0c74,Balenciaga_FRA_A06RN2216DW1084,A06RN2216DW1084,FRA,Bags,EUR,2026-09-07,1990.00,2110.00,0.0603,increase
d67e1b981b25dc63ab5bedb51357fffe,Balenciaga_FRA_A06RN22AB2X1041,A06RN22AB2X1041,FRA,Bags,EUR,2026-09-07,2600.00,2750.00,0.0577,increase
e84b70f0c7f69fd59a1d1cf7f9058fec,Balenciaga_FRA_A06RN22ABS95723,A06RN22ABS95723,FRA,Bags,EUR,2026-09-07,2570.00,2720.00,0.0584,increase
8b2aa0ece5c03934af8bc97a79eaee46,Balenciaga_FRA_A07WXJ21SEY1240,A07WXJ21SEY1240,FRA,Small Leather Goods,EUR,2026-09-07,470.00,500.00,0.0638,increase
a3ef106c0d1b5be0341fcbf5d2c85df5,Balenciaga_FRA_A07WXJW005D1090,A07WXJW005D1090,FRA,Small Leather Goods,EUR,2026-09-07,1480.00,1570.00,0.0608,increase
80860f3763eac13d40a9ef0b73cb31b0,Balenciaga_FRA_A07XQJ2ABFT1240,A07XQJ2ABFT1240,FRA,Small Leather Goods,EUR,2026-09-07,275.00,290.00,0.0545,increase
ee6b8db4ec39f377f687be1d5ae57b30,Balenciaga_FRA_A07XQJTTA4R0911,A07XQJTTA4R0911,FRA,Small Leather Goods,EUR,2026-09-07,255.00,270.00,0.0588,increase
56b9550bc737572ca6bf5eec958e0443,Balenciaga_FRA_A07XQJW4FMO5723,A07XQJW4FMO5723,FRA,Small Leather Goods,EUR,2026-09-07,665.00,705.00,0.0602,increase
f4c399b60c90fa8db64dbe402633005d,Balenciaga_FRA_A0AVTR2AES89002,A0AVTR2AES89002,FRA,Bags,EUR,2026-09-07,1610.00,1710.00,0.0621,increase
ba8b83ba6623d6f8ff99c0126547ae3d,Balenciaga_FRA_A0AVTRT9W4P8122,A0AVTRT9W4P8122,FRA,Bags,EUR,2026-09-07,1790.00,1900.00,0.0615,increase
d30d13845a9debf5288218cd1f56922d,Balenciaga_FRA_A0DVHZ211W08065,A0DVHZ211W08065,FRA,Small Leather Goods,EUR,2026-09-07,990.00,1050.00,0.0606,increase
504b3a71089a8f37d3aaad69ab3b7dc3,Balenciaga_FRA_A0DVHZ2159I1240,A0DVHZ2159I1240,FRA,Small Leather Goods,EUR,2026-09-07,260.00,275.00,0.0577,increase
2ecc8ba04d7a62e02df5bec1489764cc,Balenciaga_FRA_A0DVHZWC7C15723,A0DVHZWC7C15723,FRA,Small Leather Goods,EUR,2026-09-07,1190.00,1260.00,0.0588,increase
6feddb7297d3819eb7ae6e271e12793c,Balenciaga_FRA_A0FKA3210572533,A0FKA3210572533,FRA,Bags,EUR,2026-09-07,2770.00,2940.00,0.0614,increase
d6ef27f7e48ab1d2a06e59545f662d5f,Balenciaga_FRA_A0HVOZ2AB3Y1251,A0HVOZ2AB3Y1251,FRA,Small Leather Goods,EUR,2026-09-07,335.00,355.00,0.0597,increase
6eedc092e46709af3951561ece304134,Balenciaga_FRA_A0JTOY4GNZM1240,A0JTOY4GNZM1240,FRA,Small Leather Goods,EUR,2026-09-07,440.00,465.00,0.0568,increase
535044ecedb1463ff917a93fff6f4e70,Balenciaga_FRA_A0JTOYWTQWI1000,A0JTOYWTQWI1000,FRA,Small Leather Goods,EUR,2026-09-07,520.00,550.00,0.0577,increase
d542c9d0c9b02e05736dcedf630e4b40,Balenciaga_FRA_A0JW0G2ABNG9002,A0JW0G2ABNG9002,FRA,Bags,EUR,2026-09-07,1400.00,1480.00,0.0571,increase
ac625877e706995ae713fcfa63309669,Balenciaga_FRA_A0JW0GT1SDP1090,A0JW0GT1SDP1090,FRA,Bags,EUR,2026-09-07,5050.00,5350.00,0.0594,increase
384fbd1e15eba8a7b599a59590eb6d01,Balenciaga_FRA_A0JW0GWQGJ51000,A0JW0GWQGJ51000,FRA,Bags,EUR,2026-09-07,1640.00,1740.00,0.0610,increase
2ae942d195262974f12717b3fe690d83,Balenciaga_FRA_A0LD3V2A8284200,A0LD3V2A8284200,FRA,Bags,EUR,2026-09-07,1540.00,1630.00,0.0584,increase
b47786bd761db3cada8c503f38b2c7ff,Balenciaga_FRA_A0LD3V2ABND9020,A0LD3V2ABND9020,FRA,Bags,EUR,2026-09-07,1080.00,1140.00,0.0556,increase
0cf91b8a879d8090fa96809df3a1ee76,Balenciaga_FRA_A0NXIX2ABF42840,A0NXIX2ABF42840,FRA,Small Leather Goods,EUR,2026-09-07,640.00,680.00,0.0625,increase
370014a7233e0fd7c046a212fee2d76a,Balenciaga_FRA_A0NXIX4GIX61041,A0NXIX4GIX61041,FRA,Small Leather Goods,EUR,2026-09-07,290.00,305.00,0.0517,increase
29d859d68f1e45c23ff337a772084920,Balenciaga_FRA_A0OHAU213J01000,A0OHAU213J01000,FRA,Bags,EUR,2026-09-07,1030.00,1090.00,0.0583,increase
d69bdbcaf83442fb3e6a7a3e8ba141fe,Balenciaga_FRA_A0QFZA4GZMJ9002,A0QFZA4GZMJ9002,FRA,Bags,EUR,2026-09-07,2190.00,2320.00,0.0594,increase
fc870664b3c0c725d6808ed3548ebc6e,Balenciaga_FRA_A0QFZAWEHIJ0911,A0QFZAWEHIJ0911,FRA,Bags,EUR,2026-09-07,2500.00,2650.00,0.0600,increase
253be69bf1bfa53631e92ceca629eb86,Balenciaga_FRA_A0QFZAWRPKY9000,A0QFZAWRPKY9000,FRA,Bags,EUR,2026-09-07,2450.00,2600.00,0.0612,increase
607a2ea50cb11f086c56aa89b3912f4e,Balenciaga_FRA_A0W9ZQ2ABHN5723,A0W9ZQ2ABHN5723,FRA,Small Leather Goods,EUR,2026-09-07,395.00,420.00,0.0633,increase
ab69cdbc30f43043fc988d97683caa8e,Balenciaga_FRA_A0W9ZQTT6H89020,A0W9ZQTT6H89020,FRA,Small Leather Goods,EUR,2026-09-07,360.00,380.00,0.0556,increase
27685b119e37de31c9cd24d062f80e62,Balenciaga_FRA_A0W9ZQTTNFO8122,A0W9ZQTTNFO8122,FRA,Small Leather Goods,EUR,2026-09-07,295.00,315.00,0.0678,increase
2ecec29858c126bcdebf7b6f35211b49,Balenciaga_GBR_5090582ABZK1000,5090582ABZK1000,GBR,Bags,GBP,2026-09-07,2230.00,2360.00,0.0583,increase
af3dfd2baa4e47725532ba8fa15d73a2,Balenciaga_GBR_509058W7FP09002,509058W7FP09002,GBR,Bags,GBP,2026-09-07,2920.00,3100.00,0.0616,increase
c5070624d5fcd15a804e31e0bb5acdc4,Balenciaga_GBR_512319214FT9104,512319214FT9104,GBR,Bags,GBP,2026-09-07,1410.00,1500.00,0.0638,increase
e8e06ed171f0dc5a6e5bd4cf92ffea87,Balenciaga_GBR_5123192ABXZ9020,5123192ABXZ9020,GBR,Bags,GBP,2026-09-07,2350.00,2500.00,0.0638,increase
d3c0355062f7b6f36d9c7610e2140aa8,Balenciaga_GBR_5146274GMIB2533,5146274GMIB2533,GBR,Bags,GBP,2026-09-07,975.00,1040.00,0.0667,increase
5dc03753845a8fdbb25367274cc26f8e,Balenciaga_GBR_514627TA8D30127,514627TA8D30127,GBR,Bags,GBP,2026-09-07,3450.00,3660.00,0.0609,increase
2ae85443073dac719121ae912daf4d7d,Balenciaga_GBR_5149002A92F1210,5149002A92F1210,GBR,Bags,GBP,2026-09-07,2550.00,2700.00,0.0588,increase
d08f516270eea9e0874913c684426392,Balenciaga_GBR_5173904GKC41210,5173904GKC41210,GBR,Bags,GBP,2026-09-07,1370.00,1460.00,0.0657,increase
041bf438fae91df7537045fcf11c4141,Balenciaga_GBR_517390TT3LZ1240,517390TT3LZ1240,GBR,Bags,GBP,2026-09-07,2300.00,2440.00,0.0609,increase
84d2c8aaa1b46a04ff5906c1fecaea27,Balenciaga_GBR_517390WIAYH5723,517390WIAYH5723,GBR,Bags,GBP,2026-09-07,1470.00,1560.00,0.0612,increase
feb446baf52822fddebde0df5d019179,Balenciaga_GBR_52138621EG84011,52138621EG84011,GBR,Small Leather Goods,GBP,2026-09-07,235.00,250.00,0.0638,increase
c534aeeef01f346f443b728e7c15303f,Balenciaga_GBR_5239552AJGA1000,5239552AJGA1000,GBR,Accessories,GBP,2026-09-07,1420.00,1510.00,0.0634,increase
f92a8262ee7779f6b8f42dde8261e4c6,Balenciaga_GBR_523955WJVHN1090,523955WJVHN1090,GBR,Accessories,GBP,2026-09-07,1450.00,1540.00,0.0621,increase
0355aab66e56f9401e09d5953c5c4dff,Balenciaga_GBR_525528TA3V13258,525528TA3V13258,GBR,Bags,GBP,2026-09-07,2570.00,2720.00,0.0584,increase
a2552aacdff7dbc94cd5ae8f0734002f,Balenciaga_GBR_525528TTLY91000,525528TTLY91000,GBR,Bags,GBP,2026-09-07,2090.00,2210.00,0.0574,increase
2e23194ba0857eb937a9afee33fff410,Balenciaga_GBR_525528WCDOX3258,525528WCDOX3258,GBR,Bags,GBP,2026-09-07,1640.00,1740.00,0.0610,increase
797c732fe477183b3e47428a501e286c,Balenciaga_GBR_5265652181K1240,5265652181K1240,GBR,Bags,GBP,2026-09-07,3570.00,3780.00,0.0588,increase
0a03821e57acbf8978966bacbc2941c4,Balenciaga_GBR_5265652ABRG8122,5265652ABRG8122,GBR,Bags,GBP,2026-09-07,2840.00,3010.00,0.0599,increase
96b9ec5a15ba1ffbcc3b8ecd430bb138,Balenciaga_GBR_52688321KYV1090,52688321KYV1090,GBR,Bags,GBP,2026-09-07,2070.00,2190.00,0.0580,increase
3e8229b07297fcba57b4d1fab92c6127,Balenciaga_GBR_527313T0VEI2533,527313T0VEI2533,GBR,Small Leather Goods,GBP,2026-09-07,245.00,260.00,0.0612,increase
817f2840a6dbfe34d1048f4490e48043,Balenciaga_GBR_527313TUOCB4011,527313TUOCB4011,GBR,Small Leather Goods,GBP,2026-09-07,245.00,260.00,0.0612,increase
3ae83133bd5aacd755dca57a3241bc6d,Balenciaga_GBR_527313W5X041000,527313W5X041000,GBR,Small Leather Goods,GBP,2026-09-07,440.00,465.00,0.0568,increase
48dccbbd794c589e17f9f9557456ac7e,Balenciaga_GBR_529971215991000,529971215991000,GBR,Bags,GBP,2026-09-07,2020.00,2140.00,0.0594,increase
fecb1ba1b38ef9dc8f1913fc8b92d7a3,Balenciaga_GBR_529971218229000,529971218229000,GBR,Bags,GBP,2026-09-07,1290.00,1370.00,0.0620,increase
297aee689fbfdeb49854b2ae019ae4fb,Balenciaga_GBR_52997121QBJ4011,52997121QBJ4011,GBR,Bags,GBP,2026-09-07,615.00,650.00,0.0569,increase
05f51a8e7362b430ddc9c69a0676b787,Balenciaga_GBR_5299714GOPH5723,5299714GOPH5723,GBR,Bags,GBP,2026-09-07,2640.00,2790.00,0.0568,increase
b08efd337f60ffc9c5ece0ee3b93d389,Balenciaga_GBR_529971TEYU71000,529971TEYU71000,GBR,Bags,GBP,2026-09-07,1390.00,1480.00,0.0647,increase
f74fb4b4b710d7681e8e8dcd5026eab4,Balenciaga_GBR_53089821CU23258,53089821CU23258,GBR,Small Leather Goods,GBP,2026-09-07,225.00,235.00,0.0444,increase
7c92e9e827459c12c1c3e30a30dfa853,Balenciaga_GBR_5308982ABS69000,5308982ABS69000,GBR,Small Leather Goods,GBP,2026-09-07,265.00,280.00,0.0566,increase
80ccb3626c5f6fa5da2cf05e548190ce,Balenciaga_GBR_5333162APVK1000,5333162APVK1000,GBR,Accessories,GBP,2026-09-07,315.00,330.00,0.0476,increase
a1604173c51d86e9d7421c7a6f3f86e1,Balenciaga_GBR_5333164GXRM5723,5333164GXRM5723,GBR,Accessories,GBP,2026-09-07,420.00,445.00,0.0595,increase
77903e22c2deae80a0ae9d782f9cde6d,Balenciaga_GBR_533316T75I81084,533316T75I81084,GBR,Accessories,GBP,2026-09-07,675.00,715.00,0.0593,increase
ea55ac69c421d4a077741c100cd613db,Balenciaga_GBR_533654213HK1090,533654213HK1090,GBR,Small Leather Goods,GBP,2026-09-07,910.00,965.00,0.0604,increase
4ba34c20f72e9dcb3f21a488fcea0ded,Balenciaga_GBR_533654THV4T1251,533654THV4T1251,GBR,Accessories,GBP,2026-09-07,320.00,335.00,0.0469,increase
b6deae2a6ade19bc34b243220ecb77aa,Balenciaga_GBR_53413121R3X1000,53413121R3X1000,GBR,Bags,GBP,2026-09-07,2310.00,2440.00,0.0563,increase
67ba0868d2efc0dad6e3ec2125b9475c,Balenciaga_GBR_5341312AZ5Y1210,5341312AZ5Y1210,GBR,Bags,GBP,2026-09-07,2240.00,2370.00,0.0580,increase
7e74b9ebfbcc9c85d755d0c652e3bf93,Balenciaga_GBR_5341314GI642840,5341314GI642840,GBR,Bags,GBP,2026-09-07,2890.00,3060.00,0.0588,increase
435a460c9ca23edcf2c6f2dfb32bd33f,Balenciaga_GBR_534131WS53L2840,534131WS53L2840,GBR,Bags,GBP,2026-09-07,2000.00,2120.00,0.0600,increase
6e644e7a0a07cd87de51bc8ae74b4465,Balenciaga_GBR_536590TT9831251,536590TT9831251,GBR,Bags,GBP,2026-09-07,840.00,895.00,0.0655,increase
42cfa9b5292117e90c332af689f2df64,Balenciaga_GBR_539788TAQB38122,539788TAQB38122,GBR,Bags,GBP,2026-09-07,1340.00,1420.00,0.0597,increase
75e274ee4cbca76eeb6f15105ff68032,Balenciaga_GBR_539914WQIJ69020,539914WQIJ69020,GBR,Small Leather Goods,GBP,2026-09-07,230.00,245.00,0.0652,increase
16c201ddfdf18072696f5d148d17fdd1,Balenciaga_GBR_54096221JKJ5723,54096221JKJ5723,GBR,Small Leather Goods,GBP,2026-09-07,305.00,320.00,0.0492,increase
d4b210f3fe4a582617156bf5472054e9,Balenciaga_GBR_54096221R8F1000,54096221R8F1000,GBR,Small Leather Goods,GBP,2026-09-07,320.00,340.00,0.0625,increase
9b2f1dc744e123f6708a724d69952584,Balenciaga_GBR_5409624GX4F1000,5409624GX4F1000,GBR,Small Leather Goods,GBP,2026-09-07,890.00,945.00,0.0618,increase
510c8d91f616411f8aff5f05b62f05a7,Balenciaga_GBR_540962T5NE71210,540962T5NE71210,GBR,Small Leather Goods,GBP,2026-09-07,265.00,280.00,0.0566,increase
5081e350786041da5e254a81f3637f85,Balenciaga_GBR_540962TTG124200,540962TTG124200,GBR,Small Leather Goods,GBP,2026-09-07,250.00,260.00,0.0400,increase
c86ee2c0d103d517d7424c1475cc95ac,Balenciaga_GBR_540962WD2T71251,540962WD2T71251,GBR,Small Leather Goods,GBP,2026-09-07,800.00,845.00,0.0563,increase
56caf53402828cfd3b2625bdcffec565,Balenciaga_GBR_5433214G4QH1240,5433214G4QH1240,GBR,Bags,GBP,2026-09-07,1300.00,1380.00,0.0615,increase
f54b8852eca63a23513940c90550975b,Balenciaga_GBR_543321TT8F11000,543321TT8F11000,GBR,Bags,GBP,2026-09-07,2280.00,2420.00,0.0614,increase
9614bddd0a29e38452e2bcd3465fe9a6,Balenciaga_GBR_543321TTJN28122,543321TTJN28122,GBR,Bags,GBP,2026-09-07,2290.00,2430.00,0.0611,increase
54749737d349ae3de362eb5f39a2fa83,Balenciaga_GBR_543321W65TT1000,543321W65TT1000,GBR,Bags,GBP,2026-09-07,1440.00,1530.00,0.0625,increase
2b8e9957f2319f61aa3f44be597186ed,Balenciaga_GBR_543321WALW40911,543321WALW40911,GBR,Bags,GBP,2026-09-07,4100.00,4350.00,0.0610,increase
550f5b090a12cd1d0dd52faeb679b42d,Balenciaga_GBR_54493221SAD1000,54493221SAD1000,GBR,Bags,GBP,2026-09-07,1130.00,1200.00,0.0619,increase
453da3c49ce930d8e1a9e377d7e33857,Balenciaga_GBR_5449322AYZX0911,5449322AYZX0911,GBR,Bags,GBP,2026-09-07,1920.00,2030.00,0.0573,increase
bbe6d4d3358ae5fbb72642ab339e113e,Balenciaga_GBR_5449324GQLA8065,5449324GQLA8065,GBR,Bags,GBP,2026-09-07,1650.00,1750.00,0.0606,increase
155b64438e1094292937fb94f1d9c62b,Balenciaga_GBR_5449324GWV24011,5449324GWV24011,GBR,Bags,GBP,2026-09-07,2330.00,2470.00,0.0601,increase
c1c7281bce8d6c86768e0959e8d6278a,Balenciaga_GBR_544932W60MX2840,544932W60MX2840,GBR,Bags,GBP,2026-09-07,1430.00,1520.00,0.0629,increase
ebddaea69a7a21410a760d30a725c7b0,Balenciaga_GBR_546998213YO9104,546998213YO9104,GBR,Bags,GBP,2026-09-07,315.00,330.00,0.0476,increase
4756f24e6ea7ecc176f07fedf4581be3,Balenciaga_GBR_5469982ABEE9002,5469982ABEE9002,GBR,Bags,GBP,2026-09-07,675.00,715.00,0.0593,increase
dda95d133d69ec02c83a3432ee4f9d76,Balenciaga_GBR_5482214GQV51000,5482214GQV51000,GBR,Bags,GBP,2026-09-07,1900.00,2010.00,0.0579,increase
744d7a8b42ea615867dc3f509d2e27fe,Balenciaga_GBR_5505264G0059002,5505264G0059002,GBR,Bags,GBP,2026-09-07,970.00,1030.00,0.0619,increase
2b708363d2f82c75c1af58656d165549,Balenciaga_GBR_552358T6AME4011,552358T6AME4011,GBR,Bags,GBP,2026-09-07,1900.00,2010.00,0.0579,increase
d380eff67a75deff6f640f07d4bcf1e5,Balenciaga_GBR_553957TBSVE4200,553957TBSVE4200,GBR,Small Leather Goods,GBP,2026-09-07,355.00,375.00,0.0563,increase
9e05f15311f4be9280dccf479364a118,Balenciaga_GBR_553957WO6SQ1251,553957WO6SQ1251,GBR,Small Leather Goods,GBP,2026-09-07,335.00,355.00,0.0597,increase
015fe246989e215c78e9576e5143d6c3,Balenciaga_GBR_55430321CYU1240,55430321CYU1240,GBR,Bags,GBP,2026-09-07,1840.00,1950.00,0.0598,increase
3abed356e594f4a1b0a3c0eb667e28b0,Balenciaga_GBR_5543034GFF51000,5543034GFF51000,GBR,Bags,GBP,2026-09-07,3550.00,3760.00,0.0592,increase
66460ecf84f2081b4b6fb3e8313842a9,Balenciaga_GBR_554303WHAQI0926,554303WHAQI0926,GBR,Bags,GBP,2026-09-07,1940.00,2060.00,0.0619,increase
93069f3014f25a683e7bb72b4fc198cd,Balenciaga_GBR_558209TUR5X2840,558209TUR5X2840,GBR,Small Leather Goods,GBP,2026-09-07,235.00,250.00,0.0638,increase
c251c44c9037f76e69d85bf5268b76fe,Balenciaga_GBR_558209WQ28U8122,558209WQ28U8122,GBR,Small Leather Goods,GBP,2026-09-07,455.00,485.00,0.0659,increase
4ba6ab2a9651338a8911d190f2d71f10,Balenciaga_GBR_560831T8TK91000,560831T8TK91000,GBR,Bags,GBP,2026-09-07,1460.00,1540.00,0.0548,increase
36be5c2fdfc550c1799af2ca0559497f,Balenciaga_GBR_560831TT4RI5723,560831TT4RI5723,GBR,Bags,GBP,2026-09-07,1370.00,1450.00,0.0584,increase
f55486fc37e9028dd9269b23ecb32e60,Balenciaga_GBR_5628362AZUH1000,5628362AZUH1000,GBR,Bags,GBP,2026-09-07,3420.00,3620.00,0.0585,increase
f3e24d7bab22bb69dcf803772f7e1902,Balenciaga_GBR_5628364GG1K4011,5628364GG1K4011,GBR,Bags,GBP,2026-09-07,2530.00,2680.00,0.0593,increase
d76d10deb0fdaee3944c963d15027513,Balenciaga_GBR_562836TTSKW3258,562836TTSKW3258,GBR,Bags,GBP,2026-09-07,1440.00,1530.00,0.0625,increase
036a937021696ca04fe9b299ecd31b63,Balenciaga_GBR_562836TXYUY1210,562836TXYUY1210,GBR,Bags,GBP,2026-09-07,2720.00,2880.00,0.0588,increase
fb5217d4040701cb6eb164f9f759416a,Balenciaga_GBR_5678242AIHF1000,5678242AIHF1000,GBR,Bags,GBP,2026-09-07,2700.00,2870.00,0.0630,increase
0f645956a1907f6b268f7eeb71a57fb0,Balenciaga_GBR_567824WUMAJ8065,567824WUMAJ8065,GBR,Bags,GBP,2026-09-07,2310.00,2450.00,0.0606,increase
123c60c4e727440261b262465377aaa6,Balenciaga_GBR_57372021BEH1000,57372021BEH1000,GBR,Bags,GBP,2026-09-07,2160.00,2290.00,0.0602,increase
5480ce568a050d771936e809e5ed9bea,Balenciaga_GBR_5737202ABMI9020,5737202ABMI9020,GBR,Bags,GBP,2026-09-07,3350.00,3550.00,0.0597,increase
d91ac349d29ae26ef7a306e6e57079d3,Balenciaga_GBR_573720WMG5U3258,573720WMG5U3258,GBR,Bags,GBP,2026-09-07,1800.00,1910.00,0.0611,increase
5e1446d18d9967bd85f3d63fd7b425f0,Balenciaga_GBR_5851324GHQ51090,5851324GHQ51090,GBR,Bags,GBP,2026-09-07,1030.00,1100.00,0.0680,increase
4015ec94a58ca64bed318a9b721c29de,Balenciaga_GBR_585132TTBXP1090,585132TTBXP1090,GBR,Bags,GBP,2026-09-07,2230.00,2360.00,0.0583,increase
9fece40ad4141c73d8dae4e7ebf6c50d,Balenciaga_GBR_585609216ZI1210,585609216ZI1210,GBR,Bags,GBP,2026-09-07,425.00,450.00,0.0588,increase
2afc64c24e55874beb47faa228254eb6,Balenciaga_GBR_5856092AB8R1000,5856092AB8R1000,GBR,Bags,GBP,2026-09-07,1770.00,1880.00,0.0621,increase
b8c96e4e01917d3a6e27abee0e7aeb8c,Balenciaga_GBR_5861342A5ZF2533,5861342A5ZF2533,GBR,Bags,GBP,2026-09-07,2440.00,2590.00,0.0615,increase
74e465f28ab5a83e78ec28c03f88532c,Balenciaga_GBR_5861342ABDK1000,5861342ABDK1000,GBR,Bags,GBP,2026-09-07,2660.00,2820.00,0.0602,increase
11f7bbbbc0e4d7ea7f04d851b34fa82d,Balenciaga_GBR_586134THIHP4200,586134THIHP4200,GBR,Bags,GBP,2026-09-07,2420.00,2560.00,0.0579,increase
5ae1c8c65d6de308abd266bb428a8d07,Balenciaga_GBR_5861462ABI32533,5861462ABI32533,GBR,Bags,GBP,2026-09-07,1990.00,2110.00,0.0603,increase
64818cb6ae89875e4f05c371f471cbae,Balenciaga_GBR_586146TO7IY1210,586146TO7IY1210,GBR,Bags,GBP,2026-09-07,2000.00,2120.00,0.0600,increase
5482142c489f8363c0915da2fbca224b,Balenciaga_GBR_586146TRVHI2533,586146TRVHI2533,GBR,Bags,GBP,2026-09-07,2240.00,2370.00,0.0580,increase
0936765d8dbc40027b91ddcec1d73230,Balenciaga_GBR_586146TTWU21240,586146TTWU21240,GBR,Bags,GBP,2026-09-07,1920.00,2030.00,0.0573,increase
ba1c4b121719a81f8a07e8e979ed099a,Balenciaga_GBR_586146W1WP65723,586146W1WP65723,GBR,Bags,GBP,2026-09-07,2380.00,2530.00,0.0630,increase
c6ce9da83ac6c1371530c8a4f2771278,Balenciaga_GBR_586146WBD2S8122,586146WBD2S8122,GBR,Bags,GBP,2026-09-07,1550.00,1650.00,0.0645,increase
044ff217dba8c6b9ce4b926f2f48232d,Balenciaga_GBR_58737121E5Q1000,58737121E5Q1000,GBR,Bags,GBP,2026-09-07,2400.00,2550.00,0.0625,increase
67ab424df17337e4611b2a5428884e6c,Balenciaga_GBR_5898034GZAD1000,5898034GZAD1000,GBR,Bags,GBP,2026-09-07,2510.00,2660.00,0.0598,increase
503e59154408acf934a6180ec1893490,Balenciaga_GBR_589803TTLSW4011,589803TTLSW4011,GBR,Bags,GBP,2026-09-07,1670.00,1770.00,0.0599,increase
351273cd97f0b0a5f6bc2e0004597156,Balenciaga_GBR_5919172AZ1O5723,5919172AZ1O5723,GBR,Small Leather Goods,GBP,2026-09-07,255.00,270.00,0.0588,increase
f899166b3db3a3c9e8d812ea5a2a7571,Balenciaga_GBR_5919174GT0G9000,5919174GT0G9000,GBR,Small Leather Goods,GBP,2026-09-07,400.00,425.00,0.0625,increase
81b333e9372c3674c66769d6e47da5d8,Balenciaga_GBR_591917W3LVJ1000,591917W3LVJ1000,GBR,Small Leather Goods,GBP,2026-09-07,420.00,445.00,0.0595,increase
fe7bd5225a8feb1259d8ecaa2f66f7e9,Balenciaga_GBR_596501218XT4200,596501218XT4200,GBR,Bags,GBP,2026-09-07,2380.00,2520.00,0.0588,increase
2c05e9b59ea6c43983e74890c63166f3,Balenciaga_GBR_59650121J5P2533,59650121J5P2533,GBR,Bags,GBP,2026-09-07,2500.00,2650.00,0.0600,increase
7e7df208d195c840cf59202328bc1063,Balenciaga_GBR_596501TY52T1000,596501TY52T1000,GBR,Bags,GBP,2026-09-07,1960.00,2080.00,0.0612,increase
86ae29a9208b27d21b5e851bfa22aba5,Balenciaga_GBR_596501W8PY42840,596501W8PY42840,GBR,Bags,GBP,2026-09-07,1840.00,1950.00,0.0598,increase
a48fbde99cf4e09110f95680bed3059f,Balenciaga_GBR_600325214860911,600325214860911,GBR,Bags,GBP,2026-09-07,1490.00,1580.00,0.0604,increase
3b805a809bf80514aba5e687fca4a173,Balenciaga_GBR_6003254G0R28122,6003254G0R28122,GBR,Bags,GBP,2026-09-07,1590.00,1680.00,0.0566,increase
5654104633481f56958a9f234ed3cdb2,Balenciaga_GBR_600325TT4SF1000,600325TT4SF1000,GBR,Bags,GBP,2026-09-07,2260.00,2390.00,0.0575,increase
14a93a0d1af8d46e4adbd93c2fb701bd,Balenciaga_GBR_6039712AHBR3258,6039712AHBR3258,GBR,Bags,GBP,2026-09-07,2280.00,2420.00,0.0614,increase
ca5183fa3e1569ee0fc8db0b0f9cfe7b,Balenciaga_GBR_6039714G6ZW1090,6039714G6ZW1090,GBR,Bags,GBP,2026-09-07,8070.00,8560.00,0.0607,increase
3abeac68265f95973e8cee7d324bc093,Balenciaga_GBR_604342219829104,604342219829104,GBR,Accessories,GBP,2026-09-07,1520.00,1610.00,0.0592,increase
53a638b95ed70517c47ef47ded928e6b,Balenciaga_GBR_6043422ABBQ0911,6043422ABBQ0911,GBR,Accessories,GBP,2026-09-07,1480.00,1570.00,0.0608,increase
802e35f61f1bd5efaa99978e60bc78af,Balenciaga_GBR_6043424G58X9000,6043424G58X9000,GBR,Accessories,GBP,2026-09-07,3340.00,3540.00,0.0599,increase
d7848fb5ac475904a5537ee4c4ac8e1e,Balenciaga_GBR_604342TN9E49000,604342TN9E49000,GBR,Accessories,GBP,2026-09-07,1740.00,1840.00,0.0575,increase
6da54f1d50939de2d3b70ce79b8ae915,Balenciaga_GBR_605291218ME1000,605291218ME1000,GBR,Small Leather Goods,GBP,2026-09-07,315.00,335.00,0.0635,increase
ed873428f7785208947a3dbd518b64be,Balenciaga_GBR_6052912ABSR1210,6052912ABSR1210,GBR,Small Leather Goods,GBP,2026-09-07,345.00,365.00,0.0580,increase
82e42147228d4947cb286f51f14542d2,Balenciaga_GBR_6067874GSEE1084,6067874GSEE1084,GBR,Bags,GBP,2026-09-07,2200.00,2330.00,0.0591,increase
6c69e52f03f8ae0cbf430b947e70694b,Balenciaga_GBR_606787WJ1DK1251,606787WJ1DK1251,GBR,Bags,GBP,2026-09-07,1810.00,1920.00,0.0608,increase
7949bc147bcaa96803eb3f31f46335c3,Balenciaga_GBR_6068722A74C0911,6068722A74C0911,GBR,Small Leather Goods,GBP,2026-09-07,360.00,380.00,0.0556,increase
fae95a4ed2c24e9d53eca864ec722dbd,Balenciaga_GBR_606872TJ2VY9000,606872TJ2VY9000,GBR,Bags,GBP,2026-09-07,660.00,700.00,0.0606,increase
5afede68f739c68860766586bac65a07,Balenciaga_GBR_606872TTD4I1000,606872TTD4I1000,GBR,Small Leather Goods,GBP,2026-09-07,455.00,480.00,0.0549,increase
2103ad6b7d8c661efe831ce399f9ff4f,Balenciaga_GBR_606872WCITL8065,606872WCITL8065,GBR,Accessories,GBP,2026-09-07,240.00,255.00,0.0625,increase
792f6734a4741dfee8d302397404ed8f,Balenciaga_GBR_6081552A3911090,6081552A3911090,GBR,Bags,GBP,2026-09-07,570.00,605.00,0.0614,increase
4ad197028571de3ae9a4e5524ceab94f,Balenciaga_GBR_6090452AB6B0926,6090452AB6B0926,GBR,Small Leather Goods,GBP,2026-09-07,315.00,335.00,0.0635,increase
e0ef5b17e5cfa0d60bc7489a52425cdc,Balenciaga_GBR_6090454GFZ40926,6090454GFZ40926,GBR,Small Leather Goods,GBP,2026-09-07,765.00,810.00,0.0588,increase
9ccd8920824ce3023f045850428de70f,Balenciaga_GBR_60976421CA79000,60976421CA79000,GBR,Accessories,GBP,2026-09-07,620.00,655.00,0.0565,increase
9902fa7e3176fcafd33d357ff19a5131,Balenciaga_GBR_6097644GYE99104,6097644GYE99104,GBR,Accessories,GBP,2026-09-07,310.00,330.00,0.0645,increase
69d34e9edc83b0885b60168fb6af55d9,Balenciaga_GBR_609764W580V9002,609764W580V9002,GBR,Accessories,GBP,2026-09-07,435.00,460.00,0.0575,increase
7d0f00d4e5845152c93564e6571e5bd6,Balenciaga_GBR_6106004GZJF9104,6106004GZJF9104,GBR,Bags,GBP,2026-09-07,1360.00,1440.00,0.0588,increase
d96a7aebc1b7c45cfb057e0c12ba5c47,Balenciaga_GBR_610600WI7Z98065,610600WI7Z98065,GBR,Bags,GBP,2026-09-07,715.00,760.00,0.0629,increase
ff06c933ee4467c02a3aee9fd55fb5ab,Balenciaga_GBR_6115974G4912308,6115974G4912308,GBR,Bags,GBP,2026-09-07,900.00,955.00,0.0611,increase
f4b88461b1b3bde561c06b865b6cd4e6,Balenciaga_GBR_614404TT16Q1251,614404TT16Q1251,GBR,Bags,GBP,2026-09-07,2170.00,2300.00,0.0599,increase
b404fe5adef8aef8c766dcc0858f7f05,Balenciaga_GBR_615434215P10926,615434215P10926,GBR,Bags,GBP,2026-09-07,3740.00,3960.00,0.0588,increase
ef3b687b19a1f3b0eb21747a4dc861cf,Balenciaga_GBR_6154342AB0Q2533,6154342AB0Q2533,GBR,Bags,GBP,2026-09-07,2240.00,2370.00,0.0580,increase
883e0abf957732e9f1985e73266c37fc,Balenciaga_GBR_6154342AFAB4011,6154342AFAB4011,GBR,Bags,GBP,2026-09-07,1790.00,1890.00,0.0559,increase
f6c897c45e25924c511d6ea67ea3f9ad,Balenciaga_GBR_6154344GBXM0926,6154344GBXM0926,GBR,Bags,GBP,2026-09-07,1990.00,2100.00,0.0553,increase
2b57b7f17e8508256145309f9a8fbc8c,Balenciaga_GBR_6154344GF5T2308,6154344GF5T2308,GBR,Bags,GBP,2026-09-07,1580.00,1670.00,0.0570,increase
4cebf14d743958f56dfd60961feee4bd,Balenciaga_GBR_615434TT9YP0127,615434TT9YP0127,GBR,Bags,GBP,2026-09-07,1560.00,1660.00,0.0641,increase
20b26fd4ceff36b8ce7eef5a54cde9e0,Balenciaga_GBR_61818021PJ51090,61818021PJ51090,GBR,Accessories,GBP,2026-09-07,250.00,265.00,0.0600,increase
e681f9c295722e7f17a2de783652fb30,Balenciaga_GBR_6181802A8GI8065,6181802A8GI8065,GBR,Accessories,GBP,2026-09-07,1190.00,1260.00,0.0588,increase
417fd5bd74378ac25395016f1a1281f9,Balenciaga_GBR_6181802ABRM1084,6181802ABRM1084,GBR,Accessories,GBP,2026-09-07,1190.00,1270.00,0.0672,increase
67de0413be48a52e67a627bb65b09ad4,Balenciaga_GBR_618809TH1H49020,618809TH1H49020,GBR,Small Leather Goods,GBP,2026-09-07,1200.00,1270.00,0.0583,increase
cebc83f36f88a5526271655764b65fed,Balenciaga_GBR_618809WDY7T2840,618809WDY7T2840,GBR,Small Leather Goods,GBP,2026-09-07,3180.00,3370.00,0.0597,increase
7f864f7f3f3da4204c40da1f140ba1c2,Balenciaga_GBR_61979921UMQ9000,61979921UMQ9000,GBR,Small Leather Goods,GBP,2026-09-07,315.00,335.00,0.0635,increase
aeb8bca5ce8beb47f717ce69244ed42e,Balenciaga_GBR_6200252AB6C2840,6200252AB6C2840,GBR,Bags,GBP,2026-09-07,1840.00,1950.00,0.0598,increase
9dc330c83afec1ae99d3de249c684c6a,Balenciaga_GBR_620025TTOCR3258,620025TTOCR3258,GBR,Bags,GBP,2026-09-07,2220.00,2350.00,0.0586,increase
db2d1643a0b7e6f92c3573a622e8dba8,Balenciaga_GBR_6206382A28F2533,6206382A28F2533,GBR,Bags,GBP,2026-09-07,2460.00,2610.00,0.0610,increase
85e90c965313f4896c3d854aaf71356b,Balenciaga_GBR_62422121YB51240,62422121YB51240,GBR,Bags,GBP,2026-09-07,455.00,485.00,0.0659,increase
ce6d2d9d6b8fe1d9adb86ace1271b771,Balenciaga_GBR_624221TTQWM8065,624221TTQWM8065,GBR,Bags,GBP,2026-09-07,435.00,460.00,0.0575,increase
28f4010e20910536af5556e439476331,Balenciaga_GBR_624221WD4EL9020,624221WD4EL9020,GBR,Bags,GBP,2026-09-07,1020.00,1080.00,0.0588,increase
48f16e5e158f8628aed112b3721c8cfa,Balenciaga_GBR_6257174GF6W2533,6257174GF6W2533,GBR,Small Leather Goods,GBP,2026-09-07,195.00,210.00,0.0769,increase
7591144969a767bf92d4bada6328fe2d,Balenciaga_GBR_627903TTOKK2840,627903TTOKK2840,GBR,Bags,GBP,2026-09-07,315.00,335.00,0.0635,increase
f4345a1979ab3696bbae31f2db64d3d5,Balenciaga_GBR_6305072110B1041,6305072110B1041,GBR,Bags,GBP,2026-09-07,3220.00,3420.00,0.0621,increase
d6ea054e32fab41891bc3733e01bec9f,Balenciaga_GBR_63050721WLN1251,63050721WLN1251,GBR,Bags,GBP,2026-09-07,1500.00,1590.00,0.0600,increase
8c28d52105219bda5fd158c8dce4dd53,Balenciaga_GBR_630507TTWFZ1240,630507TTWFZ1240,GBR,Bags,GBP,2026-09-07,2640.00,2800.00,0.0606,increase
6e326665b83d6b8fc30dedc8fca0385e,Balenciaga_GBR_630507WVDSS9002,630507WVDSS9002,GBR,Bags,GBP,2026-09-07,2560.00,2710.00,0.0586,increase
4c99dc0bd63cb61d0f2b27143b4f1dfb,Balenciaga_GBR_630507WZAMO2533,630507WZAMO2533,GBR,Bags,GBP,2026-09-07,3350.00,3550.00,0.0597,increase
17160307d3b73f8d0b7d9285f1df9cc3,Balenciaga_GBR_6319002AAW31090,6319002AAW31090,GBR,Bags,GBP,2026-09-07,1740.00,1850.00,0.0632,increase
87530eb9986173a9e9e9017d0ce0b1ee,Balenciaga_GBR_6319002ABTX1000,6319002ABTX1000,GBR,Bags,GBP,2026-09-07,2370.00,2510.00,0.0591,increase
179c3821cbdeb89edabfa670956fe97d,Balenciaga_GBR_6319002AWRE9104,6319002AWRE9104,GBR,Bags,GBP,2026-09-07,2300.00,2440.00,0.0609,increase
f9261d191679b901acd3a172ff489992,Balenciaga_GBR_6319004GBUF5723,6319004GBUF5723,GBR,Bags,GBP,2026-09-07,2330.00,2470.00,0.0601,increase
dd40c53f6e2f60b0e317275249971b2b,Balenciaga_GBR_631900TT6TA9000,631900TT6TA9000,GBR,Bags,GBP,2026-09-07,1770.00,1880.00,0.0621,increase
21c48b1d462b0df9404b2a5194c76a6f,Balenciaga_GBR_631900TTHUH1000,631900TTHUH1000,GBR,Bags,GBP,2026-09-07,1940.00,2060.00,0.0619,increase
aa5a661daf5f8eaac0eb081bbcba1730,Balenciaga_GBR_631900TTM6O1000,631900TTM6O1000,GBR,Bags,GBP,2026-09-07,2340.00,2490.00,0.0641,increase
a2f23ee3b7e346063bb0c6c61c21dd1b,Balenciaga_GBR_631900WDUX21090,631900WDUX21090,GBR,Bags,GBP,2026-09-07,2860.00,3030.00,0.0594,increase
be37a4d250c51782bf946bb9026455c5,Balenciaga_GBR_631900WFXVH1000,631900WFXVH1000,GBR,Bags,GBP,2026-09-07,1970.00,2090.00,0.0609,increase
61d4f88a2c502e664296a48b25a29d82,Balenciaga_GBR_63238321K5N1090,63238321K5N1090,GBR,Small Leather Goods,GBP,2026-09-07,2930.00,3110.00,0.0614,increase
328e7f5069b1c5bbdc7351e91495a0f5,Balenciaga_GBR_6341232ABT41041,6341232ABT41041,GBR,Bags,GBP,2026-09-07,995.00,1060.00,0.0653,increase
7485f28b5ec758e713b1d12985ecdca3,Balenciaga_GBR_634123TF2SO0911,634123TF2SO0911,GBR,Bags,GBP,2026-09-07,1230.00,1300.00,0.0569,increase
589e8d73d73ea45817d1148e12f7c18c,Balenciaga_GBR_634123TTEWD5723,634123TTEWD5723,GBR,Bags,GBP,2026-09-07,2660.00,2820.00,0.0602,increase
bb1c27ff12c4fc081eb5189a0fbfdddc,Balenciaga_GBR_6383222ATQP0127,6383222ATQP0127,GBR,Bags,GBP,2026-09-07,1940.00,2060.00,0.0619,increase
380d7836604258a733daaa9d31348bae,Balenciaga_GBR_639916T3NGA1000,639916T3NGA1000,GBR,Small Leather Goods,GBP,2026-09-07,1540.00,1630.00,0.0584,increase
2190780ae7aaab46fa399279f4417355,Balenciaga_GBR_6416162ABYP9002,6416162ABYP9002,GBR,Bags,GBP,2026-09-07,1080.00,1150.00,0.0648,increase
198bb158fed837ee2dac82a81e5d8229,Balenciaga_GBR_6482272AB7M0127,6482272AB7M0127,GBR,Bags,GBP,2026-09-07,760.00,810.00,0.0658,increase
4b703ca1ab70a5532cdd746a94eea161,Balenciaga_GBR_648227WHLJF3258,648227WHLJF3258,GBR,Bags,GBP,2026-09-07,2490.00,2640.00,0.0602,increase
8a017c269f37436dc47eda2b1da56ab0,Balenciaga_GBR_65021421L5I4200,65021421L5I4200,GBR,Small Leather Goods,GBP,2026-09-07,300.00,320.00,0.0667,increase
49dede3df0aa55c92ac400a82499ac35,Balenciaga_GBR_6502142A5IF9000,6502142A5IF9000,GBR,Small Leather Goods,GBP,2026-09-07,230.00,245.00,0.0652,increase
21a1653807854b6b7731b5321c3f7993,Balenciaga_GBR_65463321I4N1000,65463321I4N1000,GBR,Bags,GBP,2026-09-07,705.00,745.00,0.0567,increase
340e6fdaa986eeb699c9283c82366858,Balenciaga_GBR_6582622A6FA9020,6582622A6FA9020,GBR,Bags,GBP,2026-09-07,1320.00,1400.00,0.0606,increase
ac3e11d6089ce8f8c81bf9ad159b95cb,Balenciaga_GBR_658262W7ZM61090,658262W7ZM61090,GBR,Bags,GBP,2026-09-07,350.00,370.00,0.0571,increase
331bf56c7d580f2655b74ca38e9864d8,Balenciaga_GBR_6595782AB1G2533,6595782AB1G2533,GBR,Bags,GBP,2026-09-07,245.00,260.00,0.0612,increase
d23f6f2f114cd9c79fcaa01185533bdf,Balenciaga_GBR_659578WTHGI0127,659578WTHGI0127,GBR,Bags,GBP,2026-09-07,325.00,345.00,0.0615,increase
b998deaea99bedd10d8d663ff16b05e4,Balenciaga_GBR_664769WDPAE8065,664769WDPAE8065,GBR,Bags,GBP,2026-09-07,1730.00,1840.00,0.0636,increase
116761fc3c20b0eab8e16bc515a0019a,Balenciaga_GBR_6661592ABB71000,6661592ABB71000,GBR,Small Leather Goods,GBP,2026-09-07,710.00,755.00,0.0634,increase
ccc26af41f2d2a30b7e6534a9e57f447,Balenciaga_GBR_666159TT9KL9000,666159TT9KL9000,GBR,Small Leather Goods,GBP,2026-09-07,235.00,245.00,0.0426,increase
df9352e2c9eba1adf8938d471084c414,Balenciaga_GBR_668213WBX4D2533,668213WBX4D2533,GBR,Bags,GBP,2026-09-07,2260.00,2400.00,0.0619,increase
0bea8af6a5c2fc52293d50fc2cd1a252,Balenciaga_GBR_668213WIM2Q0911,668213WIM2Q0911,GBR,Bags,GBP,2026-09-07,2020.00,2150.00,0.0644,increase
9d1ef0561fccc1a53be97fc03d21a6e9,Balenciaga_GBR_6703942ADO60911,6703942ADO60911,GBR,Small Leather Goods,GBP,2026-09-07,320.00,340.00,0.0625,increase
599d4f6699d45e92e9b2b5a0f9ef99e8,Balenciaga_GBR_6703942AJWP9002,6703942AJWP9002,GBR,Small Leather Goods,GBP,2026-09-07,230.00,240.00,0.0435,increase
c75b68bb9d38490c83afdedfc30f1227,Balenciaga_GBR_6704764GD9W5723,6704764GD9W5723,GBR,Bags,GBP,2026-09-07,355.00,375.00,0.0563,increase
d4d1fba3e181d3229b87e12d562791e8,Balenciaga_GBR_673470TS1LV2533,673470TS1LV2533,GBR,Accessories,GBP,2026-09-07,230.00,245.00,0.0652,increase
fdf6170ddaedbdad22f7b76b965d7a18,Balenciaga_GBR_67679221VL61210,67679221VL61210,GBR,Bags,GBP,2026-09-07,2160.00,2290.00,0.0602,increase
2641a13feb190d207cca1b7d6f5e1615,Balenciaga_GBR_6767922AB4K1090,6767922AB4K1090,GBR,Bags,GBP,2026-09-07,1280.00,1360.00,0.0625,increase
2d016554bb04956d4828306e682fe08f,Balenciaga_GBR_676820WGNH62533,676820WGNH62533,GBR,Bags,GBP,2026-09-07,1840.00,1950.00,0.0598,increase
8b47d8bcfc42e09e7507d2aa76f80b6f,Balenciaga_GBR_6778232A4ZU9020,6778232A4ZU9020,GBR,Bags,GBP,2026-09-07,2100.00,2220.00,0.0571,increase
036534c5edc4b3446e422b098bdaec3a,Balenciaga_GBR_6778234GNKV1000,6778234GNKV1000,GBR,Bags,GBP,2026-09-07,1690.00,1800.00,0.0651,increase
4577ce672e4efac9474b32420cc51c72,Balenciaga_GBR_677823TPXBN1090,677823TPXBN1090,GBR,Bags,GBP,2026-09-07,2630.00,2790.00,0.0608,increase
df12e7a0ae758a9aaa3f6384633a7795,Balenciaga_GBR_6786802AEJ81000,6786802AEJ81000,GBR,Small Leather Goods,GBP,2026-09-07,1840.00,1950.00,0.0598,increase
103316adaea8256253a4743fca9bb8f7,Balenciaga_GBR_6869382ABCP0911,6869382ABCP0911,GBR,Bags,GBP,2026-09-07,2180.00,2310.00,0.0596,increase
ea3801caefc65897d69d3766cb158a07,Balenciaga_GBR_6871014GGDU8122,6871014GGDU8122,GBR,Bags,GBP,2026-09-07,1000.00,1070.00,0.0700,increase
3dbcc364a9f844dc9e7e70cb72dd9b35,Balenciaga_GBR_687101TK1EY1000,687101TK1EY1000,GBR,Bags,GBP,2026-09-07,2450.00,2600.00,0.0612,increase
e951552e913240dc67d3eab204911dc5,Balenciaga_GBR_687101TTS681000,687101TTS681000,GBR,Bags,GBP,2026-09-07,1740.00,1840.00,0.0575,increase
8a5ecc9ff61c7d3c506ecf403c139827,Balenciaga_GBR_6873682AB3L1000,6873682AB3L1000,GBR,Bags,GBP,2026-09-07,3390.00,3600.00,0.0619,increase
9d7cef20c295a42da5407464e2b003ca,Balenciaga_GBR_6873682ABYE2308,6873682ABYE2308,GBR,Bags,GBP,2026-09-07,2600.00,2760.00,0.0615,increase
7ef4f08b786a2d6212ff21769c7c7f16,Balenciaga_GBR_6873684GEGI1210,6873684GEGI1210,GBR,Bags,GBP,2026-09-07,1740.00,1840.00,0.0575,increase
71f77cefee133b160d5baf1bf3923127,Balenciaga_GBR_687755TT6SC1090,687755TT6SC1090,GBR,Small Leather Goods,GBP,2026-09-07,495.00,525.00,0.0606,increase
6fd0b1399aecf1ac16f49845a18960be,Balenciaga_GBR_687755WZQV70926,687755WZQV70926,GBR,Small Leather Goods,GBP,2026-09-07,380.00,405.00,0.0658,increase
b84235148537dd33d3b9cd5aa3556b17,Balenciaga_GBR_690455WV5SI9002,690455WV5SI9002,GBR,Small Leather Goods,GBP,2026-09-07,1010.00,1070.00,0.0594,increase
5b79a1ee216783936674af79a8a16777,Balenciaga_GBR_698478TK52K4200,698478TK52K4200,GBR,Bags,GBP,2026-09-07,625.00,660.00,0.0560,increase
4d1c4f0f37648fd8235dda81c82451d0,Balenciaga_GBR_698478WAG0O0911,698478WAG0O0911,GBR,Bags,GBP,2026-09-07,675.00,720.00,0.0667,increase
29b9485db927b675abdfded9b099f573,Balenciaga_GBR_706014TT5D61000,706014TT5D61000,GBR,Bags,GBP,2026-09-07,420.00,445.00,0.0595,increase
7b9a1f9298fac107ee3bc9e60dbb6123,Balenciaga_GBR_706014TTHIA8065,706014TTHIA8065,GBR,Bags,GBP,2026-09-07,390.00,415.00,0.0641,increase
1e562fa62f9c2bc47b6dbc17eec59325,Balenciaga_GBR_706014TV8UH1084,706014TV8UH1084,GBR,Bags,GBP,2026-09-07,625.00,660.00,0.0560,increase
7e3955dddfc4963aed01f686028be2c4,Balenciaga_GBR_7066122A50P3258,7066122A50P3258,GBR,Small Leather Goods,GBP,2026-09-07,875.00,930.00,0.0629,increase
2d4828ffeaab3deb80ba75b3aea7394e,Balenciaga_GBR_7066122AB3X1000,7066122AB3X1000,GBR,Small Leather Goods,GBP,2026-09-07,850.00,900.00,0.0588,increase
0ae84ea02aa044c88433367889386e66,Balenciaga_GBR_7066122AY6L8065,7066122AY6L8065,GBR,Small Leather Goods,GBP,2026-09-07,1710.00,1820.00,0.0643,increase
fc0cc0d1331bb2ccb2b163f1f436214e,Balenciaga_GBR_706612TTDZG0926,706612TTDZG0926,GBR,Small Leather Goods,GBP,2026-09-07,610.00,650.00,0.0656,increase
6f19063073db2c9e3ff3f0bceff2bd80,Balenciaga_GBR_706612WBFE11090,706612WBFE11090,GBR,Small Leather Goods,GBP,2026-09-07,240.00,255.00,0.0625,increase
37e5cb2ff11cdffa22accbe1aba241aa,Balenciaga_GBR_7089882AB993258,7089882AB993258,GBR,Small Leather Goods,GBP,2026-09-07,495.00,525.00,0.0606,increase
c93386e644fa40ab3c668fe0c2000532,Balenciaga_GBR_7089882ABJZ1251,7089882ABJZ1251,GBR,Small Leather Goods,GBP,2026-09-07,590.00,630.00,0.0678,increase
9d058d1ee578b44469d35d6fa8d27a4b,Balenciaga_GBR_71088921W3O1240,71088921W3O1240,GBR,Small Leather Goods,GBP,2026-09-07,460.00,485.00,0.0543,increase
f996008d83991aba8878cae7c032deb2,Balenciaga_GBR_7108894GUHQ1000,7108894GUHQ1000,GBR,Small Leather Goods,GBP,2026-09-07,440.00,470.00,0.0682,increase
2f2a0644c9bd5d7469de68b8875d3181,Balenciaga_GBR_711160WE21T1240,711160WE21T1240,GBR,Small Leather Goods,GBP,2026-09-07,250.00,265.00,0.0600,increase
5a7c424e8bc7c47a23b4327dd33023e3,Balenciaga_GBR_711160WOZ6M4011,711160WOZ6M4011,GBR,Small Leather Goods,GBP,2026-09-07,330.00,345.00,0.0455,increase
8a89a39d38d72aeb7d27b5dde56834c1,Balenciaga_GBR_7134902AB1H4200,7134902AB1H4200,GBR,Bags,GBP,2026-09-07,2600.00,2750.00,0.0577,increase
2bd722d558b7a495e6a19f515ca390bf,Balenciaga_GBR_713490TTJ7K2533,713490TTJ7K2533,GBR,Bags,GBP,2026-09-07,2590.00,2740.00,0.0579,increase
609e8f8f89a0f15e954bb77143b18ed3,Balenciaga_GBR_7163574GQBG9000,7163574GQBG9000,GBR,Bags,GBP,2026-09-07,1700.00,1800.00,0.0588,increase
ecc0756f355fe68ded2851fff36f8c00,Balenciaga_GBR_7238022ALQU5723,7238022ALQU5723,GBR,Bags,GBP,2026-09-07,1430.00,1510.00,0.0559,increase
0e093cae967dbfa9ea1cd38296a2dc6d,Balenciaga_GBR_723802TPE569000,723802TPE569000,GBR,Bags,GBP,2026-09-07,1460.00,1550.00,0.0616,increase
0f221afa20fc0ac060038738e06a7f06,Balenciaga_GBR_723802TTN6J5723,723802TTN6J5723,GBR,Bags,GBP,2026-09-07,3760.00,3990.00,0.0612,increase
47a4346fcf1ab4582d374cbbc81a195a,Balenciaga_GBR_7247992ABQG0926,7247992ABQG0926,GBR,Small Leather Goods,GBP,2026-09-07,630.00,670.00,0.0635,increase
aba81a9f3b11ea9c699a0f85f41bfdb5,Balenciaga_GBR_72532821OA90911,72532821OA90911,GBR,Small Leather Goods,GBP,2026-09-07,595.00,630.00,0.0588,increase
22490efa7e784097140b4c31cd755453,Balenciaga_GBR_725328TTV443258,725328TTV443258,GBR,Small Leather Goods,GBP,2026-09-07,215.00,230.00,0.0698,increase
4d868d3a13f099a3a464e9bf04d32736,Balenciaga_GBR_7260062AINV9000,7260062AINV9000,GBR,Bags,GBP,2026-09-07,1700.00,1800.00,0.0588,increase
308a50a8d4e46718a04c68c816f72261,Balenciaga_GBR_7260064GLKM1000,7260064GLKM1000,GBR,Bags,GBP,2026-09-07,2360.00,2500.00,0.0593,increase
f3a0e35e0f10a93221a1852d8990aba0,Balenciaga_GBR_7283052ABY31090,7283052ABY31090,GBR,Bags,GBP,2026-09-07,2750.00,2920.00,0.0618,increase
836a0e74ecdaa46e1d05f857b57f4a0a,Balenciaga_GBR_728305TUZCI4011,728305TUZCI4011,GBR,Bags,GBP,2026-09-07,3330.00,3530.00,0.0601,increase
5e222dcdb0c1892f647d26ef06f0ae3e,Balenciaga_GBR_72872721NOR1090,72872721NOR1090,GBR,Bags,GBP,2026-09-07,1900.00,2010.00,0.0579,increase
013448be8f1cb5a1b942101d8089308c,Balenciaga_GBR_728727WEHTC8065,728727WEHTC8065,GBR,Bags,GBP,2026-09-07,2240.00,2380.00,0.0625,increase
fcd5fc691f8f23cb0b06f254ebe6afec,Balenciaga_GBR_72918421GJI3258,72918421GJI3258,GBR,Bags,GBP,2026-09-07,2290.00,2420.00,0.0568,increase
88a9cc2216f82808e45458fbcafd3899,Balenciaga_GBR_7297992A1LP1000,7297992A1LP1000,GBR,Bags,GBP,2026-09-07,1540.00,1630.00,0.0584,increase
daa3d603f110c56d0c3e5f200ba42ad4,Balenciaga_GBR_7297992ABTM0926,7297992ABTM0926,GBR,Bags,GBP,2026-09-07,1320.00,1400.00,0.0606,increase
7f8321ff5193093e74edc0eea44be1eb,Balenciaga_GBR_7297992ACVY2840,7297992ACVY2840,GBR,Bags,GBP,2026-09-07,1460.00,1550.00,0.0616,increase
0e8300e744cea0418f7d074cb01ad51c,Balenciaga_GBR_729799TTQ0W0911,729799TTQ0W0911,GBR,Bags,GBP,2026-09-07,2440.00,2590.00,0.0615,increase
79f46461a3a645cea52eab74dfea52ee,Balenciaga_GBR_729799W4YYO2533,729799W4YYO2533,GBR,Bags,GBP,2026-09-07,1700.00,1800.00,0.0588,increase
d5aa719237a030b999ddf5d58bbd3b8c,Balenciaga_GBR_7311302ABV99104,7311302ABV99104,GBR,Bags,GBP,2026-09-07,1210.00,1280.00,0.0579,increase
b54c1ceea75d555717e560296f0c146d,Balenciaga_GBR_731130TEWXC1000,731130TEWXC1000,GBR,Bags,GBP,2026-09-07,1310.00,1390.00,0.0611,increase
903e8f13464e5e60f41efda4d4f4e7c1,Balenciaga_GBR_734797W7EBY1041,734797W7EBY1041,GBR,Accessories,GBP,2026-09-07,1750.00,1860.00,0.0629,increase
8b3f5ca6edd441f2903f3272719f3a73,Balenciaga_GBR_7378382ABGT0926,7378382ABGT0926,GBR,Bags,GBP,2026-09-07,1190.00,1260.00,0.0588,increase
66ca1d142d03bff8a80d5ffbb6d054f8,Balenciaga_GBR_74009021IIT1084,74009021IIT1084,GBR,Small Leather Goods,GBP,2026-09-07,585.00,620.00,0.0598,increase
507431f921b3050c49b59a8c30fd5773,Balenciaga_GBR_7400904G1H21240,7400904G1H21240,GBR,Small Leather Goods,GBP,2026-09-07,340.00,360.00,0.0588,increase
2c45b8106fb361671283a11915990a63,Balenciaga_GBR_740090TT35C4011,740090TT35C4011,GBR,Small Leather Goods,GBP,2026-09-07,805.00,855.00,0.0621,increase
28bb8fcceff00099c981e6af280846f2,Balenciaga_GBR_740090TTQWT5723,740090TTQWT5723,GBR,Small Leather Goods,GBP,2026-09-07,495.00,525.00,0.0606,increase
ce00d673259a19e753cac0485299ec79,Balenciaga_GBR_7434644GJUQ1251,7434644GJUQ1251,GBR,Small Leather Goods,GBP,2026-09-07,1140.00,1210.00,0.0614,increase
6e8dbda9c10e3c1c3485669e315a0147,Balenciaga_GBR_74818821RAQ1000,74818821RAQ1000,GBR,Small Leather Goods,GBP,2026-09-07,250.00,265.00,0.0600,increase
f64814b409c020c7303f746848d177b8,Balenciaga_GBR_7481882ABWW0911,7481882ABWW0911,GBR,Small Leather Goods,GBP,2026-09-07,445.00,470.00,0.0562,increase
0324dc273671c113ff34a0b2bbe75c5d,Balenciaga_GBR_7481884GUB61000,7481884GUB61000,GBR,Small Leather Goods,GBP,2026-09-07,525.00,555.00,0.0571,increase
49a273055e9a4d9437c2441d5ce8572f,Balenciaga_GBR_7483542ABV39020,7483542ABV39020,GBR,Bags,GBP,2026-09-07,4060.00,4300.00,0.0591,increase
9fea64101b90c7171479f70a8c551f10,Balenciaga_GBR_748354T1COL0911,748354T1COL0911,GBR,Bags,GBP,2026-09-07,1840.00,1950.00,0.0598,increase
5002b34c12ab713d0ee17074d24205fc,Balenciaga_GBR_7517282110W1090,7517282110W1090,GBR,Small Leather Goods,GBP,2026-09-07,1060.00,1120.00,0.0566,increase
169c3631afda8e0a0123b86b6795b97f,Balenciaga_GBR_75172821F7M1210,75172821F7M1210,GBR,Small Leather Goods,GBP,2026-09-07,815.00,865.00,0.0613,increase
2c09693c091232aa9d48ccf258c8b5d0,Balenciaga_GBR_751728WJEN18122,751728WJEN18122,GBR,Small Leather Goods,GBP,2026-09-07,860.00,910.00,0.0581,increase
c8776bc781cad994caeee15b94673d13,Balenciaga_GBR_7616174GM071041,7616174GM071041,GBR,Small Leather Goods,GBP,2026-09-07,245.00,255.00,0.0408,increase
67ca5a1bc3e30ab9289f0b88328459b2,Balenciaga_GBR_7702602AB191000,7702602AB191000,GBR,Bags,GBP,2026-09-07,2470.00,2620.00,0.0607,increase
b97e1d0b55deb2bc6f93240e355dd224,Balenciaga_GBR_770260WXM7O1210,770260WXM7O1210,GBR,Bags,GBP,2026-09-07,2600.00,2760.00,0.0615,increase
dd27b57786e538926120671edbcf903d,Balenciaga_GBR_77077921FFS1090,77077921FFS1090,GBR,Small Leather Goods,GBP,2026-09-07,255.00,270.00,0.0588,increase
991bac06825d6efdb7309b8a454d70e7,Balenciaga_GBR_77077921PII8122,77077921PII8122,GBR,Small Leather Goods,GBP,2026-09-07,435.00,460.00,0.0575,increase
82dfd8f2064d92355ae894efa517bb25,Balenciaga_GBR_7707792A4VV4011,7707792A4VV4011,GBR,Small Leather Goods,GBP,2026-09-07,355.00,375.00,0.0563,increase
6fed3ed5ab23713071b5964cb1495ea9,Balenciaga_GBR_7707792ABU11084,7707792ABU11084,GBR,Small Leather Goods,GBP,2026-09-07,350.00,370.00,0.0571,increase
09b5d4058dd3faffbaa22cbd4cdf0698,Balenciaga_GBR_7707792ALGH1000,7707792ALGH1000,GBR,Small Leather Goods,GBP,2026-09-07,885.00,935.00,0.0565,increase
b9d464d6441684896c17aadbb06476f9,Balenciaga_GBR_7707794G8472308,7707794G8472308,GBR,Small Leather Goods,GBP,2026-09-07,525.00,555.00,0.0571,increase
deb36e9cbea188f6aa54102823341820,Balenciaga_GBR_7707794GGLA1090,7707794GGLA1090,GBR,Small Leather Goods,GBP,2026-09-07,200.00,215.00,0.0750,increase
0dd086c8c86086e9f4c752d3a273e875,Balenciaga_GBR_770779TCSA20127,770779TCSA20127,GBR,Small Leather Goods,GBP,2026-09-07,160.00,170.00,0.0625,increase
e84db218db4cb9f7c06a8f7c208cd00e,Balenciaga_GBR_7737734GF951000,7737734GF951000,GBR,Bags,GBP,2026-09-07,1410.00,1500.00,0.0638,increase
ed8e2c6357900f07d8907c4e7932ce95,Balenciaga_GBR_773773W5BMK1240,773773W5BMK1240,GBR,Bags,GBP,2026-09-07,1900.00,2020.00,0.0632,increase
ef7acfc28b26b046bdb565885bfef3a4,Balenciaga_GBR_7751222AB963258,7751222AB963258,GBR,Small Leather Goods,GBP,2026-09-07,300.00,315.00,0.0500,increase
a22d0f096da6cf98dad7d37a1570db6a,Balenciaga_GBR_775122WM5075723,775122WM5075723,GBR,Small Leather Goods,GBP,2026-09-07,440.00,465.00,0.0568,increase
335b97a5dc9d60d8486359764f9f4d38,Balenciaga_GBR_7783482AAGM1041,7783482AAGM1041,GBR,Small Leather Goods,GBP,2026-09-07,850.00,905.00,0.0647,increase
0a10d2e8266901540a7e42f76a4f6c77,Balenciaga_GBR_7783482ABC80926,7783482ABC80926,GBR,Small Leather Goods,GBP,2026-09-07,480.00,510.00,0.0625,increase
0abdb5f8edfb9506986e3c8a609d191e,Balenciaga_GBR_778348TTK6R9002,778348TTK6R9002,GBR,Small Leather Goods,GBP,2026-09-07,425.00,450.00,0.0588,increase
b0715a77002487765bf42967f395ab40,Balenciaga_GBR_778348TTMNA0911,778348TTMNA0911,GBR,Small Leather Goods,GBP,2026-09-07,630.00,665.00,0.0556,increase
6c607996431ebf56ff9bbf8c953e4904,Balenciaga_GBR_778348WUVHU1210,778348WUVHU1210,GBR,Small Leather Goods,GBP,2026-09-07,450.00,480.00,0.0667,increase
29f2ea7255e9bc05a936991e6f013d67,Balenciaga_GBR_7793722AW9V1084,7793722AW9V1084,GBR,Bags,GBP,2026-09-07,1590.00,1690.00,0.0629,increase
0e4e090051cbfaca9e25dbbaeeae825e,Balenciaga_GBR_779372TOH4Y5723,779372TOH4Y5723,GBR,Bags,GBP,2026-09-07,2220.00,2360.00,0.0631,increase
5298d7fd40e35cfc996fe410a3451008,Balenciaga_GBR_779797T061J1041,779797T061J1041,GBR,Bags,GBP,2026-09-07,2420.00,2560.00,0.0579,increase
65570dc9c22d8803709c06b5dcbff772,Balenciaga_GBR_7830972190M9104,7830972190M9104,GBR,Accessories,GBP,2026-09-07,2790.00,2960.00,0.0609,increase
5757c85821f0de86a2a0045816431070,Balenciaga_GBR_7830974GC5O8065,7830974GC5O8065,GBR,Accessories,GBP,2026-09-07,2110.00,2230.00,0.0569,increase
c695bc501706fbf07166cc2ccd58ff1f,Balenciaga_GBR_783097T88LE4011,783097T88LE4011,GBR,Accessories,GBP,2026-09-07,1680.00,1780.00,0.0595,increase
6b6b3a0561da175449a1ca3fcc7478f4,Balenciaga_GBR_7842954GWXL2308,7842954GWXL2308,GBR,Bags,GBP,2026-09-07,2670.00,2830.00,0.0599,increase
87e0b63fc62020084d1a2f7a3fc8810a,Balenciaga_GBR_7846182AWFP1090,7846182AWFP1090,GBR,Accessories,GBP,2026-09-07,250.00,265.00,0.0600,increase
f78a71cf1b8813b1fac01b84d4afa31a,Balenciaga_GBR_786691213DR2308,786691213DR2308,GBR,Bags,GBP,2026-09-07,2530.00,2680.00,0.0593,increase
f4a6c0468eb68a1f5e34a23287620112,Balenciaga_GBR_7866912A6IT9002,7866912A6IT9002,GBR,Bags,GBP,2026-09-07,1720.00,1820.00,0.0581,increase
ddab9fb05ce3c4c1c9cca8d8b27b13b6,Balenciaga_GBR_7866912ABIU2308,7866912ABIU2308,GBR,Bags,GBP,2026-09-07,835.00,885.00,0.0599,increase
fc12fa3c5031e5acd0b9a553ad870e37,Balenciaga_GBR_7866912AENG9104,7866912AENG9104,GBR,Bags,GBP,2026-09-07,925.00,980.00,0.0595,increase
454b6c81674eba6672da5c20a734d38f,Balenciaga_GBR_79014021E841041,79014021E841041,GBR,Small Leather Goods,GBP,2026-09-07,985.00,1050.00,0.0660,increase
1a90d235457aa5683fa2435e67619085,Balenciaga_GBR_7901402AB731000,7901402AB731000,GBR,Small Leather Goods,GBP,2026-09-07,970.00,1030.00,0.0619,increase
51b70174253af420e0e8a5492b3814cf,Balenciaga_GBR_790421216UF9020,790421216UF9020,GBR,Small Leather Goods,GBP,2026-09-07,2270.00,2400.00,0.0573,increase
52f2cca699309e989ac520d5af619b1a,Balenciaga_GBR_790421WLLWX1000,790421WLLWX1000,GBR,Small Leather Goods,GBP,2026-09-07,1980.00,2100.00,0.0606,increase
9ecb7202ed74730970c6a9061e6d8866,Balenciaga_GBR_791061TTORO1090,791061TTORO1090,GBR,Bags,GBP,2026-09-07,2220.00,2360.00,0.0631,increase
02e28ddedc6feb3f419146a2a4a0be18,Balenciaga_GBR_792932218SJ1240,792932218SJ1240,GBR,Bags,GBP,2026-09-07,2150.00,2280.00,0.0605,increase
36e33a121f94ee67b8ea3a9c8937062e,Balenciaga_GBR_792932219O01251,792932219O01251,GBR,Bags,GBP,2026-09-07,2290.00,2430.00,0.0611,increase
bc782d5901839a63dc93a4c5b9771e48,Balenciaga_GBR_79293221SBP1210,79293221SBP1210,GBR,Bags,GBP,2026-09-07,1880.00,2000.00,0.0638,increase
60613e1c98cc5a0f28a7e52443b86f45,Balenciaga_GBR_792932W27C95723,792932W27C95723,GBR,Bags,GBP,2026-09-07,2900.00,3070.00,0.0586,increase
fab92764144466ace5c7564fd78e954b,Balenciaga_GBR_7986072AB0P4011,7986072AB0P4011,GBR,Small Leather Goods,GBP,2026-09-07,340.00,360.00,0.0588,increase
8e63ad01e81558d1c79065be1ece73cc,Balenciaga_GBR_798607WHH8S8065,798607WHH8S8065,GBR,Small Leather Goods,GBP,2026-09-07,265.00,280.00,0.0566,increase
1a5ba3710acfc955cb7b4cb998fc5edf,Balenciaga_GBR_8044914G46E1000,8044914G46E1000,GBR,Small Leather Goods,GBP,2026-09-07,445.00,470.00,0.0562,increase
921c3ebe3d7a3ca1ba6aad1f2ce32ce6,Balenciaga_GBR_804491WDN3F1090,804491WDN3F1090,GBR,Small Leather Goods,GBP,2026-09-07,610.00,650.00,0.0656,increase
bd2bcdb2080ae209bff19f48d4a46d5d,Balenciaga_GBR_808895212MV4011,808895212MV4011,GBR,Bags,GBP,2026-09-07,2270.00,2400.00,0.0573,increase
68518007c2b303343a3ab935d6bd430e,Balenciaga_GBR_8088952AB0I2840,8088952AB0I2840,GBR,Bags,GBP,2026-09-07,2760.00,2920.00,0.0580,increase
2b96d65e19c501af4d8d30b781e4cdd0,Balenciaga_GBR_8088952AM3D0127,8088952AM3D0127,GBR,Bags,GBP,2026-09-07,2260.00,2400.00,0.0619,increase
9823714fc0c6764943893664d98750ed,Balenciaga_GBR_808895TOVIZ2533,808895TOVIZ2533,GBR,Bags,GBP,2026-09-07,2830.00,3000.00,0.0601,increase
02963131a3fcd86f73819214a7cbe181,Balenciaga_GBR_8133392ABV39002,8133392ABV39002,GBR,Bags,GBP,2026-09-07,1310.00,1390.00,0.0611,increase
4925794e3c3d7f390ef14538b92e38d6,Balenciaga_GBR_813339TTM3T1000,813339TTM3T1000,GBR,Bags,GBP,2026-09-07,2380.00,2520.00,0.0588,increase
f08c3964d7a27538c30130ef2042e09b,Balenciaga_GBR_8175562A3NQ1251,8175562A3NQ1251,GBR,Bags,GBP,2026-09-07,2390.00,2540.00,0.0628,increase
679a446f3d16be419804fa534c90d14c,Balenciaga_GBR_817556TTCFN1090,817556TTCFN1090,GBR,Bags,GBP,2026-09-07,1800.00,1910.00,0.0611,increase
7f4a4f2707a85b152878e03f00f72bcb,Balenciaga_GBR_81955721MIX1210,81955721MIX1210,GBR,Small Leather Goods,GBP,2026-09-07,550.00,580.00,0.0545,increase
89d7a1b8bd07f5b47577b5398e6d6608,Balenciaga_GBR_8195572AA863258,8195572AA863258,GBR,Small Leather Goods,GBP,2026-09-07,345.00,365.00,0.0580,increase
c70672d71de3527c5e20fbe00bfb7958,Balenciaga_GBR_8223032AF5D1041,8223032AF5D1041,GBR,Small Leather Goods,GBP,2026-09-07,2460.00,2610.00,0.0610,increase
d4df62c9395521061a99ee20c39263db,Balenciaga_GBR_822303TTHOD8065,822303TTHOD8065,GBR,Small Leather Goods,GBP,2026-09-07,1450.00,1540.00,0.0621,increase
4c3d2696a389c7cf222d9766570356fb,Balenciaga_GBR_824002TJQAV2308,824002TJQAV2308,GBR,Small Leather Goods,GBP,2026-09-07,440.00,465.00,0.0568,increase
55892bd69568896936922e5453a2d391,Balenciaga_GBR_82443621AQF0127,82443621AQF0127,GBR,Small Leather Goods,GBP,2026-09-07,245.00,260.00,0.0612,increase
c3f7cf673897a1084b5861e148bd6a20,Balenciaga_GBR_8244362A4UN1000,8244362A4UN1000,GBR,Small Leather Goods,GBP,2026-09-07,345.00,365.00,0.0580,increase
1bf5998ff5713c659edcfee33d582f12,Balenciaga_GBR_824436W9DJB2308,824436W9DJB2308,GBR,Small Leather Goods,GBP,2026-09-07,445.00,475.00,0.0674,increase
a8394f03a58b903904a77f56823765a1,Balenciaga_GBR_8245244GV630926,8245244GV630926,GBR,Accessories,GBP,2026-09-07,965.00,1020.00,0.0570,increase
208ba0a90ba3c0784567ae989879a790,Balenciaga_GBR_8260712A4T11000,8260712A4T11000,GBR,Bags,GBP,2026-09-07,1820.00,1930.00,0.0604,increase
3217f94c41d31288af74895306c5cd10,Balenciaga_GBR_8260712ABPL3258,8260712ABPL3258,GBR,Bags,GBP,2026-09-07,2320.00,2460.00,0.0603,increase
45387886f1e0f3c2a66b76090468f427,Balenciaga_GBR_826071W06VT2533,826071W06VT2533,GBR,Bags,GBP,2026-09-07,1600.00,1690.00,0.0563,increase
33bce334bcb573248f1d33dfb574dca9,Balenciaga_GBR_8287712ABI90911,8287712ABI90911,GBR,Small Leather Goods,GBP,2026-09-07,240.00,255.00,0.0625,increase
ef575c248e9063b5be306c63864a2340,Balenciaga_GBR_828771TTCTJ0911,828771TTCTJ0911,GBR,Small Leather Goods,GBP,2026-09-07,230.00,245.00,0.0652,increase
c13afc27e0968f0f36e372f4944c5eea,Balenciaga_GBR_830936WU99V9002,830936WU99V9002,GBR,Small Leather Goods,GBP,2026-09-07,1220.00,1300.00,0.0656,increase
02abad233728f8d75ab62567ba45cdbd,Balenciaga_GBR_8311342ABU61090,8311342ABU61090,GBR,Bags,GBP,2026-09-07,1960.00,2080.00,0.0612,increase
9019927e8f98f3400a657b2cbc0c34c2,Balenciaga_GBR_8311344GKAG3258,8311344GKAG3258,GBR,Bags,GBP,2026-09-07,1240.00,1320.00,0.0645,increase
27cacc1a3a41e94dbd0a717cc24707d2,Balenciaga_GBR_831134T9FMJ0911,831134T9FMJ0911,GBR,Bags,GBP,2026-09-07,965.00,1020.00,0.0570,increase
c67d3c5c193cbc6c765998ab6b1885fa,Balenciaga_GBR_831134TEOO93258,831134TEOO93258,GBR,Bags,GBP,2026-09-07,2260.00,2390.00,0.0575,increase
3e241638eab82ea7a747bc7ad5753307,Balenciaga_GBR_833006217XM0911,833006217XM0911,GBR,Bags,GBP,2026-09-07,2460.00,2610.00,0.0610,increase
3ac287d1ebe3d69754de7c662e5ad08b,Balenciaga_GBR_8330062ABAZ2840,8330062ABAZ2840,GBR,Bags,GBP,2026-09-07,1930.00,2040.00,0.0570,increase
f0340214617be4088ca3bf5de812eb54,Balenciaga_GBR_834058214S09104,834058214S09104,GBR,Bags,GBP,2026-09-07,1780.00,1880.00,0.0562,increase
705b9908d02774994393eaa110c6803a,Balenciaga_GBR_834058218YP5723,834058218YP5723,GBR,Bags,GBP,2026-09-07,1820.00,1920.00,0.0549,increase
cdd23cba82c0917cee314d89cca74ba0,Balenciaga_GBR_834058WWA8W4200,834058WWA8W4200,GBR,Bags,GBP,2026-09-07,2380.00,2530.00,0.0630,increase
dfc153dc189afd210a75532080ab0b60,Balenciaga_GBR_8401812AKBD1000,8401812AKBD1000,GBR,Small Leather Goods,GBP,2026-09-07,345.00,370.00,0.0725,increase
c5d67c8e1ee454eee93569c10a5f3371,Balenciaga_GBR_840181TTX3A0926,840181TTX3A0926,GBR,Small Leather Goods,GBP,2026-09-07,325.00,345.00,0.0615,increase
173cb7229134386ebedef34683c0077d,Balenciaga_GBR_840181WKE7A1090,840181WKE7A1090,GBR,Small Leather Goods,GBP,2026-09-07,260.00,275.00,0.0577,increase
0a661c29b54b1fbdeea0f55a0b7f5150,Balenciaga_GBR_844132TD4EC9104,844132TD4EC9104,GBR,Bags,GBP,2026-09-07,3000.00,3180.00,0.0600,increase
94558c1dfcb34654e349d508849b1654,Balenciaga_GBR_845436216410127,845436216410127,GBR,Bags,GBP,2026-09-07,1060.00,1130.00,0.0660,increase
3cbe7061615f1533ff09f7e1891f3e1f,Balenciaga_GBR_8454362ABSV9000,8454362ABSV9000,GBR,Bags,GBP,2026-09-07,2680.00,2840.00,0.0597,increase
83b80ed58e2dc73d22cedbe5355ff664,Balenciaga_GBR_8454364GBTX9000,8454364GBTX9000,GBR,Bags,GBP,2026-09-07,1900.00,2010.00,0.0579,increase
a4702c9f0abf53439d1b590de4e86e2c,Balenciaga_GBR_845436THX071000,845436THX071000,GBR,Bags,GBP,2026-09-07,2850.00,3020.00,0.0596,increase
fb1402b94347139ae66fb35207cf733d,Balenciaga_GBR_845436TTCJ71000,845436TTCJ71000,GBR,Bags,GBP,2026-09-07,1330.00,1410.00,0.0602,increase
b90e2aea044b4e1e85b46924fb52823c,Balenciaga_GBR_845436TTGI61251,845436TTGI61251,GBR,Bags,GBP,2026-09-07,2660.00,2810.00,0.0564,increase
93c0962e9e310ab950782f121393ad04,Balenciaga_GBR_845436W94521090,845436W94521090,GBR,Bags,GBP,2026-09-07,1770.00,1880.00,0.0621,increase
a89cb1b6492ce672a76353ca61504f21,Balenciaga_GBR_8514352A4CY1000,8514352A4CY1000,GBR,Small Leather Goods,GBP,2026-09-07,1080.00,1150.00,0.0648,increase
236993613a80fc1e5bf7955c4408c0b3,Balenciaga_GBR_851435W66F78065,851435W66F78065,GBR,Small Leather Goods,GBP,2026-09-07,235.00,250.00,0.0638,increase
3c9ba85a73b53a82c48ccedce87efb4f,Balenciaga_GBR_85254221FH01000,85254221FH01000,GBR,Small Leather Goods,GBP,2026-09-07,530.00,560.00,0.0566,increase
bb68e4f15ed9649a9db37518577f215f,Balenciaga_GBR_85254221MXR4011,85254221MXR4011,GBR,Small Leather Goods,GBP,2026-09-07,745.00,785.00,0.0537,increase
88feba4531daa44b47f63d6e5ab74a9f,Balenciaga_GBR_8525422AB5G1090,8525422AB5G1090,GBR,Small Leather Goods,GBP,2026-09-07,245.00,255.00,0.0408,increase
084f5375f6571b716decbc988cdffe28,Balenciaga_GBR_852542TRTB02840,852542TRTB02840,GBR,Small Leather Goods,GBP,2026-09-07,235.00,250.00,0.0638,increase
d64dcab309fca122b608cb3de87971c6,Balenciaga_GBR_852542WCMOK5723,852542WCMOK5723,GBR,Small Leather Goods,GBP,2026-09-07,250.00,265.00,0.0600,increase
0085a39aae04868ac5bca0b2121747ef,Balenciaga_GBR_8561912110W1000,8561912110W1000,GBR,Small Leather Goods,GBP,2026-09-07,250.00,265.00,0.0600,increase
9cfc8e729f7260d3591fc98e613ae1ca,Balenciaga_GBR_856191T2DEI9104,856191T2DEI9104,GBR,Small Leather Goods,GBP,2026-09-07,340.00,365.00,0.0735,increase
0eb1ce0a1be153cfb8c3f1e5746c8d32,Balenciaga_GBR_856191T74RJ1210,856191T74RJ1210,GBR,Small Leather Goods,GBP,2026-09-07,315.00,335.00,0.0635,increase
f7dbabb94f8efb2fad172bd12f5ac377,Balenciaga_GBR_856191TTCXJ0926,856191TTCXJ0926,GBR,Small Leather Goods,GBP,2026-09-07,205.00,215.00,0.0488,increase
40cfd2beffc31f52c1513a6bdea8290b,Balenciaga_GBR_858352TTBLY1041,858352TTBLY1041,GBR,Small Leather Goods,GBP,2026-09-07,1140.00,1210.00,0.0614,increase
5cb27c46062016cf1e945a2129244190,Balenciaga_GBR_8592792AZWF1251,8592792AZWF1251,GBR,Small Leather Goods,GBP,2026-09-07,225.00,240.00,0.0667,increase
38f49b215aa9a1f658503abc74a89dfb,Balenciaga_GBR_8592794GT7H9104,8592794GT7H9104,GBR,Small Leather Goods,GBP,2026-09-07,960.00,1020.00,0.0625,increase
915b7c6609d85969849572e1c1e6fb07,Balenciaga_GBR_8665422AB2D9104,8665422AB2D9104,GBR,Accessories,GBP,2026-09-07,440.00,465.00,0.0568,increase
974790073f3843c54121e70ad8f8abb8,Balenciaga_GBR_8665424G8ZY1000,8665424G8ZY1000,GBR,Accessories,GBP,2026-09-07,250.00,265.00,0.0600,increase
3c47e64c868b1384e6078c630ddccb03,Balenciaga_GBR_8671922ABIT1210,8671922ABIT1210,GBR,Small Leather Goods,GBP,2026-09-07,340.00,360.00,0.0588,increase
f05b9b8a7913567e0eb77ff9bbd4d48f,Balenciaga_GBR_8690362ABPU2308,8690362ABPU2308,GBR,Bags,GBP,2026-09-07,1610.00,1710.00,0.0621,increase
d8b984e4b64dc079a59de21c08c3f1ef,Balenciaga_GBR_8690364G7ZC4200,8690364G7ZC4200,GBR,Bags,GBP,2026-09-07,3300.00,3500.00,0.0606,increase
c00c0c2e2ce5dd5bb1da432be31d3e2f,Balenciaga_GBR_8738792A2QI4011,8738792A2QI4011,GBR,Bags,GBP,2026-09-07,1990.00,2110.00,0.0603,increase
01ee99a0991363ab68cac1dc9474de32,Balenciaga_GBR_8738792ABM71041,8738792ABM71041,GBR,Bags,GBP,2026-09-07,2280.00,2420.00,0.0614,increase
d1549a921385e7cfe1e9e8d9cc193ca7,Balenciaga_GBR_873879TSIMN8122,873879TSIMN8122,GBR,Bags,GBP,2026-09-07,2100.00,2220.00,0.0571,increase
dd6146d3b8a76efee9625c1f27066759,Balenciaga_GBR_8837202AB1Q1000,8837202AB1Q1000,GBR,Small Leather Goods,GBP,2026-09-07,270.00,285.00,0.0556,increase
b95aeab2ac0d2cb21e940c22df301591,Balenciaga_GBR_883720W1IKV1000,883720W1IKV1000,GBR,Small Leather Goods,GBP,2026-09-07,355.00,380.00,0.0704,increase
56d98d265f4dd491442eedc995cda1dc,Balenciaga_GBR_88445621WO28122,88445621WO28122,GBR,Small Leather Goods,GBP,2026-09-07,185.00,195.00,0.0541,increase
7a38ad61d261ed3d4f5254ea85398008,Balenciaga_GBR_8844562AB381090,8844562AB381090,GBR,Small Leather Goods,GBP,2026-09-07,455.00,485.00,0.0659,increase
0618d0955a8958dfb40fe84e8f0fcb42,Balenciaga_GBR_8863144G5AR8065,8863144G5AR8065,GBR,Small Leather Goods,GBP,2026-09-07,310.00,330.00,0.0645,increase
46010f9a5addf6fa2c700e06cbc715f3,Balenciaga_GBR_8872612AB144200,8872612AB144200,GBR,Small Leather Goods,GBP,2026-09-07,870.00,925.00,0.0632,increase
cb4d792f528c02b23b8aa5e37ac2e06b,Balenciaga_GBR_888240214TG5723,888240214TG5723,GBR,Small Leather Goods,GBP,2026-09-07,445.00,475.00,0.0674,increase
37ad74107b8f5094980ecb22877e814f,Balenciaga_GBR_888240TTFRH4200,888240TTFRH4200,GBR,Small Leather Goods,GBP,2026-09-07,390.00,410.00,0.0513,increase
bad9c02dc899b5ada8c569cb95a2c263,Balenciaga_GBR_8902582ABVL1251,8902582ABVL1251,GBR,Bags,GBP,2026-09-07,735.00,780.00,0.0612,increase
a73d0f3cbc7319cade866eb09891cfe6,Balenciaga_GBR_89310521G2W1240,89310521G2W1240,GBR,Bags,GBP,2026-09-07,2060.00,2180.00,0.0583,increase
bd0023635748b54bf52050ef5fa2a0da,Balenciaga_GBR_8931052A3PL2533,8931052A3PL2533,GBR,Bags,GBP,2026-09-07,3750.00,3980.00,0.0613,increase
fcc3e280d2dac384b9074034577f164f,Balenciaga_GBR_893105TTXTD1240,893105TTXTD1240,GBR,Bags,GBP,2026-09-07,3500.00,3710.00,0.0600,increase
addc147a093fd2a8c818004cd8954813,Balenciaga_GBR_8945912AEYF1090,8945912AEYF1090,GBR,Small Leather Goods,GBP,2026-09-07,1790.00,1900.00,0.0615,increase
d7113144c46c5c3d4e183aab1deeb401,Balenciaga_GBR_8945912AHW24200,8945912AHW24200,GBR,Small Leather Goods,GBP,2026-09-07,945.00,1000.00,0.0582,increase
ecc79d9f43c2ddaafdf26d39e539d56f,Balenciaga_GBR_894591TTFLA4200,894591TTFLA4200,GBR,Small Leather Goods,GBP,2026-09-07,1960.00,2070.00,0.0561,increase
13c8ae0e5e449d739945a19959536967,Balenciaga_GBR_894919W7KYF4200,894919W7KYF4200,GBR,Bags,GBP,2026-09-07,2340.00,2480.00,0.0598,increase
14833499a484c992df4c0237b0652645,Balenciaga_GBR_89504321IWB1084,89504321IWB1084,GBR,Bags,GBP,2026-09-07,2640.00,2800.00,0.0606,increase
6478812a8aac1a83603793c42266572c,Balenciaga_GBR_8950432ATN89104,8950432ATN89104,GBR,Bags,GBP,2026-09-07,2320.00,2460.00,0.0603,increase
98e71e237f7fe3c8d622525baac66b55,Balenciaga_GBR_895043TTYCV1000,895043TTYCV1000,GBR,Bags,GBP,2026-09-07,1990.00,2110.00,0.0603,increase
b3fac027468c1583d59d6799a2a05f41,Balenciaga_GBR_895043WA6731000,895043WA6731000,GBR,Bags,GBP,2026-09-07,2300.00,2440.00,0.0609,increase
09e452b3cfac6d5de16a9f82c651ebdf,Balenciaga_GBR_A00J7KTT7PD1251,A00J7KTT7PD1251,GBR,Bags,GBP,2026-09-07,800.00,850.00,0.0625,increase
ac4011ce14d45e1a58910543a5a95686,Balenciaga_GBR_A042712ABQZ9020,A042712ABQZ9020,GBR,Bags,GBP,2026-09-07,3520.00,3730.00,0.0597,increase
127bdb483e2b6d5f4ec04e0807d77fae,Balenciaga_GBR_A042712AMT61210,A042712AMT61210,GBR,Bags,GBP,2026-09-07,9320.00,9880.00,0.0601,increase
07c95127c593b3d549c848be5fa88378,Balenciaga_GBR_A05K8B2ASBF4200,A05K8B2ASBF4200,GBR,Small Leather Goods,GBP,2026-09-07,265.00,280.00,0.0566,increase
804b6b8a6f6ebdc5b361729819ed5ae4,Balenciaga_GBR_A05K8BTJ0TE9002,A05K8BTJ0TE9002,GBR,Small Leather Goods,GBP,2026-09-07,360.00,380.00,0.0556,increase
dfee7dc22e113e38ac6ef136022fa162,Balenciaga_GBR_A05K8BTSM663258,A05K8BTSM663258,GBR,Small Leather Goods,GBP,2026-09-07,280.00,300.00,0.0714,increase
7192722bfdf2ece9e609c2b287cf19b1,Balenciaga_GBR_A05K8BTTMMU9104,A05K8BTTMMU9104,GBR,Small Leather Goods,GBP,2026-09-07,625.00,665.00,0.0640,increase
93c41238e3adbd4260612c205d6912cb,Balenciaga_GBR_A064YD4GOOO0926,A064YD4GOOO0926,GBR,Small Leather Goods,GBP,2026-09-07,310.00,325.00,0.0484,increase
53ad2b5db0b555d7e12bdd3cf5d92558,Balenciaga_GBR_A064YD4GQIW1000,A064YD4GQIW1000,GBR,Small Leather Goods,GBP,2026-09-07,420.00,445.00,0.0595,increase
e6c6b334c1ba0bcb274421ee6432b683,Balenciaga_GBR_A064YDTKNEL3258,A064YDTKNEL3258,GBR,Small Leather Goods,GBP,2026-09-07,425.00,450.00,0.0588,increase
90a682b0c49684612de2d47c1f3db781,Balenciaga_GBR_A064YDTTENX9002,A064YDTTENX9002,GBR,Small Leather Goods,GBP,2026-09-07,340.00,365.00,0.0735,increase
d1afd8eb4c2ee9f825ce219a74983bb9,Balenciaga_GBR_A06RN2216DW1084,A06RN2216DW1084,GBR,Bags,GBP,2026-09-07,1760.00,1870.00,0.0625,increase
4382370e5be4935cd7d43bf1003d758c,Balenciaga_GBR_A06RN22AB2X1041,A06RN22AB2X1041,GBR,Bags,GBP,2026-09-07,2430.00,2580.00,0.0617,increase
f09648eb5803146bb253b8a0e3fc252e,Balenciaga_GBR_A06RN22ABS95723,A06RN22ABS95723,GBR,Bags,GBP,2026-09-07,2260.00,2400.00,0.0619,increase
a611dad8d9d080444080f1f46925f616,Balenciaga_GBR_A07WXJ21SEY1240,A07WXJ21SEY1240,GBR,Small Leather Goods,GBP,2026-09-07,420.00,445.00,0.0595,increase
63c58ee6e12475fd15f1811835c53179,Balenciaga_GBR_A07WXJW005D1090,A07WXJW005D1090,GBR,Small Leather Goods,GBP,2026-09-07,1370.00,1450.00,0.0584,increase
36aedcc0510f2df93d42507ac509cfec,Balenciaga_GBR_A07XQJ2ABFT1240,A07XQJ2ABFT1240,GBR,Small Leather Goods,GBP,2026-09-07,255.00,270.00,0.0588,increase
74727edb533fa0590ceef477c19047fe,Balenciaga_GBR_A07XQJTTA4R0911,A07XQJTTA4R0911,GBR,Small Leather Goods,GBP,2026-09-07,230.00,245.00,0.0652,increase
6e58e3c047fda55d28f7e45c66aad3e3,Balenciaga_GBR_A07XQJW4FMO5723,A07XQJW4FMO5723,GBR,Small Leather Goods,GBP,2026-09-07,600.00,635.00,0.0583,increase
f1a677e009f13bc75b6e250379ca1524,Balenciaga_GBR_A0AVTR2AES89002,A0AVTR2AES89002,GBR,Bags,GBP,2026-09-07,1480.00,1570.00,0.0608,increase
104928bfd7b088f487b527c062e222ca,Balenciaga_GBR_A0AVTRT9W4P8122,A0AVTRT9W4P8122,GBR,Bags,GBP,2026-09-07,1610.00,1700.00,0.0559,increase
98a42636469601ae49bf24365143eab4,Balenciaga_GBR_A0DVHZ211W08065,A0DVHZ211W08065,GBR,Small Leather Goods,GBP,2026-09-07,895.00,950.00,0.0615,increase
4de35151cc35ba717fc33813080c2352,Balenciaga_GBR_A0DVHZ2159I1240,A0DVHZ2159I1240,GBR,Small Leather Goods,GBP,2026-09-07,240.00,255.00,0.0625,increase
6c2bf89a3b33124a91b669837c2cd875,Balenciaga_GBR_A0DVHZWC7C15723,A0DVHZWC7C15723,GBR,Small Leather Goods,GBP,2026-09-07,1070.00,1130.00,0.0561,increase
66a2c1c54089ab2da50183bae6364922,Balenciaga_GBR_A0FKA3210572533,A0FKA3210572533,GBR,Bags,GBP,2026-09-07,2560.00,2710.00,0.0586,increase
61856f3c19e2383e8b610e92c1e741bc,Balenciaga_GBR_A0HVOZ2AB3Y1251,A0HVOZ2AB3Y1251,GBR,Small Leather Goods,GBP,2026-09-07,300.00,320.00,0.0667,increase
d73fd37580b84e8d52cd1bbed844d0a4,Balenciaga_GBR_A0JTOY4GNZM1240,A0JTOY4GNZM1240,GBR,Small Leather Goods,GBP,2026-09-07,390.00,415.00,0.0641,increase
91f72268720a6843d3acb6daf59370ae,Balenciaga_GBR_A0JTOYWTQWI1000,A0JTOYWTQWI1000,GBR,Small Leather Goods,GBP,2026-09-07,460.00,490.00,0.0652,increase
43e1ad6450006e730554f06688c44482,Balenciaga_GBR_A0JW0G2ABNG9002,A0JW0G2ABNG9002,GBR,Bags,GBP,2026-09-07,1270.00,1340.00,0.0551,increase
2a3816139a278ab2ee7d5f8ee4c0815d,Balenciaga_GBR_A0JW0GT1SDP1090,A0JW0GT1SDP1090,GBR,Bags,GBP,2026-09-07,4540.00,4810.00,0.0595,increase
121a99048a5cabea1981287e3ba30304,Balenciaga_GBR_A0JW0GWQGJ51000,A0JW0GWQGJ51000,GBR,Bags,GBP,2026-09-07,1490.00,1580.00,0.0604,increase
ce96eb7aea4ff1ddf8db287140cd8e1e,Balenciaga_GBR_A0LD3V2A8284200,A0LD3V2A8284200,GBR,Bags,GBP,2026-09-07,1370.00,1460.00,0.0657,increase
d800526452829c1a7f26e65bb82998c2,Balenciaga_GBR_A0LD3V2ABND9020,A0LD3V2ABND9020,GBR,Bags,GBP,2026-09-07,980.00,1040.00,0.0612,increase
d4f32f4f31100814242fbfde09005351,Balenciaga_GBR_A0NXIX2ABF42840,A0NXIX2ABF42840,GBR,Small Leather Goods,GBP,2026-09-07,590.00,625.00,0.0593,increase
e44880a72bc0839ef19bf1f1ae0ab26e,Balenciaga_GBR_A0NXIX4GIX61041,A0NXIX4GIX61041,GBR,Small Leather Goods,GBP,2026-09-07,265.00,280.00,0.0566,increase
5a829e21f266a0f594f28b0fbf0124bf,Balenciaga_GBR_A0OHAU213J01000,A0OHAU213J01000,GBR,Bags,GBP,2026-09-07,955.00,1010.00,0.0576,increase
8b85432ba59a0c0fba279d3978fce9a1,Balenciaga_GBR_A0QFZA4GZMJ9002,A0QFZA4GZMJ9002,GBR,Bags,GBP,2026-09-07,1950.00,2070.00,0.0615,increase
1a1ceacd37428fae082dd39b4bd7a3b7,Balenciaga_GBR_A0QFZAWEHIJ0911,A0QFZAWEHIJ0911,GBR,Bags,GBP,2026-09-07,2330.00,2470.00,0.0601,increase
2f5d3102bce704745b048b38f81a6198,Balenciaga_GBR_A0QFZAWRPKY9000,A0QFZAWRPKY9000,GBR,Bags,GBP,2026-09-07,2230.00,2360.00,0.0583,increase
1bb6caff5b9cb5f36ce4132459ccdfc0,Balenciaga_GBR_A0W9ZQ2ABHN5723,A0W9ZQ2ABHN5723,GBR,Small Leather Goods,GBP,2026-09-07,370.00,390.00,0.0541,increase
eb7cf20ac5b486e81b21c574c138300e,Balenciaga_GBR_A0W9ZQTT6H89020,A0W9ZQTT6H89020,GBR,Small Leather Goods,GBP,2026-09-07,320.00,340.00,0.0625,increase
076350bee957992cc194e48a1a1db3a5,Balenciaga_GBR_A0W9ZQTTNFO8122,A0W9ZQTTNFO8122,GBR,Small Leather Goods,GBP,2026-09-07,275.00,295.00,0.0727,increase
e1dbf156686263cf4357a836fc615363,Balenciaga_HKG_5090582ABZK1000,5090582ABZK1000,HKG,Bags,HKD,2026-09-07,23000.00,24300.00,0.0565,increase
ca997ea7b5a11600d2cb8ef2261e23a6,Balenciaga_HKG_509058W7FP09002,509058W7FP09002,HKG,Bags,HKD,2026-09-07,31100.00,32900.00,0.0579,increase
f586622f487cb588ef1b235045153cc5,Balenciaga_HKG_512319214FT9104,512319214FT9104,HKG,Bags,HKD,2026-09-07,14400.00,15300.00,0.0625,increase
04002cdd8133551c61c56fee50176033,Balenciaga_HKG_5123192ABXZ9020,5123192ABXZ9020,HKG,Bags,HKD,2026-09-07,26100.00,27700.00,0.0613,increase
126da3f30cd3bb2b9e6b309ec6e674cf,Balenciaga_HKG_5146274GMIB2533,5146274GMIB2533,HKG,Bags,HKD,2026-09-07,10400.00,11000.00,0.0577,increase
bea760ed1ddfbb40502471c045bf3eb2,Balenciaga_HKG_514627TA8D30127,514627TA8D30127,HKG,Bags,HKD,2026-09-07,37500.00,39800.00,0.0613,increase
3f2e35ca1f0dc1a7e15aabd70a98b396,Balenciaga_HKG_5149002A92F1210,5149002A92F1210,HKG,Bags,HKD,2026-09-07,25700.00,27200.00,0.0584,increase
b77d0606d08ec2526c5ab4a590692a71,Balenciaga_HKG_5173904GKC41210,5173904GKC41210,HKG,Bags,HKD,2026-09-07,15300.00,16200.00,0.0588,increase
845590f3f57ba3d271ab0262b31f98b0,Balenciaga_HKG_517390TT3LZ1240,517390TT3LZ1240,HKG,Bags,HKD,2026-09-07,24000.00,25500.00,0.0625,increase
d2621ebb7ce220fe8d3c36de6dbae316,Balenciaga_HKG_517390WIAYH5723,517390WIAYH5723,HKG,Bags,HKD,2026-09-07,15800.00,16700.00,0.0570,increase
92a9dee69f40db25e869092355a2fb9f,Balenciaga_HKG_52138621EG84011,52138621EG84011,HKG,Small Leather Goods,HKD,2026-09-07,2500.00,2700.00,0.0800,increase
f6c421591611dde7d3432c89800bd0d3,Balenciaga_HKG_5239552AJGA1000,5239552AJGA1000,HKG,Accessories,HKD,2026-09-07,15300.00,16200.00,0.0588,increase
072fc0d1c9da2d802ec80b7f1e5b82a5,Balenciaga_HKG_523955WJVHN1090,523955WJVHN1090,HKG,Accessories,HKD,2026-09-07,15000.00,15900.00,0.0600,increase
da79c17cad29e6177a28644dff011009,Balenciaga_HKG_525528TA3V13258,525528TA3V13258,HKG,Bags,HKD,2026-09-07,27700.00,29300.00,0.0578,increase
3aa3edd31fc709f280a5aa1a0da506e9,Balenciaga_HKG_525528TTLY91000,525528TTLY91000,HKG,Bags,HKD,2026-09-07,22700.00,24100.00,0.0617,increase
3e5799bf61f6f94fe5bcda827a33fa41,Balenciaga_HKG_525528WCDOX3258,525528WCDOX3258,HKG,Bags,HKD,2026-09-07,17600.00,18700.00,0.0625,increase
28c2f8d00773c044a031f470f0fe46c4,Balenciaga_HKG_5265652181K1240,5265652181K1240,HKG,Bags,HKD,2026-09-07,37500.00,39800.00,0.0613,increase
a98e8d3c5255b1cfb8ad0f6296e71c27,Balenciaga_HKG_5265652ABNJ1000,5265652ABNJ1000,HKG,Bags,HKD,2026-09-07,21400.00,22700.00,0.0607,increase
9616689ed5fa863358d9462d260f9d55,Balenciaga_HKG_5265652ABRG8122,5265652ABRG8122,HKG,Bags,HKD,2026-09-07,30300.00,32100.00,0.0594,increase
8fbc023124ade44721c8d21fc24e34e5,Balenciaga_HKG_52688321KYV1090,52688321KYV1090,HKG,Bags,HKD,2026-09-07,21600.00,22800.00,0.0556,increase
e31c2f7603d72964a43be45881f1d835,Balenciaga_HKG_527313T0VEI2533,527313T0VEI2533,HKG,Small Leather Goods,HKD,2026-09-07,2700.00,2800.00,0.0370,increase
ccdd47f48633d78eac7a0413d2db5410,Balenciaga_HKG_527313W5X041000,527313W5X041000,HKG,Small Leather Goods,HKD,2026-09-07,4800.00,5000.00,0.0417,increase
00abda9ae1425b795944cc505e5e95ed,Balenciaga_HKG_5286014GP201000,5286014GP201000,HKG,Small Leather Goods,HKD,2026-09-07,2600.00,2800.00,0.0769,increase
b6beed75b6db98c6ac24162462b93595,Balenciaga_HKG_529971215991000,529971215991000,HKG,Bags,HKD,2026-09-07,22400.00,23700.00,0.0580,increase
814fc2798d29a509fdd2218270504dc0,Balenciaga_HKG_529971218229000,529971218229000,HKG,Bags,HKD,2026-09-07,14200.00,15100.00,0.0634,increase
c0de18a4f307bd8bab571dc7a4505fac,Balenciaga_HKG_52997121QBJ4011,52997121QBJ4011,HKG,Bags,HKD,2026-09-07,6600.00,7000.00,0.0606,increase
30b27c98ae58f10bcb264b6865d5fc8a,Balenciaga_HKG_5299714GOPH5723,5299714GOPH5723,HKG,Bags,HKD,2026-09-07,28400.00,30100.00,0.0599,increase
2b45bcec4d5eedce0e8318f284fe172a,Balenciaga_HKG_529971TEYU71000,529971TEYU71000,HKG,Bags,HKD,2026-09-07,14700.00,15600.00,0.0612,increase
7fcc527238e6ebc5a4ab0aba084023e2,Balenciaga_HKG_5308982ABS69000,5308982ABS69000,HKG,Small Leather Goods,HKD,2026-09-07,2900.00,3000.00,0.0345,increase
96a59f4812dbcbff296bfb9abcb83984,Balenciaga_HKG_5333162APVK1000,5333162APVK1000,HKG,Accessories,HKD,2026-09-07,3500.00,3700.00,0.0571,increase
87e521bf37bdddf7b27a3e88892c741b,Balenciaga_HKG_5333164GXRM5723,5333164GXRM5723,HKG,Accessories,HKD,2026-09-07,4500.00,4700.00,0.0444,increase
1f2e463ea1fce0e7fbca3f2667d5fcd3,Balenciaga_HKG_533654213HK1090,533654213HK1090,HKG,Small Leather Goods,HKD,2026-09-07,9900.00,10400.00,0.0505,increase
9f87d2086dc7961b492dc62e10012768,Balenciaga_HKG_53365421G921000,53365421G921000,HKG,Small Leather Goods,HKD,2026-09-07,4700.00,5000.00,0.0638,increase
a90692e58fca28721e80682632fa95d2,Balenciaga_HKG_533654THV4T1251,533654THV4T1251,HKG,Accessories,HKD,2026-09-07,3300.00,3500.00,0.0606,increase
a32efb1b2fc265d02ea25a4579c76b5f,Balenciaga_HKG_53413121R3X1000,53413121R3X1000,HKG,Bags,HKD,2026-09-07,24100.00,25500.00,0.0581,increase
18e22e1ee4c8833e2f92691ea4f7673e,Balenciaga_HKG_5341312AZ5Y1210,5341312AZ5Y1210,HKG,Bags,HKD,2026-09-07,24100.00,25600.00,0.0622,increase
03ac2da1cfc8f2b8d1f615bdf10dcfbc,Balenciaga_HKG_5341314GAPT1000,5341314GAPT1000,HKG,Bags,HKD,2026-09-07,32900.00,34800.00,0.0578,increase
f9f04c1e573657903c35f688fde904f1,Balenciaga_HKG_5341314GI642840,5341314GI642840,HKG,Bags,HKD,2026-09-07,29800.00,31600.00,0.0604,increase
85794f85f187800ee43145d2a6838952,Balenciaga_HKG_534131WS53L2840,534131WS53L2840,HKG,Bags,HKD,2026-09-07,20900.00,22100.00,0.0574,increase
dd8a9e867382fef5d60f8b6003a1a754,Balenciaga_HKG_53659021R122533,53659021R122533,HKG,Bags,HKD,2026-09-07,3800.00,4000.00,0.0526,increase
c24ab30521aaf7ae2f7231c1583b8079,Balenciaga_HKG_536590TT9831251,536590TT9831251,HKG,Bags,HKD,2026-09-07,8800.00,9300.00,0.0568,increase
dc55d4fb39b46ff27e80bc39258ce0dc,Balenciaga_HKG_539788TAQB38122,539788TAQB38122,HKG,Bags,HKD,2026-09-07,13900.00,14700.00,0.0576,increase
471dc2efca0958e73392138b6938cf22,Balenciaga_HKG_539914WQIJ69020,539914WQIJ69020,HKG,Small Leather Goods,HKD,2026-09-07,2400.00,2600.00,0.0833,increase
4a6e7a664b6c14d161ee2dcfdb5d7f94,Balenciaga_HKG_54096221JKJ5723,54096221JKJ5723,HKG,Small Leather Goods,HKD,2026-09-07,3200.00,3400.00,0.0625,increase
df84cf16c94799ad832fdf14f9b1d6b5,Balenciaga_HKG_54096221R8F1000,54096221R8F1000,HKG,Small Leather Goods,HKD,2026-09-07,3600.00,3800.00,0.0556,increase
67301bdae2bd95e0de2616c548b22392,Balenciaga_HKG_540962T5NE71210,540962T5NE71210,HKG,Small Leather Goods,HKD,2026-09-07,2800.00,2900.00,0.0357,increase
bb0a8fcbf5a4151721ace41396e9d675,Balenciaga_HKG_540962TTG124200,540962TTG124200,HKG,Small Leather Goods,HKD,2026-09-07,2700.00,2800.00,0.0370,increase
2fe2cba977ee167040831e6a82262152,Balenciaga_HKG_540962WD2T71251,540962WD2T71251,HKG,Small Leather Goods,HKD,2026-09-07,8800.00,9300.00,0.0568,increase
4eee5801122b4ff04a292304d921d1c8,Balenciaga_HKG_54300421W5L1000,54300421W5L1000,HKG,Accessories,HKD,2026-09-07,2200.00,2500.00,0.1364,increase
577798e48dbe96598c4f5354eb642673,Balenciaga_HKG_5433214G4QH1240,5433214G4QH1240,HKG,Bags,HKD,2026-09-07,14100.00,14900.00,0.0567,increase
6668f89f907e9d5247aafcd1a2595a2d,Balenciaga_HKG_543321TT8F11000,543321TT8F11000,HKG,Bags,HKD,2026-09-07,23900.00,25300.00,0.0586,increase
48b9690963a21572dd387c0d75695249,Balenciaga_HKG_543321TTJN28122,543321TTJN28122,HKG,Bags,HKD,2026-09-07,25200.00,26700.00,0.0595,increase
7d5c3f7eacaae7d87ff1db197d674ff2,Balenciaga_HKG_543321W65TT1000,543321W65TT1000,HKG,Bags,HKD,2026-09-07,15600.00,16500.00,0.0577,increase
e9ed1f23ca4864597965740e3c559306,Balenciaga_HKG_543321WALW40911,543321WALW40911,HKG,Bags,HKD,2026-09-07,41900.00,44400.00,0.0597,increase
4c47d0a35552abb51f240f8971c5ea82,Balenciaga_HKG_54493221SAD1000,54493221SAD1000,HKG,Bags,HKD,2026-09-07,11600.00,12300.00,0.0603,increase
edaae1f4b28435b8a7ddd830028feb77,Balenciaga_HKG_5449322AYZX0911,5449322AYZX0911,HKG,Bags,HKD,2026-09-07,20100.00,21300.00,0.0597,increase
183889e7731e96b84fc94664c88646dc,Balenciaga_HKG_5449324G4HJ0926,5449324G4HJ0926,HKG,Bags,HKD,2026-09-07,7800.00,8300.00,0.0641,increase
76f253c8023fb4ac88ef0c331f639872,Balenciaga_HKG_5449324GQLA8065,5449324GQLA8065,HKG,Bags,HKD,2026-09-07,18100.00,19200.00,0.0608,increase
f770dfc0746f8bc3e592245196381c21,Balenciaga_HKG_5449324GWV24011,5449324GWV24011,HKG,Bags,HKD,2026-09-07,25700.00,27200.00,0.0584,increase
b2fa2a6132749bbbd24dfd97eadc62f5,Balenciaga_HKG_544932W60MX2840,544932W60MX2840,HKG,Bags,HKD,2026-09-07,15400.00,16300.00,0.0584,increase
3af393146a827b27d2db4250adfc9f61,Balenciaga_HKG_546998213YO9104,546998213YO9104,HKG,Bags,HKD,2026-09-07,3300.00,3500.00,0.0606,increase
88e699cb0c5fab77db2dc1ef089d199a,Balenciaga_HKG_5469982ABEE9002,5469982ABEE9002,HKG,Bags,HKD,2026-09-07,7400.00,7800.00,0.0541,increase
37ce615a4b94bc2eb65568e8b15caef6,Balenciaga_HKG_5482214GQV51000,5482214GQV51000,HKG,Bags,HKD,2026-09-07,21400.00,22600.00,0.0561,increase
b75efe67f49e2ab1282c7f0412aee46e,Balenciaga_HKG_5505264G0059002,5505264G0059002,HKG,Bags,HKD,2026-09-07,10500.00,11100.00,0.0571,increase
ccd84c462f343ee0aa3d720c5dfaae12,Balenciaga_HKG_552358T6AME4011,552358T6AME4011,HKG,Bags,HKD,2026-09-07,19900.00,21100.00,0.0603,increase
8bc2a83e328f01af417a12f6aec493f1,Balenciaga_HKG_553957TBSVE4200,553957TBSVE4200,HKG,Small Leather Goods,HKD,2026-09-07,3900.00,4100.00,0.0513,increase
0e4fad09054e30784841c8ba23fb169c,Balenciaga_HKG_553957WO6SQ1251,553957WO6SQ1251,HKG,Small Leather Goods,HKD,2026-09-07,3500.00,3700.00,0.0571,increase
bb135ef9f91d4666f607891d6eeaeab2,Balenciaga_HKG_55430321CYU1240,55430321CYU1240,HKG,Bags,HKD,2026-09-07,19800.00,21000.00,0.0606,increase
b0b4f0ae46d08f075744631b241a6629,Balenciaga_HKG_554303TCULN5723,554303TCULN5723,HKG,Bags,HKD,2026-09-07,14500.00,15300.00,0.0552,increase
f7bfb78e51dc0193bcf83ec5e67b6117,Balenciaga_HKG_554303WHAQI0926,554303WHAQI0926,HKG,Bags,HKD,2026-09-07,20500.00,21800.00,0.0634,increase
b46b3cd218e78c919ab790f408d8c870,Balenciaga_HKG_560831T8TK91000,560831T8TK91000,HKG,Bags,HKD,2026-09-07,15800.00,16700.00,0.0570,increase
ae00f20f627abf437b5bb6ffdaf7860b,Balenciaga_HKG_560831TT4RI5723,560831TT4RI5723,HKG,Bags,HKD,2026-09-07,14200.00,15100.00,0.0634,increase
94c88f57364f817c94b2d99691279e5a,Balenciaga_HKG_5628362AZUH1000,5628362AZUH1000,HKG,Bags,HKD,2026-09-07,34800.00,36900.00,0.0603,increase
576e727065f332c2124d465953ab897a,Balenciaga_HKG_5628364GG1K4011,5628364GG1K4011,HKG,Bags,HKD,2026-09-07,25700.00,27200.00,0.0584,increase
32ddd576deb4a2a8bc89655cf68c973d,Balenciaga_HKG_562836TTSKW3258,562836TTSKW3258,HKG,Bags,HKD,2026-09-07,15800.00,16700.00,0.0570,increase
d033a9773478304e815f3f4c3b572cc9,Balenciaga_HKG_562836TXYUY1210,562836TXYUY1210,HKG,Bags,HKD,2026-09-07,28700.00,30400.00,0.0592,increase
65f83d92c8961960c346099a566a9b3b,Balenciaga_HKG_5678242AIHF1000,5678242AIHF1000,HKG,Bags,HKD,2026-09-07,29100.00,30900.00,0.0619,increase
fe38066294bb9164f0830ae8c27da04c,Balenciaga_HKG_567824WUMAJ8065,567824WUMAJ8065,HKG,Bags,HKD,2026-09-07,25100.00,26600.00,0.0598,increase
6c6c488f49b2c568f0c7755563c192c8,Balenciaga_HKG_57372021BEH1000,57372021BEH1000,HKG,Bags,HKD,2026-09-07,23100.00,24500.00,0.0606,increase
d9099cce9553945d7834c1db2bc63d63,Balenciaga_HKG_5737202ABMI9020,5737202ABMI9020,HKG,Bags,HKD,2026-09-07,35600.00,37800.00,0.0618,increase
c9688ca97c6da23bd49ef54514671568,Balenciaga_HKG_5737202AWYK1000,5737202AWYK1000,HKG,Bags,HKD,2026-09-07,16800.00,17800.00,0.0595,increase
6a1a7c35cdc823d025d19ed2c6b62fb7,Balenciaga_HKG_573720WMG5U3258,573720WMG5U3258,HKG,Bags,HKD,2026-09-07,19800.00,21000.00,0.0606,increase
d9de93fe8628dbcdfb60bf6e2d44890d,Balenciaga_HKG_5851324GHQ51090,5851324GHQ51090,HKG,Bags,HKD,2026-09-07,10700.00,11400.00,0.0654,increase
29c8ac4aade40861f1ed3f38c167d50b,Balenciaga_HKG_585132TTBXP1090,585132TTBXP1090,HKG,Bags,HKD,2026-09-07,24100.00,25500.00,0.0581,increase
3add6dca0ee89c5da23b1535cd9e65d3,Balenciaga_HKG_585609216ZI1210,585609216ZI1210,HKG,Bags,HKD,2026-09-07,4400.00,4600.00,0.0455,increase
035ee596fd39ad296bb6c1ea93c064ab,Balenciaga_HKG_5856092AB8R1000,5856092AB8R1000,HKG,Bags,HKD,2026-09-07,19100.00,20300.00,0.0628,increase
a73c36c8f3163085e2e6ceeaf49a0f70,Balenciaga_HKG_5861342A5ZF2533,5861342A5ZF2533,HKG,Bags,HKD,2026-09-07,26700.00,28300.00,0.0599,increase
23bcf526d235d43333d0850b19c58fc8,Balenciaga_HKG_5861342ABDK1000,5861342ABDK1000,HKG,Bags,HKD,2026-09-07,27500.00,29200.00,0.0618,increase
11f7f74ad4fbfd352d91b8628377066c,Balenciaga_HKG_586134THIHP4200,586134THIHP4200,HKG,Bags,HKD,2026-09-07,26300.00,27900.00,0.0608,increase
389a41dbe413b3c7256ac3c12b5e36cf,Balenciaga_HKG_5861462ABI32533,5861462ABI32533,HKG,Bags,HKD,2026-09-07,21000.00,22200.00,0.0571,increase
3cfeac6cd7f466da836a4867469d94e0,Balenciaga_HKG_586146TO7IY1210,586146TO7IY1210,HKG,Bags,HKD,2026-09-07,20700.00,22000.00,0.0628,increase
5184093d15943cf518ab1fbf04e5a9b0,Balenciaga_HKG_586146TRVHI2533,586146TRVHI2533,HKG,Bags,HKD,2026-09-07,24500.00,26000.00,0.0612,increase
7400b626de155cb6d2caeef7f4e3077c,Balenciaga_HKG_586146TT9QA8065,586146TT9QA8065,HKG,Bags,HKD,2026-09-07,24000.00,25400.00,0.0583,increase
ed7d21971988c460caeeedd9c2a5bf3b,Balenciaga_HKG_586146TTWU21240,586146TTWU21240,HKG,Bags,HKD,2026-09-07,20300.00,21500.00,0.0591,increase
a76145a80d6b570c0cb4ce5f91b708ce,Balenciaga_HKG_586146W1WP65723,586146W1WP65723,HKG,Bags,HKD,2026-09-07,25700.00,27200.00,0.0584,increase
70540bee450b3b588ce63a0ec7fc181a,Balenciaga_HKG_586146WBD2S8122,586146WBD2S8122,HKG,Bags,HKD,2026-09-07,16700.00,17700.00,0.0599,increase
c7a5893af8c2d2112413e1e1d643f01c,Balenciaga_HKG_58737121E5Q1000,58737121E5Q1000,HKG,Bags,HKD,2026-09-07,26300.00,27800.00,0.0570,increase
cb050a69849140eb8cf90557c3c9f7c2,Balenciaga_HKG_5898034GZAD1000,5898034GZAD1000,HKG,Bags,HKD,2026-09-07,27000.00,28700.00,0.0630,increase
85273524d1121428ecfde9f535b53316,Balenciaga_HKG_589803TTLSW4011,589803TTLSW4011,HKG,Bags,HKD,2026-09-07,18500.00,19600.00,0.0595,increase
b1f7d9027964a183ef772af855d9e163,Balenciaga_HKG_5919172AZ1O5723,5919172AZ1O5723,HKG,Small Leather Goods,HKD,2026-09-07,2600.00,2800.00,0.0769,increase
42e19369a2eae9b488311067c5b10509,Balenciaga_HKG_591917W3LVJ1000,591917W3LVJ1000,HKG,Small Leather Goods,HKD,2026-09-07,4500.00,4700.00,0.0444,increase
78464b23563001f8edf0407517a43afe,Balenciaga_HKG_59650121J5P2533,59650121J5P2533,HKG,Bags,HKD,2026-09-07,26100.00,27700.00,0.0613,increase
a97c06c62c260308d03a721611eb630e,Balenciaga_HKG_596501TY52T1000,596501TY52T1000,HKG,Bags,HKD,2026-09-07,20900.00,22200.00,0.0622,increase
d917eeb3975b1a7c4550307de1722631,Balenciaga_HKG_596501W8PY42840,596501W8PY42840,HKG,Bags,HKD,2026-09-07,18500.00,19600.00,0.0595,increase
1e1eea509a6700f6790ef5d71cd4fb7b,Balenciaga_HKG_600325214860911,600325214860911,HKG,Bags,HKD,2026-09-07,15200.00,16200.00,0.0658,increase
d37f5aab26e64a71bddc4b8b7d1ad161,Balenciaga_HKG_600325TT4SF1000,600325TT4SF1000,HKG,Bags,HKD,2026-09-07,24800.00,26300.00,0.0605,increase
465392471841408f08cca5f66def214a,Balenciaga_HKG_6039712AHBR3258,6039712AHBR3258,HKG,Bags,HKD,2026-09-07,23900.00,25400.00,0.0628,increase
84f26d8a0b2b9043091e093d52742813,Balenciaga_HKG_6039714G6ZW1090,6039714G6ZW1090,HKG,Bags,HKD,2026-09-07,86300.00,91400.00,0.0591,increase
624e003b13d880d39049dee327be5c85,Balenciaga_HKG_604342219829104,604342219829104,HKG,Accessories,HKD,2026-09-07,15800.00,16800.00,0.0633,increase
7217162ac50932385094159080deeffb,Balenciaga_HKG_6043422ABBQ0911,6043422ABBQ0911,HKG,Accessories,HKD,2026-09-07,15300.00,16200.00,0.0588,increase
e84267c2f2c30cc6e846743edebc0bd2,Balenciaga_HKG_6043424G58X9000,6043424G58X9000,HKG,Accessories,HKD,2026-09-07,35500.00,37700.00,0.0620,increase
085409a9c39fca5be6a2aef1ae481442,Balenciaga_HKG_604342TN9E49000,604342TN9E49000,HKG,Accessories,HKD,2026-09-07,17900.00,19000.00,0.0615,increase
edc7686aa649fe3223e59fdfc8c97ab3,Balenciaga_HKG_605291218ME1000,605291218ME1000,HKG,Small Leather Goods,HKD,2026-09-07,3300.00,3500.00,0.0606,increase
9dda244d25262a17e642fc3c5759bd8f,Balenciaga_HKG_6052912ABSR1210,6052912ABSR1210,HKG,Small Leather Goods,HKD,2026-09-07,3700.00,3900.00,0.0541,increase
9a472c2fee711c449a4dff59bbcc51c9,Balenciaga_HKG_6067874GSEE1084,6067874GSEE1084,HKG,Bags,HKD,2026-09-07,23100.00,24500.00,0.0606,increase
33d24864e9b47e23c80385b85c6a87d3,Balenciaga_HKG_606787WJ1DK1251,606787WJ1DK1251,HKG,Bags,HKD,2026-09-07,18300.00,19400.00,0.0601,increase
b0551b3f6f77c850b2175f7ef8c39f7b,Balenciaga_HKG_6068722A74C0911,6068722A74C0911,HKG,Small Leather Goods,HKD,2026-09-07,3700.00,3900.00,0.0541,increase
c96c1ba6fc961d2a626f353d0226465b,Balenciaga_HKG_606872TJ2VY9000,606872TJ2VY9000,HKG,Bags,HKD,2026-09-07,6900.00,7300.00,0.0580,increase
c4b82846a9f2866876a28f2e0fdaf2f1,Balenciaga_HKG_606872TTD4I1000,606872TTD4I1000,HKG,Small Leather Goods,HKD,2026-09-07,4800.00,5100.00,0.0625,increase
d82421edff405fdb895a51d2ae3aa914,Balenciaga_HKG_606872WCITL8065,606872WCITL8065,HKG,Accessories,HKD,2026-09-07,2500.00,2700.00,0.0800,increase
5db67b5e5766447b46ccb46e3f603051,Balenciaga_HKG_6081552A3911090,6081552A3911090,HKG,Bags,HKD,2026-09-07,6000.00,6400.00,0.0667,increase
06f10c4a6b75be47cb86a9ae983be55b,Balenciaga_HKG_6090452AB6B0926,6090452AB6B0926,HKG,Small Leather Goods,HKD,2026-09-07,3300.00,3500.00,0.0606,increase
da1df8a886a96ada3a41d8fb6524630e,Balenciaga_HKG_6090454GFZ40926,6090454GFZ40926,HKG,Small Leather Goods,HKD,2026-09-07,7900.00,8400.00,0.0633,increase
ba0f041c44886f844945706e3453b12f,Balenciaga_HKG_60976421CA79000,60976421CA79000,HKG,Accessories,HKD,2026-09-07,6800.00,7200.00,0.0588,increase
dd3f0e8c595c85676b2899a1da69eeeb,Balenciaga_HKG_6097644GYE99104,6097644GYE99104,HKG,Accessories,HKD,2026-09-07,3300.00,3500.00,0.0606,increase
e0909fe65c33e10f69e02d78c3cfb591,Balenciaga_HKG_609764W580V9002,609764W580V9002,HKG,Accessories,HKD,2026-09-07,4400.00,4700.00,0.0682,increase
d8e3560dc36ecadc8a409ffb0ef1abd3,Balenciaga_HKG_6106004GZJF9104,6106004GZJF9104,HKG,Bags,HKD,2026-09-07,14600.00,15500.00,0.0616,increase
a4b0fb6e77cb5f5990f3c01749721332,Balenciaga_HKG_610600WI7Z98065,610600WI7Z98065,HKG,Bags,HKD,2026-09-07,7700.00,8200.00,0.0649,increase
74ce9e1cec1158f39164caf2d167d52f,Balenciaga_HKG_6115974G4912308,6115974G4912308,HKG,Bags,HKD,2026-09-07,9500.00,10000.00,0.0526,increase
a69e876e82f51eb6d8d01f8b671f0e56,Balenciaga_HKG_614404TT16Q1251,614404TT16Q1251,HKG,Bags,HKD,2026-09-07,24000.00,25400.00,0.0583,increase
5f75237760741b5027691fd6d253ddde,Balenciaga_HKG_615434215P10926,615434215P10926,HKG,Bags,HKD,2026-09-07,37500.00,39700.00,0.0587,increase
6162517ae466c3df6063b1cd829e9e2d,Balenciaga_HKG_6154342AB0Q2533,6154342AB0Q2533,HKG,Bags,HKD,2026-09-07,24300.00,25700.00,0.0576,increase
5f53280d89088b61834058e0987b95b3,Balenciaga_HKG_6154342AFAB4011,6154342AFAB4011,HKG,Bags,HKD,2026-09-07,18700.00,19800.00,0.0588,increase
c9b06f29acafd247c6fbb004af03aa9b,Balenciaga_HKG_6154344GBXM0926,6154344GBXM0926,HKG,Bags,HKD,2026-09-07,20400.00,21700.00,0.0637,increase
cdd8d59f4b2e8300928bbe6a3f815458,Balenciaga_HKG_6154344GF5T2308,6154344GF5T2308,HKG,Bags,HKD,2026-09-07,17000.00,18000.00,0.0588,increase
cfec8a6bc38083158bf4d047553da3fc,Balenciaga_HKG_615434TT9YP0127,615434TT9YP0127,HKG,Bags,HKD,2026-09-07,16200.00,17200.00,0.0617,increase
f164e580f18622d6e83cabb3d9d3aa80,Balenciaga_HKG_61818021PJ51090,61818021PJ51090,HKG,Accessories,HKD,2026-09-07,2600.00,2700.00,0.0385,increase
0d21610700c884e912d78483b6d327b9,Balenciaga_HKG_6181802A8GI8065,6181802A8GI8065,HKG,Accessories,HKD,2026-09-07,13100.00,13900.00,0.0611,increase
1c66ae43d218d74c4f772bfb49e5f455,Balenciaga_HKG_6181802ABRM1084,6181802ABRM1084,HKG,Accessories,HKD,2026-09-07,12900.00,13700.00,0.0620,increase
52ccdb7a0e736dfe3a5c02a6f1d29fa0,Balenciaga_HKG_618809TH1H49020,618809TH1H49020,HKG,Small Leather Goods,HKD,2026-09-07,13000.00,13700.00,0.0538,increase
b1f763471a2490476190a181b607eab9,Balenciaga_HKG_618809WDY7T2840,618809WDY7T2840,HKG,Small Leather Goods,HKD,2026-09-07,35900.00,38100.00,0.0613,increase
d434d5150521b0ba665add977567fb9a,Balenciaga_HKG_61979921UMQ9000,61979921UMQ9000,HKG,Small Leather Goods,HKD,2026-09-07,3400.00,3600.00,0.0588,increase
0e0a3a7b42b2e070b8f00553c58f01c0,Balenciaga_HKG_6197992ABGI2840,6197992ABGI2840,HKG,Small Leather Goods,HKD,2026-09-07,2400.00,2500.00,0.0417,increase
c6be2b20d619b81e49cf6afc699da28f,Balenciaga_HKG_6200252AB6C2840,6200252AB6C2840,HKG,Bags,HKD,2026-09-07,19800.00,21000.00,0.0606,increase
f645d6dde766f2a27f828031930e79de,Balenciaga_HKG_620025TTOCR3258,620025TTOCR3258,HKG,Bags,HKD,2026-09-07,24000.00,25400.00,0.0583,increase
a942074a783a48af42e1764d6e50b972,Balenciaga_HKG_6206382A28F2533,6206382A28F2533,HKG,Bags,HKD,2026-09-07,25600.00,27200.00,0.0625,increase
58297ea27466348392b605ef6934ca3b,Balenciaga_HKG_62422121YB51240,62422121YB51240,HKG,Bags,HKD,2026-09-07,4800.00,5100.00,0.0625,increase
3983995ae62fa75262db1beeb5a15307,Balenciaga_HKG_624221TTQWM8065,624221TTQWM8065,HKG,Bags,HKD,2026-09-07,4600.00,4900.00,0.0652,increase
19a66ae6a6ed8af774dbdaa4cc46699e,Balenciaga_HKG_624221WD4EL9020,624221WD4EL9020,HKG,Bags,HKD,2026-09-07,10500.00,11200.00,0.0667,increase
0bd8bc0f0b36c3a757dc3004d5c7887a,Balenciaga_HKG_6257174GF6W2533,6257174GF6W2533,HKG,Small Leather Goods,HKD,2026-09-07,2100.00,2300.00,0.0952,increase
93d09336d4b95a7ffa9086f2c6e720c0,Balenciaga_HKG_627903TTOKK2840,627903TTOKK2840,HKG,Bags,HKD,2026-09-07,3400.00,3700.00,0.0882,increase
766e2da0017be1936adf85f294236040,Balenciaga_HKG_6305072110B1041,6305072110B1041,HKG,Bags,HKD,2026-09-07,34400.00,36400.00,0.0581,increase
eb2f7b9b762a3028f113586b9251571f,Balenciaga_HKG_630507WVDSS9002,630507WVDSS9002,HKG,Bags,HKD,2026-09-07,28100.00,29800.00,0.0605,increase
c728fc62476b1ce9fc3c4072fb2ea191,Balenciaga_HKG_630507WZAMO2533,630507WZAMO2533,HKG,Bags,HKD,2026-09-07,36500.00,38700.00,0.0603,increase
65fa052efb603f874dec432c404dd75e,Balenciaga_HKG_6319002AAW31090,6319002AAW31090,HKG,Bags,HKD,2026-09-07,18400.00,19500.00,0.0598,increase
bbd157f8baa4fed71a28a8cdc4845b69,Balenciaga_HKG_6319002ABTX1000,6319002ABTX1000,HKG,Bags,HKD,2026-09-07,24700.00,26200.00,0.0607,increase
69a6e2e8b9ad6d90d2678eeaed961fc6,Balenciaga_HKG_6319002AWRE9104,6319002AWRE9104,HKG,Bags,HKD,2026-09-07,24200.00,25600.00,0.0579,increase
757307e6add391d4d59a11067292333f,Balenciaga_HKG_6319004GBUF5723,6319004GBUF5723,HKG,Bags,HKD,2026-09-07,24800.00,26300.00,0.0605,increase
c912281705f985a379ffd7a523d33c35,Balenciaga_HKG_631900TT6TA9000,631900TT6TA9000,HKG,Bags,HKD,2026-09-07,18700.00,19800.00,0.0588,increase
fb54dfc604c67a9df19d49f65e7f9a9a,Balenciaga_HKG_631900TTHUH1000,631900TTHUH1000,HKG,Bags,HKD,2026-09-07,20500.00,21700.00,0.0585,increase
79be4968b287ef1ec05bb889eec64a02,Balenciaga_HKG_631900TTM6O1000,631900TTM6O1000,HKG,Bags,HKD,2026-09-07,24800.00,26300.00,0.0605,increase
23dc35900432b3ac0e4fe12b729ffaea,Balenciaga_HKG_631900WDUX21090,631900WDUX21090,HKG,Bags,HKD,2026-09-07,30000.00,31800.00,0.0600,increase
eed1e42e38e0b90d0ed322e59934ce09,Balenciaga_HKG_631900WFXVH1000,631900WFXVH1000,HKG,Bags,HKD,2026-09-07,20500.00,21800.00,0.0634,increase
cf5112b06fa3a1ec63f0af7c785bf3b4,Balenciaga_HKG_63238321K5N1090,63238321K5N1090,HKG,Small Leather Goods,HKD,2026-09-07,31400.00,33300.00,0.0605,increase
95135b81b7c203765c13a24761f08eba,Balenciaga_HKG_6341232ABT41041,6341232ABT41041,HKG,Bags,HKD,2026-09-07,10400.00,11000.00,0.0577,increase
870da3076c5ed1f89bbe6acab34584f9,Balenciaga_HKG_634123TTEWD5723,634123TTEWD5723,HKG,Bags,HKD,2026-09-07,27200.00,28900.00,0.0625,increase
a90bd2529acc63e6d178ae17b4d12840,Balenciaga_HKG_639916T3NGA1000,639916T3NGA1000,HKG,Small Leather Goods,HKD,2026-09-07,15700.00,16700.00,0.0637,increase
4f69f5ed1dc5928ee7e914b62a7ab5f1,Balenciaga_HKG_6416162ABYP9002,6416162ABYP9002,HKG,Bags,HKD,2026-09-07,11400.00,12100.00,0.0614,increase
d2ec238aeda912d7f6174f8c8ee8c069,Balenciaga_HKG_6482272AB7M0127,6482272AB7M0127,HKG,Bags,HKD,2026-09-07,8100.00,8600.00,0.0617,increase
406295a710f046abef5bc1d7188fe4ca,Balenciaga_HKG_648227WHLJF3258,648227WHLJF3258,HKG,Bags,HKD,2026-09-07,26000.00,27600.00,0.0615,increase
8b43d0a8a38467ddaee2ddd21b8eded7,Balenciaga_HKG_65021421L5I4200,65021421L5I4200,HKG,Small Leather Goods,HKD,2026-09-07,3300.00,3500.00,0.0606,increase
6943fdfb816d0865b7a24304ad4facca,Balenciaga_HKG_6502142A5IF9000,6502142A5IF9000,HKG,Small Leather Goods,HKD,2026-09-07,2400.00,2600.00,0.0833,increase
7a879acc3ccf363f893afee6351ce180,Balenciaga_HKG_65463321I4N1000,65463321I4N1000,HKG,Bags,HKD,2026-09-07,7500.00,8000.00,0.0667,increase
19b70dfe058d09f3c71820ed5ed931d4,Balenciaga_HKG_6582622A6FA9020,6582622A6FA9020,HKG,Bags,HKD,2026-09-07,14500.00,15300.00,0.0552,increase
818130ddeab62ccb462b621eea7ba13d,Balenciaga_HKG_658262W7ZM61090,658262W7ZM61090,HKG,Bags,HKD,2026-09-07,3800.00,4000.00,0.0526,increase
a940651d729cb8d520f3af0b5273f522,Balenciaga_HKG_659578WTHGI0127,659578WTHGI0127,HKG,Bags,HKD,2026-09-07,3500.00,3700.00,0.0571,increase
375a24a34eb7991c86b404f8e4e62904,Balenciaga_HKG_6661592ABB71000,6661592ABB71000,HKG,Small Leather Goods,HKD,2026-09-07,7300.00,7800.00,0.0685,increase
c00dd829b3c19536958045dfed8c298d,Balenciaga_HKG_666159TT9KL9000,666159TT9KL9000,HKG,Small Leather Goods,HKD,2026-09-07,2400.00,2600.00,0.0833,increase
608fcc64a9016a47d86ce3afbc6dcc51,Balenciaga_HKG_668213WBX4D2533,668213WBX4D2533,HKG,Bags,HKD,2026-09-07,23300.00,24700.00,0.0601,increase
551dacfe914513fe34a6830f1e255ce3,Balenciaga_HKG_668213WIM2Q0911,668213WIM2Q0911,HKG,Bags,HKD,2026-09-07,22600.00,23900.00,0.0575,increase
99a4d7524754dc3c6323d3890909d606,Balenciaga_HKG_6703942ADO60911,6703942ADO60911,HKG,Small Leather Goods,HKD,2026-09-07,3300.00,3500.00,0.0606,increase
8f9f146212b5555a85c295af656c468b,Balenciaga_HKG_6703942AJWP9002,6703942AJWP9002,HKG,Small Leather Goods,HKD,2026-09-07,2400.00,2600.00,0.0833,increase
19696e6773e7889a8e21bc3036d7558c,Balenciaga_HKG_6703944GWYS4200,6703944GWYS4200,HKG,Small Leather Goods,HKD,2026-09-07,3100.00,3300.00,0.0645,increase
7704a47c12c098479c6f09d9e4a3daf2,Balenciaga_HKG_6704764GD9W5723,6704764GD9W5723,HKG,Bags,HKD,2026-09-07,3700.00,3900.00,0.0541,increase
2dc95bf77fa55fae61f55735cd4dcbe1,Balenciaga_HKG_67679221VL61210,67679221VL61210,HKG,Bags,HKD,2026-09-07,22300.00,23700.00,0.0628,increase
df96c64dee96e912a3853590c58b5df9,Balenciaga_HKG_6767922AB4K1090,6767922AB4K1090,HKG,Bags,HKD,2026-09-07,13500.00,14300.00,0.0593,increase
21533224b63ecece19ad44187ad04f9a,Balenciaga_HKG_6767922APFE1000,6767922APFE1000,HKG,Bags,HKD,2026-09-07,19400.00,20500.00,0.0567,increase
d9772cf42560adff363b0dff9ef4e1e1,Balenciaga_HKG_676820WGNH62533,676820WGNH62533,HKG,Bags,HKD,2026-09-07,19200.00,20300.00,0.0573,increase
ab5051b1e31d15795a530c9cd27940b0,Balenciaga_HKG_6778232A4ZU9020,6778232A4ZU9020,HKG,Bags,HKD,2026-09-07,21700.00,23000.00,0.0599,increase
3dc0b17e6e7edee7b0e003c55759ea07,Balenciaga_HKG_6778234GNKV1000,6778234GNKV1000,HKG,Bags,HKD,2026-09-07,18000.00,19100.00,0.0611,increase
d63d42e3a4f6cca98add9393ac8e95e8,Balenciaga_HKG_677823TPXBN1090,677823TPXBN1090,HKG,Bags,HKD,2026-09-07,28200.00,29900.00,0.0603,increase
e07b6d1bf542b8a4bfc374c45213649c,Balenciaga_HKG_6786802AEJ81000,6786802AEJ81000,HKG,Small Leather Goods,HKD,2026-09-07,19700.00,20900.00,0.0609,increase
87886c89913bb245f185f92fe11417de,Balenciaga_HKG_6869382ABCP0911,6869382ABCP0911,HKG,Bags,HKD,2026-09-07,22900.00,24300.00,0.0611,increase
a8e3ec746dd17fe6cea2da67263fd2a6,Balenciaga_HKG_6871014GGDU8122,6871014GGDU8122,HKG,Bags,HKD,2026-09-07,10700.00,11400.00,0.0654,increase
bb93bd6a76bf6675518b36d84c7ab7f9,Balenciaga_HKG_687101TK1EY1000,687101TK1EY1000,HKG,Bags,HKD,2026-09-07,25500.00,27000.00,0.0588,increase
96abfde85cfaaf39dbd1616f7c95f174,Balenciaga_HKG_687101TTS681000,687101TTS681000,HKG,Bags,HKD,2026-09-07,18200.00,19300.00,0.0604,increase
674915a8f89e4c9626170ee1bdf051fb,Balenciaga_HKG_6873682AB3L1000,6873682AB3L1000,HKG,Bags,HKD,2026-09-07,34900.00,37000.00,0.0602,increase
fd5c15fce249c4306f72d3902b8e0409,Balenciaga_HKG_6873682ABYE2308,6873682ABYE2308,HKG,Bags,HKD,2026-09-07,28000.00,29700.00,0.0607,increase
9ddd772dae5e860b9c89f7bf1467b4a6,Balenciaga_HKG_6873684GEGI1210,6873684GEGI1210,HKG,Bags,HKD,2026-09-07,18300.00,19400.00,0.0601,increase
8d3c1ebb8de8756c3b31aa2c2196acbe,Balenciaga_HKG_687755WZQV70926,687755WZQV70926,HKG,Small Leather Goods,HKD,2026-09-07,4200.00,4500.00,0.0714,increase
657f5e1b5bc23a7651dcdb5db0281fa1,Balenciaga_HKG_690455WM0LO0926,690455WM0LO0926,HKG,Small Leather Goods,HKD,2026-09-07,7800.00,8200.00,0.0513,increase
5bcf4dc832567325ac18e8b7eea29846,Balenciaga_HKG_690455WV5SI9002,690455WV5SI9002,HKG,Small Leather Goods,HKD,2026-09-07,10300.00,10900.00,0.0583,increase
da3ea1f76a63ca5008b65dc6100b6118,Balenciaga_HKG_698478T6LAH9020,698478T6LAH9020,HKG,Bags,HKD,2026-09-07,36500.00,38700.00,0.0603,increase
d3900386048c049d50a478889ff67816,Balenciaga_HKG_698478TK52K4200,698478TK52K4200,HKG,Bags,HKD,2026-09-07,6700.00,7100.00,0.0597,increase
a59d9eecd045c347c1f67668c06f7ae9,Balenciaga_HKG_698478WAG0O0911,698478WAG0O0911,HKG,Bags,HKD,2026-09-07,7500.00,7900.00,0.0533,increase
ed990767e908ae9275f3f753ef5706c4,Balenciaga_HKG_706014TT5D61000,706014TT5D61000,HKG,Bags,HKD,2026-09-07,4300.00,4600.00,0.0698,increase
2a43fce3750594748d327beebec074e2,Balenciaga_HKG_706014TTHIA8065,706014TTHIA8065,HKG,Bags,HKD,2026-09-07,4100.00,4300.00,0.0488,increase
e7588e256603ab6da8e1d0ac66585671,Balenciaga_HKG_706014TV8UH1084,706014TV8UH1084,HKG,Bags,HKD,2026-09-07,6500.00,6900.00,0.0615,increase
9e3f343b15e61387e9f7a9e869ccbdda,Balenciaga_HKG_7066122A50P3258,7066122A50P3258,HKG,Small Leather Goods,HKD,2026-09-07,9500.00,10100.00,0.0632,increase
79fada7bdc4ae39b9995bb6d5a3c4e26,Balenciaga_HKG_7066122AB3X1000,7066122AB3X1000,HKG,Small Leather Goods,HKD,2026-09-07,8700.00,9200.00,0.0575,increase
6417f7b5c0b21d33bc571b7fc810eee9,Balenciaga_HKG_7066122AY6L8065,7066122AY6L8065,HKG,Small Leather Goods,HKD,2026-09-07,18000.00,19100.00,0.0611,increase
225ecd5e89ba31eca9028b17eebd72ce,Balenciaga_HKG_706612TTDZG0926,706612TTDZG0926,HKG,Small Leather Goods,HKD,2026-09-07,6700.00,7100.00,0.0597,increase
3e544717ae382cd1a958e8cc9673e472,Balenciaga_HKG_706612WBFE11090,706612WBFE11090,HKG,Small Leather Goods,HKD,2026-09-07,2600.00,2800.00,0.0769,increase
49485e322393398306b2f271b783d4c5,Balenciaga_HKG_7089882AB993258,7089882AB993258,HKG,Small Leather Goods,HKD,2026-09-07,5300.00,5600.00,0.0566,increase
fa810daba1520f753e03e4e5b1963aa3,Balenciaga_HKG_7089882ABJZ1251,7089882ABJZ1251,HKG,Small Leather Goods,HKD,2026-09-07,6300.00,6700.00,0.0635,increase
d83336ae8f1fa203cc7b6952a879094e,Balenciaga_HKG_7108894GUHQ1000,7108894GUHQ1000,HKG,Small Leather Goods,HKD,2026-09-07,4800.00,5100.00,0.0625,increase
0ce26deaa44a176756b298050f13ffe7,Balenciaga_HKG_711160WOZ6M4011,711160WOZ6M4011,HKG,Small Leather Goods,HKD,2026-09-07,3400.00,3600.00,0.0588,increase
d023f43b62ca2917d7c6f0850c3a7e95,Balenciaga_HKG_7134902AB1H4200,7134902AB1H4200,HKG,Bags,HKD,2026-09-07,27200.00,28800.00,0.0588,increase
badc7c77697abaf5b26ece5c0e7e41b7,Balenciaga_HKG_7163574GQBG9000,7163574GQBG9000,HKG,Bags,HKD,2026-09-07,17900.00,19000.00,0.0615,increase
922fd6c3179f383de146c643ba55011a,Balenciaga_HKG_7238022ALQU5723,7238022ALQU5723,HKG,Bags,HKD,2026-09-07,14900.00,15800.00,0.0604,increase
76696297ecacd8f1ad06059b47b45b0d,Balenciaga_HKG_723802TPE569000,723802TPE569000,HKG,Bags,HKD,2026-09-07,14700.00,15600.00,0.0612,increase
d670cfe6056293de5aa55e3b738d3ffe,Balenciaga_HKG_723802TTN6J5723,723802TTN6J5723,HKG,Bags,HKD,2026-09-07,39400.00,41800.00,0.0609,increase
d0ac468d842b7161e6daee04eaa008e7,Balenciaga_HKG_7247992ABQG0926,7247992ABQG0926,HKG,Small Leather Goods,HKD,2026-09-07,6500.00,6900.00,0.0615,increase
78bf181bc062e3324e9075be9a1c863b,Balenciaga_HKG_72532821OA90911,72532821OA90911,HKG,Small Leather Goods,HKD,2026-09-07,6400.00,6700.00,0.0469,increase
227664172ff46a093de07a2c620a2728,Balenciaga_HKG_725328TTV443258,725328TTV443258,HKG,Small Leather Goods,HKD,2026-09-07,2400.00,2500.00,0.0417,increase
a45f824003f22813907643b45a236782,Balenciaga_HKG_72600621HFN1210,72600621HFN1210,HKG,Bags,HKD,2026-09-07,27700.00,29300.00,0.0578,increase
6004618f348830e5fb6a5d6eca90e22f,Balenciaga_HKG_7260062AINV9000,7260062AINV9000,HKG,Bags,HKD,2026-09-07,18900.00,20000.00,0.0582,increase
519ca29110a092eb6e117c8fb5fbdf71,Balenciaga_HKG_7260064GLKM1000,7260064GLKM1000,HKG,Bags,HKD,2026-09-07,25900.00,27500.00,0.0618,increase
0a9c923bca005453987cfb0547a12e03,Balenciaga_HKG_7283052ABY31090,7283052ABY31090,HKG,Bags,HKD,2026-09-07,29700.00,31400.00,0.0572,increase
1bbb5de60a21c12fddba2c6ba012dd69,Balenciaga_HKG_728305TUZCI4011,728305TUZCI4011,HKG,Bags,HKD,2026-09-07,34600.00,36700.00,0.0607,increase
07e1e18bc33b031d3cd0db14de313dd4,Balenciaga_HKG_72872721NOR1090,72872721NOR1090,HKG,Bags,HKD,2026-09-07,20000.00,21200.00,0.0600,increase
d90475fc8d886c5b676478e4842a4bcf,Balenciaga_HKG_728727WEHTC8065,728727WEHTC8065,HKG,Bags,HKD,2026-09-07,23900.00,25300.00,0.0586,increase
cd22e7feff7a355921abc2cfb43ed7ee,Balenciaga_HKG_72918421GJI3258,72918421GJI3258,HKG,Bags,HKD,2026-09-07,25500.00,27000.00,0.0588,increase
8d1efa39bb59f4705d0f641e9b894bba,Balenciaga_HKG_7297992A1LP1000,7297992A1LP1000,HKG,Bags,HKD,2026-09-07,16600.00,17600.00,0.0602,increase
04c48b7dbf2340a2f41c294353e373b5,Balenciaga_HKG_7297992ABTM0926,7297992ABTM0926,HKG,Bags,HKD,2026-09-07,13300.00,14100.00,0.0602,increase
0fe03c4a7d257b8e969acaf898949dcb,Balenciaga_HKG_7297992ACVY2840,7297992ACVY2840,HKG,Bags,HKD,2026-09-07,15200.00,16100.00,0.0592,increase
85bd7c3c53d4db41ec302f748f657c91,Balenciaga_HKG_729799W4YYO2533,729799W4YYO2533,HKG,Bags,HKD,2026-09-07,18000.00,19100.00,0.0611,increase
707ca2f77dbe47a16100214b8fcc530d,Balenciaga_HKG_7311302ABV99104,7311302ABV99104,HKG,Bags,HKD,2026-09-07,12800.00,13600.00,0.0625,increase
eb9acb5a7b55d6df2902a84e94c34fa6,Balenciaga_HKG_734797W7EBY1041,734797W7EBY1041,HKG,Accessories,HKD,2026-09-07,19200.00,20300.00,0.0573,increase
ef8292965b5673d3b6aab74045ae8373,Balenciaga_HKG_7378382ABGT0926,7378382ABGT0926,HKG,Bags,HKD,2026-09-07,12300.00,13000.00,0.0569,increase
e12bd07ceb006b859673349fc0b8d0d1,Balenciaga_HKG_74009021IIT1084,74009021IIT1084,HKG,Small Leather Goods,HKD,2026-09-07,6200.00,6500.00,0.0484,increase
54ae58a1252641981ef2b8fabe82693d,Balenciaga_HKG_7400904G1H21240,7400904G1H21240,HKG,Small Leather Goods,HKD,2026-09-07,3600.00,3800.00,0.0556,increase
ef24b14bf5cf1611974a1a84573f73dd,Balenciaga_HKG_740090TTQWT5723,740090TTQWT5723,HKG,Small Leather Goods,HKD,2026-09-07,5300.00,5600.00,0.0566,increase
631e34b89abf1fa6593c7c1362977b76,Balenciaga_HKG_7434644GJUQ1251,7434644GJUQ1251,HKG,Small Leather Goods,HKD,2026-09-07,12200.00,12900.00,0.0574,increase
3cea8e203a4f974129c62eb8d9ecbefe,Balenciaga_HKG_74818821RAQ1000,74818821RAQ1000,HKG,Small Leather Goods,HKD,2026-09-07,2700.00,2800.00,0.0370,increase
05006452b11832d54ef25ed9b801e3ea,Balenciaga_HKG_7481882ABWW0911,7481882ABWW0911,HKG,Small Leather Goods,HKD,2026-09-07,4800.00,5100.00,0.0625,increase
b1081417f4cc5ecd866ca3fe8facba26,Balenciaga_HKG_7481884GUB61000,7481884GUB61000,HKG,Small Leather Goods,HKD,2026-09-07,5500.00,5900.00,0.0727,increase
2aaf835ec2ee34d35b8c8821340e6626,Balenciaga_HKG_7483542ABV39020,7483542ABV39020,HKG,Bags,HKD,2026-09-07,41500.00,43900.00,0.0578,increase
7c34da72b2c9d93b14de75d67174f6dd,Balenciaga_HKG_748354T1COL0911,748354T1COL0911,HKG,Bags,HKD,2026-09-07,19000.00,20200.00,0.0632,increase
9783be7ef0a2f3b3d8bf5007b2a827c2,Balenciaga_HKG_7517282110W1090,7517282110W1090,HKG,Small Leather Goods,HKD,2026-09-07,11600.00,12300.00,0.0603,increase
268d8dac1e067b71515087891ddc32a1,Balenciaga_HKG_75172821F7M1210,75172821F7M1210,HKG,Small Leather Goods,HKD,2026-09-07,8800.00,9300.00,0.0568,increase
939a0619bbc2cfae652d8a54d3a8fd06,Balenciaga_HKG_751728WJEN18122,751728WJEN18122,HKG,Small Leather Goods,HKD,2026-09-07,9200.00,9700.00,0.0543,increase
f6d3fd2762d227ffaf55fdf02d8a3b4a,Balenciaga_HKG_7616174GM071041,7616174GM071041,HKG,Small Leather Goods,HKD,2026-09-07,2700.00,2900.00,0.0741,increase
936660e5c61c58cb982933c790c5f0c1,Balenciaga_HKG_770260WXM7O1210,770260WXM7O1210,HKG,Bags,HKD,2026-09-07,27400.00,29100.00,0.0620,increase
6265f17fdca6706cff4f7d0e781c7bde,Balenciaga_HKG_77077921FFS1090,77077921FFS1090,HKG,Small Leather Goods,HKD,2026-09-07,2700.00,2800.00,0.0370,increase
feb5212a46e86d73cf2926fe696ca7b3,Balenciaga_HKG_7707792A4VV4011,7707792A4VV4011,HKG,Small Leather Goods,HKD,2026-09-07,3900.00,4200.00,0.0769,increase
bad3ad3a98452a2a832a20a9397c701c,Balenciaga_HKG_7707792ABU11084,7707792ABU11084,HKG,Small Leather Goods,HKD,2026-09-07,3800.00,4000.00,0.0526,increase
3a267612268cadddd6ae3082585aaac3,Balenciaga_HKG_7707792ALGH1000,7707792ALGH1000,HKG,Small Leather Goods,HKD,2026-09-07,9100.00,9700.00,0.0659,increase
6b1ca6793d43fd2aec662b2bee867682,Balenciaga_HKG_7707794G8472308,7707794G8472308,HKG,Small Leather Goods,HKD,2026-09-07,5400.00,5700.00,0.0556,increase
a34f41ef67991ebe3048f6faeb5a995a,Balenciaga_HKG_7707794GGLA1090,7707794GGLA1090,HKG,Small Leather Goods,HKD,2026-09-07,2200.00,2300.00,0.0455,increase
acca8d62ef79efd42d07e802e9bfdf1f,Balenciaga_HKG_770779TCSA20127,770779TCSA20127,HKG,Small Leather Goods,HKD,2026-09-07,1700.00,1800.00,0.0588,increase
97b0526db6d6b5216cf0adfc307ca2eb,Balenciaga_HKG_7737734GF951000,7737734GF951000,HKG,Bags,HKD,2026-09-07,15200.00,16100.00,0.0592,increase
082611ad6df825f3ad01d15062327f97,Balenciaga_HKG_773773W5BMK1240,773773W5BMK1240,HKG,Bags,HKD,2026-09-07,20800.00,22100.00,0.0625,increase
723850a40d9ce1b3aafe4acb6d0777ef,Balenciaga_HKG_7751222AB963258,7751222AB963258,HKG,Small Leather Goods,HKD,2026-09-07,3200.00,3400.00,0.0625,increase
d0445e8931ff3f40fcc9317630131b7a,Balenciaga_HKG_775122WM5075723,775122WM5075723,HKG,Small Leather Goods,HKD,2026-09-07,4500.00,4800.00,0.0667,increase
5ab4513b80b6a9f832dedee89d36c406,Balenciaga_HKG_7783482AAGM1041,7783482AAGM1041,HKG,Small Leather Goods,HKD,2026-09-07,9200.00,9800.00,0.0652,increase
53a37efac5a0c594dd22bb02f0c224a8,Balenciaga_HKG_7783482ABC80926,7783482ABC80926,HKG,Small Leather Goods,HKD,2026-09-07,5200.00,5500.00,0.0577,increase
dbfa963264d8e09935f2b973b6c501cd,Balenciaga_HKG_778348TTK6R9002,778348TTK6R9002,HKG,Small Leather Goods,HKD,2026-09-07,4600.00,4900.00,0.0652,increase
c6a3f74ea6367cfb1454e9ad43dc9999,Balenciaga_HKG_778348TTMNA0911,778348TTMNA0911,HKG,Small Leather Goods,HKD,2026-09-07,6500.00,6900.00,0.0615,increase
d12c60def0e07e8b1b911338937cbc7b,Balenciaga_HKG_778348WUVHU1210,778348WUVHU1210,HKG,Small Leather Goods,HKD,2026-09-07,4800.00,5100.00,0.0625,increase
390034fa2732786e8f58275d3894be9f,Balenciaga_HKG_779372TOH4Y5723,779372TOH4Y5723,HKG,Bags,HKD,2026-09-07,23900.00,25300.00,0.0586,increase
38e1911664a7b4fb0edb425576c69431,Balenciaga_HKG_779797T061J1041,779797T061J1041,HKG,Bags,HKD,2026-09-07,26200.00,27800.00,0.0611,increase
1e11f9f8f0b32a540ad6db498844ffea,Balenciaga_HKG_7830972190M9104,7830972190M9104,HKG,Accessories,HKD,2026-09-07,29100.00,30800.00,0.0584,increase
442004425ad1f5e11d028724347ff08f,Balenciaga_HKG_78309721JPY0127,78309721JPY0127,HKG,Accessories,HKD,2026-09-07,20800.00,22000.00,0.0577,increase
24917eec912fd6aaf2e1a79145050b4b,Balenciaga_HKG_7830974GC5O8065,7830974GC5O8065,HKG,Accessories,HKD,2026-09-07,22400.00,23700.00,0.0580,increase
fd126a2b7d1c41b529d1849e22d9af28,Balenciaga_HKG_783097T88LE4011,783097T88LE4011,HKG,Accessories,HKD,2026-09-07,18100.00,19200.00,0.0608,increase
c561afd4dfe112ed8cfa0232e377ac64,Balenciaga_HKG_7842954GWXL2308,7842954GWXL2308,HKG,Bags,HKD,2026-09-07,28100.00,29800.00,0.0605,increase
b5b27135dd3d8da354681a365e289c1b,Balenciaga_HKG_7846182AWFP1090,7846182AWFP1090,HKG,Accessories,HKD,2026-09-07,2700.00,2800.00,0.0370,increase
b8ced709d7a04e9a0c80c205e14d3090,Balenciaga_HKG_786691213DR2308,786691213DR2308,HKG,Bags,HKD,2026-09-07,27400.00,29000.00,0.0584,increase
60999f28cf8745af21657705f29c840c,Balenciaga_HKG_7866912A6IT9002,7866912A6IT9002,HKG,Bags,HKD,2026-09-07,18400.00,19500.00,0.0598,increase
05e6e6fb1e9e50de6d294273f99e515a,Balenciaga_HKG_7866912ABIU2308,7866912ABIU2308,HKG,Bags,HKD,2026-09-07,9000.00,9500.00,0.0556,increase
7b4ec349ef17030edd5a147de5c262b9,Balenciaga_HKG_7866912AENG9104,7866912AENG9104,HKG,Bags,HKD,2026-09-07,10000.00,10600.00,0.0600,increase
930c75af1bc449cfaaef0d24ec281975,Balenciaga_HKG_79014021E841041,79014021E841041,HKG,Small Leather Goods,HKD,2026-09-07,10500.00,11100.00,0.0571,increase
24f13074d520ad1e18001137412cd592,Balenciaga_HKG_7901402AB731000,7901402AB731000,HKG,Small Leather Goods,HKD,2026-09-07,10500.00,11100.00,0.0571,increase
14a1411c87ea8c50e35f19e610041cc4,Balenciaga_HKG_790421WLLWX1000,790421WLLWX1000,HKG,Small Leather Goods,HKD,2026-09-07,20800.00,22100.00,0.0625,increase
5d7dd7b409d0ee1ef7d56db9ea627d67,Balenciaga_HKG_791061TTORO1090,791061TTORO1090,HKG,Bags,HKD,2026-09-07,23600.00,25000.00,0.0593,increase
7a70a2767107084ec8651f27f21b2c76,Balenciaga_HKG_792932218SJ1240,792932218SJ1240,HKG,Bags,HKD,2026-09-07,23100.00,24500.00,0.0606,increase
7cf02f6c71d45f096f59fc0f201c3ca6,Balenciaga_HKG_792932219O01251,792932219O01251,HKG,Bags,HKD,2026-09-07,24600.00,26100.00,0.0610,increase
2581cb0cf09708ecb222ca138581f883,Balenciaga_HKG_79293221SBP1210,79293221SBP1210,HKG,Bags,HKD,2026-09-07,20400.00,21600.00,0.0588,increase
0ea5028d572d1216927219f203fc2bf4,Balenciaga_HKG_792932W27C95723,792932W27C95723,HKG,Bags,HKD,2026-09-07,31700.00,33600.00,0.0599,increase
5493169959041807a811a79a7df74038,Balenciaga_HKG_7986072AB0P4011,7986072AB0P4011,HKG,Small Leather Goods,HKD,2026-09-07,3700.00,3900.00,0.0541,increase
fb4dd283cdf209f192e904acc80c63f3,Balenciaga_HKG_798607WHH8S8065,798607WHH8S8065,HKG,Small Leather Goods,HKD,2026-09-07,2800.00,2900.00,0.0357,increase
5331a69260a6ce19d3f06e22faacfa25,Balenciaga_HKG_804491WDN3F1090,804491WDN3F1090,HKG,Small Leather Goods,HKD,2026-09-07,6400.00,6800.00,0.0625,increase
c0c9d6c29d8667eaeadc5c993bead13b,Balenciaga_HKG_8088952AB0I2840,8088952AB0I2840,HKG,Bags,HKD,2026-09-07,28800.00,30600.00,0.0625,increase
3fe0588db62dffe55af943a6a50e262a,Balenciaga_HKG_8088952AM3D0127,8088952AM3D0127,HKG,Bags,HKD,2026-09-07,24100.00,25600.00,0.0622,increase
cfe4fdb252579f4d68270a05c7f3c28f,Balenciaga_HKG_808895TOVIZ2533,808895TOVIZ2533,HKG,Bags,HKD,2026-09-07,29900.00,31700.00,0.0602,increase
695fdbb8af885c57f204ac9cd2e1c090,Balenciaga_HKG_8133392ABV39002,8133392ABV39002,HKG,Bags,HKD,2026-09-07,14300.00,15200.00,0.0629,increase
4ac9b516899d4a65fb3cddf908fb3536,Balenciaga_HKG_813339TTM3T1000,813339TTM3T1000,HKG,Bags,HKD,2026-09-07,25200.00,26700.00,0.0595,increase
eb26e71e9cb4e3e1897a45da9984c559,Balenciaga_HKG_8175562A3NQ1251,8175562A3NQ1251,HKG,Bags,HKD,2026-09-07,25300.00,26800.00,0.0593,increase
32d1a630c4d5c386dfc5977069da934d,Balenciaga_HKG_817556TTCFN1090,817556TTCFN1090,HKG,Bags,HKD,2026-09-07,19400.00,20600.00,0.0619,increase
77ecc31724ed0d68efa0221de9215215,Balenciaga_HKG_81955721MIX1210,81955721MIX1210,HKG,Small Leather Goods,HKD,2026-09-07,6000.00,6300.00,0.0500,increase
93d192836259d8b995aeb23db45b6079,Balenciaga_HKG_8195572AA863258,8195572AA863258,HKG,Small Leather Goods,HKD,2026-09-07,3600.00,3800.00,0.0556,increase
0d42ba92929078b342264ff260071bbe,Balenciaga_HKG_8223032AF5D1041,8223032AF5D1041,HKG,Small Leather Goods,HKD,2026-09-07,25600.00,27100.00,0.0586,increase
f4c519f7aa02c176f6619373b57eb7c2,Balenciaga_HKG_822303TTHOD8065,822303TTHOD8065,HKG,Small Leather Goods,HKD,2026-09-07,15200.00,16100.00,0.0592,increase
847e8218203c5eeca0e0686d1370d926,Balenciaga_HKG_824002TJQAV2308,824002TJQAV2308,HKG,Small Leather Goods,HKD,2026-09-07,4600.00,4900.00,0.0652,increase
4f774d36fb407e747512849524759879,Balenciaga_HKG_82443621AQF0127,82443621AQF0127,HKG,Small Leather Goods,HKD,2026-09-07,2600.00,2800.00,0.0769,increase
d9d2812c668c15a4761277c161b4678f,Balenciaga_HKG_8244362A4UN1000,8244362A4UN1000,HKG,Small Leather Goods,HKD,2026-09-07,3700.00,3900.00,0.0541,increase
2ce4df27be00b8dd90bc5dd4001930d1,Balenciaga_HKG_824436W9DJB2308,824436W9DJB2308,HKG,Small Leather Goods,HKD,2026-09-07,4600.00,4800.00,0.0435,increase
b84f8753967e892cf5b7f99ffcb224cd,Balenciaga_HKG_8245244GV630926,8245244GV630926,HKG,Accessories,HKD,2026-09-07,10500.00,11100.00,0.0571,increase
5b6fc243770c1dbeb021b047a1b48e1b,Balenciaga_HKG_82607121B2V1041,82607121B2V1041,HKG,Bags,HKD,2026-09-07,23100.00,24500.00,0.0606,increase
010c6107526af93237108b8b7bcbc3d3,Balenciaga_HKG_8260712ABPL3258,8260712ABPL3258,HKG,Bags,HKD,2026-09-07,23800.00,25200.00,0.0588,increase
7c7a5cbd4285980a2d0dbf8ae4edd464,Balenciaga_HKG_826071W06VT2533,826071W06VT2533,HKG,Bags,HKD,2026-09-07,16400.00,17400.00,0.0610,increase
c798fa7fd6d8e2b90a4f7392117f34bc,Balenciaga_HKG_828771TTCTJ0911,828771TTCTJ0911,HKG,Small Leather Goods,HKD,2026-09-07,2400.00,2600.00,0.0833,increase
e66c6a9a86d668654418f27bf85b68eb,Balenciaga_HKG_830936WU99V9002,830936WU99V9002,HKG,Small Leather Goods,HKD,2026-09-07,13100.00,13900.00,0.0611,increase
a3fd1bbea03f5d1480389591b8cf0725,Balenciaga_HKG_8311342ABU61090,8311342ABU61090,HKG,Bags,HKD,2026-09-07,21300.00,22500.00,0.0563,increase
97fa86654b293616f479cf964080197c,Balenciaga_HKG_8311344GKAG3258,8311344GKAG3258,HKG,Bags,HKD,2026-09-07,12900.00,13700.00,0.0620,increase
056d720171819e8e9467d6df5f1652bf,Balenciaga_HKG_831134T9FMJ0911,831134T9FMJ0911,HKG,Bags,HKD,2026-09-07,10300.00,10900.00,0.0583,increase
4a3d9f0ef5341fbdc65071c58d9ee65b,Balenciaga_HKG_831134TEOO93258,831134TEOO93258,HKG,Bags,HKD,2026-09-07,23100.00,24500.00,0.0606,increase
a5a0c7ea5ae188ebe57598e9cb1aed56,Balenciaga_HKG_833006217XM0911,833006217XM0911,HKG,Bags,HKD,2026-09-07,26300.00,27900.00,0.0608,increase
373bd90dfa0a16d47cb659a7d7162c16,Balenciaga_HKG_8330062ABAZ2840,8330062ABAZ2840,HKG,Bags,HKD,2026-09-07,19900.00,21100.00,0.0603,increase
8da5504996bf653df6385da02c599200,Balenciaga_HKG_834058WWA8W4200,834058WWA8W4200,HKG,Bags,HKD,2026-09-07,25800.00,27400.00,0.0620,increase
3c2bc9396608c5a96b6901d81ccb5666,Balenciaga_HKG_8401812AKBD1000,8401812AKBD1000,HKG,Small Leather Goods,HKD,2026-09-07,3700.00,3900.00,0.0541,increase
8dd0e3a75a566cb4756c2f2d731c7c3a,Balenciaga_HKG_840181TTX3A0926,840181TTX3A0926,HKG,Small Leather Goods,HKD,2026-09-07,3400.00,3600.00,0.0588,increase
fdc407f05e56d4d8a9de3bd6c96d6658,Balenciaga_HKG_840181WKE7A1090,840181WKE7A1090,HKG,Small Leather Goods,HKD,2026-09-07,2800.00,2900.00,0.0357,increase
ecdbb926b31a692e24d26aa6e759f70d,Balenciaga_HKG_844132TD4EC9104,844132TD4EC9104,HKG,Bags,HKD,2026-09-07,32600.00,34600.00,0.0613,increase
888fdfd9c381ee996e3fd069a6c5c53b,Balenciaga_HKG_845436216410127,845436216410127,HKG,Bags,HKD,2026-09-07,11000.00,11600.00,0.0545,increase
e975a9db7f9325ddb90342ad996f0cac,Balenciaga_HKG_8454362ABSV9000,8454362ABSV9000,HKG,Bags,HKD,2026-09-07,29000.00,30700.00,0.0586,increase
e0ad26ab7bdec37003cebb40dc0de925,Balenciaga_HKG_8454364GBTX9000,8454364GBTX9000,HKG,Bags,HKD,2026-09-07,20600.00,21800.00,0.0583,increase
26da1e94d21c8c4ed1d8f6a01ea7fa8b,Balenciaga_HKG_845436THX071000,845436THX071000,HKG,Bags,HKD,2026-09-07,30200.00,32000.00,0.0596,increase
9ab8ad866444c6c3a38e7be9c8e44332,Balenciaga_HKG_845436TTCJ71000,845436TTCJ71000,HKG,Bags,HKD,2026-09-07,14400.00,15200.00,0.0556,increase
027c0bb7d8059453df02c45df1a7e4ba,Balenciaga_HKG_845436TTGI61251,845436TTGI61251,HKG,Bags,HKD,2026-09-07,28900.00,30600.00,0.0588,increase
a541dc4bacdc5aa65d1ebe143dc2cab3,Balenciaga_HKG_845436W94521090,845436W94521090,HKG,Bags,HKD,2026-09-07,18300.00,19400.00,0.0601,increase
c7824b929f45f0eea3e993411dbcb8fd,Balenciaga_HKG_8501442AB0O1000,8501442AB0O1000,HKG,Bags,HKD,2026-09-07,8600.00,9100.00,0.0581,increase
d8ce40b07226e7d5ade95a8f6a748226,Balenciaga_HKG_8514352A4CY1000,8514352A4CY1000,HKG,Small Leather Goods,HKD,2026-09-07,11500.00,12200.00,0.0609,increase
86d6d65b9251a03826905c045816b01a,Balenciaga_HKG_85254221FH01000,85254221FH01000,HKG,Small Leather Goods,HKD,2026-09-07,5500.00,5900.00,0.0727,increase
5515f71e354c7498ae3a6a6d85b7c01f,Balenciaga_HKG_85254221MXR4011,85254221MXR4011,HKG,Small Leather Goods,HKD,2026-09-07,7700.00,8100.00,0.0519,increase
d35adc3021468a65fc540e21cf541458,Balenciaga_HKG_8525422AB5G1090,8525422AB5G1090,HKG,Small Leather Goods,HKD,2026-09-07,2600.00,2700.00,0.0385,increase
9c6b79da7e590ee2f25d530b669b7e95,Balenciaga_HKG_852542TRTB02840,852542TRTB02840,HKG,Small Leather Goods,HKD,2026-09-07,2500.00,2600.00,0.0400,increase
c4da4744ac839f54d4c537a11c232b6f,Balenciaga_HKG_852542WCMOK5723,852542WCMOK5723,HKG,Small Leather Goods,HKD,2026-09-07,2700.00,2900.00,0.0741,increase
cb8e05669e22b207d7547e4c73864de7,Balenciaga_HKG_8561912110W1000,8561912110W1000,HKG,Small Leather Goods,HKD,2026-09-07,2600.00,2800.00,0.0769,increase
2cd6a0a7296bd27109623bdef0890966,Balenciaga_HKG_856191T2DEI9104,856191T2DEI9104,HKG,Small Leather Goods,HKD,2026-09-07,3600.00,3800.00,0.0556,increase
310b21909862cbead261ab0648d424d3,Balenciaga_HKG_856191T74RJ1210,856191T74RJ1210,HKG,Small Leather Goods,HKD,2026-09-07,3400.00,3600.00,0.0588,increase
41340a2a76e8c81e8dd19ef3ea4496da,Balenciaga_HKG_856191TTCXJ0926,856191TTCXJ0926,HKG,Small Leather Goods,HKD,2026-09-07,2200.00,2300.00,0.0455,increase
09e02025829ed01cbfc7c9bd6a018cd4,Balenciaga_HKG_858352TTBLY1041,858352TTBLY1041,HKG,Small Leather Goods,HKD,2026-09-07,11900.00,12600.00,0.0588,increase
ccb3e2ccabeeb3908d2d40e82550bfa7,Balenciaga_HKG_8592792AZWF1251,8592792AZWF1251,HKG,Small Leather Goods,HKD,2026-09-07,2400.00,2500.00,0.0417,increase
3343f5af3830517f84c19addb6103a4e,Balenciaga_HKG_8592794GT7H9104,8592794GT7H9104,HKG,Small Leather Goods,HKD,2026-09-07,10200.00,10800.00,0.0588,increase
2f7c23c884005cd016b1d5f2d74d085e,Balenciaga_HKG_860458WVPJ84200,860458WVPJ84200,HKG,Bags,HKD,2026-09-07,24000.00,25500.00,0.0625,increase
5c8305b90332188672b9fc3883fe93b0,Balenciaga_HKG_8665422AB2D9104,8665422AB2D9104,HKG,Accessories,HKD,2026-09-07,4700.00,5000.00,0.0638,increase
548553ff8cf72fe9a6f29cdc4495a1b5,Balenciaga_HKG_8665424G8ZY1000,8665424G8ZY1000,HKG,Accessories,HKD,2026-09-07,2700.00,2800.00,0.0370,increase
bbaafbf50a04f35758cb67f13a04c6bd,Balenciaga_HKG_8671922ABIT1210,8671922ABIT1210,HKG,Small Leather Goods,HKD,2026-09-07,3700.00,3900.00,0.0541,increase
878dd63bcb74d7253d9fa856049f84cf,Balenciaga_HKG_8690362ABPU2308,8690362ABPU2308,HKG,Bags,HKD,2026-09-07,17300.00,18300.00,0.0578,increase
7a32e976bb894d27340bdf8b5a43ea09,Balenciaga_HKG_8690364G7ZC4200,8690364G7ZC4200,HKG,Bags,HKD,2026-09-07,37100.00,39300.00,0.0593,increase
96cdaf4cfd31d7581b799d360692eb11,Balenciaga_HKG_86935021KK58122,86935021KK58122,HKG,Bags,HKD,2026-09-07,10400.00,11000.00,0.0577,increase
620dce9b71d3e9fd49dcec3bd4be1686,Balenciaga_HKG_8738792A2QI4011,8738792A2QI4011,HKG,Bags,HKD,2026-09-07,20900.00,22200.00,0.0622,increase
ff017d6d9965216acb76414392c6fe94,Balenciaga_HKG_8738792ABM71041,8738792ABM71041,HKG,Bags,HKD,2026-09-07,24000.00,25400.00,0.0583,increase
62e06af2c991b63023dbc69d35c1a5f1,Balenciaga_HKG_873879TSIMN8122,873879TSIMN8122,HKG,Bags,HKD,2026-09-07,22200.00,23600.00,0.0631,increase
799136731abd5260167e0057dd53e0e5,Balenciaga_HKG_8750414GAUA1000,8750414GAUA1000,HKG,Bags,HKD,2026-09-07,17600.00,18600.00,0.0568,increase
0650da131d0303259df283e5a559fb06,Balenciaga_HKG_8837202AB1Q1000,8837202AB1Q1000,HKG,Small Leather Goods,HKD,2026-09-07,2900.00,3000.00,0.0345,increase
3a1ef4dc4eb6e8b140ac9f4e354067b1,Balenciaga_HKG_883720W1IKV1000,883720W1IKV1000,HKG,Small Leather Goods,HKD,2026-09-07,3800.00,4000.00,0.0526,increase
0757ad09f21c9238eb9f5aaf92dd986f,Balenciaga_HKG_88445621WO28122,88445621WO28122,HKG,Small Leather Goods,HKD,2026-09-07,2000.00,2200.00,0.1000,increase
32fc939900689e82eeeffa4133696c28,Balenciaga_HKG_8844562AB381090,8844562AB381090,HKG,Small Leather Goods,HKD,2026-09-07,4900.00,5200.00,0.0612,increase
3564cb51c911c6cb111c48a5c5c82d0b,Balenciaga_HKG_8863144G5AR8065,8863144G5AR8065,HKG,Small Leather Goods,HKD,2026-09-07,3400.00,3600.00,0.0588,increase
ac04647bb31d86d14b84c44ab4a9c2f6,Balenciaga_HKG_886314TT7F98122,886314TT7F98122,HKG,Small Leather Goods,HKD,2026-09-07,4500.00,4700.00,0.0444,increase
c3f61192e1ede0193f485b322a0af19e,Balenciaga_HKG_8872612AB144200,8872612AB144200,HKG,Small Leather Goods,HKD,2026-09-07,9200.00,9800.00,0.0652,increase
5d9e309ebfaa28bfa49b6efef349fb50,Balenciaga_HKG_888240TTFRH4200,888240TTFRH4200,HKG,Small Leather Goods,HKD,2026-09-07,4100.00,4300.00,0.0488,increase
22685375e757c5a7f24b2e513c7c22de,Balenciaga_HKG_8902582ABVL1251,8902582ABVL1251,HKG,Bags,HKD,2026-09-07,8000.00,8500.00,0.0625,increase
563b13c8cf66d7860a92fa651d775170,Balenciaga_HKG_89310521G2W1240,89310521G2W1240,HKG,Bags,HKD,2026-09-07,21400.00,22700.00,0.0607,increase
32090f80a0c8309e9d25c60f4de11f97,Balenciaga_HKG_893105TTXTD1240,893105TTXTD1240,HKG,Bags,HKD,2026-09-07,36900.00,39100.00,0.0596,increase
b3bbcabbf61ca258f3b2e39a5ac013d2,Balenciaga_HKG_8945912AEYF1090,8945912AEYF1090,HKG,Small Leather Goods,HKD,2026-09-07,18100.00,19200.00,0.0608,increase
afd9d45f15eff281b3837acec8466935,Balenciaga_HKG_8945912AHW24200,8945912AHW24200,HKG,Small Leather Goods,HKD,2026-09-07,10200.00,10800.00,0.0588,increase
5761018da925a57f7ba6c03013f65454,Balenciaga_HKG_894591TTFLA4200,894591TTFLA4200,HKG,Small Leather Goods,HKD,2026-09-07,20700.00,22000.00,0.0628,increase
5ab76b5586a68099c7f4e310836d9002,Balenciaga_HKG_894919W7KYF4200,894919W7KYF4200,HKG,Bags,HKD,2026-09-07,25000.00,26500.00,0.0600,increase
241837e14251fc0d4685a13fdff2f173,Balenciaga_HKG_89504321IWB1084,89504321IWB1084,HKG,Bags,HKD,2026-09-07,28100.00,29800.00,0.0605,increase
078ff95368d14a701f73fc4d1814dec7,Balenciaga_HKG_8950432ATN89104,8950432ATN89104,HKG,Bags,HKD,2026-09-07,25100.00,26600.00,0.0598,increase
b18f7b1e237f6be5e23e1d38672da637,Balenciaga_HKG_895043TTYCV1000,895043TTYCV1000,HKG,Bags,HKD,2026-09-07,20700.00,22000.00,0.0628,increase
40fb6008427b3dd834e321e921a34d78,Balenciaga_HKG_895043WA6731000,895043WA6731000,HKG,Bags,HKD,2026-09-07,23600.00,25000.00,0.0593,increase
f69f4c9fdf7819d9d0a3a04441b9a702,Balenciaga_HKG_A00J7KTT7PD1251,A00J7KTT7PD1251,HKG,Bags,HKD,2026-09-07,8300.00,8800.00,0.0602,increase
6d40f31a62de4ffd0ec31dd0f270cab1,Balenciaga_HKG_A042712ABQZ9020,A042712ABQZ9020,HKG,Bags,HKD,2026-09-07,35200.00,37300.00,0.0597,increase
8de8902935d0b1d0eb5ea6b246e4e7ec,Balenciaga_HKG_A042712AMT61210,A042712AMT61210,HKG,Bags,HKD,2026-09-07,102200.00,108400.00,0.0607,increase
34190a05d0672b4e18bb9965e0475ee5,Balenciaga_HKG_A05K8B2ASBF4200,A05K8B2ASBF4200,HKG,Small Leather Goods,HKD,2026-09-07,2900.00,3000.00,0.0345,increase
dd314d3f879e2bfad068dc631ee268f3,Balenciaga_HKG_A05K8BTSM663258,A05K8BTSM663258,HKG,Small Leather Goods,HKD,2026-09-07,3100.00,3300.00,0.0645,increase
2e3c357407912db3520e21c7c160bcc0,Balenciaga_HKG_A05K8BTTMMU9104,A05K8BTTMMU9104,HKG,Small Leather Goods,HKD,2026-09-07,6700.00,7100.00,0.0597,increase
7af6104eb95b23f48adeb7e459b440df,Balenciaga_HKG_A064YD4GQIW1000,A064YD4GQIW1000,HKG,Small Leather Goods,HKD,2026-09-07,4700.00,4900.00,0.0426,increase
08f5e3c3e31c844a8569510a3e2269d4,Balenciaga_HKG_A064YDTKNEL3258,A064YDTKNEL3258,HKG,Small Leather Goods,HKD,2026-09-07,4700.00,5000.00,0.0638,increase
77dc9e398551e9fee2e0d2590efcbba8,Balenciaga_HKG_A064YDTTENX9002,A064YDTTENX9002,HKG,Small Leather Goods,HKD,2026-09-07,3600.00,3800.00,0.0556,increase
fa713c186f5c54da7548139174af92ab,Balenciaga_HKG_A06RN2216DW1084,A06RN2216DW1084,HKG,Bags,HKD,2026-09-07,19600.00,20800.00,0.0612,increase
106cfe190599b1bf39aaf32af952414c,Balenciaga_HKG_A06RN22AB2X1041,A06RN22AB2X1041,HKG,Bags,HKD,2026-09-07,25100.00,26600.00,0.0598,increase
badb7d036b2f179b61c280605f833cd8,Balenciaga_HKG_A06RN22ABS95723,A06RN22ABS95723,HKG,Bags,HKD,2026-09-07,25000.00,26500.00,0.0600,increase
d54f7b6a10a57fdbc418dc02ce4be4a6,Balenciaga_HKG_A07WXJ21SEY1240,A07WXJ21SEY1240,HKG,Small Leather Goods,HKD,2026-09-07,4400.00,4700.00,0.0682,increase
1392cb4249e564668e14bc596349c0f5,Balenciaga_HKG_A07WXJW005D1090,A07WXJW005D1090,HKG,Small Leather Goods,HKD,2026-09-07,14500.00,15400.00,0.0621,increase
93f4bb7fc3a2751dcb37b88f83c26b16,Balenciaga_HKG_A07XQJ2ABFT1240,A07XQJ2ABFT1240,HKG,Small Leather Goods,HKD,2026-09-07,2600.00,2700.00,0.0385,increase
b8f03287bcdb35aa538fdf689c868bd6,Balenciaga_HKG_A07XQJTTA4R0911,A07XQJTTA4R0911,HKG,Small Leather Goods,HKD,2026-09-07,2500.00,2600.00,0.0400,increase
3fca325a9a7b6a1be2b180da55494a48,Balenciaga_HKG_A07XQJW4FMO5723,A07XQJW4FMO5723,HKG,Small Leather Goods,HKD,2026-09-07,6200.00,6600.00,0.0645,increase
2c81e0609f5d333166e7fdd83fc78b93,Balenciaga_HKG_A0AVTR2AES89002,A0AVTR2AES89002,HKG,Bags,HKD,2026-09-07,15900.00,16800.00,0.0566,increase
52d53220bbe0e40093954b6995662a22,Balenciaga_HKG_A0AVTRT9W4P8122,A0AVTRT9W4P8122,HKG,Bags,HKD,2026-09-07,17600.00,18600.00,0.0568,increase
b42e4c94a6c78789dc9a35ec6e690981,Balenciaga_HKG_A0DVHZ211W08065,A0DVHZ211W08065,HKG,Small Leather Goods,HKD,2026-09-07,9600.00,10200.00,0.0625,increase
bf7adabd4aea42c1cd4fae5ff9ceb080,Balenciaga_HKG_A0DVHZ2159I1240,A0DVHZ2159I1240,HKG,Small Leather Goods,HKD,2026-09-07,2500.00,2600.00,0.0400,increase
5eda5125e1837fb3b4c1ebd7796eff62,Balenciaga_HKG_A0DVHZWC7C15723,A0DVHZWC7C15723,HKG,Small Leather Goods,HKD,2026-09-07,11500.00,12200.00,0.0609,increase
6a83d7860431ae0a2e45fc39cc7dafba,Balenciaga_HKG_A0FKA3210572533,A0FKA3210572533,HKG,Bags,HKD,2026-09-07,26900.00,28500.00,0.0595,increase
5b8f449f657a73cd872966d63fa23d71,Balenciaga_HKG_A0HVOZ2AB3Y1251,A0HVOZ2AB3Y1251,HKG,Small Leather Goods,HKD,2026-09-07,3200.00,3400.00,0.0625,increase
b8da9d77d0209e5602d1989d3bfd8b06,Balenciaga_HKG_A0JTOY4GNZM1240,A0JTOY4GNZM1240,HKG,Small Leather Goods,HKD,2026-09-07,4200.00,4400.00,0.0476,increase
c90ef3c77cb11316c375ab030fdefc0e,Balenciaga_HKG_A0JW0G2ABNG9002,A0JW0G2ABNG9002,HKG,Bags,HKD,2026-09-07,13600.00,14400.00,0.0588,increase
f105aa0f78206e1e816d4345f88ed735,Balenciaga_HKG_A0JW0GWQGJ51000,A0JW0GWQGJ51000,HKG,Bags,HKD,2026-09-07,15700.00,16700.00,0.0637,increase
f73a0e918ccb1d2e7a3024076ba9f88a,Balenciaga_HKG_A0LD3V2A8284200,A0LD3V2A8284200,HKG,Bags,HKD,2026-09-07,15100.00,16000.00,0.0596,increase
b49bf0dc36571dd5f89316a067ce228f,Balenciaga_HKG_A0LD3V2ABND9020,A0LD3V2ABND9020,HKG,Bags,HKD,2026-09-07,10300.00,10900.00,0.0583,increase
c1421bab3d58153bdf948f017c012102,Balenciaga_HKG_A0NXIX2ABF42840,A0NXIX2ABF42840,HKG,Small Leather Goods,HKD,2026-09-07,6100.00,6500.00,0.0656,increase
c90f6e6ba9727c31c3acb95da589e5a6,Balenciaga_HKG_A0NXIX4GIX61041,A0NXIX4GIX61041,HKG,Small Leather Goods,HKD,2026-09-07,2800.00,2900.00,0.0357,increase
56d3efdf23fff8dbd4baec180a78fbba,Balenciaga_HKG_A0OHAU213J01000,A0OHAU213J01000,HKG,Bags,HKD,2026-09-07,9900.00,10500.00,0.0606,increase
f25141a10a95e631af08e1817cc2e7ff,Balenciaga_HKG_A0QFZA4GZMJ9002,A0QFZA4GZMJ9002,HKG,Bags,HKD,2026-09-07,20900.00,22200.00,0.0622,increase
47bdd8d11baa59cc380bc2c3af8cc8f1,Balenciaga_HKG_A0QFZAWRPKY9000,A0QFZAWRPKY9000,HKG,Bags,HKD,2026-09-07,24200.00,25700.00,0.0620,increase
fbcedc31b4e74f077aa1a28e182215e2,Balenciaga_HKG_A0W9ZQ2ABHN5723,A0W9ZQ2ABHN5723,HKG,Small Leather Goods,HKD,2026-09-07,3800.00,4100.00,0.0789,increase
427241d77242a0ddee5a62d0945864b5,Balenciaga_HKG_A0W9ZQTT6H89020,A0W9ZQTT6H89020,HKG,Small Leather Goods,HKD,2026-09-07,3400.00,3600.00,0.0588,increase
da3b376b8a7a9392c070d93c23d1a4f3,Balenciaga_HKG_A0W9ZQTTNFO8122,A0W9ZQTTNFO8122,HKG,Small Leather Goods,HKD,2026-09-07,2900.00,3100.00,0.0690,increase
6582e1216c5d67db40c761d4fcc19391,Balenciaga_JPN_5090582ABZK1000,5090582ABZK1000,JPN,Bags,JPY,2026-09-07,464900.00,502100.00,0.0800,increase
76df72bfde272fcf5cdf12e25e60a9cf,Balenciaga_JPN_509058W7FP09002,509058W7FP09002,JPN,Bags,JPY,2026-09-07,576700.00,622800.00,0.0799,increase
94803e560089d18fa0182ff0783b52eb,Balenciaga_JPN_512319214FT9104,512319214FT9104,JPN,Bags,JPY,2026-09-07,277900.00,300100.00,0.0799,increase
1f639bbc9fd64faa38bc85f6e66afdcb,Balenciaga_JPN_5123192ABXZ9020,5123192ABXZ9020,JPN,Bags,JPY,2026-09-07,482800.00,521400.00,0.0800,increase
0752b3f913a773276f3d852d4d4a5d17,Balenciaga_JPN_5146272ABZT4200,5146272ABZT4200,JPN,Bags,JPY,2026-09-07,164200.00,177400.00,0.0804,increase
a37f3cb8f0e3379145fdc079db425cff,Balenciaga_JPN_5146274GMIB2533,5146274GMIB2533,JPN,Bags,JPY,2026-09-07,190000.00,205200.00,0.0800,increase
3e11e999275b5c40028897c2960b1bf4,Balenciaga_JPN_514627TA8D30127,514627TA8D30127,JPN,Bags,JPY,2026-09-07,687100.00,742000.00,0.0799,increase
3149fa6c6e1832f5320429561f52904c,Balenciaga_JPN_5149002A92F1210,5149002A92F1210,JPN,Bags,JPY,2026-09-07,528900.00,571200.00,0.0800,increase
59fdf8e098c41a08e654585a29b5eb71,Balenciaga_JPN_517390210UD1210,517390210UD1210,JPN,Bags,JPY,2026-09-07,556800.00,601300.00,0.0799,increase
6a1faaaab14ac1e744085b5df20b3481,Balenciaga_JPN_5173904GKC41210,5173904GKC41210,JPN,Bags,JPY,2026-09-07,278400.00,300700.00,0.0801,increase
68ac9ba03149b5c9f21e9161dbdde7ca,Balenciaga_JPN_517390TT3LZ1240,517390TT3LZ1240,JPN,Bags,JPY,2026-09-07,453900.00,490200.00,0.0800,increase
ad2ff6ea53d86423b8195ababd0a2c86,Balenciaga_JPN_517390WIAYH5723,517390WIAYH5723,JPN,Bags,JPY,2026-09-07,305800.00,330300.00,0.0801,increase
3b6fe7a5ff9927f5dfd529401499c51d,Balenciaga_JPN_52138621EG84011,52138621EG84011,JPN,Small Leather Goods,JPY,2026-09-07,48600.00,52500.00,0.0802,increase
f4b9913a3e62039aa61ac5fc2d314855,Balenciaga_JPN_5239552AJGA1000,5239552AJGA1000,JPN,Accessories,JPY,2026-09-07,305600.00,330000.00,0.0798,increase
f2db5136ba614defee6dfbcb2541d661,Balenciaga_JPN_523955WJVHN1090,523955WJVHN1090,JPN,Accessories,JPY,2026-09-07,287800.00,310800.00,0.0799,increase
1eec72a691e2115b027836a652c50ec5,Balenciaga_JPN_525528TA3V13258,525528TA3V13258,JPN,Bags,JPY,2026-09-07,518300.00,559800.00,0.0801,increase
d108fbf0d0346f7f255404343ada0242,Balenciaga_JPN_525528TTLY91000,525528TTLY91000,JPN,Bags,JPY,2026-09-07,398300.00,430100.00,0.0798,increase
22156b97ccf64c270c90a85c4aa7baae,Balenciaga_JPN_525528WCDOX3258,525528WCDOX3258,JPN,Bags,JPY,2026-09-07,328300.00,354600.00,0.0801,increase
f1e232b3980f863d48a521cf4936b1a1,Balenciaga_JPN_5265652181K1240,5265652181K1240,JPN,Bags,JPY,2026-09-07,737300.00,796300.00,0.0800,increase
19f7d57aea07d112a69246a970ac042a,Balenciaga_JPN_5265652ABNJ1000,5265652ABNJ1000,JPN,Bags,JPY,2026-09-07,430200.00,464600.00,0.0800,increase
61ae6be5fcfbbd0c876eacd0a6a91ef4,Balenciaga_JPN_5265652ABRG8122,5265652ABRG8122,JPN,Bags,JPY,2026-09-07,571200.00,616900.00,0.0800,increase
b922368547960bce26e93db96d21d0eb,Balenciaga_JPN_52688321KYV1090,52688321KYV1090,JPN,Bags,JPY,2026-09-07,409500.00,442200.00,0.0799,increase
9b9aeff6b689a4751c1cd7d2af4fb991,Balenciaga_JPN_5268832ABFW2533,5268832ABFW2533,JPN,Bags,JPY,2026-09-07,881900.00,952500.00,0.0801,increase
0956896799cd2ce0a8158ca0ff878ae5,Balenciaga_JPN_527313T0VEI2533,527313T0VEI2533,JPN,Small Leather Goods,JPY,2026-09-07,51500.00,55700.00,0.0816,increase
eeb4c209e66518d18ae8f01195ac8b11,Balenciaga_JPN_527313TUOCB4011,527313TUOCB4011,JPN,Small Leather Goods,JPY,2026-09-07,48700.00,52600.00,0.0801,increase
714e9597a26065446712e99e0797a44b,Balenciaga_JPN_527313W5X041000,527313W5X041000,JPN,Small Leather Goods,JPY,2026-09-07,87000.00,94000.00,0.0805,increase
bac554b455f1fadfaad86675f21305f9,Balenciaga_JPN_5286014GP201000,5286014GP201000,JPN,Small Leather Goods,JPY,2026-09-07,48300.00,52100.00,0.0787,increase
e914002f818e0549211999f6e28a84b0,Balenciaga_JPN_529971215991000,529971215991000,JPN,Bags,JPY,2026-09-07,427500.00,461700.00,0.0800,increase
24d31e2afe960468011d27a248673053,Balenciaga_JPN_529971218229000,529971218229000,JPN,Bags,JPY,2026-09-07,260200.00,281000.00,0.0799,increase
52ea390ed331cfc824b15e3409c1c292,Balenciaga_JPN_52997121QBJ4011,52997121QBJ4011,JPN,Bags,JPY,2026-09-07,126100.00,136200.00,0.0801,increase
569dcd546725af71e21266da614169b7,Balenciaga_JPN_5299714GOPH5723,5299714GOPH5723,JPN,Bags,JPY,2026-09-07,544400.00,588000.00,0.0801,increase
5e4c711d0f7b181dbf4150da8a22af00,Balenciaga_JPN_529971TEYU71000,529971TEYU71000,JPN,Bags,JPY,2026-09-07,277100.00,299300.00,0.0801,increase
20748c00e2b2ea2dec541a172da8a73b,Balenciaga_JPN_53089821CU23258,53089821CU23258,JPN,Small Leather Goods,JPY,2026-09-07,44500.00,48000.00,0.0787,increase
dfb4f1571caa307ab667dc78dc9eb8bb,Balenciaga_JPN_5308982ABS69000,5308982ABS69000,JPN,Small Leather Goods,JPY,2026-09-07,55200.00,59600.00,0.0797,increase
9698396a7d46392423e8838a27b7925d,Balenciaga_JPN_5333162APVK1000,5333162APVK1000,JPN,Accessories,JPY,2026-09-07,64700.00,69800.00,0.0788,increase
6ba651c0d0a16652ab18e3d46648f641,Balenciaga_JPN_5333164GXRM5723,5333164GXRM5723,JPN,Accessories,JPY,2026-09-07,83800.00,90500.00,0.0800,increase
c50fef7b3c23c26f4e0689aec55c3d1d,Balenciaga_JPN_533316T75I81084,533316T75I81084,JPN,Accessories,JPY,2026-09-07,133500.00,144200.00,0.0801,increase
459257c18e4af672a07effefdcd75e20,Balenciaga_JPN_533316W69EG1041,533316W69EG1041,JPN,Accessories,JPY,2026-09-07,72800.00,78600.00,0.0797,increase
fc349f4289fbcf8aaaf4723c2b1f7fb9,Balenciaga_JPN_533654213HK1090,533654213HK1090,JPN,Small Leather Goods,JPY,2026-09-07,175500.00,189500.00,0.0798,increase
ea971c315a38efe1eecbfffc2c3f5593,Balenciaga_JPN_53365421G921000,53365421G921000,JPN,Small Leather Goods,JPY,2026-09-07,85200.00,92000.00,0.0798,increase
e29d05ceaf38984888cbebdf1f1a748e,Balenciaga_JPN_533654THV4T1251,533654THV4T1251,JPN,Accessories,JPY,2026-09-07,62700.00,67700.00,0.0797,increase
48b512d583f9fd0baf59b32201e4637d,Balenciaga_JPN_53413121R3X1000,53413121R3X1000,JPN,Bags,JPY,2026-09-07,463100.00,500100.00,0.0799,increase
e8ef692a457f057c1e89fa391e109479,Balenciaga_JPN_5341312AZ5Y1210,5341312AZ5Y1210,JPN,Bags,JPY,2026-09-07,461600.00,498500.00,0.0799,increase
b211708cc1649e10a43c54e77db47ddc,Balenciaga_JPN_5341314GAPT1000,5341314GAPT1000,JPN,Bags,JPY,2026-09-07,644300.00,695900.00,0.0801,increase
15fd3d54941e213dadc8c931b42b7965,Balenciaga_JPN_5341314GI642840,5341314GI642840,JPN,Bags,JPY,2026-09-07,557600.00,602300.00,0.0802,increase
f7181a7fb9c5090f6608858b264628b7,Balenciaga_JPN_534131WS53L2840,534131WS53L2840,JPN,Bags,JPY,2026-09-07,385200.00,416000.00,0.0800,increase
479da369b3e2f0927b8c6dd85606c3bb,Balenciaga_JPN_53659021R122533,53659021R122533,JPN,Bags,JPY,2026-09-07,73100.00,78900.00,0.0793,increase
4096f502e7fb71b90631aa0d5856bff8,Balenciaga_JPN_539788TAQB38122,539788TAQB38122,JPN,Bags,JPY,2026-09-07,262100.00,283000.00,0.0797,increase
9b165a8c32eee105fdf6a099ace6c803,Balenciaga_JPN_539914WQIJ69020,539914WQIJ69020,JPN,Small Leather Goods,JPY,2026-09-07,47600.00,51400.00,0.0798,increase
d638425299b82ac0be21d6ed97d9caf3,Balenciaga_JPN_54096221JKJ5723,54096221JKJ5723,JPN,Small Leather Goods,JPY,2026-09-07,58400.00,63000.00,0.0788,increase
7423e220be4b3f885136a114421bc1b2,Balenciaga_JPN_54096221R8F1000,54096221R8F1000,JPN,Small Leather Goods,JPY,2026-09-07,67600.00,73000.00,0.0799,increase
499c544934df81a8e7933ac0d682b4d5,Balenciaga_JPN_5409624GX4F1000,5409624GX4F1000,JPN,Small Leather Goods,JPY,2026-09-07,191500.00,206800.00,0.0799,increase
b5902b418dfc89599b5a0473a54aaf4c,Balenciaga_JPN_540962T5NE71210,540962T5NE71210,JPN,Small Leather Goods,JPY,2026-09-07,52300.00,56500.00,0.0803,increase
6797efb10707469f9b5d328b32229964,Balenciaga_JPN_540962TTG124200,540962TTG124200,JPN,Small Leather Goods,JPY,2026-09-07,50200.00,54200.00,0.0797,increase
955e3e8fb3f9406b5ee292bec8308533,Balenciaga_JPN_540962WD2T71251,540962WD2T71251,JPN,Small Leather Goods,JPY,2026-09-07,162800.00,175900.00,0.0805,increase
d7093e586fb6ff8188fe8ae710664b55,Balenciaga_JPN_54300421W5L1000,54300421W5L1000,JPN,Accessories,JPY,2026-09-07,41300.00,46100.00,0.1162,increase
2c3627389de36ceabc5b7f7cf8443931,Balenciaga_JPN_5433214G4QH1240,5433214G4QH1240,JPN,Bags,JPY,2026-09-07,273700.00,295600.00,0.0800,increase
872e53a76c6d388a2f0b10dc48a0464a,Balenciaga_JPN_543321TT8F11000,543321TT8F11000,JPN,Bags,JPY,2026-09-07,442400.00,477800.00,0.0800,increase
6ea50290b471f3982ed4ee88730163ec,Balenciaga_JPN_543321TTJN28122,543321TTJN28122,JPN,Bags,JPY,2026-09-07,466300.00,503600.00,0.0800,increase
af0e32680b3a991897d6609cfda15c8f,Balenciaga_JPN_543321W65TT1000,543321W65TT1000,JPN,Bags,JPY,2026-09-07,298600.00,322500.00,0.0800,increase
3a663cac21b4519ac5fcb68e892e7f29,Balenciaga_JPN_543321WALW40911,543321WALW40911,JPN,Bags,JPY,2026-09-07,805100.00,869500.00,0.0800,increase
e54e5e8734b6b231979272c353391dc4,Balenciaga_JPN_54493221SAD1000,54493221SAD1000,JPN,Bags,JPY,2026-09-07,221300.00,239000.00,0.0800,increase
d9bc556ff5803ebc3a2068f152caa462,Balenciaga_JPN_5449322AYZX0911,5449322AYZX0911,JPN,Bags,JPY,2026-09-07,368300.00,397800.00,0.0801,increase
24d754305afabdc50329a3c8cb1642c4,Balenciaga_JPN_5449324G4HJ0926,5449324G4HJ0926,JPN,Bags,JPY,2026-09-07,152600.00,164800.00,0.0799,increase
2f9f163d50fb56b1adaab8bfd5d2762b,Balenciaga_JPN_5449324GQLA8065,5449324GQLA8065,JPN,Bags,JPY,2026-09-07,337600.00,364600.00,0.0800,increase
43ecef34332ab75eda6b8c1f1e977162,Balenciaga_JPN_5449324GWV24011,5449324GWV24011,JPN,Bags,JPY,2026-09-07,489500.00,528700.00,0.0801,increase
271dc5f0473e5e7ab50196aa9d270e21,Balenciaga_JPN_544932W60MX2840,544932W60MX2840,JPN,Bags,JPY,2026-09-07,278800.00,301100.00,0.0800,increase
8455c608569df0b54aa00c083487cc67,Balenciaga_JPN_546998213YO9104,546998213YO9104,JPN,Bags,JPY,2026-09-07,63500.00,68600.00,0.0803,increase
deb066731c9ec64882825cde9e1a0be4,Balenciaga_JPN_5482214GQV51000,5482214GQV51000,JPN,Bags,JPY,2026-09-07,401400.00,433500.00,0.0800,increase
505afd567992da24aadd26b77f19bc3e,Balenciaga_JPN_5505264G0059002,5505264G0059002,JPN,Bags,JPY,2026-09-07,189600.00,204700.00,0.0796,increase
f90bbc230ff432386dc00d67179850ee,Balenciaga_JPN_552358T6AME4011,552358T6AME4011,JPN,Bags,JPY,2026-09-07,383200.00,413800.00,0.0799,increase
f45e31594f8f7dd239861498e47119da,Balenciaga_JPN_553957TBSVE4200,553957TBSVE4200,JPN,Small Leather Goods,JPY,2026-09-07,72800.00,78700.00,0.0810,increase
d85261e4787e231685dbe53446ce36c8,Balenciaga_JPN_553957WO6SQ1251,553957WO6SQ1251,JPN,Small Leather Goods,JPY,2026-09-07,65200.00,70500.00,0.0813,increase
6dfb8bd6e6a486080b7bc257b30cffc1,Balenciaga_JPN_55430321CYU1240,55430321CYU1240,JPN,Bags,JPY,2026-09-07,351200.00,379300.00,0.0800,increase
253c7803aef1e0d2fce9bb36bb1ed17f,Balenciaga_JPN_5543034GFF51000,5543034GFF51000,JPN,Bags,JPY,2026-09-07,715800.00,773100.00,0.0801,increase
1ff571ec204aedf130596c4e1b519af0,Balenciaga_JPN_554303TCULN5723,554303TCULN5723,JPN,Bags,JPY,2026-09-07,262600.00,283600.00,0.0800,increase
5d21d8f6cb7a183ee5ee690ba6597d63,Balenciaga_JPN_554303WHAQI0926,554303WHAQI0926,JPN,Bags,JPY,2026-09-07,383900.00,414600.00,0.0800,increase
89b5554eae10f643e3986bbc56527421,Balenciaga_JPN_558209TUR5X2840,558209TUR5X2840,JPN,Small Leather Goods,JPY,2026-09-07,47600.00,51400.00,0.0798,increase
756abbb5bfb3ade27c3c17f77134ac45,Balenciaga_JPN_558209WQ28U8122,558209WQ28U8122,JPN,Small Leather Goods,JPY,2026-09-07,93400.00,100800.00,0.0792,increase
342392c22b6570ba7f70779aa8039028,Balenciaga_JPN_560831T8TK91000,560831T8TK91000,JPN,Bags,JPY,2026-09-07,310500.00,335400.00,0.0802,increase
4aa486989b0e4542caa429663a278a73,Balenciaga_JPN_560831TT4RI5723,560831TT4RI5723,JPN,Bags,JPY,2026-09-07,256600.00,277100.00,0.0799,increase
9afec9759aa1c99278dfe628fc7d6acb,Balenciaga_JPN_5628362AZUH1000,5628362AZUH1000,JPN,Bags,JPY,2026-09-07,659200.00,712000.00,0.0801,increase
88b607e7a876f300db372fa977edcf3e,Balenciaga_JPN_5628364GG1K4011,5628364GG1K4011,JPN,Bags,JPY,2026-09-07,485600.00,524400.00,0.0799,increase
7904841c64a0075b58703a8e6a1ef4ef,Balenciaga_JPN_562836TTSKW3258,562836TTSKW3258,JPN,Bags,JPY,2026-09-07,291300.00,314600.00,0.0800,increase
9685c7b1e301ed107aa0facdcc40d246,Balenciaga_JPN_562836TXYUY1210,562836TXYUY1210,JPN,Bags,JPY,2026-09-07,529600.00,572000.00,0.0801,increase
f900189d3d06a81eae5524677ff946e5,Balenciaga_JPN_5678242AIHF1000,5678242AIHF1000,JPN,Bags,JPY,2026-09-07,530200.00,572600.00,0.0800,increase
d6567762b52b20a753aee13a3580206d,Balenciaga_JPN_567824WUMAJ8065,567824WUMAJ8065,JPN,Bags,JPY,2026-09-07,482200.00,520800.00,0.0800,increase
0826dca51bbc1a4acb6ab3bc26cff7e0,Balenciaga_JPN_57372021BEH1000,57372021BEH1000,JPN,Bags,JPY,2026-09-07,443800.00,479300.00,0.0800,increase
ea13dc4ac82dd0b7dfa2ccb7fd3ba2f3,Balenciaga_JPN_5737202ABMI9020,5737202ABMI9020,JPN,Bags,JPY,2026-09-07,663200.00,716300.00,0.0801,increase
7719e394ae0b09b5c921b345f92e98e7,Balenciaga_JPN_5737202AWYK1000,5737202AWYK1000,JPN,Bags,JPY,2026-09-07,331900.00,358500.00,0.0801,increase
43d2b0f12d687116639b5c4bbd38f493,Balenciaga_JPN_573720WMG5U3258,573720WMG5U3258,JPN,Bags,JPY,2026-09-07,377400.00,407600.00,0.0800,increase
df3e73a63b5627e0efeea389e536e0c2,Balenciaga_JPN_5851324GHQ51090,5851324GHQ51090,JPN,Bags,JPY,2026-09-07,211900.00,228800.00,0.0798,increase
1f14d11de6777fcde1474a7290ac9604,Balenciaga_JPN_585132TTBXP1090,585132TTBXP1090,JPN,Bags,JPY,2026-09-07,454500.00,490900.00,0.0801,increase
6e8b0872939bc6d59692357cf8b3ca51,Balenciaga_JPN_585609216ZI1210,585609216ZI1210,JPN,Bags,JPY,2026-09-07,84700.00,91400.00,0.0791,increase
deb5158ea63cb22ca465a66a6f3fbd02,Balenciaga_JPN_5856092AB8R1000,5856092AB8R1000,JPN,Bags,JPY,2026-09-07,363700.00,392800.00,0.0800,increase
3263aa4ba509390c0722866772fa690e,Balenciaga_JPN_5861342A5ZF2533,5861342A5ZF2533,JPN,Bags,JPY,2026-09-07,503600.00,543900.00,0.0800,increase
9f10ce7003080b7af8828be4d4ece78f,Balenciaga_JPN_5861342ABDK1000,5861342ABDK1000,JPN,Bags,JPY,2026-09-07,507400.00,548000.00,0.0800,increase
cb11ce1e1a64c520a725e2b051a71a2c,Balenciaga_JPN_586134THIHP4200,586134THIHP4200,JPN,Bags,JPY,2026-09-07,482000.00,520600.00,0.0801,increase
8c5aea0873a1b653139d91c9935e30a1,Balenciaga_JPN_5861462ABI32533,5861462ABI32533,JPN,Bags,JPY,2026-09-07,401100.00,433200.00,0.0800,increase
a7b66aa2b1acc45c37ac145582f5a8d9,Balenciaga_JPN_586146TO7IY1210,586146TO7IY1210,JPN,Bags,JPY,2026-09-07,404200.00,436600.00,0.0802,increase
8141591c3d5f42806abed226d28db1ec,Balenciaga_JPN_586146TRVHI2533,586146TRVHI2533,JPN,Bags,JPY,2026-09-07,454000.00,490300.00,0.0800,increase
c0f89e623edbe1a93bfdb28d8c765f2c,Balenciaga_JPN_586146TT9QA8065,586146TT9QA8065,JPN,Bags,JPY,2026-09-07,450400.00,486400.00,0.0799,increase
0388a2ac28cdaaea240214db8a04bb7f,Balenciaga_JPN_586146TTWU21240,586146TTWU21240,JPN,Bags,JPY,2026-09-07,402800.00,435000.00,0.0799,increase
0aefb0eb654d7ecbdb82b993c174595f,Balenciaga_JPN_586146WBD2S8122,586146WBD2S8122,JPN,Bags,JPY,2026-09-07,322700.00,348600.00,0.0803,increase
1f946eb38a6d6645603ccb94b46c6a4c,Balenciaga_JPN_5898034GZAD1000,5898034GZAD1000,JPN,Bags,JPY,2026-09-07,481100.00,519600.00,0.0800,increase
5d143c1c2ff9c9147947b61b6b7f54cb,Balenciaga_JPN_589803TTLSW4011,589803TTLSW4011,JPN,Bags,JPY,2026-09-07,331200.00,357700.00,0.0800,increase
3f14e267adec69277d8e63b1ab68c300,Balenciaga_JPN_5919172AZ1O5723,5919172AZ1O5723,JPN,Small Leather Goods,JPY,2026-09-07,48800.00,52700.00,0.0799,increase
9d1eee2ac7dba99bb9b8cedae4b8f369,Balenciaga_JPN_5919174GT0G9000,5919174GT0G9000,JPN,Small Leather Goods,JPY,2026-09-07,80800.00,87300.00,0.0804,increase
89b01647a192d0d1f0a6654baaf71661,Balenciaga_JPN_591917W3LVJ1000,591917W3LVJ1000,JPN,Small Leather Goods,JPY,2026-09-07,89000.00,96100.00,0.0798,increase
2c5d2d297aadfe9b0c71131686cdec97,Balenciaga_JPN_596501218XT4200,596501218XT4200,JPN,Bags,JPY,2026-09-07,488200.00,527200.00,0.0799,increase
0c7041b718ff56c4e74715d15c195c6e,Balenciaga_JPN_59650121J5P2533,59650121J5P2533,JPN,Bags,JPY,2026-09-07,482700.00,521300.00,0.0800,increase
e0f72686d7e660a64588efd4147c24e1,Balenciaga_JPN_596501TY52T1000,596501TY52T1000,JPN,Bags,JPY,2026-09-07,394400.00,425900.00,0.0799,increase
179645acd4956db4bcfeea0a7c98494f,Balenciaga_JPN_596501W8PY42840,596501W8PY42840,JPN,Bags,JPY,2026-09-07,377000.00,407100.00,0.0798,increase
d76f7e814e4b2720a5ee665721c8f247,Balenciaga_JPN_600325214860911,600325214860911,JPN,Bags,JPY,2026-09-07,304700.00,329100.00,0.0801,increase
4d9898f225b149c552d95b4de05f65b1,Balenciaga_JPN_6003254G0R28122,6003254G0R28122,JPN,Bags,JPY,2026-09-07,298700.00,322600.00,0.0800,increase
7d4eb7cb06917b40e63a64b23b147067,Balenciaga_JPN_600325TT4SF1000,600325TT4SF1000,JPN,Bags,JPY,2026-09-07,451500.00,487600.00,0.0800,increase
64c8ce51e1d5c36b29062b0e6c2a03eb,Balenciaga_JPN_6039712AHBR3258,6039712AHBR3258,JPN,Bags,JPY,2026-09-07,452700.00,488900.00,0.0800,increase
9a5c9606d8ba7f25c55e188e5e716a08,Balenciaga_JPN_6039714G6ZW1090,6039714G6ZW1090,JPN,Bags,JPY,2026-09-07,1621600.00,1751300.00,0.0800,increase
f14801d9e87a60405f3f372a32ad17f1,Balenciaga_JPN_604342219829104,604342219829104,JPN,Accessories,JPY,2026-09-07,304100.00,328400.00,0.0799,increase
0d54abc7790aaf8990f2286932b0eea6,Balenciaga_JPN_6043422ABBQ0911,6043422ABBQ0911,JPN,Accessories,JPY,2026-09-07,273500.00,295400.00,0.0801,increase
052845ef4052c4b5b1e9e5ee23e65b17,Balenciaga_JPN_6043424G58X9000,6043424G58X9000,JPN,Accessories,JPY,2026-09-07,682800.00,737400.00,0.0800,increase
f60b41749c1f9ac5a8398f432da8da0e,Balenciaga_JPN_604342TN9E49000,604342TN9E49000,JPN,Accessories,JPY,2026-09-07,358500.00,387200.00,0.0801,increase
80705b1fbd6a29fcc56f9be3dc2d2a3e,Balenciaga_JPN_605291218ME1000,605291218ME1000,JPN,Small Leather Goods,JPY,2026-09-07,62200.00,67100.00,0.0788,increase
649490859b707d0414d9ba405ec7201a,Balenciaga_JPN_6052912ABSR1210,6052912ABSR1210,JPN,Small Leather Goods,JPY,2026-09-07,68500.00,74000.00,0.0803,increase
54381db598407682ed48b99cd0327946,Balenciaga_JPN_6067874GSEE1084,6067874GSEE1084,JPN,Bags,JPY,2026-09-07,435500.00,470300.00,0.0799,increase
95fa3cbcfe05696f9dc0acd3f660931c,Balenciaga_JPN_606787WJ1DK1251,606787WJ1DK1251,JPN,Bags,JPY,2026-09-07,357200.00,385700.00,0.0798,increase
2bc5c24011b4b825137a9bdf94b71df4,Balenciaga_JPN_6068722A74C0911,6068722A74C0911,JPN,Small Leather Goods,JPY,2026-09-07,73700.00,79600.00,0.0801,increase
d738ec4d9a8b7fb0e4fbfd42f8c64022,Balenciaga_JPN_606872TJ2VY9000,606872TJ2VY9000,JPN,Bags,JPY,2026-09-07,133900.00,144600.00,0.0799,increase
e10560e7757d28b5162266304dac31de,Balenciaga_JPN_606872TTD4I1000,606872TTD4I1000,JPN,Small Leather Goods,JPY,2026-09-07,90900.00,98200.00,0.0803,increase
14267ea54621470a58e775609874febc,Balenciaga_JPN_606872WCITL8065,606872WCITL8065,JPN,Accessories,JPY,2026-09-07,49000.00,52900.00,0.0796,increase
ce79db2520d27107b7f3ac27603e8dc0,Balenciaga_JPN_6081552A3911090,6081552A3911090,JPN,Bags,JPY,2026-09-07,121700.00,131400.00,0.0797,increase
0eda342279a2c3acba55d61bb4d6c9e0,Balenciaga_JPN_6090452AB6B0926,6090452AB6B0926,JPN,Small Leather Goods,JPY,2026-09-07,65200.00,70400.00,0.0798,increase
d698aca01d690b34395e8fb9c288c0e8,Balenciaga_JPN_6090454GFZ40926,6090454GFZ40926,JPN,Small Leather Goods,JPY,2026-09-07,159900.00,172700.00,0.0801,increase
a26aa312f610a432f4cec3927e043012,Balenciaga_JPN_60976421CA79000,60976421CA79000,JPN,Accessories,JPY,2026-09-07,128200.00,138400.00,0.0796,increase
0d5b6aabccb814b90144a80b5f9d7a63,Balenciaga_JPN_6097644GYE99104,6097644GYE99104,JPN,Accessories,JPY,2026-09-07,68200.00,73600.00,0.0792,increase
339019db6e4997c0dd9c945a8d1d7481,Balenciaga_JPN_609764W580V9002,609764W580V9002,JPN,Accessories,JPY,2026-09-07,82200.00,88800.00,0.0803,increase
51210fa7ce91a7fe2b608f2a0990bf92,Balenciaga_JPN_6106004GZJF9104,6106004GZJF9104,JPN,Bags,JPY,2026-09-07,261700.00,282700.00,0.0802,increase
6ef63215d0c1cc04901ff5f3a7d608bd,Balenciaga_JPN_6115974G4912308,6115974G4912308,JPN,Bags,JPY,2026-09-07,178500.00,192700.00,0.0796,increase
7fd96cac26dc823fc6694d713ba4748b,Balenciaga_JPN_614404TT16Q1251,614404TT16Q1251,JPN,Bags,JPY,2026-09-07,438100.00,473100.00,0.0799,increase
971055932ed2aa5fd2ce3bd11be291b9,Balenciaga_JPN_615434215P10926,615434215P10926,JPN,Bags,JPY,2026-09-07,742600.00,802000.00,0.0800,increase
da92659bc7a3d93262efd1417b134fd0,Balenciaga_JPN_6154342AB0Q2533,6154342AB0Q2533,JPN,Bags,JPY,2026-09-07,449600.00,485600.00,0.0801,increase
095ad55c517c55167d239bad5fb2c4d4,Balenciaga_JPN_6154342AFAB4011,6154342AFAB4011,JPN,Bags,JPY,2026-09-07,363700.00,392800.00,0.0800,increase
e1b3dfb1c014e64cefefc93d8939e997,Balenciaga_JPN_6154344GBXM0926,6154344GBXM0926,JPN,Bags,JPY,2026-09-07,397600.00,429400.00,0.0800,increase
2023e56081c48c6ebc22aa861fbfcb71,Balenciaga_JPN_6154344GF5T2308,6154344GF5T2308,JPN,Bags,JPY,2026-09-07,315800.00,341000.00,0.0798,increase
c7bf148c86c85b30e64e66a273d2ad78,Balenciaga_JPN_61818021PJ51090,61818021PJ51090,JPN,Accessories,JPY,2026-09-07,48600.00,52500.00,0.0802,increase
0594f33a26953bd20ba2ab450b611447,Balenciaga_JPN_6181802A8GI8065,6181802A8GI8065,JPN,Accessories,JPY,2026-09-07,248000.00,267800.00,0.0798,increase
d17c5f21a539528522f0a51627a62046,Balenciaga_JPN_6181802ABRM1084,6181802ABRM1084,JPN,Accessories,JPY,2026-09-07,239000.00,258100.00,0.0799,increase
b7b9d6e662298e4c31fc3a8e82879843,Balenciaga_JPN_618809TH1H49020,618809TH1H49020,JPN,Small Leather Goods,JPY,2026-09-07,240700.00,259900.00,0.0798,increase
ed921c67d95a462bf693a1869f532c2f,Balenciaga_JPN_618809WDY7T2840,618809WDY7T2840,JPN,Small Leather Goods,JPY,2026-09-07,658400.00,711100.00,0.0800,increase
ea56d1397d7bc60c8e675362eb00c9ac,Balenciaga_JPN_6197992ABGI2840,6197992ABGI2840,JPN,Small Leather Goods,JPY,2026-09-07,45200.00,48800.00,0.0796,increase
547e31c62ad3681a5d1f03c0bf69585e,Balenciaga_JPN_6200252AB6C2840,6200252AB6C2840,JPN,Bags,JPY,2026-09-07,374000.00,403900.00,0.0799,increase
3909d76f3aac8908fd1bba68bd8e196f,Balenciaga_JPN_620025TTOCR3258,620025TTOCR3258,JPN,Bags,JPY,2026-09-07,475200.00,513200.00,0.0800,increase
57051339e75cde1dcc3486b265485a71,Balenciaga_JPN_6206382A28F2533,6206382A28F2533,JPN,Bags,JPY,2026-09-07,498600.00,538500.00,0.0800,increase
4638e8951090d98f9567615bc6d33209,Balenciaga_JPN_62422121YB51240,62422121YB51240,JPN,Bags,JPY,2026-09-07,88700.00,95800.00,0.0800,increase
f03b0b7eb194195b20d18515d90199a2,Balenciaga_JPN_624221TTQWM8065,624221TTQWM8065,JPN,Bags,JPY,2026-09-07,89000.00,96100.00,0.0798,increase
41440bfedff4203bce9da13c890c3153,Balenciaga_JPN_624221WD4EL9020,624221WD4EL9020,JPN,Bags,JPY,2026-09-07,190900.00,206200.00,0.0801,increase
22d617d97d863143aaf1435f176783ef,Balenciaga_JPN_627903TTOKK2840,627903TTOKK2840,JPN,Bags,JPY,2026-09-07,63600.00,68600.00,0.0786,increase
e59aa07a2859a1586657dff7ad937625,Balenciaga_JPN_6305072110B1041,6305072110B1041,JPN,Bags,JPY,2026-09-07,636600.00,687500.00,0.0800,increase
9c0c5a95d41478dffee634b861c2320b,Balenciaga_JPN_63050721WLN1251,63050721WLN1251,JPN,Bags,JPY,2026-09-07,302400.00,326600.00,0.0800,increase
acbf23b50eea57d1444a05a31504c838,Balenciaga_JPN_630507TTWFZ1240,630507TTWFZ1240,JPN,Bags,JPY,2026-09-07,536500.00,579500.00,0.0801,increase
af042f7943a546e4c4e3a75f84b136de,Balenciaga_JPN_630507WVDSS9002,630507WVDSS9002,JPN,Bags,JPY,2026-09-07,515600.00,556800.00,0.0799,increase
64eeb3cf0344fb56c286e39b12f642fa,Balenciaga_JPN_630507WZAMO2533,630507WZAMO2533,JPN,Bags,JPY,2026-09-07,701700.00,757900.00,0.0801,increase
05bdd170e9f1451ca8fb1aa6be3c48c6,Balenciaga_JPN_6319002AAW31090,6319002AAW31090,JPN,Bags,JPY,2026-09-07,352300.00,380500.00,0.0800,increase
a272d68ae67955a011e36b73fdcf4ae6,Balenciaga_JPN_6319002ABTX1000,6319002ABTX1000,JPN,Bags,JPY,2026-09-07,490700.00,529900.00,0.0799,increase
797026f5830d1551176f09eebc8c8992,Balenciaga_JPN_6319002AWRE9104,6319002AWRE9104,JPN,Bags,JPY,2026-09-07,459500.00,496300.00,0.0801,increase
22c8c9fcbd95eb61f418670b5a612d32,Balenciaga_JPN_6319004GBUF5723,6319004GBUF5723,JPN,Bags,JPY,2026-09-07,476900.00,515100.00,0.0801,increase
76c8e258fc560400eb1bca9f5bb7f87f,Balenciaga_JPN_631900TT6TA9000,631900TT6TA9000,JPN,Bags,JPY,2026-09-07,376000.00,406100.00,0.0801,increase
346adbfb34f5d0ca1716250ec3374cc8,Balenciaga_JPN_631900TTHUH1000,631900TTHUH1000,JPN,Bags,JPY,2026-09-07,393400.00,424900.00,0.0801,increase
0214e1118f14a56f1453f9418b215e36,Balenciaga_JPN_631900TTM6O1000,631900TTM6O1000,JPN,Bags,JPY,2026-09-07,487700.00,526700.00,0.0800,increase
e334a0aa78c60eb56e21323d6590b8ea,Balenciaga_JPN_631900WDUX21090,631900WDUX21090,JPN,Bags,JPY,2026-09-07,540400.00,583700.00,0.0801,increase
d2caaaaca36841d852d5749e785571a6,Balenciaga_JPN_631900WFXVH1000,631900WFXVH1000,JPN,Bags,JPY,2026-09-07,395500.00,427200.00,0.0802,increase
7649419d05e8c605a69df5e54d7ef538,Balenciaga_JPN_63238321K5N1090,63238321K5N1090,JPN,Small Leather Goods,JPY,2026-09-07,627300.00,677500.00,0.0800,increase
5352b3f9d7bb0398bee5a22bccf84185,Balenciaga_JPN_6341232ABT41041,6341232ABT41041,JPN,Bags,JPY,2026-09-07,199700.00,215700.00,0.0801,increase
cd4822902f96fd7c30081bc2c11e82b1,Balenciaga_JPN_634123TF2SO0911,634123TF2SO0911,JPN,Bags,JPY,2026-09-07,261300.00,282200.00,0.0800,increase
6e6bc5b0559532c10601536036e76448,Balenciaga_JPN_634123TTEWD5723,634123TTEWD5723,JPN,Bags,JPY,2026-09-07,511300.00,552200.00,0.0800,increase
bfb2f73cc514e91d8f34b7f5ef0c6a75,Balenciaga_JPN_639916T3NGA1000,639916T3NGA1000,JPN,Small Leather Goods,JPY,2026-09-07,303800.00,328100.00,0.0800,increase
2393eb5bb0b7eaf2449b978d8640a2ca,Balenciaga_JPN_6416162ABYP9002,6416162ABYP9002,JPN,Bags,JPY,2026-09-07,218100.00,235500.00,0.0798,increase
33b367cfe6487e250d661df878b85ab1,Balenciaga_JPN_648227WHLJF3258,648227WHLJF3258,JPN,Bags,JPY,2026-09-07,508600.00,549300.00,0.0800,increase
63df7964cb10e7ae2d02f038b8dc5655,Balenciaga_JPN_65021421L5I4200,65021421L5I4200,JPN,Small Leather Goods,JPY,2026-09-07,65900.00,71200.00,0.0804,increase
8869b18d12fbd479e6ff71ee74d50463,Balenciaga_JPN_6582622A6FA9020,6582622A6FA9020,JPN,Bags,JPY,2026-09-07,266700.00,288100.00,0.0802,increase
61fe65d072f36e33737302a5a0b2c582,Balenciaga_JPN_658262W7ZM61090,658262W7ZM61090,JPN,Bags,JPY,2026-09-07,69300.00,74800.00,0.0794,increase
bed6dc0927782d1673b5fd662e84551b,Balenciaga_JPN_6595782AB1G2533,6595782AB1G2533,JPN,Bags,JPY,2026-09-07,48400.00,52300.00,0.0806,increase
43828134591c2c73ba51ab9287477981,Balenciaga_JPN_664769WDPAE8065,664769WDPAE8065,JPN,Bags,JPY,2026-09-07,351200.00,379300.00,0.0800,increase
08d1016e028362df233385e794a5b7df,Balenciaga_JPN_6661592ABB71000,6661592ABB71000,JPN,Small Leather Goods,JPY,2026-09-07,141200.00,152500.00,0.0800,increase
ee7219778f481659912991d5657c48d2,Balenciaga_JPN_666159TT9KL9000,666159TT9KL9000,JPN,Small Leather Goods,JPY,2026-09-07,46500.00,50200.00,0.0796,increase
7e248d33b6080ea2195575e6332577d3,Balenciaga_JPN_668213WBX4D2533,668213WBX4D2533,JPN,Bags,JPY,2026-09-07,461000.00,497900.00,0.0800,increase
3d97de49e397b6a277018e4ffcc0aece,Balenciaga_JPN_668213WIM2Q0911,668213WIM2Q0911,JPN,Bags,JPY,2026-09-07,416800.00,450100.00,0.0799,increase
a987d864ea183ef3917df66f6e20ed53,Balenciaga_JPN_6703942ADO60911,6703942ADO60911,JPN,Small Leather Goods,JPY,2026-09-07,64100.00,69300.00,0.0811,increase
a545eb8cc039aefaec6a1f618acd33c8,Balenciaga_JPN_6703942AJWP9002,6703942AJWP9002,JPN,Small Leather Goods,JPY,2026-09-07,46900.00,50600.00,0.0789,increase
75c956647cedaef17f813513aa8bbe00,Balenciaga_JPN_6703944GWYS4200,6703944GWYS4200,JPN,Small Leather Goods,JPY,2026-09-07,58700.00,63300.00,0.0784,increase
765264bb7dbf5b04c19c35160492c445,Balenciaga_JPN_6704764GD9W5723,6704764GD9W5723,JPN,Bags,JPY,2026-09-07,71000.00,76700.00,0.0803,increase
34c41b776148588dcaf905acf9ab7a37,Balenciaga_JPN_673470TS1LV2533,673470TS1LV2533,JPN,Accessories,JPY,2026-09-07,48600.00,52500.00,0.0802,increase
3fb32caffdcda019d17e9fefa9bdece8,Balenciaga_JPN_67679221VL61210,67679221VL61210,JPN,Bags,JPY,2026-09-07,404500.00,436900.00,0.0801,increase
c979cbe3d15a9f3dc35207935e75a59c,Balenciaga_JPN_6767922AB4K1090,6767922AB4K1090,JPN,Bags,JPY,2026-09-07,275700.00,297800.00,0.0802,increase
5a46f8c8f836fd67587f0871cbbce1e0,Balenciaga_JPN_6767922APFE1000,6767922APFE1000,JPN,Bags,JPY,2026-09-07,353100.00,381400.00,0.0801,increase
0bd99ee8ee4dd175aa4922aa7da4dec8,Balenciaga_JPN_676820WGNH62533,676820WGNH62533,JPN,Bags,JPY,2026-09-07,384000.00,414700.00,0.0799,increase
5b4230504a2fd326e54f1e30be24e133,Balenciaga_JPN_6778232A4ZU9020,6778232A4ZU9020,JPN,Bags,JPY,2026-09-07,415000.00,448200.00,0.0800,increase
248857e6b5c270f83bcb27d0a9cd1dab,Balenciaga_JPN_6778234GNKV1000,6778234GNKV1000,JPN,Bags,JPY,2026-09-07,333800.00,360500.00,0.0800,increase
75eb41c8bff35f7b7ba35f2e16446d18,Balenciaga_JPN_677823TPXBN1090,677823TPXBN1090,JPN,Bags,JPY,2026-09-07,530100.00,572500.00,0.0800,increase
6cb0639791f353c03d0d3ff5f1b462af,Balenciaga_JPN_6786802AEJ81000,6786802AEJ81000,JPN,Small Leather Goods,JPY,2026-09-07,370200.00,399800.00,0.0800,increase
9920e14e0533f48a4e70f3a85ff6c7b5,Balenciaga_JPN_6869382ABCP0911,6869382ABCP0911,JPN,Bags,JPY,2026-09-07,436800.00,471700.00,0.0799,increase
635090228ac936e71250d5f1df3686d6,Balenciaga_JPN_687101TK1EY1000,687101TK1EY1000,JPN,Bags,JPY,2026-09-07,510100.00,550900.00,0.0800,increase
e928859e82d18a2ecbcdc13443cb8080,Balenciaga_JPN_687101TTS681000,687101TTS681000,JPN,Bags,JPY,2026-09-07,339900.00,367100.00,0.0800,increase
404db06afd549314cd72352899ed2284,Balenciaga_JPN_6873682AB3L1000,6873682AB3L1000,JPN,Bags,JPY,2026-09-07,649700.00,701700.00,0.0800,increase
56445188ae60a22354d500a671286095,Balenciaga_JPN_6873682ABYE2308,6873682ABYE2308,JPN,Bags,JPY,2026-09-07,513500.00,554600.00,0.0800,increase
9e0d7620422f9babb8ba64c920a4b340,Balenciaga_JPN_687755TT6SC1090,687755TT6SC1090,JPN,Small Leather Goods,JPY,2026-09-07,101000.00,109100.00,0.0802,increase
bc660f981bc09b0784a09c5fae4bc85a,Balenciaga_JPN_687755WZQV70926,687755WZQV70926,JPN,Small Leather Goods,JPY,2026-09-07,80500.00,86900.00,0.0795,increase
fa12c2872225ab777837fa937187ab89,Balenciaga_JPN_690455WM0LO0926,690455WM0LO0926,JPN,Small Leather Goods,JPY,2026-09-07,145400.00,157100.00,0.0805,increase
966f7b60fbaa43094862ec1f4b539117,Balenciaga_JPN_690455WV5SI9002,690455WV5SI9002,JPN,Small Leather Goods,JPY,2026-09-07,190500.00,205700.00,0.0798,increase
94272b672fef9465cd16e4afc9ef334b,Balenciaga_JPN_698478T6LAH9020,698478T6LAH9020,JPN,Bags,JPY,2026-09-07,646100.00,697700.00,0.0799,increase
4e07c3830ae9efe638b46284c0fb8db9,Balenciaga_JPN_698478TK52K4200,698478TK52K4200,JPN,Bags,JPY,2026-09-07,129800.00,140100.00,0.0794,increase
edb5e4d64ab67a6e5a20028b1511d134,Balenciaga_JPN_698478WAG0O0911,698478WAG0O0911,JPN,Bags,JPY,2026-09-07,136500.00,147500.00,0.0806,increase
1b4c330bac6319f01b24cd6f1846484f,Balenciaga_JPN_706014TT5D61000,706014TT5D61000,JPN,Bags,JPY,2026-09-07,82000.00,88600.00,0.0805,increase
c23a7e58276b295e784a5f84868c5e04,Balenciaga_JPN_706014TTHIA8065,706014TTHIA8065,JPN,Bags,JPY,2026-09-07,80200.00,86600.00,0.0798,increase
03e61b48c919f0aa139244d78d6ad60f,Balenciaga_JPN_706014TV8UH1084,706014TV8UH1084,JPN,Bags,JPY,2026-09-07,125600.00,135700.00,0.0804,increase
2742cc554ac49e044dfa33340732980b,Balenciaga_JPN_7066122A50P3258,7066122A50P3258,JPN,Small Leather Goods,JPY,2026-09-07,183200.00,197900.00,0.0802,increase
3a8cda17c8a96e2a3ca2dca7afd12124,Balenciaga_JPN_7066122AB3X1000,7066122AB3X1000,JPN,Small Leather Goods,JPY,2026-09-07,170800.00,184500.00,0.0802,increase
db2e2b813cf5742f345a0feb02852096,Balenciaga_JPN_7066122AY6L8065,7066122AY6L8065,JPN,Small Leather Goods,JPY,2026-09-07,359100.00,387900.00,0.0802,increase
83c8664a38a0256539b97fb9b66e2247,Balenciaga_JPN_706612TTDZG0926,706612TTDZG0926,JPN,Small Leather Goods,JPY,2026-09-07,122900.00,132800.00,0.0806,increase
53047e0d2b3f709ca2da0fc6683b318f,Balenciaga_JPN_706612WBFE11090,706612WBFE11090,JPN,Small Leather Goods,JPY,2026-09-07,48100.00,52000.00,0.0811,increase
c870cd5ac5078de97d907aa2a473f3fa,Balenciaga_JPN_7089882AB993258,7089882AB993258,JPN,Small Leather Goods,JPY,2026-09-07,94800.00,102400.00,0.0802,increase
f50da83d1523842c394bf2b6eb239c82,Balenciaga_JPN_7089882ABJZ1251,7089882ABJZ1251,JPN,Small Leather Goods,JPY,2026-09-07,123100.00,132900.00,0.0796,increase
a8924fd2638c72fa93ed53b3ed8f2033,Balenciaga_JPN_71088921W3O1240,71088921W3O1240,JPN,Small Leather Goods,JPY,2026-09-07,89100.00,96300.00,0.0808,increase
3428daa7370514ebfb69535f00dc3dc3,Balenciaga_JPN_7108894GUHQ1000,7108894GUHQ1000,JPN,Small Leather Goods,JPY,2026-09-07,89800.00,97000.00,0.0802,increase
032c4bc95e5d183380ef9f4865517378,Balenciaga_JPN_711160WE21T1240,711160WE21T1240,JPN,Small Leather Goods,JPY,2026-09-07,49900.00,53900.00,0.0802,increase
db6429203bda7b31c4dabb258bd56198,Balenciaga_JPN_711160WOZ6M4011,711160WOZ6M4011,JPN,Small Leather Goods,JPY,2026-09-07,66000.00,71300.00,0.0803,increase
7bd3a6bd8abf323279e35073d5633c76,Balenciaga_JPN_7134902AB1H4200,7134902AB1H4200,JPN,Bags,JPY,2026-09-07,523500.00,565400.00,0.0800,increase
4c2e07104adecd587e8ead4efef6f702,Balenciaga_JPN_713490TTJ7K2533,713490TTJ7K2533,JPN,Bags,JPY,2026-09-07,544200.00,587800.00,0.0801,increase
50b92d64b4c24464125a10cbf194db4e,Balenciaga_JPN_7163572AY874200,7163572AY874200,JPN,Bags,JPY,2026-09-07,493200.00,532700.00,0.0801,increase
2aee99ffa7a82c77beaff15d61da4e69,Balenciaga_JPN_7163574GQBG9000,7163574GQBG9000,JPN,Bags,JPY,2026-09-07,360900.00,389800.00,0.0801,increase
9b98db6b8a4251fdb8e5eb396b3375c0,Balenciaga_JPN_7238022ALQU5723,7238022ALQU5723,JPN,Bags,JPY,2026-09-07,273600.00,295500.00,0.0800,increase
208b4458f4a5210bbb4b9aac0e280d09,Balenciaga_JPN_723802TPE569000,723802TPE569000,JPN,Bags,JPY,2026-09-07,284900.00,307600.00,0.0797,increase
68b6d38e2f96414a55b46c5c6032744f,Balenciaga_JPN_723802TTN6J5723,723802TTN6J5723,JPN,Bags,JPY,2026-09-07,687800.00,742800.00,0.0800,increase
2070ab83f60b8c9375383cadb03b1250,Balenciaga_JPN_7247992ABQG0926,7247992ABQG0926,JPN,Small Leather Goods,JPY,2026-09-07,129700.00,140100.00,0.0802,increase
9c85ae49b0e9741648b5b58ec6379238,Balenciaga_JPN_72532821OA90911,72532821OA90911,JPN,Small Leather Goods,JPY,2026-09-07,114400.00,123500.00,0.0795,increase
2f991070afceec99881691ae694be480,Balenciaga_JPN_725328TTV443258,725328TTV443258,JPN,Small Leather Goods,JPY,2026-09-07,43200.00,46700.00,0.0810,increase
990415bc4f4691294242f5a4770eae34,Balenciaga_JPN_72600621HFN1210,72600621HFN1210,JPN,Bags,JPY,2026-09-07,542600.00,586000.00,0.0800,increase
30761e3fa82387079cfe66b9f157a7e1,Balenciaga_JPN_7260062AINV9000,7260062AINV9000,JPN,Bags,JPY,2026-09-07,352300.00,380400.00,0.0798,increase
816efe0c6cecf52e06c20818db2f11fc,Balenciaga_JPN_7260064GLKM1000,7260064GLKM1000,JPN,Bags,JPY,2026-09-07,486700.00,525600.00,0.0799,increase
30026a88699e2f37f3108a2531d5d6a4,Balenciaga_JPN_7283052ABY31090,7283052ABY31090,JPN,Bags,JPY,2026-09-07,582700.00,629300.00,0.0800,increase
137aa09d7725084d02ea14a452bfb206,Balenciaga_JPN_728305TUZCI4011,728305TUZCI4011,JPN,Bags,JPY,2026-09-07,640200.00,691400.00,0.0800,increase
a9c2a50f1266f2505e819ff4e495faa2,Balenciaga_JPN_72872721NOR1090,72872721NOR1090,JPN,Bags,JPY,2026-09-07,376500.00,406600.00,0.0799,increase
d0797d257f79a5160cf40c517ec260f3,Balenciaga_JPN_728727WEHTC8065,728727WEHTC8065,JPN,Bags,JPY,2026-09-07,457800.00,494400.00,0.0799,increase
06aacf306958037ba066c449ada2d337,Balenciaga_JPN_72918421GJI3258,72918421GJI3258,JPN,Bags,JPY,2026-09-07,464600.00,501800.00,0.0801,increase
838fb4d17f955bae03a38fc486a192d5,Balenciaga_JPN_7297992A1LP1000,7297992A1LP1000,JPN,Bags,JPY,2026-09-07,311700.00,336700.00,0.0802,increase
8487281f0d95a3552699f9d65ca71bc9,Balenciaga_JPN_7297992ABTM0926,7297992ABTM0926,JPN,Bags,JPY,2026-09-07,252000.00,272100.00,0.0798,increase
ee419644218bfe3763b5868b5f25c9f0,Balenciaga_JPN_7297992ACVY2840,7297992ACVY2840,JPN,Bags,JPY,2026-09-07,287400.00,310400.00,0.0800,increase
466a935afd145728d881ba10f1755ba2,Balenciaga_JPN_729799TTQ0W0911,729799TTQ0W0911,JPN,Bags,JPY,2026-09-07,480600.00,519100.00,0.0801,increase
96b020a386a349787109ecfb2b95d644,Balenciaga_JPN_729799W4YYO2533,729799W4YYO2533,JPN,Bags,JPY,2026-09-07,342900.00,370400.00,0.0802,increase
a25a61ed946c9c3baba76fa64736784a,Balenciaga_JPN_7311302ABV99104,7311302ABV99104,JPN,Bags,JPY,2026-09-07,239500.00,258600.00,0.0797,increase
67796889773d1d73dc9e9de91a3ac66a,Balenciaga_JPN_731130TEWXC1000,731130TEWXC1000,JPN,Bags,JPY,2026-09-07,260500.00,281300.00,0.0798,increase
d85ac4e46b8eb7d4fc04a3bd2fd0f8b2,Balenciaga_JPN_734797W7EBY1041,734797W7EBY1041,JPN,Accessories,JPY,2026-09-07,342700.00,370100.00,0.0800,increase
ed62ba1721d41f75492bce27a88229f6,Balenciaga_JPN_7378382ABGT0926,7378382ABGT0926,JPN,Bags,JPY,2026-09-07,243200.00,262700.00,0.0802,increase
3a8a28422d38dc2a3149709118d96ae0,Balenciaga_JPN_74009021IIT1084,74009021IIT1084,JPN,Small Leather Goods,JPY,2026-09-07,124300.00,134300.00,0.0805,increase
d70744158732aa413b1cc6917797fb05,Balenciaga_JPN_7400904G1H21240,7400904G1H21240,JPN,Small Leather Goods,JPY,2026-09-07,73700.00,79600.00,0.0801,increase
bce2d09f75bfeafe42daac6d151082a6,Balenciaga_JPN_740090TT35C4011,740090TT35C4011,JPN,Small Leather Goods,JPY,2026-09-07,164200.00,177400.00,0.0804,increase
f7b790455eb60a8937254e0c0d109f28,Balenciaga_JPN_740090TTQWT5723,740090TTQWT5723,JPN,Small Leather Goods,JPY,2026-09-07,104400.00,112700.00,0.0795,increase
5cadba43e4d296de41d0f08f475713a1,Balenciaga_JPN_7434644GJUQ1251,7434644GJUQ1251,JPN,Small Leather Goods,JPY,2026-09-07,215900.00,233200.00,0.0801,increase
6e95d3786be26378b0835af5626b16db,Balenciaga_JPN_74818821RAQ1000,74818821RAQ1000,JPN,Small Leather Goods,JPY,2026-09-07,50800.00,54900.00,0.0807,increase
99c579f75aaa62fefb41d75b613fdd87,Balenciaga_JPN_7481882ABWW0911,7481882ABWW0911,JPN,Small Leather Goods,JPY,2026-09-07,89200.00,96300.00,0.0796,increase
c4fb77fdc589e2fd690920257cba058d,Balenciaga_JPN_7481884GUB61000,7481884GUB61000,JPN,Small Leather Goods,JPY,2026-09-07,104800.00,113200.00,0.0802,increase
4771833beb1c40d93cfaf8f2c5b1919e,Balenciaga_JPN_7483542ABV39020,7483542ABV39020,JPN,Bags,JPY,2026-09-07,825700.00,891700.00,0.0799,increase
45a4ea04ee3c9c9680781e073efbc83d,Balenciaga_JPN_748354T1COL0911,748354T1COL0911,JPN,Bags,JPY,2026-09-07,377000.00,407200.00,0.0801,increase
38d1688f2c4197683a34c2e59432c0dc,Balenciaga_JPN_7517282110W1090,7517282110W1090,JPN,Small Leather Goods,JPY,2026-09-07,219000.00,236600.00,0.0804,increase
802527dca7dd81f9a9b5365daad08a1b,Balenciaga_JPN_751728WJEN18122,751728WJEN18122,JPN,Small Leather Goods,JPY,2026-09-07,164200.00,177300.00,0.0798,increase
8b38d1420826d296446f68bbda474ddb,Balenciaga_JPN_7616174GM071041,7616174GM071041,JPN,Small Leather Goods,JPY,2026-09-07,50700.00,54800.00,0.0809,increase
f5060ee723395c91473431871907a3a6,Balenciaga_JPN_7702602AB191000,7702602AB191000,JPN,Bags,JPY,2026-09-07,517300.00,558600.00,0.0798,increase
b755aa2751d3211d97d2658fd96d7c38,Balenciaga_JPN_770260WXM7O1210,770260WXM7O1210,JPN,Bags,JPY,2026-09-07,529800.00,572200.00,0.0800,increase
0f0621e39cc27e0659dc673d0e624500,Balenciaga_JPN_77077921FFS1090,77077921FFS1090,JPN,Small Leather Goods,JPY,2026-09-07,51600.00,55700.00,0.0795,increase
c6989ea0e862226541cd5873a2ecc5a6,Balenciaga_JPN_77077921PII8122,77077921PII8122,JPN,Small Leather Goods,JPY,2026-09-07,87500.00,94500.00,0.0800,increase
cd10bd8d9961c2337dd5af8dc8fd9f92,Balenciaga_JPN_7707792A4VV4011,7707792A4VV4011,JPN,Small Leather Goods,JPY,2026-09-07,69200.00,74700.00,0.0795,increase
44b6c27f1b3843c610296bfab26a1591,Balenciaga_JPN_7707792ABU11084,7707792ABU11084,JPN,Small Leather Goods,JPY,2026-09-07,73400.00,79300.00,0.0804,increase
1eb94849bf48fcaeb36b3ab7a3697fcc,Balenciaga_JPN_7707792ALGH1000,7707792ALGH1000,JPN,Small Leather Goods,JPY,2026-09-07,171700.00,185400.00,0.0798,increase
32d65988d4405086f8134112e0478e5d,Balenciaga_JPN_7707794G8472308,7707794G8472308,JPN,Small Leather Goods,JPY,2026-09-07,110000.00,118800.00,0.0800,increase
2ee3ae2604fd001da643d05fbc6950b9,Balenciaga_JPN_7707794GGLA1090,7707794GGLA1090,JPN,Small Leather Goods,JPY,2026-09-07,43400.00,46800.00,0.0783,increase
9b5ee892ac93333032beb2063c5eb9a5,Balenciaga_JPN_770779TCSA20127,770779TCSA20127,JPN,Small Leather Goods,JPY,2026-09-07,32000.00,34600.00,0.0813,increase
cc807f28e41df6c6aff7b0640c43bbb6,Balenciaga_JPN_7737734GF951000,7737734GF951000,JPN,Bags,JPY,2026-09-07,279000.00,301400.00,0.0803,increase
f1775b2cfc3b65d8a621201cee42e8d3,Balenciaga_JPN_773773W5BMK1240,773773W5BMK1240,JPN,Bags,JPY,2026-09-07,403300.00,435600.00,0.0801,increase
d8c4eee6d738d2ce38431440d8f50fcd,Balenciaga_JPN_7751222AB963258,7751222AB963258,JPN,Small Leather Goods,JPY,2026-09-07,57500.00,62100.00,0.0800,increase
6a19ff05765887e647bc48952afedf10,Balenciaga_JPN_775122WM5075723,775122WM5075723,JPN,Small Leather Goods,JPY,2026-09-07,83300.00,90000.00,0.0804,increase
cd372b3a87f5ffe9e2a38c2763b59c86,Balenciaga_JPN_7783482AAGM1041,7783482AAGM1041,JPN,Small Leather Goods,JPY,2026-09-07,178400.00,192600.00,0.0796,increase
adae331d2548d4d1a731e27af0286534,Balenciaga_JPN_7783482ABC80926,7783482ABC80926,JPN,Small Leather Goods,JPY,2026-09-07,95600.00,103200.00,0.0795,increase
ea339ea1abe75d50232788da7a4e70d5,Balenciaga_JPN_778348TTK6R9002,778348TTK6R9002,JPN,Small Leather Goods,JPY,2026-09-07,83900.00,90600.00,0.0799,increase
0f4d482f0b40c8a5011571d589df405f,Balenciaga_JPN_778348TTMNA0911,778348TTMNA0911,JPN,Small Leather Goods,JPY,2026-09-07,120900.00,130600.00,0.0802,increase
bde6eabe8c22db9c35d0f3c6756cd159,Balenciaga_JPN_778348WUVHU1210,778348WUVHU1210,JPN,Small Leather Goods,JPY,2026-09-07,88400.00,95400.00,0.0792,increase
3bc60417f8f8c74207220592350ddffb,Balenciaga_JPN_7793722AW9V1084,7793722AW9V1084,JPN,Bags,JPY,2026-09-07,325700.00,351700.00,0.0798,increase
f576635e9e73429aefb56233d1374ec8,Balenciaga_JPN_779372TOH4Y5723,779372TOH4Y5723,JPN,Bags,JPY,2026-09-07,440500.00,475800.00,0.0801,increase
d486d530c256e0029ff4c108b4fc5b45,Balenciaga_JPN_779797T061J1041,779797T061J1041,JPN,Bags,JPY,2026-09-07,486000.00,524900.00,0.0800,increase
927ec412f593c1ccec6c57e6be7bedd9,Balenciaga_JPN_7830972190M9104,7830972190M9104,JPN,Accessories,JPY,2026-09-07,525600.00,567700.00,0.0801,increase
083d90be62723d3171039aa6a82fef3a,Balenciaga_JPN_78309721JPY0127,78309721JPY0127,JPN,Accessories,JPY,2026-09-07,386400.00,417300.00,0.0800,increase
f79d66501ab004718a7365b6bb812523,Balenciaga_JPN_7830974GC5O8065,7830974GC5O8065,JPN,Accessories,JPY,2026-09-07,435100.00,469900.00,0.0800,increase
66af2b73081e86a81d82ec9a12dc80b1,Balenciaga_JPN_783097T88LE4011,783097T88LE4011,JPN,Accessories,JPY,2026-09-07,356900.00,385400.00,0.0799,increase
451c7f46879a994d2eaed0401978c2cd,Balenciaga_JPN_7842954GWXL2308,7842954GWXL2308,JPN,Bags,JPY,2026-09-07,529000.00,571400.00,0.0802,increase
2c2de3d2a77ee261954d74878595279f,Balenciaga_JPN_7846182AWFP1090,7846182AWFP1090,JPN,Accessories,JPY,2026-09-07,49800.00,53800.00,0.0803,increase
5bf77bdc57b06f87968053fcc3dabccd,Balenciaga_JPN_786691213DR2308,786691213DR2308,JPN,Bags,JPY,2026-09-07,534300.00,577000.00,0.0799,increase
51a61528fe2d8f48e05d686e11344f71,Balenciaga_JPN_7866912A6IT9002,7866912A6IT9002,JPN,Bags,JPY,2026-09-07,349400.00,377300.00,0.0799,increase
efb500e09617f4edab0f7da0599efdfd,Balenciaga_JPN_7866912ABIU2308,7866912ABIU2308,JPN,Bags,JPY,2026-09-07,167800.00,181200.00,0.0799,increase
129abbb5620fb21d0c7fc558ac4c6ee3,Balenciaga_JPN_7866912AENG9104,7866912AENG9104,JPN,Bags,JPY,2026-09-07,192200.00,207600.00,0.0801,increase
c7751f774eae396f3f033fdc0932d6f4,Balenciaga_JPN_79014021E841041,79014021E841041,JPN,Small Leather Goods,JPY,2026-09-07,208200.00,224900.00,0.0802,increase
56a0a8052b60aa039a9a42afb8a8490d,Balenciaga_JPN_7901402AB731000,7901402AB731000,JPN,Small Leather Goods,JPY,2026-09-07,190500.00,205700.00,0.0798,increase
2be76a66506d5a553203cdb300845ef5,Balenciaga_JPN_790421216UF9020,790421216UF9020,JPN,Small Leather Goods,JPY,2026-09-07,446600.00,482300.00,0.0799,increase
0337e579e95f98d86f55b2e500a266df,Balenciaga_JPN_790421WLLWX1000,790421WLLWX1000,JPN,Small Leather Goods,JPY,2026-09-07,396700.00,428400.00,0.0799,increase
eed127d595d1f7f5e53420362c9ff757,Balenciaga_JPN_791061TTORO1090,791061TTORO1090,JPN,Bags,JPY,2026-09-07,477700.00,515900.00,0.0800,increase
25c6a9f4413b745d25a9c29ae0febfb0,Balenciaga_JPN_792932218SJ1240,792932218SJ1240,JPN,Bags,JPY,2026-09-07,442400.00,477800.00,0.0800,increase
fe7f837dcc61032989a903c8cddc00bc,Balenciaga_JPN_792932219O01251,792932219O01251,JPN,Bags,JPY,2026-09-07,455700.00,492200.00,0.0801,increase
427ff49e89c8380b968bb1f69d035129,Balenciaga_JPN_79293221SBP1210,79293221SBP1210,JPN,Bags,JPY,2026-09-07,379800.00,410200.00,0.0800,increase
b210f3320e448ab76922e047de9d4751,Balenciaga_JPN_792932W27C95723,792932W27C95723,JPN,Bags,JPY,2026-09-07,592800.00,640200.00,0.0800,increase
f0bb8c5e603bd586be717066067e4ef8,Balenciaga_JPN_7986072AB0P4011,7986072AB0P4011,JPN,Small Leather Goods,JPY,2026-09-07,70700.00,76400.00,0.0806,increase
bbc0c795f4659e44a1209970d4b64f25,Balenciaga_JPN_798607WHH8S8065,798607WHH8S8065,JPN,Small Leather Goods,JPY,2026-09-07,54200.00,58600.00,0.0812,increase
d0662b5034e4d4a7b3cc7a14fd93be01,Balenciaga_JPN_8044914G46E1000,8044914G46E1000,JPN,Small Leather Goods,JPY,2026-09-07,92100.00,99500.00,0.0803,increase
22c585f89859d25ac0523aef6dd59928,Balenciaga_JPN_804491WDN3F1090,804491WDN3F1090,JPN,Small Leather Goods,JPY,2026-09-07,119600.00,129200.00,0.0803,increase
2aca2f179d1462f598e49e52f97e63f8,Balenciaga_JPN_8088952AB0I2840,8088952AB0I2840,JPN,Bags,JPY,2026-09-07,519400.00,560900.00,0.0799,increase
34e4f10fbe199d02781c6b167aa47612,Balenciaga_JPN_8088952AM3D0127,8088952AM3D0127,JPN,Bags,JPY,2026-09-07,447000.00,482800.00,0.0801,increase
5845a781d3f5be9ea36cfd44dc034a5c,Balenciaga_JPN_808895TOVIZ2533,808895TOVIZ2533,JPN,Bags,JPY,2026-09-07,562000.00,606900.00,0.0799,increase
6384896848e7bae749b2e82ffd55b62e,Balenciaga_JPN_8133392ABV39002,8133392ABV39002,JPN,Bags,JPY,2026-09-07,267500.00,288900.00,0.0800,increase
0f18b6fc56857aa5ce9320b570efc67b,Balenciaga_JPN_8175562A3NQ1251,8175562A3NQ1251,JPN,Bags,JPY,2026-09-07,517700.00,559100.00,0.0800,increase
c11782ffe16806197ec0026025d1905d,Balenciaga_JPN_817556TTCFN1090,817556TTCFN1090,JPN,Bags,JPY,2026-09-07,379100.00,409500.00,0.0802,increase
6570ab513d7ed013124ae1c90b5afbd8,Balenciaga_JPN_81955721MIX1210,81955721MIX1210,JPN,Small Leather Goods,JPY,2026-09-07,114500.00,123700.00,0.0803,increase
2a493675731552b7b5f073be96f766db,Balenciaga_JPN_8195572AA863258,8195572AA863258,JPN,Small Leather Goods,JPY,2026-09-07,67600.00,73000.00,0.0799,increase
a182c641214894fa50ebfc29392ced35,Balenciaga_JPN_8223032AF5D1041,8223032AF5D1041,JPN,Small Leather Goods,JPY,2026-09-07,483700.00,522400.00,0.0800,increase
07b1dd58e7811751db989602b8526834,Balenciaga_JPN_822303TTHOD8065,822303TTHOD8065,JPN,Small Leather Goods,JPY,2026-09-07,306900.00,331400.00,0.0798,increase
5819530b46aea199efbce00b7fa22241,Balenciaga_JPN_824002TJQAV2308,824002TJQAV2308,JPN,Small Leather Goods,JPY,2026-09-07,93000.00,100400.00,0.0796,increase
535569b0a6346baa6001e4d2186dee07,Balenciaga_JPN_82443621AQF0127,82443621AQF0127,JPN,Small Leather Goods,JPY,2026-09-07,49000.00,52900.00,0.0796,increase
0e48584964c2098c47e31edc100c0494,Balenciaga_JPN_8244362A4UN1000,8244362A4UN1000,JPN,Small Leather Goods,JPY,2026-09-07,71400.00,77100.00,0.0798,increase
d60f5c6dde994c9deabf887bf3be449a,Balenciaga_JPN_824436W9DJB2308,824436W9DJB2308,JPN,Small Leather Goods,JPY,2026-09-07,85400.00,92300.00,0.0808,increase
5f766c300f4b4bdfe2e486eebd56a780,Balenciaga_JPN_8245244GV630926,8245244GV630926,JPN,Accessories,JPY,2026-09-07,204800.00,221200.00,0.0801,increase
72659322f2ebe79f25ae087589fb6336,Balenciaga_JPN_82607121B2V1041,82607121B2V1041,JPN,Bags,JPY,2026-09-07,423800.00,457700.00,0.0800,increase
e488675a6990316b7523609a8807d38e,Balenciaga_JPN_8260712A4T11000,8260712A4T11000,JPN,Bags,JPY,2026-09-07,365800.00,395100.00,0.0801,increase
2df685a16c3899608ef981d75fabc995,Balenciaga_JPN_8260712ABPL3258,8260712ABPL3258,JPN,Bags,JPY,2026-09-07,458700.00,495400.00,0.0800,increase
d80b09c11d7279b6c7b0040506be23e5,Balenciaga_JPN_826071W06VT2533,826071W06VT2533,JPN,Bags,JPY,2026-09-07,310700.00,335600.00,0.0801,increase
9c6e93cbba83e4d88867a8c880a91ea6,Balenciaga_JPN_8287712ABI90911,8287712ABI90911,JPN,Small Leather Goods,JPY,2026-09-07,50600.00,54600.00,0.0791,increase
1e8b38531f91421d6328b758250cf6f0,Balenciaga_JPN_828771TTCTJ0911,828771TTCTJ0911,JPN,Small Leather Goods,JPY,2026-09-07,44600.00,48200.00,0.0807,increase
49714c577cde8fd3addaf12eb874bf80,Balenciaga_JPN_830936WU99V9002,830936WU99V9002,JPN,Small Leather Goods,JPY,2026-09-07,245200.00,264800.00,0.0799,increase
1520b7f0c5c6b8393ae15fb3a6a28ea5,Balenciaga_JPN_8311342ABU61090,8311342ABU61090,JPN,Bags,JPY,2026-09-07,412300.00,445300.00,0.0800,increase
9b0cb54e9fce45d2303186aeeb38831c,Balenciaga_JPN_8311344GKAG3258,8311344GKAG3258,JPN,Bags,JPY,2026-09-07,247800.00,267600.00,0.0799,increase
8e686ba5b67c6f55a77b6c3eb281088b,Balenciaga_JPN_831134T9FMJ0911,831134T9FMJ0911,JPN,Bags,JPY,2026-09-07,201800.00,217900.00,0.0798,increase
0ec21ba042d86d924f276d7f55e8e8d1,Balenciaga_JPN_831134TEOO93258,831134TEOO93258,JPN,Bags,JPY,2026-09-07,445500.00,481200.00,0.0801,increase
33a10c60949831119c3d55d688363904,Balenciaga_JPN_833006217XM0911,833006217XM0911,JPN,Bags,JPY,2026-09-07,482500.00,521100.00,0.0800,increase
1e2024527449b2a3444d24bf91ae1a03,Balenciaga_JPN_8330062AB421000,8330062AB421000,JPN,Bags,JPY,2026-09-07,489500.00,528600.00,0.0799,increase
7868ef6d17d1c1b7c5560659e6b7b42f,Balenciaga_JPN_8330062ABAZ2840,8330062ABAZ2840,JPN,Bags,JPY,2026-09-07,399500.00,431400.00,0.0798,increase
0969cbffde21ecf4d7f1871d0659806c,Balenciaga_JPN_834058214S09104,834058214S09104,JPN,Bags,JPY,2026-09-07,353500.00,381800.00,0.0801,increase
ee3fa91da486d8c6b60a0b8efcc3e44e,Balenciaga_JPN_834058218YP5723,834058218YP5723,JPN,Bags,JPY,2026-09-07,366100.00,395400.00,0.0800,increase
770472dc7e2ae9fecf1cca9975ce224c,Balenciaga_JPN_834058WWA8W4200,834058WWA8W4200,JPN,Bags,JPY,2026-09-07,478600.00,516900.00,0.0800,increase
b0a3b784a6a8fc3202299f0d7b9e66ad,Balenciaga_JPN_8401812AKBD1000,8401812AKBD1000,JPN,Small Leather Goods,JPY,2026-09-07,74200.00,80100.00,0.0795,increase
504dd01e0a0796ac0b17fe3055717c5b,Balenciaga_JPN_840181TTX3A0926,840181TTX3A0926,JPN,Small Leather Goods,JPY,2026-09-07,67400.00,72700.00,0.0786,increase
3a2958b66b3cb4be7012269b039d1e57,Balenciaga_JPN_840181WKE7A1090,840181WKE7A1090,JPN,Small Leather Goods,JPY,2026-09-07,54700.00,59000.00,0.0786,increase
2834c11f55381da77b8d5fdaaa6df699,Balenciaga_JPN_844132TD4EC9104,844132TD4EC9104,JPN,Bags,JPY,2026-09-07,607700.00,656300.00,0.0800,increase
04a7ef389135563c7c4c57bbacd155bc,Balenciaga_JPN_845436216410127,845436216410127,JPN,Bags,JPY,2026-09-07,208000.00,224600.00,0.0798,increase
d37c9d535f36a36795e4a22b01693ed3,Balenciaga_JPN_8454362ABSV9000,8454362ABSV9000,JPN,Bags,JPY,2026-09-07,558800.00,603500.00,0.0800,increase
cec154f89bf23466d904ce8f8e12670e,Balenciaga_JPN_8454364GBTX9000,8454364GBTX9000,JPN,Bags,JPY,2026-09-07,387500.00,418500.00,0.0800,increase
0b5a50062d2048a29d8c0454884a2e2a,Balenciaga_JPN_845436THX071000,845436THX071000,JPN,Bags,JPY,2026-09-07,582700.00,629300.00,0.0800,increase
439a7bee49f7923b93390f10004429ca,Balenciaga_JPN_845436TTCJ71000,845436TTCJ71000,JPN,Bags,JPY,2026-09-07,283700.00,306400.00,0.0800,increase
0d3607ab8a672e83f0a56b8259360594,Balenciaga_JPN_845436TTGI61251,845436TTGI61251,JPN,Bags,JPY,2026-09-07,526500.00,568600.00,0.0800,increase
749ddfa13527c5362074e1c9c75f1e47,Balenciaga_JPN_845436W94521090,845436W94521090,JPN,Bags,JPY,2026-09-07,356700.00,385200.00,0.0799,increase
23b26c8e2225738a534c8e3e93600eec,Balenciaga_JPN_8501442AB0O1000,8501442AB0O1000,JPN,Bags,JPY,2026-09-07,170400.00,184100.00,0.0804,increase
e041d428efac1af52cc8686926d18f04,Balenciaga_JPN_8514352A4CY1000,8514352A4CY1000,JPN,Small Leather Goods,JPY,2026-09-07,217500.00,234900.00,0.0800,increase
0fb5ac07276fbed950e4dbc05dd1febc,Balenciaga_JPN_851435W66F78065,851435W66F78065,JPN,Small Leather Goods,JPY,2026-09-07,49900.00,53900.00,0.0802,increase
46e0e12403329ebdccdc6756f7b4cd92,Balenciaga_JPN_85254221FH01000,85254221FH01000,JPN,Small Leather Goods,JPY,2026-09-07,111800.00,120800.00,0.0805,increase
b2a4b8083b7394abb8491ba3cc8b8a6f,Balenciaga_JPN_85254221MXR4011,85254221MXR4011,JPN,Small Leather Goods,JPY,2026-09-07,148000.00,159900.00,0.0804,increase
5e9654ea27eddf41aebf6ebe5fa9db86,Balenciaga_JPN_8525422AB5G1090,8525422AB5G1090,JPN,Small Leather Goods,JPY,2026-09-07,49600.00,53600.00,0.0806,increase
7d667c985e8e8cd04a354f0b6b405a95,Balenciaga_JPN_852542TRTB02840,852542TRTB02840,JPN,Small Leather Goods,JPY,2026-09-07,46800.00,50500.00,0.0791,increase
080a6dc07a8b6f34bc94d3581940420d,Balenciaga_JPN_852542WCMOK5723,852542WCMOK5723,JPN,Small Leather Goods,JPY,2026-09-07,48000.00,51800.00,0.0792,increase
f03c7433aa8980db312962aaa44979e5,Balenciaga_JPN_8561912110W1000,8561912110W1000,JPN,Small Leather Goods,JPY,2026-09-07,51800.00,55900.00,0.0792,increase
af3bcc266d7897036e39bd05883bec67,Balenciaga_JPN_856191T2DEI9104,856191T2DEI9104,JPN,Small Leather Goods,JPY,2026-09-07,66700.00,72000.00,0.0795,increase
5415d18420f99ca1223908271be58012,Balenciaga_JPN_856191T74RJ1210,856191T74RJ1210,JPN,Small Leather Goods,JPY,2026-09-07,62800.00,67900.00,0.0812,increase
bf8d26bfc911be19f74542b762dad95b,Balenciaga_JPN_856191TTCXJ0926,856191TTCXJ0926,JPN,Small Leather Goods,JPY,2026-09-07,39900.00,43100.00,0.0802,increase
ee2c88a8096daf0d7c4f31f0b12316b6,Balenciaga_JPN_858352TTBLY1041,858352TTBLY1041,JPN,Small Leather Goods,JPY,2026-09-07,233700.00,252400.00,0.0800,increase
85acbb86398bee6930d90c520304fda4,Balenciaga_JPN_8592792AZWF1251,8592792AZWF1251,JPN,Small Leather Goods,JPY,2026-09-07,45800.00,49500.00,0.0808,increase
f3659814c65df49e8d588b3aed941806,Balenciaga_JPN_8592794GT7H9104,8592794GT7H9104,JPN,Small Leather Goods,JPY,2026-09-07,190200.00,205400.00,0.0799,increase
5f2c8b1bf99f9b70086884911b5c2dbd,Balenciaga_JPN_860458WVPJ84200,860458WVPJ84200,JPN,Bags,JPY,2026-09-07,449100.00,485000.00,0.0799,increase
341d982fa72d5f0ec70894c3809f61f7,Balenciaga_JPN_8665424G8ZY1000,8665424G8ZY1000,JPN,Accessories,JPY,2026-09-07,48500.00,52400.00,0.0804,increase
3592fada55ad0356ff5bcbaf9be42bda,Balenciaga_JPN_8671922ABIT1210,8671922ABIT1210,JPN,Small Leather Goods,JPY,2026-09-07,73100.00,79000.00,0.0807,increase
3c87f2126f46e986ce50a0a8166e9d9e,Balenciaga_JPN_8690362ABPU2308,8690362ABPU2308,JPN,Bags,JPY,2026-09-07,317100.00,342400.00,0.0798,increase
04bd143fe3f0e8d522e987a73f41c4ef,Balenciaga_JPN_8690364G7ZC4200,8690364G7ZC4200,JPN,Bags,JPY,2026-09-07,670100.00,723700.00,0.0800,increase
2000ea085505bb174d48535137f0e368,Balenciaga_JPN_86935021KK58122,86935021KK58122,JPN,Bags,JPY,2026-09-07,203700.00,220000.00,0.0800,increase
f9267192d5d8ffab9fe89a2982ee34a6,Balenciaga_JPN_8738792A2QI4011,8738792A2QI4011,JPN,Bags,JPY,2026-09-07,387400.00,418400.00,0.0800,increase
62a48c78bc82572515fd4f61c0eafec0,Balenciaga_JPN_8738792ABM71041,8738792ABM71041,JPN,Bags,JPY,2026-09-07,471000.00,508700.00,0.0800,increase
5ed0b114e7b59f516b52ba8bcaf24679,Balenciaga_JPN_873879TSIMN8122,873879TSIMN8122,JPN,Bags,JPY,2026-09-07,436000.00,470900.00,0.0800,increase
bf49a1c1fa9e682f64acb3c0e445d17a,Balenciaga_JPN_8750414GAUA1000,8750414GAUA1000,JPN,Bags,JPY,2026-09-07,323000.00,348900.00,0.0802,increase
6b0b3b13b61bc230a6c16c2316d6e454,Balenciaga_JPN_8837202AB1Q1000,8837202AB1Q1000,JPN,Small Leather Goods,JPY,2026-09-07,55600.00,60100.00,0.0809,increase
0d007debbfa610c0d9ab007327c34076,Balenciaga_JPN_883720W1IKV1000,883720W1IKV1000,JPN,Small Leather Goods,JPY,2026-09-07,71300.00,77000.00,0.0799,increase
b7ce755b845dde41021199d3168962e1,Balenciaga_JPN_88445621WO28122,88445621WO28122,JPN,Small Leather Goods,JPY,2026-09-07,36900.00,39800.00,0.0786,increase
7e64435d8ab448aa83f517889dddf79e,Balenciaga_JPN_8844562AB381090,8844562AB381090,JPN,Small Leather Goods,JPY,2026-09-07,94300.00,101900.00,0.0806,increase
f352d51e774a0e01f5f8aef42c305b27,Balenciaga_JPN_8863144G5AR8065,8863144G5AR8065,JPN,Small Leather Goods,JPY,2026-09-07,64100.00,69200.00,0.0796,increase
fcdc71ae9acec50251e2bf4346515e09,Balenciaga_JPN_886314TT7F98122,886314TT7F98122,JPN,Small Leather Goods,JPY,2026-09-07,85500.00,92400.00,0.0807,increase
09d9278dda0e847177079cf841e384d7,Balenciaga_JPN_8872612AB144200,8872612AB144200,JPN,Small Leather Goods,JPY,2026-09-07,182800.00,197500.00,0.0804,increase
b1907da5598507888c548997746d72b1,Balenciaga_JPN_888240214TG5723,888240214TG5723,JPN,Small Leather Goods,JPY,2026-09-07,88700.00,95800.00,0.0800,increase
691b7a056c3fe8bc7025d6b46f6b3fb4,Balenciaga_JPN_888240TTFRH4200,888240TTFRH4200,JPN,Small Leather Goods,JPY,2026-09-07,75600.00,81700.00,0.0807,increase
d758280bf963d0ed77ead64a6d3c64c2,Balenciaga_JPN_8902582ABVL1251,8902582ABVL1251,JPN,Bags,JPY,2026-09-07,149400.00,161300.00,0.0797,increase
da24367c111569e9b1a9892510b295c6,Balenciaga_JPN_89310521G2W1240,89310521G2W1240,JPN,Bags,JPY,2026-09-07,418000.00,451500.00,0.0801,increase
e774d3b252d4308dcdcb1cb91744108b,Balenciaga_JPN_8931052A3PL2533,8931052A3PL2533,JPN,Bags,JPY,2026-09-07,747800.00,807600.00,0.0800,increase
6b7da0704847304d2d62a6facc5276b0,Balenciaga_JPN_893105TTXTD1240,893105TTXTD1240,JPN,Bags,JPY,2026-09-07,678700.00,733000.00,0.0800,increase
cb28bb8befcb7cd2b47c750790cbf1dc,Balenciaga_JPN_8945912AEYF1090,8945912AEYF1090,JPN,Small Leather Goods,JPY,2026-09-07,347300.00,375100.00,0.0800,increase
3ecd266b4f44c02679cb0e38ece60a24,Balenciaga_JPN_8945912AHW24200,8945912AHW24200,JPN,Small Leather Goods,JPY,2026-09-07,192100.00,207500.00,0.0802,increase
7e63648addd757cb8f162b04bae8441a,Balenciaga_JPN_894591TTFLA4200,894591TTFLA4200,JPN,Small Leather Goods,JPY,2026-09-07,384300.00,415100.00,0.0801,increase
88b42ddf25125de5a75f94c8e2da2d9f,Balenciaga_JPN_894919W7KYF4200,894919W7KYF4200,JPN,Bags,JPY,2026-09-07,472000.00,509700.00,0.0799,increase
6c1b8977e43fc8a568cdc3c9c49c08df,Balenciaga_JPN_8950432ATN89104,8950432ATN89104,JPN,Bags,JPY,2026-09-07,469500.00,507100.00,0.0801,increase
f9425951dad1aac741f69e2c03f84a84,Balenciaga_JPN_895043TTYCV1000,895043TTYCV1000,JPN,Bags,JPY,2026-09-07,386300.00,417200.00,0.0800,increase
e9482be674c88309bbad29316062b0e3,Balenciaga_JPN_895043WA6731000,895043WA6731000,JPN,Bags,JPY,2026-09-07,430700.00,465200.00,0.0801,increase
1881c7a658e7707c89bb07405d202e87,Balenciaga_JPN_A00J7KTT7PD1251,A00J7KTT7PD1251,JPN,Bags,JPY,2026-09-07,172200.00,186000.00,0.0801,increase
4fa739a3a8ae721c2f7e06bb8cfcb4db,Balenciaga_JPN_A042712ABQZ9020,A042712ABQZ9020,JPN,Bags,JPY,2026-09-07,674600.00,728600.00,0.0800,increase
6ba22098d598ea647185812ce96a6c44,Balenciaga_JPN_A042712AMT61210,A042712AMT61210,JPN,Bags,JPY,2026-09-07,1995900.00,2155600.00,0.0800,increase
8b2f914b3b462747278968b92ae09c36,Balenciaga_JPN_A05K8B2ASBF4200,A05K8B2ASBF4200,JPN,Small Leather Goods,JPY,2026-09-07,53400.00,57700.00,0.0805,increase
5422a59ac03d9885c78d45274b95b163,Balenciaga_JPN_A05K8BTJ0TE9002,A05K8BTJ0TE9002,JPN,Small Leather Goods,JPY,2026-09-07,72200.00,77900.00,0.0789,increase
ad81e7926c34871c4081ffdee8f64b72,Balenciaga_JPN_A05K8BTSM663258,A05K8BTSM663258,JPN,Small Leather Goods,JPY,2026-09-07,58500.00,63200.00,0.0803,increase
7c2518474c45621af6275972fa7951bb,Balenciaga_JPN_A05K8BTTMMU9104,A05K8BTTMMU9104,JPN,Small Leather Goods,JPY,2026-09-07,124300.00,134300.00,0.0805,increase
7560c2ee0d92a03904b8c8049b4ce40f,Balenciaga_JPN_A064YD4GOOO0926,A064YD4GOOO0926,JPN,Small Leather Goods,JPY,2026-09-07,67300.00,72700.00,0.0802,increase
0fe000ca13318244c4c14596447f7470,Balenciaga_JPN_A064YD4GQIW1000,A064YD4GQIW1000,JPN,Small Leather Goods,JPY,2026-09-07,84900.00,91700.00,0.0801,increase
d4dfcb1591bd19fcb985c10297db0f01,Balenciaga_JPN_A064YDTKNEL3258,A064YDTKNEL3258,JPN,Small Leather Goods,JPY,2026-09-07,91500.00,98900.00,0.0809,increase
72be00a4fc04414eaecdbce6bcad0b93,Balenciaga_JPN_A064YDTTENX9002,A064YDTTENX9002,JPN,Small Leather Goods,JPY,2026-09-07,66100.00,71400.00,0.0802,increase
5f943f0c5117e401f6ad3cc9ead5b837,Balenciaga_JPN_A06RN2216DW1084,A06RN2216DW1084,JPN,Bags,JPY,2026-09-07,349600.00,377600.00,0.0801,increase
0a0e350d87cf94dbeb936d19e9bb609a,Balenciaga_JPN_A06RN22AB2X1041,A06RN22AB2X1041,JPN,Bags,JPY,2026-09-07,479000.00,517300.00,0.0800,increase
58daeea78630c190a66b3c62cbc78826,Balenciaga_JPN_A06RN22ABS95723,A06RN22ABS95723,JPN,Bags,JPY,2026-09-07,454200.00,490600.00,0.0801,increase
2e7a732a29c924aaa71a06d395884529,Balenciaga_JPN_A07WXJ21SEY1240,A07WXJ21SEY1240,JPN,Small Leather Goods,JPY,2026-09-07,87000.00,93900.00,0.0793,increase
19be3496e8ddeeb3d80ead7decfd7ffe,Balenciaga_JPN_A07WXJW005D1090,A07WXJW005D1090,JPN,Small Leather Goods,JPY,2026-09-07,267300.00,288600.00,0.0797,increase
da8c5e1a08c0f79b58b2b3a3b6bd0b24,Balenciaga_JPN_A07XQJ2ABFT1240,A07XQJ2ABFT1240,JPN,Small Leather Goods,JPY,2026-09-07,51600.00,55800.00,0.0814,increase
05ea9b8c99a301ffa8c6ccfaabcf3c2e,Balenciaga_JPN_A07XQJTTA4R0911,A07XQJTTA4R0911,JPN,Small Leather Goods,JPY,2026-09-07,45500.00,49200.00,0.0813,increase
756ed56a5dd60b6d3ab4824967b121f6,Balenciaga_JPN_A07XQJW4FMO5723,A07XQJW4FMO5723,JPN,Small Leather Goods,JPY,2026-09-07,121800.00,131500.00,0.0796,increase
57bf9ec4309beacbda68339cf7647b55,Balenciaga_JPN_A0AVTR2AES89002,A0AVTR2AES89002,JPN,Bags,JPY,2026-09-07,293500.00,317000.00,0.0801,increase
e772338e6f33dbffad8a29100a599ca7,Balenciaga_JPN_A0AVTRT9W4P8122,A0AVTRT9W4P8122,JPN,Bags,JPY,2026-09-07,336700.00,363600.00,0.0799,increase
f7c04fdf651dd7df21d64063b082d79f,Balenciaga_JPN_A0DVHZ211W08065,A0DVHZ211W08065,JPN,Small Leather Goods,JPY,2026-09-07,174500.00,188500.00,0.0802,increase
ef691ea46e00aaa9832dc32da3bd7f58,Balenciaga_JPN_A0DVHZ2159I1240,A0DVHZ2159I1240,JPN,Small Leather Goods,JPY,2026-09-07,48400.00,52300.00,0.0806,increase
4339a988c3c773d54cc070c7cff21af0,Balenciaga_JPN_A0DVHZWC7C15723,A0DVHZWC7C15723,JPN,Small Leather Goods,JPY,2026-09-07,217900.00,235400.00,0.0803,increase
36572ec3f42ac4d2314f36d56218d56b,Balenciaga_JPN_A0FKA3210572533,A0FKA3210572533,JPN,Bags,JPY,2026-09-07,502900.00,543200.00,0.0801,increase
4308569cc2864e06910301b95a40ef08,Balenciaga_JPN_A0HVOZ2AB3Y1251,A0HVOZ2AB3Y1251,JPN,Small Leather Goods,JPY,2026-09-07,58400.00,63100.00,0.0805,increase
4b102142074f01f00a773993c1c5fb62,Balenciaga_JPN_A0JTOY4GNZM1240,A0JTOY4GNZM1240,JPN,Small Leather Goods,JPY,2026-09-07,79700.00,86100.00,0.0803,increase
86f1a204ac7e6b2425da83a280c89b40,Balenciaga_JPN_A0JTOYWTQWI1000,A0JTOYWTQWI1000,JPN,Small Leather Goods,JPY,2026-09-07,93800.00,101300.00,0.0800,increase
c444188a0f49148aa4556d61ccc8d67a,Balenciaga_JPN_A0JW0GT1SDP1090,A0JW0GT1SDP1090,JPN,Bags,JPY,2026-09-07,953800.00,1030100.00,0.0800,increase
b92c46a8746b957f1bfd59b2e9d3cb25,Balenciaga_JPN_A0LD3V2A8284200,A0LD3V2A8284200,JPN,Bags,JPY,2026-09-07,279800.00,302200.00,0.0801,increase
3df922b6c5ad016728b54aba29ece0b9,Balenciaga_JPN_A0LD3V2ABND9020,A0LD3V2ABND9020,JPN,Bags,JPY,2026-09-07,188200.00,203200.00,0.0797,increase
aacfb36e26875c2ad014f63e432ff19b,Balenciaga_JPN_A0NXIX2ABF42840,A0NXIX2ABF42840,JPN,Small Leather Goods,JPY,2026-09-07,114800.00,124000.00,0.0801,increase
2fb27495e88bd5cc16b876d33acce78b,Balenciaga_JPN_A0NXIX4GIX61041,A0NXIX4GIX61041,JPN,Small Leather Goods,JPY,2026-09-07,51800.00,56000.00,0.0811,increase
7f5aa3dbe977192cef9621733d2535f7,Balenciaga_JPN_A0OHAU213J01000,A0OHAU213J01000,JPN,Bags,JPY,2026-09-07,183600.00,198300.00,0.0801,increase
5af2fa2f6915f5e84cc66a7661aeb870,Balenciaga_JPN_A0QFZA4GZMJ9002,A0QFZA4GZMJ9002,JPN,Bags,JPY,2026-09-07,396900.00,428600.00,0.0799,increase
d5d03f1c21fa075f2865c11d0870938d,Balenciaga_JPN_A0QFZAWEHIJ0911,A0QFZAWEHIJ0911,JPN,Bags,JPY,2026-09-07,471300.00,509000.00,0.0800,increase
4f80ebc069a78d7455ee0a3ff6d3384a,Balenciaga_JPN_A0QFZAWRPKY9000,A0QFZAWRPKY9000,JPN,Bags,JPY,2026-09-07,472400.00,510200.00,0.0800,increase
afa756d13eff145b2c0c3fe9eea41aa3,Balenciaga_JPN_A0W9ZQ2ABHN5723,A0W9ZQ2ABHN5723,JPN,Small Leather Goods,JPY,2026-09-07,70800.00,76500.00,0.0805,increase
a3ea452da472c4c2a68f108adbd96290,Balenciaga_JPN_A0W9ZQTT6H89020,A0W9ZQTT6H89020,JPN,Small Leather Goods,JPY,2026-09-07,66800.00,72100.00,0.0793,increase
7ec4ec25d070e32e7b90cee04bf798a7,Balenciaga_JPN_A0W9ZQTTNFO8122,A0W9ZQTTNFO8122,JPN,Small Leather Goods,JPY,2026-09-07,54200.00,58600.00,0.0812,increase
603478837c6784f08268426a1630a53f,Balenciaga_KOR_5090582ABZK1000,5090582ABZK1000,KOR,Bags,KRW,2026-09-07,4360000.00,4580000.00,0.0505,increase
a1f612c5bee5cf325cfcca5db09d699b,Balenciaga_KOR_509058W7FP09002,509058W7FP09002,KOR,Bags,KRW,2026-09-07,5510000.00,5790000.00,0.0508,increase
228ab8f08762327300fc60608ed95452,Balenciaga_KOR_5123192ABXZ9020,5123192ABXZ9020,KOR,Bags,KRW,2026-09-07,4500000.00,4730000.00,0.0511,increase
a2d8cdf68c1b35733820ef0f982671e2,Balenciaga_KOR_5146274GMIB2533,5146274GMIB2533,KOR,Bags,KRW,2026-09-07,1910000.00,2000000.00,0.0471,increase
a587053ed96f860ece4bb82109c670ce,Balenciaga_KOR_514627TA8D30127,514627TA8D30127,KOR,Bags,KRW,2026-09-07,6430000.00,6750000.00,0.0498,increase
9856729fccd2b95f34d978cdcef7a9df,Balenciaga_KOR_517390210UD1210,517390210UD1210,KOR,Bags,KRW,2026-09-07,5300000.00,5560000.00,0.0491,increase
9e576a385a9957f7765bb69c4ef7829f,Balenciaga_KOR_5173904GKC41210,5173904GKC41210,KOR,Bags,KRW,2026-09-07,2640000.00,2770000.00,0.0492,increase
f4ff82cbd1d868bf10b4b82c2237d9c2,Balenciaga_KOR_517390TT3LZ1240,517390TT3LZ1240,KOR,Bags,KRW,2026-09-07,4490000.00,4720000.00,0.0512,increase
f31af6e101dce40c4388038c0f4fd062,Balenciaga_KOR_517390WIAYH5723,517390WIAYH5723,KOR,Bags,KRW,2026-09-07,2840000.00,2980000.00,0.0493,increase
1be33a343586b532976c2a58a504f680,Balenciaga_KOR_52138621EG84011,52138621EG84011,KOR,Small Leather Goods,KRW,2026-09-07,440000.00,470000.00,0.0682,increase
cb6fe1bfcf9b0e83a205e5110a63537e,Balenciaga_KOR_5239552AJGA1000,5239552AJGA1000,KOR,Accessories,KRW,2026-09-07,2710000.00,2850000.00,0.0517,increase
f0b7a5201a23343c79b5b80948cec666,Balenciaga_KOR_523955WJVHN1090,523955WJVHN1090,KOR,Accessories,KRW,2026-09-07,2800000.00,2940000.00,0.0500,increase
8e44b17abbf33f7da21db60c9fb17275,Balenciaga_KOR_525528TA3V13258,525528TA3V13258,KOR,Bags,KRW,2026-09-07,5010000.00,5260000.00,0.0499,increase
3fd846467a5f2dd77188905f7ee5b03b,Balenciaga_KOR_525528TTLY91000,525528TTLY91000,KOR,Bags,KRW,2026-09-07,3970000.00,4170000.00,0.0504,increase
2a09dedb46cdaa63c16581fd1ac9a07a,Balenciaga_KOR_5265652181K1240,5265652181K1240,KOR,Bags,KRW,2026-09-07,7050000.00,7400000.00,0.0496,increase
a0884a9eb32141c7d70da52049c42ea0,Balenciaga_KOR_5265652ABNJ1000,5265652ABNJ1000,KOR,Bags,KRW,2026-09-07,3990000.00,4190000.00,0.0501,increase
886f780fdb9f907cf263c2fa9d318d28,Balenciaga_KOR_5265652ABRG8122,5265652ABRG8122,KOR,Bags,KRW,2026-09-07,5300000.00,5560000.00,0.0491,increase
842c01c72ecd77369614beb89523ef6e,Balenciaga_KOR_52688321KYV1090,52688321KYV1090,KOR,Bags,KRW,2026-09-07,3870000.00,4060000.00,0.0491,increase
1ff5e0a36bb0453fed7f1cb0674ffdb0,Balenciaga_KOR_5268832ABFW2533,5268832ABFW2533,KOR,Bags,KRW,2026-09-07,8050000.00,8450000.00,0.0497,increase
ac8402c893fffdf9d1fa7726662c7315,Balenciaga_KOR_527313T0VEI2533,527313T0VEI2533,KOR,Small Leather Goods,KRW,2026-09-07,490000.00,510000.00,0.0408,increase
afe4aa7d9e458d082890ebce4e586aba,Balenciaga_KOR_527313TUOCB4011,527313TUOCB4011,KOR,Small Leather Goods,KRW,2026-09-07,490000.00,510000.00,0.0408,increase
d63224cf799d1d2c4da65c49b1acd3bf,Balenciaga_KOR_527313W5X041000,527313W5X041000,KOR,Small Leather Goods,KRW,2026-09-07,880000.00,930000.00,0.0568,increase
7d13f3b0746d8cf96af2806498652e74,Balenciaga_KOR_5286014GP201000,5286014GP201000,KOR,Small Leather Goods,KRW,2026-09-07,480000.00,510000.00,0.0625,increase
cbec7bd27bf7fd3ebae3779510fd021b,Balenciaga_KOR_529971218229000,529971218229000,KOR,Bags,KRW,2026-09-07,2640000.00,2780000.00,0.0530,increase
78f0d099119ec72cb31e7d57794dd59f,Balenciaga_KOR_52997121QBJ4011,52997121QBJ4011,KOR,Bags,KRW,2026-09-07,1200000.00,1260000.00,0.0500,increase
2996d70674f2b474f1a8f57980ca1c9b,Balenciaga_KOR_5299714GOPH5723,5299714GOPH5723,KOR,Bags,KRW,2026-09-07,5000000.00,5250000.00,0.0500,increase
a8fb80b50778d400262341359ec89dbb,Balenciaga_KOR_529971TEYU71000,529971TEYU71000,KOR,Bags,KRW,2026-09-07,2510000.00,2640000.00,0.0518,increase
9f73705f660d397def69419b8b6b4d5d,Balenciaga_KOR_53089821CU23258,53089821CU23258,KOR,Small Leather Goods,KRW,2026-09-07,430000.00,460000.00,0.0698,increase
cb0e9c80f5de98efdf9212cecfd8ed87,Balenciaga_KOR_5308982ABS69000,5308982ABS69000,KOR,Small Leather Goods,KRW,2026-09-07,510000.00,530000.00,0.0392,increase
3d4e3530d9ebbc28cf32f817a9c02180,Balenciaga_KOR_5333164GXRM5723,5333164GXRM5723,KOR,Accessories,KRW,2026-09-07,800000.00,840000.00,0.0500,increase
f3117875fccfee626d9630d281fe66e2,Balenciaga_KOR_533316T75I81084,533316T75I81084,KOR,Accessories,KRW,2026-09-07,1360000.00,1420000.00,0.0441,increase
d0801656d8ecf49da73a3463d90e3c70,Balenciaga_KOR_533654213HK1090,533654213HK1090,KOR,Small Leather Goods,KRW,2026-09-07,1660000.00,1740000.00,0.0482,increase
03b89f7fbb50092873026a898bc1579a,Balenciaga_KOR_53365421G921000,53365421G921000,KOR,Small Leather Goods,KRW,2026-09-07,860000.00,900000.00,0.0465,increase
5814740c6ded4f7a16171f3f19d2fb91,Balenciaga_KOR_533654THV4T1251,533654THV4T1251,KOR,Accessories,KRW,2026-09-07,610000.00,640000.00,0.0492,increase
c8cf42ad8d9f43d4fea888d0f9e408ff,Balenciaga_KOR_53413121R3X1000,53413121R3X1000,KOR,Bags,KRW,2026-09-07,4420000.00,4640000.00,0.0498,increase
95d369ec45bd636e8559257d23f8edcf,Balenciaga_KOR_5341312AZ5Y1210,5341312AZ5Y1210,KOR,Bags,KRW,2026-09-07,4530000.00,4760000.00,0.0508,increase
57c39abc8ffa221105e295af87daa7e6,Balenciaga_KOR_5341314GAPT1000,5341314GAPT1000,KOR,Bags,KRW,2026-09-07,5980000.00,6280000.00,0.0502,increase
9d7c07c490e991abf476ca1bc21c7c3f,Balenciaga_KOR_5341314GI642840,5341314GI642840,KOR,Bags,KRW,2026-09-07,5580000.00,5860000.00,0.0502,increase
c5573d69e92f45676dbe7d349b0bb760,Balenciaga_KOR_534131WS53L2840,534131WS53L2840,KOR,Bags,KRW,2026-09-07,3770000.00,3960000.00,0.0504,increase
cdbc2ad746a1268d9c442c63250e2ae9,Balenciaga_KOR_53659021R122533,53659021R122533,KOR,Bags,KRW,2026-09-07,720000.00,750000.00,0.0417,increase
67c79e90c723e5def67aeeff21f0d993,Balenciaga_KOR_539788TAQB38122,539788TAQB38122,KOR,Bags,KRW,2026-09-07,2520000.00,2650000.00,0.0516,increase
59b00fcc09f2bc0c82ae96406e7faf25,Balenciaga_KOR_539914WQIJ69020,539914WQIJ69020,KOR,Small Leather Goods,KRW,2026-09-07,450000.00,470000.00,0.0444,increase
41595439af740d72f405b60d4780800f,Balenciaga_KOR_54096221JKJ5723,54096221JKJ5723,KOR,Small Leather Goods,KRW,2026-09-07,570000.00,600000.00,0.0526,increase
bb3ddb99c88666f1c606780dc6e7195f,Balenciaga_KOR_54096221R8F1000,54096221R8F1000,KOR,Small Leather Goods,KRW,2026-09-07,620000.00,650000.00,0.0484,increase
37a629f6c58a4344e78d252f07d094e6,Balenciaga_KOR_5409624GX4F1000,5409624GX4F1000,KOR,Small Leather Goods,KRW,2026-09-07,1690000.00,1770000.00,0.0473,increase
043fc304a18c9770c946d890caf93070,Balenciaga_KOR_540962T5NE71210,540962T5NE71210,KOR,Small Leather Goods,KRW,2026-09-07,490000.00,520000.00,0.0612,increase
e7cf800510ea3a18e062baa0b76d86a4,Balenciaga_KOR_540962TTG124200,540962TTG124200,KOR,Small Leather Goods,KRW,2026-09-07,460000.00,490000.00,0.0652,increase
49db0533a687b4d918b2cf7981900ec1,Balenciaga_KOR_540962WD2T71251,540962WD2T71251,KOR,Small Leather Goods,KRW,2026-09-07,1550000.00,1630000.00,0.0516,increase
7a70c188bc9a700e812c517b65eaaeb6,Balenciaga_KOR_54300421W5L1000,54300421W5L1000,KOR,Accessories,KRW,2026-09-07,410000.00,460000.00,0.1220,increase
02a76945c0a306986f8272878f615487,Balenciaga_KOR_5433214G4QH1240,5433214G4QH1240,KOR,Bags,KRW,2026-09-07,2500000.00,2630000.00,0.0520,increase
9d07168b08f18ac5a9a9961cc888bf60,Balenciaga_KOR_543321TT8F11000,543321TT8F11000,KOR,Bags,KRW,2026-09-07,4510000.00,4740000.00,0.0510,increase
47355b646c21810a62e3e6349f826d3e,Balenciaga_KOR_543321TTJN28122,543321TTJN28122,KOR,Bags,KRW,2026-09-07,4480000.00,4700000.00,0.0491,increase
8d02ed0a9225b5e47e0d21cf4feddb03,Balenciaga_KOR_543321W65TT1000,543321W65TT1000,KOR,Bags,KRW,2026-09-07,2750000.00,2890000.00,0.0509,increase
256d27b070ba6875edbe01f542fa9bd8,Balenciaga_KOR_54493221SAD1000,54493221SAD1000,KOR,Bags,KRW,2026-09-07,2150000.00,2260000.00,0.0512,increase
2c212988a38da3a0534c5f539fe6ca1e,Balenciaga_KOR_5449322AYZX0911,5449322AYZX0911,KOR,Bags,KRW,2026-09-07,3640000.00,3820000.00,0.0495,increase
4b3899a20a4f0050816c0cf11c861531,Balenciaga_KOR_5449324G4HJ0926,5449324G4HJ0926,KOR,Bags,KRW,2026-09-07,1430000.00,1500000.00,0.0490,increase
f0be7d582e5167721e6850010a42a3f5,Balenciaga_KOR_5449324GQLA8065,5449324GQLA8065,KOR,Bags,KRW,2026-09-07,3180000.00,3340000.00,0.0503,increase
17d8b90c4695a72a814fb898a4a456cf,Balenciaga_KOR_5449324GWV24011,5449324GWV24011,KOR,Bags,KRW,2026-09-07,4670000.00,4910000.00,0.0514,increase
470570403ee465283e512d6dca1d5385,Balenciaga_KOR_544932W60MX2840,544932W60MX2840,KOR,Bags,KRW,2026-09-07,2710000.00,2840000.00,0.0480,increase
47ac072888910e39afbf6a687b6f2f96,Balenciaga_KOR_546998213YO9104,546998213YO9104,KOR,Bags,KRW,2026-09-07,600000.00,630000.00,0.0500,increase
3c306251afb89e5f2d084d705fe22a97,Balenciaga_KOR_5469982ABEE9002,5469982ABEE9002,KOR,Bags,KRW,2026-09-07,1300000.00,1360000.00,0.0462,increase
343ac7e25e05f8de62b6bc8fd09320a9,Balenciaga_KOR_5482214GQV51000,5482214GQV51000,KOR,Bags,KRW,2026-09-07,3880000.00,4080000.00,0.0515,increase
3bdd01621e54b5809cc003d060d038a7,Balenciaga_KOR_552358T6AME4011,552358T6AME4011,KOR,Bags,KRW,2026-09-07,3670000.00,3850000.00,0.0490,increase
e79fd0efdaeefa04516dcfaabcf032c8,Balenciaga_KOR_553957WO6SQ1251,553957WO6SQ1251,KOR,Small Leather Goods,KRW,2026-09-07,610000.00,640000.00,0.0492,increase
bb898fae76411458c3e68b1e81ef71d0,Balenciaga_KOR_55430321CYU1240,55430321CYU1240,KOR,Bags,KRW,2026-09-07,3460000.00,3630000.00,0.0491,increase
ff1a85867c547463a1a666d6820131a0,Balenciaga_KOR_5543034GFF51000,5543034GFF51000,KOR,Bags,KRW,2026-09-07,6750000.00,7090000.00,0.0504,increase
75fb960f5558e3a8d140df96d7be1bc6,Balenciaga_KOR_554303TCULN5723,554303TCULN5723,KOR,Bags,KRW,2026-09-07,2520000.00,2640000.00,0.0476,increase
10158d6435f39d8988d2e6e50b4e3ce8,Balenciaga_KOR_554303WHAQI0926,554303WHAQI0926,KOR,Bags,KRW,2026-09-07,3710000.00,3900000.00,0.0512,increase
b6962de069d4df0037481b0b1635d93d,Balenciaga_KOR_558209WQ28U8122,558209WQ28U8122,KOR,Small Leather Goods,KRW,2026-09-07,850000.00,890000.00,0.0471,increase
5c7d4a8b0a35011aacb4a62064181dec,Balenciaga_KOR_560831T8TK91000,560831T8TK91000,KOR,Bags,KRW,2026-09-07,2810000.00,2950000.00,0.0498,increase
38e3679b3d20677b64f78c92eed0f6be,Balenciaga_KOR_560831TT4RI5723,560831TT4RI5723,KOR,Bags,KRW,2026-09-07,2570000.00,2700000.00,0.0506,increase
f99e38408f37fa27819384e67624af49,Balenciaga_KOR_5628362AZUH1000,5628362AZUH1000,KOR,Bags,KRW,2026-09-07,6420000.00,6740000.00,0.0498,increase
fa4c1289f6ed0a2218f3fc34a9dfbd35,Balenciaga_KOR_5628364GG1K4011,5628364GG1K4011,KOR,Bags,KRW,2026-09-07,4890000.00,5140000.00,0.0511,increase
e46f7442e2ae484819dd3955367d0506,Balenciaga_KOR_562836TTSKW3258,562836TTSKW3258,KOR,Bags,KRW,2026-09-07,2840000.00,2980000.00,0.0493,increase
b4434db8e52c3bba76e0b3bd753cb1e8,Balenciaga_KOR_562836TXYUY1210,562836TXYUY1210,KOR,Bags,KRW,2026-09-07,5180000.00,5430000.00,0.0483,increase
a434fe71f523fcdb6e7ffa4d9beea56a,Balenciaga_KOR_5678242AIHF1000,5678242AIHF1000,KOR,Bags,KRW,2026-09-07,5060000.00,5310000.00,0.0494,increase
3b20fbcb11df4915a2839e0f60c56db0,Balenciaga_KOR_567824WUMAJ8065,567824WUMAJ8065,KOR,Bags,KRW,2026-09-07,4520000.00,4740000.00,0.0487,increase
8b3d2c804d6a18eb9663ee96d69b0d95,Balenciaga_KOR_57372021BEH1000,57372021BEH1000,KOR,Bags,KRW,2026-09-07,3990000.00,4190000.00,0.0501,increase
dd4a8ef7ebf6513efa60e57ea6e5c733,Balenciaga_KOR_5737202AWYK1000,5737202AWYK1000,KOR,Bags,KRW,2026-09-07,3020000.00,3180000.00,0.0530,increase
81071d5c360435effb078bb577ac8fbe,Balenciaga_KOR_5851324GHQ51090,5851324GHQ51090,KOR,Bags,KRW,2026-09-07,1960000.00,2060000.00,0.0510,increase
801fbe5051fdc084954b5b336f99f787,Balenciaga_KOR_585132TTBXP1090,585132TTBXP1090,KOR,Bags,KRW,2026-09-07,4310000.00,4530000.00,0.0510,increase
6326a5cf644bf85362046c4a762d2424,Balenciaga_KOR_5856092AB8R1000,5856092AB8R1000,KOR,Bags,KRW,2026-09-07,3350000.00,3520000.00,0.0507,increase
52cd00aa6c45726ed153bb07107e957b,Balenciaga_KOR_5861342A5ZF2533,5861342A5ZF2533,KOR,Bags,KRW,2026-09-07,4730000.00,4960000.00,0.0486,increase
3dec484b128d6e22c4a93967eed97aec,Balenciaga_KOR_5861342ABDK1000,5861342ABDK1000,KOR,Bags,KRW,2026-09-07,5160000.00,5420000.00,0.0504,increase
76a60aaf452a40b98a888f1b375e597a,Balenciaga_KOR_586134THIHP4200,586134THIHP4200,KOR,Bags,KRW,2026-09-07,4640000.00,4870000.00,0.0496,increase
91979e0f0e77bd1bcea87d26892dd6e7,Balenciaga_KOR_5861462ABI32533,5861462ABI32533,KOR,Bags,KRW,2026-09-07,3840000.00,4030000.00,0.0495,increase
ae070c9905349ad709f939f471f3a34c,Balenciaga_KOR_586146TO7IY1210,586146TO7IY1210,KOR,Bags,KRW,2026-09-07,3770000.00,3960000.00,0.0504,increase
74647dc0b23b1109766a1c1c6a598c6a,Balenciaga_KOR_586146TRVHI2533,586146TRVHI2533,KOR,Bags,KRW,2026-09-07,4530000.00,4750000.00,0.0486,increase
bbb8af458aa3d271501e96c93956bbb0,Balenciaga_KOR_586146TTWU21240,586146TTWU21240,KOR,Bags,KRW,2026-09-07,3700000.00,3880000.00,0.0486,increase
9206255d76aa7757483cdeca5e71e9d6,Balenciaga_KOR_586146W1WP65723,586146W1WP65723,KOR,Bags,KRW,2026-09-07,4510000.00,4740000.00,0.0510,increase
8be2972937d680ff0b638b182972e803,Balenciaga_KOR_586146WBD2S8122,586146WBD2S8122,KOR,Bags,KRW,2026-09-07,2950000.00,3090000.00,0.0475,increase
d22ee4d6697ece5e238fcaec0026319a,Balenciaga_KOR_58737121E5Q1000,58737121E5Q1000,KOR,Bags,KRW,2026-09-07,4520000.00,4740000.00,0.0487,increase
470de768f5482be65bd8dd16d94730e5,Balenciaga_KOR_5898034GZAD1000,5898034GZAD1000,KOR,Bags,KRW,2026-09-07,4790000.00,5030000.00,0.0501,increase
820eda8d65d27a72cadb7939fdb75a24,Balenciaga_KOR_589803TTLSW4011,589803TTLSW4011,KOR,Bags,KRW,2026-09-07,3310000.00,3480000.00,0.0514,increase
5d8cf63e934757afdbabf4d5cf2b45dc,Balenciaga_KOR_5919172AZ1O5723,5919172AZ1O5723,KOR,Small Leather Goods,KRW,2026-09-07,470000.00,490000.00,0.0426,increase
f7a2bc812c26c1be98675c9d35b84528,Balenciaga_KOR_5919174GT0G9000,5919174GT0G9000,KOR,Small Leather Goods,KRW,2026-09-07,770000.00,810000.00,0.0519,increase
466db1d5a6bec04d944cb74a254e2507,Balenciaga_KOR_591917W3LVJ1000,591917W3LVJ1000,KOR,Small Leather Goods,KRW,2026-09-07,830000.00,870000.00,0.0482,increase
566aa03fcf1b13ec9f79d0e0c4dd501d,Balenciaga_KOR_596501218XT4200,596501218XT4200,KOR,Bags,KRW,2026-09-07,4630000.00,4860000.00,0.0497,increase
2974bda16421f4165ed5a478b193f758,Balenciaga_KOR_59650121J5P2533,59650121J5P2533,KOR,Bags,KRW,2026-09-07,4550000.00,4780000.00,0.0505,increase
97c96dd1cff84702c8cb29b280570bac,Balenciaga_KOR_596501TY52T1000,596501TY52T1000,KOR,Bags,KRW,2026-09-07,3660000.00,3840000.00,0.0492,increase
0035fe5f1a59dc4a78ad9adf5971389b,Balenciaga_KOR_596501W8PY42840,596501W8PY42840,KOR,Bags,KRW,2026-09-07,3390000.00,3560000.00,0.0501,increase
7b9033f0805d99b83e093806a65b843b,Balenciaga_KOR_600325214860911,600325214860911,KOR,Bags,KRW,2026-09-07,2840000.00,2980000.00,0.0493,increase
abd0739fbdf64d32dc1226e14d10dc8e,Balenciaga_KOR_6003254G0R28122,6003254G0R28122,KOR,Bags,KRW,2026-09-07,3010000.00,3160000.00,0.0498,increase
df4b51d9c4463edc67b4dd3d9f542726,Balenciaga_KOR_600325TT4SF1000,600325TT4SF1000,KOR,Bags,KRW,2026-09-07,4500000.00,4720000.00,0.0489,increase
61d867eb33d672218b0cf12618abd94c,Balenciaga_KOR_6039712AHBR3258,6039712AHBR3258,KOR,Bags,KRW,2026-09-07,4330000.00,4550000.00,0.0508,increase
2f0f7e806b2704b0c2bbf40f0071bd83,Balenciaga_KOR_6039714G6ZW1090,6039714G6ZW1090,KOR,Bags,KRW,2026-09-07,16290000.00,17100000.00,0.0497,increase
f42d505e29ee3e9f0dcea736c082a5b7,Balenciaga_KOR_604342219829104,604342219829104,KOR,Accessories,KRW,2026-09-07,3000000.00,3160000.00,0.0533,increase
bcd359aab042220e3f501eff30453094,Balenciaga_KOR_6043422ABBQ0911,6043422ABBQ0911,KOR,Accessories,KRW,2026-09-07,2830000.00,2970000.00,0.0495,increase
b483aab94406bac43ab570c069438c67,Balenciaga_KOR_6043424G58X9000,6043424G58X9000,KOR,Accessories,KRW,2026-09-07,6750000.00,7090000.00,0.0504,increase
58eee9679aa39de113328884a83e0fc6,Balenciaga_KOR_604342TN9E49000,604342TN9E49000,KOR,Accessories,KRW,2026-09-07,3350000.00,3520000.00,0.0507,increase
52cc43cf28680776673e27fa77c38cab,Balenciaga_KOR_605291218ME1000,605291218ME1000,KOR,Small Leather Goods,KRW,2026-09-07,610000.00,640000.00,0.0492,increase
76e44ab1cebd6b6ae60ef1554c5dd46c,Balenciaga_KOR_6052912ABSR1210,6052912ABSR1210,KOR,Small Leather Goods,KRW,2026-09-07,690000.00,720000.00,0.0435,increase
74afa3f2d891a760698cb28af0661d1c,Balenciaga_KOR_6067874GSEE1084,6067874GSEE1084,KOR,Bags,KRW,2026-09-07,4150000.00,4360000.00,0.0506,increase
ce80a4690231fc64a16de24b90de54d4,Balenciaga_KOR_606787WJ1DK1251,606787WJ1DK1251,KOR,Bags,KRW,2026-09-07,3310000.00,3470000.00,0.0483,increase
1d45b2463214c06d76c30128bf305a25,Balenciaga_KOR_6068722A74C0911,6068722A74C0911,KOR,Small Leather Goods,KRW,2026-09-07,670000.00,700000.00,0.0448,increase
417d3948aca6fb657d93c7e1cae867b7,Balenciaga_KOR_606872TJ2VY9000,606872TJ2VY9000,KOR,Bags,KRW,2026-09-07,1210000.00,1270000.00,0.0496,increase
69f352c5a05950eebcbc3da1b76d8591,Balenciaga_KOR_606872TTD4I1000,606872TTD4I1000,KOR,Small Leather Goods,KRW,2026-09-07,840000.00,880000.00,0.0476,increase
5f5c17fae5f2f848fb6b2933b082f48d,Balenciaga_KOR_606872WCITL8065,606872WCITL8065,KOR,Accessories,KRW,2026-09-07,440000.00,460000.00,0.0455,increase
12d62469039017fbb98a2190e5600419,Balenciaga_KOR_6081552A3911090,6081552A3911090,KOR,Bags,KRW,2026-09-07,1120000.00,1170000.00,0.0446,increase
288643aa9b10f2d9e02656876c800038,Balenciaga_KOR_6090452AB6B0926,6090452AB6B0926,KOR,Small Leather Goods,KRW,2026-09-07,590000.00,620000.00,0.0508,increase
13c68c6579e8527856c5c108dc840370,Balenciaga_KOR_6090454GFZ40926,6090454GFZ40926,KOR,Small Leather Goods,KRW,2026-09-07,1430000.00,1500000.00,0.0490,increase
62d3a377cc6a57b6488c2ca1f83ac994,Balenciaga_KOR_60976421CA79000,60976421CA79000,KOR,Accessories,KRW,2026-09-07,1150000.00,1210000.00,0.0522,increase
17413ad3440e3c028078ff29015ddf9a,Balenciaga_KOR_6097644GYE99104,6097644GYE99104,KOR,Accessories,KRW,2026-09-07,610000.00,640000.00,0.0492,increase
27c245ae837ccb8edf0290b1c1ee1bca,Balenciaga_KOR_609764W580V9002,609764W580V9002,KOR,Accessories,KRW,2026-09-07,820000.00,860000.00,0.0488,increase
babb7206a240f21fb405eb2497527c70,Balenciaga_KOR_6106004GZJF9104,6106004GZJF9104,KOR,Bags,KRW,2026-09-07,2700000.00,2830000.00,0.0481,increase
befc29bc3e62d2918bcb2831d4bd2438,Balenciaga_KOR_610600WI7Z98065,610600WI7Z98065,KOR,Bags,KRW,2026-09-07,1350000.00,1420000.00,0.0519,increase
69d24d567c7fa61b5f5286011d126057,Balenciaga_KOR_6115974G4912308,6115974G4912308,KOR,Bags,KRW,2026-09-07,1710000.00,1800000.00,0.0526,increase
5a6f14887d0e62b35e2cb9f621691eee,Balenciaga_KOR_614404TT16Q1251,614404TT16Q1251,KOR,Bags,KRW,2026-09-07,4190000.00,4400000.00,0.0501,increase
87ad3c06423f6092f888e01b622194ab,Balenciaga_KOR_615434215P10926,615434215P10926,KOR,Bags,KRW,2026-09-07,6920000.00,7270000.00,0.0506,increase
7771ef0db1df36b56522b0ca5cb8d052,Balenciaga_KOR_6154342AB0Q2533,6154342AB0Q2533,KOR,Bags,KRW,2026-09-07,4250000.00,4470000.00,0.0518,increase
e9acaeb6db9cac47115f442bf8bf6f59,Balenciaga_KOR_6154342AFAB4011,6154342AFAB4011,KOR,Bags,KRW,2026-09-07,3360000.00,3530000.00,0.0506,increase
33239303dcf098d685f9bff5894912d2,Balenciaga_KOR_6154344GBXM0926,6154344GBXM0926,KOR,Bags,KRW,2026-09-07,3850000.00,4050000.00,0.0519,increase
fb268383baad15d708435b0d357d1b5d,Balenciaga_KOR_6154344GF5T2308,6154344GF5T2308,KOR,Bags,KRW,2026-09-07,2990000.00,3140000.00,0.0502,increase
08d5e68f62e927c4908f47f640a86848,Balenciaga_KOR_615434TT9YP0127,615434TT9YP0127,KOR,Bags,KRW,2026-09-07,2990000.00,3140000.00,0.0502,increase
9eb70a1176ef5be9a8d07ff112ff07ad,Balenciaga_KOR_6181802A8GI8065,6181802A8GI8065,KOR,Accessories,KRW,2026-09-07,2380000.00,2500000.00,0.0504,increase
3e96cc98c55d939aae29f75d0661c5de,Balenciaga_KOR_6181802ABRM1084,6181802ABRM1084,KOR,Accessories,KRW,2026-09-07,2240000.00,2350000.00,0.0491,increase
a1b1e4c13159991aa2148d1a7e66e94a,Balenciaga_KOR_618809TH1H49020,618809TH1H49020,KOR,Small Leather Goods,KRW,2026-09-07,2360000.00,2480000.00,0.0508,increase
a2d40c44d9d325bb737995441c2dfcb0,Balenciaga_KOR_618809WDY7T2840,618809WDY7T2840,KOR,Small Leather Goods,KRW,2026-09-07,6310000.00,6620000.00,0.0491,increase
2a1e260539c80b6ce279804635861210,Balenciaga_KOR_61979921UMQ9000,61979921UMQ9000,KOR,Small Leather Goods,KRW,2026-09-07,640000.00,670000.00,0.0469,increase
7efe451b867fd2b3e4a914fdf39ec5f9,Balenciaga_KOR_6197992ABGI2840,6197992ABGI2840,KOR,Small Leather Goods,KRW,2026-09-07,430000.00,460000.00,0.0698,increase
3e87d24b4e931f06a0550c4c58f78ce7,Balenciaga_KOR_6200252AB6C2840,6200252AB6C2840,KOR,Bags,KRW,2026-09-07,3600000.00,3780000.00,0.0500,increase
8197be89175e7bddd93e3a62cfb601e8,Balenciaga_KOR_620025TTOCR3258,620025TTOCR3258,KOR,Bags,KRW,2026-09-07,4290000.00,4510000.00,0.0513,increase
81e22d24c7d6d41a971c02e6b7380f84,Balenciaga_KOR_6206382A28F2533,6206382A28F2533,KOR,Bags,KRW,2026-09-07,4570000.00,4800000.00,0.0503,increase
69d6d65d377844e38e1619fb479f4288,Balenciaga_KOR_62422121YB51240,62422121YB51240,KOR,Bags,KRW,2026-09-07,820000.00,860000.00,0.0488,increase
f0e451ff06e81cc567b57a2363b1b79f,Balenciaga_KOR_624221TTQWM8065,624221TTQWM8065,KOR,Bags,KRW,2026-09-07,860000.00,900000.00,0.0465,increase
9ccfb1be681af244ff8273e6f7edb112,Balenciaga_KOR_624221WD4EL9020,624221WD4EL9020,KOR,Bags,KRW,2026-09-07,1900000.00,2000000.00,0.0526,increase
d6134446e54966e893c381039761b737,Balenciaga_KOR_6257174GF6W2533,6257174GF6W2533,KOR,Small Leather Goods,KRW,2026-09-07,380000.00,400000.00,0.0526,increase
e33ebb5c70a43fd56adfb19542ade60c,Balenciaga_KOR_627903TTOKK2840,627903TTOKK2840,KOR,Bags,KRW,2026-09-07,600000.00,630000.00,0.0500,increase
07e93a2781a93d44f22e342364947cdf,Balenciaga_KOR_6305072110B1041,6305072110B1041,KOR,Bags,KRW,2026-09-07,6280000.00,6600000.00,0.0510,increase
1f9e0b131318e2a7a6eafddcc40342c2,Balenciaga_KOR_63050721WLN1251,63050721WLN1251,KOR,Bags,KRW,2026-09-07,2970000.00,3120000.00,0.0505,increase
fd8e0ff08b3c3dd2237a3b573644dc3c,Balenciaga_KOR_630507WVDSS9002,630507WVDSS9002,KOR,Bags,KRW,2026-09-07,4950000.00,5190000.00,0.0485,increase
725782c4dd883406144e989547805600,Balenciaga_KOR_630507WZAMO2533,630507WZAMO2533,KOR,Bags,KRW,2026-09-07,6280000.00,6590000.00,0.0494,increase
26709f817ec9579aece2e35d3f2c4085,Balenciaga_KOR_6319002AAW31090,6319002AAW31090,KOR,Bags,KRW,2026-09-07,3160000.00,3320000.00,0.0506,increase
bb2a10f625185079a9b79311781737d5,Balenciaga_KOR_6319002ABTX1000,6319002ABTX1000,KOR,Bags,KRW,2026-09-07,4590000.00,4820000.00,0.0501,increase
212829cf73eeaba84ae92f91ca086a6a,Balenciaga_KOR_6319002AWRE9104,6319002AWRE9104,KOR,Bags,KRW,2026-09-07,4220000.00,4430000.00,0.0498,increase
d591af2764334006f1ce3d73b6e3c49d,Balenciaga_KOR_6319004GBUF5723,6319004GBUF5723,KOR,Bags,KRW,2026-09-07,4540000.00,4770000.00,0.0507,increase
6a7c4297f8c1ec097cd00f9e9100d9a8,Balenciaga_KOR_631900TT6TA9000,631900TT6TA9000,KOR,Bags,KRW,2026-09-07,3300000.00,3470000.00,0.0515,increase
fe6e6714a3986f756733642105b0bd41,Balenciaga_KOR_631900TTHUH1000,631900TTHUH1000,KOR,Bags,KRW,2026-09-07,3680000.00,3870000.00,0.0516,increase
23eeb7e3e044affa3d6892e91138a955,Balenciaga_KOR_631900TTM6O1000,631900TTM6O1000,KOR,Bags,KRW,2026-09-07,4760000.00,4990000.00,0.0483,increase
a651ffda6a7d7245834da31e1b2d3840,Balenciaga_KOR_631900WDUX21090,631900WDUX21090,KOR,Bags,KRW,2026-09-07,5350000.00,5610000.00,0.0486,increase
2246365c6d87f7b533d13edc3af5de19,Balenciaga_KOR_631900WFXVH1000,631900WFXVH1000,KOR,Bags,KRW,2026-09-07,3860000.00,4060000.00,0.0518,increase
4acc2911bf5844fe93656123e31f0ac8,Balenciaga_KOR_63238321K5N1090,63238321K5N1090,KOR,Small Leather Goods,KRW,2026-09-07,5690000.00,5970000.00,0.0492,increase
c2ddd04a1acd87e3cb270c4bca94ea47,Balenciaga_KOR_6341232ABT41041,6341232ABT41041,KOR,Bags,KRW,2026-09-07,1970000.00,2070000.00,0.0508,increase
1d146174da0d759fe0d9eb3afe0afe86,Balenciaga_KOR_634123TF2SO0911,634123TF2SO0911,KOR,Bags,KRW,2026-09-07,2330000.00,2450000.00,0.0515,increase
dbd606007ead0c140f6a88a11ec157d0,Balenciaga_KOR_634123TTEWD5723,634123TTEWD5723,KOR,Bags,KRW,2026-09-07,5030000.00,5280000.00,0.0497,increase
0396770c0c84c8895e926a734a95609f,Balenciaga_KOR_639916T3NGA1000,639916T3NGA1000,KOR,Small Leather Goods,KRW,2026-09-07,2880000.00,3020000.00,0.0486,increase
b5778949933324f25a17807248bc0bd6,Balenciaga_KOR_6482272AB7M0127,6482272AB7M0127,KOR,Bags,KRW,2026-09-07,1430000.00,1500000.00,0.0490,increase
746fb62bc9593a25e409c244142b8084,Balenciaga_KOR_648227WHLJF3258,648227WHLJF3258,KOR,Bags,KRW,2026-09-07,4810000.00,5050000.00,0.0499,increase
6dd803ab13491dc0192c747f634c5d45,Balenciaga_KOR_65021421L5I4200,65021421L5I4200,KOR,Small Leather Goods,KRW,2026-09-07,600000.00,630000.00,0.0500,increase
e2a1e71ca351fa757318285c9c2ef544,Balenciaga_KOR_65463321I4N1000,65463321I4N1000,KOR,Bags,KRW,2026-09-07,1370000.00,1440000.00,0.0511,increase
e4826f33d595be282dd43377891d1a8c,Balenciaga_KOR_6582622A6FA9020,6582622A6FA9020,KOR,Bags,KRW,2026-09-07,2560000.00,2690000.00,0.0508,increase
a6e34f2856895bcb479f3c4f48ef290d,Balenciaga_KOR_658262W7ZM61090,658262W7ZM61090,KOR,Bags,KRW,2026-09-07,700000.00,740000.00,0.0571,increase
07d3cd2d27d55821979f74c7ed036178,Balenciaga_KOR_6595782AB1G2533,6595782AB1G2533,KOR,Bags,KRW,2026-09-07,470000.00,490000.00,0.0426,increase
28461263f47033786b616dcb0ea60e64,Balenciaga_KOR_659578WTHGI0127,659578WTHGI0127,KOR,Bags,KRW,2026-09-07,640000.00,670000.00,0.0469,increase
f554c34cf017c57063682fce23b711d1,Balenciaga_KOR_664769WDPAE8065,664769WDPAE8065,KOR,Bags,KRW,2026-09-07,3350000.00,3520000.00,0.0507,increase
726959d49c7ebd9f950478257abe656e,Balenciaga_KOR_6661592ABB71000,6661592ABB71000,KOR,Small Leather Goods,KRW,2026-09-07,1400000.00,1470000.00,0.0500,increase
1c70b34fa7d029a04e5a2b81abdaee93,Balenciaga_KOR_666159TT9KL9000,666159TT9KL9000,KOR,Small Leather Goods,KRW,2026-09-07,440000.00,460000.00,0.0455,increase
243ea4c7df9bdea3f799b9ae6f0c4588,Balenciaga_KOR_668213WBX4D2533,668213WBX4D2533,KOR,Bags,KRW,2026-09-07,4260000.00,4470000.00,0.0493,increase
bc2dd2590a1ca5fe3c09502ce1caafc9,Balenciaga_KOR_6703942ADO60911,6703942ADO60911,KOR,Small Leather Goods,KRW,2026-09-07,600000.00,630000.00,0.0500,increase
d854c29d857a18d8a99ebd973ad4b5f9,Balenciaga_KOR_6703942AJWP9002,6703942AJWP9002,KOR,Small Leather Goods,KRW,2026-09-07,450000.00,470000.00,0.0444,increase
1f2f942839c1abaeeb0d4a6858ad0811,Balenciaga_KOR_6703944GWYS4200,6703944GWYS4200,KOR,Small Leather Goods,KRW,2026-09-07,550000.00,580000.00,0.0545,increase
a930879e60c485856f56f24630e224c2,Balenciaga_KOR_6704764GD9W5723,6704764GD9W5723,KOR,Bags,KRW,2026-09-07,690000.00,720000.00,0.0435,increase
efa89f0d6f6998f071aa69d86f9e48d8,Balenciaga_KOR_67679221VL61210,67679221VL61210,KOR,Bags,KRW,2026-09-07,3890000.00,4080000.00,0.0488,increase
9251d6858fc257244ef9474b9916d684,Balenciaga_KOR_6767922AB4K1090,6767922AB4K1090,KOR,Bags,KRW,2026-09-07,2480000.00,2610000.00,0.0524,increase
8401d463c1296d5e9b0604122ad114e7,Balenciaga_KOR_6767922APFE1000,6767922APFE1000,KOR,Bags,KRW,2026-09-07,3430000.00,3600000.00,0.0496,increase
e5d47aacc84ef6d65888ce891c342250,Balenciaga_KOR_6778232A4ZU9020,6778232A4ZU9020,KOR,Bags,KRW,2026-09-07,4010000.00,4210000.00,0.0499,increase
a1998b72c67a60c93a1cd8635447a2cb,Balenciaga_KOR_6778234GNKV1000,6778234GNKV1000,KOR,Bags,KRW,2026-09-07,3410000.00,3580000.00,0.0499,increase
8cd1e47a42b3d0ddda76d028ac81a598,Balenciaga_KOR_677823TPXBN1090,677823TPXBN1090,KOR,Bags,KRW,2026-09-07,5160000.00,5420000.00,0.0504,increase
45b3f988be2711c5f856df4e3c8dd318,Balenciaga_KOR_6786802AEJ81000,6786802AEJ81000,KOR,Small Leather Goods,KRW,2026-09-07,3570000.00,3750000.00,0.0504,increase
6fd43184e4b1810f83c6207b7f61cb06,Balenciaga_KOR_6869382ABCP0911,6869382ABCP0911,KOR,Bags,KRW,2026-09-07,3900000.00,4100000.00,0.0513,increase
aa26f49fd470a90c1ded345f0ccab5ab,Balenciaga_KOR_6871014GGDU8122,6871014GGDU8122,KOR,Bags,KRW,2026-09-07,1980000.00,2080000.00,0.0505,increase
c9d80bc8f8fc33fe0bf75649258d69e8,Balenciaga_KOR_687101TK1EY1000,687101TK1EY1000,KOR,Bags,KRW,2026-09-07,4840000.00,5080000.00,0.0496,increase
07de8260d0a2aab3cc582528436402f4,Balenciaga_KOR_687101TTS681000,687101TTS681000,KOR,Bags,KRW,2026-09-07,3390000.00,3560000.00,0.0501,increase
31da8cfc03eccf1b0ba0405794a1b956,Balenciaga_KOR_6873682AB3L1000,6873682AB3L1000,KOR,Bags,KRW,2026-09-07,6450000.00,6770000.00,0.0496,increase
d2a2d5959dd45fd83b0b08cc11ac92e5,Balenciaga_KOR_6873682ABYE2308,6873682ABYE2308,KOR,Bags,KRW,2026-09-07,5040000.00,5290000.00,0.0496,increase
fa31c9b6c7744ca8f746aca585cead24,Balenciaga_KOR_687755TT6SC1090,687755TT6SC1090,KOR,Small Leather Goods,KRW,2026-09-07,960000.00,1010000.00,0.0521,increase
97871d267c06131de6755583eb419808,Balenciaga_KOR_687755WZQV70926,687755WZQV70926,KOR,Small Leather Goods,KRW,2026-09-07,750000.00,780000.00,0.0400,increase
90783f7cc28760ba9cd454624ec5a6ef,Balenciaga_KOR_690455WM0LO0926,690455WM0LO0926,KOR,Small Leather Goods,KRW,2026-09-07,1400000.00,1480000.00,0.0571,increase
4b22d42c26765b097e052d47978d4b00,Balenciaga_KOR_690455WV5SI9002,690455WV5SI9002,KOR,Small Leather Goods,KRW,2026-09-07,1850000.00,1940000.00,0.0486,increase
991a02e4133b9d07b9a7c2b4ebe4bd9d,Balenciaga_KOR_698478T6LAH9020,698478T6LAH9020,KOR,Bags,KRW,2026-09-07,6710000.00,7040000.00,0.0492,increase
43af44f2c37bbdc5ce48f9578b49ca49,Balenciaga_KOR_698478TK52K4200,698478TK52K4200,KOR,Bags,KRW,2026-09-07,1260000.00,1330000.00,0.0556,increase
75dc6eed38e43c9eaf142d0265ee4da5,Balenciaga_KOR_698478WAG0O0911,698478WAG0O0911,KOR,Bags,KRW,2026-09-07,1310000.00,1380000.00,0.0534,increase
3a0a6c250a8c27d14dd4bd5127b5c8ab,Balenciaga_KOR_706014TT5D61000,706014TT5D61000,KOR,Bags,KRW,2026-09-07,770000.00,810000.00,0.0519,increase
ae9727eef3a1ece10796b3f53f156819,Balenciaga_KOR_706014TTHIA8065,706014TTHIA8065,KOR,Bags,KRW,2026-09-07,760000.00,790000.00,0.0395,increase
9b37c47f0d95130170f981ce3dfce6d6,Balenciaga_KOR_706014TV8UH1084,706014TV8UH1084,KOR,Bags,KRW,2026-09-07,1230000.00,1290000.00,0.0488,increase
8a1474acc00776834696dd9a9a9676ba,Balenciaga_KOR_7066122A50P3258,7066122A50P3258,KOR,Small Leather Goods,KRW,2026-09-07,1660000.00,1740000.00,0.0482,increase
def67fc132f3d56a3151bd07fa530a31,Balenciaga_KOR_7066122AB3X1000,7066122AB3X1000,KOR,Small Leather Goods,KRW,2026-09-07,1670000.00,1750000.00,0.0479,increase
8643843018a1e30d01c6d3deed307773,Balenciaga_KOR_706612TTDZG0926,706612TTDZG0926,KOR,Small Leather Goods,KRW,2026-09-07,1240000.00,1310000.00,0.0565,increase
822cb33ef22051770ddc391a89b6eac1,Balenciaga_KOR_706612WBFE11090,706612WBFE11090,KOR,Small Leather Goods,KRW,2026-09-07,480000.00,500000.00,0.0417,increase
6f6ffc9cc71c3b990c01a6e277c95b3c,Balenciaga_KOR_7089882AB993258,7089882AB993258,KOR,Small Leather Goods,KRW,2026-09-07,930000.00,970000.00,0.0430,increase
d2addaf3c9ab61afc1189b31fc4ab5af,Balenciaga_KOR_7089882ABJZ1251,7089882ABJZ1251,KOR,Small Leather Goods,KRW,2026-09-07,1140000.00,1190000.00,0.0439,increase
c88c701cfa732d05b337f5beebd984c7,Balenciaga_KOR_71088921W3O1240,71088921W3O1240,KOR,Small Leather Goods,KRW,2026-09-07,840000.00,880000.00,0.0476,increase
0f79f6195264fa213e1cf3c8da5a6253,Balenciaga_KOR_7108894GUHQ1000,7108894GUHQ1000,KOR,Small Leather Goods,KRW,2026-09-07,860000.00,900000.00,0.0465,increase
b42a23cfa8fb0f4e4148c945c4b61711,Balenciaga_KOR_711160WE21T1240,711160WE21T1240,KOR,Small Leather Goods,KRW,2026-09-07,470000.00,490000.00,0.0426,increase
0956780a399332e3af672a0a896e10d0,Balenciaga_KOR_711160WOZ6M4011,711160WOZ6M4011,KOR,Small Leather Goods,KRW,2026-09-07,620000.00,650000.00,0.0484,increase
509495572e7ba2912bbf93d4010acb26,Balenciaga_KOR_7134902AB1H4200,7134902AB1H4200,KOR,Bags,KRW,2026-09-07,4800000.00,5040000.00,0.0500,increase
eb2255c32f095a91a3219afaf9851806,Balenciaga_KOR_713490TTJ7K2533,713490TTJ7K2533,KOR,Bags,KRW,2026-09-07,4950000.00,5200000.00,0.0505,increase
dd613f91387641715f4c20c5bf15dd0b,Balenciaga_KOR_7163572AY874200,7163572AY874200,KOR,Bags,KRW,2026-09-07,4670000.00,4900000.00,0.0493,increase
4b4a7e80f313309a0be3e90813774e15,Balenciaga_KOR_7163574GQBG9000,7163574GQBG9000,KOR,Bags,KRW,2026-09-07,3210000.00,3370000.00,0.0498,increase
a43ac8ccbbfedb29ab440f91684b6c25,Balenciaga_KOR_7238022ALQU5723,7238022ALQU5723,KOR,Bags,KRW,2026-09-07,2690000.00,2820000.00,0.0483,increase
b2780d74dde04ab46e0f4656cd50ab4c,Balenciaga_KOR_723802TPE569000,723802TPE569000,KOR,Bags,KRW,2026-09-07,2650000.00,2790000.00,0.0528,increase
1a456abff7441cda6387736209351f2a,Balenciaga_KOR_723802TTN6J5723,723802TTN6J5723,KOR,Bags,KRW,2026-09-07,6740000.00,7070000.00,0.0490,increase
0847be54514a003ffce3514d04149093,Balenciaga_KOR_7247992ABQG0926,7247992ABQG0926,KOR,Small Leather Goods,KRW,2026-09-07,1270000.00,1330000.00,0.0472,increase
1c3b923a917cfd0c1d11cd37c35937b0,Balenciaga_KOR_72532821OA90911,72532821OA90911,KOR,Small Leather Goods,KRW,2026-09-07,1170000.00,1230000.00,0.0513,increase
ef9210cd843603d51ff514eccdd3a14b,Balenciaga_KOR_725328TTV443258,725328TTV443258,KOR,Small Leather Goods,KRW,2026-09-07,420000.00,440000.00,0.0476,increase
673b3f25a473ea136cf8cd60c66fcd09,Balenciaga_KOR_72600621HFN1210,72600621HFN1210,KOR,Bags,KRW,2026-09-07,5140000.00,5400000.00,0.0506,increase
fa075adada5402bacd4ea42ef7a43267,Balenciaga_KOR_7260062AINV9000,7260062AINV9000,KOR,Bags,KRW,2026-09-07,3360000.00,3530000.00,0.0506,increase
cd60016c3ca018a9cd09187284899fe1,Balenciaga_KOR_7260064GLKM1000,7260064GLKM1000,KOR,Bags,KRW,2026-09-07,4580000.00,4810000.00,0.0502,increase
8dded4226ce6c963e17abe0f456e547d,Balenciaga_KOR_7283052ABY31090,7283052ABY31090,KOR,Bags,KRW,2026-09-07,5230000.00,5490000.00,0.0497,increase
a3d090ea68d8272d7cb72c57502f3452,Balenciaga_KOR_72872721NOR1090,72872721NOR1090,KOR,Bags,KRW,2026-09-07,3620000.00,3800000.00,0.0497,increase
136c4fdc8712f86d2186c56a61fdf05e,Balenciaga_KOR_728727WEHTC8065,728727WEHTC8065,KOR,Bags,KRW,2026-09-07,4190000.00,4400000.00,0.0501,increase
ec879257b64a15e589960108b5094a09,Balenciaga_KOR_72918421GJI3258,72918421GJI3258,KOR,Bags,KRW,2026-09-07,4530000.00,4750000.00,0.0486,increase
e2252e36fd2e2d96d3c6823c2d067586,Balenciaga_KOR_7297992A1LP1000,7297992A1LP1000,KOR,Bags,KRW,2026-09-07,2940000.00,3080000.00,0.0476,increase
c0a80f2653b8743e9d3f42d98ee962e2,Balenciaga_KOR_7297992ABTM0926,7297992ABTM0926,KOR,Bags,KRW,2026-09-07,2370000.00,2490000.00,0.0506,increase
d1b1f5a23cc86f0b36902bb8648495b8,Balenciaga_KOR_7297992ACVY2840,7297992ACVY2840,KOR,Bags,KRW,2026-09-07,2720000.00,2860000.00,0.0515,increase
05cbfb55434c70722887dafafded78ef,Balenciaga_KOR_729799TTQ0W0911,729799TTQ0W0911,KOR,Bags,KRW,2026-09-07,4710000.00,4940000.00,0.0488,increase
2b44e346bba202c4b442ce4115664196,Balenciaga_KOR_729799W4YYO2533,729799W4YYO2533,KOR,Bags,KRW,2026-09-07,3400000.00,3570000.00,0.0500,increase
b5971b95055ead98c499099be1e7da34,Balenciaga_KOR_7311302ABV99104,7311302ABV99104,KOR,Bags,KRW,2026-09-07,2400000.00,2520000.00,0.0500,increase
50d7081b480c2134b133f232fd61ca28,Balenciaga_KOR_731130TEWXC1000,731130TEWXC1000,KOR,Bags,KRW,2026-09-07,2370000.00,2490000.00,0.0506,increase
753acc7f9294526d850d319ae00447be,Balenciaga_KOR_734797W7EBY1041,734797W7EBY1041,KOR,Accessories,KRW,2026-09-07,3420000.00,3590000.00,0.0497,increase
270c9d1dda081cd475973d9ce35b08e3,Balenciaga_KOR_7378382ABGT0926,7378382ABGT0926,KOR,Bags,KRW,2026-09-07,2310000.00,2420000.00,0.0476,increase
cbfc6b80327a0577508c9464a12f36b0,Balenciaga_KOR_74009021IIT1084,74009021IIT1084,KOR,Small Leather Goods,KRW,2026-09-07,1100000.00,1150000.00,0.0455,increase
d6dbea306ddcd096f945fb05e2cb1ad3,Balenciaga_KOR_7400904G1H21240,7400904G1H21240,KOR,Small Leather Goods,KRW,2026-09-07,660000.00,700000.00,0.0606,increase
7bdd934a1b1d67f60f069fd68c620ecd,Balenciaga_KOR_740090TT35C4011,740090TT35C4011,KOR,Small Leather Goods,KRW,2026-09-07,1540000.00,1620000.00,0.0519,increase
d06b36a5c3c6e29989077ff0a7370ac3,Balenciaga_KOR_740090TTQWT5723,740090TTQWT5723,KOR,Small Leather Goods,KRW,2026-09-07,950000.00,1000000.00,0.0526,increase
166a7997f0bc2df6cae21efa42ecb817,Balenciaga_KOR_7434644GJUQ1251,7434644GJUQ1251,KOR,Small Leather Goods,KRW,2026-09-07,2110000.00,2210000.00,0.0474,increase
9c2a93d5d7509d1582427a3c9fbc8c29,Balenciaga_KOR_74818821RAQ1000,74818821RAQ1000,KOR,Small Leather Goods,KRW,2026-09-07,500000.00,520000.00,0.0400,increase
a535661cf7e899e5b547bc734a8b3a12,Balenciaga_KOR_7481882ABWW0911,7481882ABWW0911,KOR,Small Leather Goods,KRW,2026-09-07,850000.00,890000.00,0.0471,increase
d81c08f60481d13fac26820a6f318a7e,Balenciaga_KOR_7481884GUB61000,7481884GUB61000,KOR,Small Leather Goods,KRW,2026-09-07,1020000.00,1070000.00,0.0490,increase
de3f2fd96e7f2ee1ba2a080cf3c862ac,Balenciaga_KOR_7483542ABV39020,7483542ABV39020,KOR,Bags,KRW,2026-09-07,7510000.00,7880000.00,0.0493,increase
a84f18a33f533abdfde58cbf668a4ac2,Balenciaga_KOR_748354T1COL0911,748354T1COL0911,KOR,Bags,KRW,2026-09-07,3600000.00,3780000.00,0.0500,increase
1e59e778024c57963c98478e749db28d,Balenciaga_KOR_7517282110W1090,7517282110W1090,KOR,Small Leather Goods,KRW,2026-09-07,2140000.00,2250000.00,0.0514,increase
0bc61c3da7f617542c24e5363964cc9c,Balenciaga_KOR_75172821F7M1210,75172821F7M1210,KOR,Small Leather Goods,KRW,2026-09-07,1620000.00,1700000.00,0.0494,increase
c9cd9ac00afd78a2d8299cc68c454573,Balenciaga_KOR_751728WJEN18122,751728WJEN18122,KOR,Small Leather Goods,KRW,2026-09-07,1630000.00,1710000.00,0.0491,increase
c040de0b696a223beb5d72188146d53c,Balenciaga_KOR_7616174GM071041,7616174GM071041,KOR,Small Leather Goods,KRW,2026-09-07,490000.00,510000.00,0.0408,increase
803872e1ee5594d6736c5349d18eddba,Balenciaga_KOR_7702602AB191000,7702602AB191000,KOR,Bags,KRW,2026-09-07,4970000.00,5220000.00,0.0503,increase
c2c5e4ae0092ff7300da5241cfad52da,Balenciaga_KOR_770260WXM7O1210,770260WXM7O1210,KOR,Bags,KRW,2026-09-07,5050000.00,5300000.00,0.0495,increase
7c1ecf9fd82ee56f6333e57efcc7fb82,Balenciaga_KOR_77077921FFS1090,77077921FFS1090,KOR,Small Leather Goods,KRW,2026-09-07,500000.00,530000.00,0.0600,increase
b702a8e582881ce558554308e3ab3187,Balenciaga_KOR_77077921PII8122,77077921PII8122,KOR,Small Leather Goods,KRW,2026-09-07,790000.00,830000.00,0.0506,increase
00d264e73744caf6d5212763f25b1d74,Balenciaga_KOR_7707792A4VV4011,7707792A4VV4011,KOR,Small Leather Goods,KRW,2026-09-07,710000.00,750000.00,0.0563,increase
c70dccaba626f9cd77d4919b8e9ccc33,Balenciaga_KOR_7707792ABU11084,7707792ABU11084,KOR,Small Leather Goods,KRW,2026-09-07,670000.00,710000.00,0.0597,increase
a0674e2b8a8bdc2a17207e0c7b01eb4b,Balenciaga_KOR_7707794G8472308,7707794G8472308,KOR,Small Leather Goods,KRW,2026-09-07,980000.00,1030000.00,0.0510,increase
cdefd5185a6f296429b5cf17967ce6f3,Balenciaga_KOR_7707794GGLA1090,7707794GGLA1090,KOR,Small Leather Goods,KRW,2026-09-07,400000.00,420000.00,0.0500,increase
1973d05415167a86da5694f88f988f96,Balenciaga_KOR_770779TCSA20127,770779TCSA20127,KOR,Small Leather Goods,KRW,2026-09-07,310000.00,320000.00,0.0323,increase
66dc47b0609038f3a90836f2b2f5c31f,Balenciaga_KOR_7737734GF951000,7737734GF951000,KOR,Bags,KRW,2026-09-07,2730000.00,2870000.00,0.0513,increase
040797a175baf8dc2d5c7352cf3b6cbf,Balenciaga_KOR_773773W5BMK1240,773773W5BMK1240,KOR,Bags,KRW,2026-09-07,3710000.00,3900000.00,0.0512,increase
34dcfaacd0c2b619318d6afe5cefc06f,Balenciaga_KOR_7751222AB963258,7751222AB963258,KOR,Small Leather Goods,KRW,2026-09-07,580000.00,610000.00,0.0517,increase
7ac4d17de4586bfcc9abc927fbe6c7a5,Balenciaga_KOR_775122WM5075723,775122WM5075723,KOR,Small Leather Goods,KRW,2026-09-07,830000.00,870000.00,0.0482,increase
702616da749bcb7e95f32d5fac932524,Balenciaga_KOR_7783482AAGM1041,7783482AAGM1041,KOR,Small Leather Goods,KRW,2026-09-07,1690000.00,1780000.00,0.0533,increase
9d85d36e4153acc7bea94334a09134b8,Balenciaga_KOR_7783482ABC80926,7783482ABC80926,KOR,Small Leather Goods,KRW,2026-09-07,950000.00,990000.00,0.0421,increase
26e532194c414c2d48c6d69b96f521e5,Balenciaga_KOR_778348TTK6R9002,778348TTK6R9002,KOR,Small Leather Goods,KRW,2026-09-07,840000.00,880000.00,0.0476,increase
3c696dcb2afca6cc117ff1ab2618e75a,Balenciaga_KOR_778348TTMNA0911,778348TTMNA0911,KOR,Small Leather Goods,KRW,2026-09-07,1150000.00,1210000.00,0.0522,increase
e8ba19a24c922398a558feaa36092298,Balenciaga_KOR_778348WUVHU1210,778348WUVHU1210,KOR,Small Leather Goods,KRW,2026-09-07,870000.00,910000.00,0.0460,increase
837cd1ae7a041fdeb6b7dc46ac372e10,Balenciaga_KOR_7793722AW9V1084,7793722AW9V1084,KOR,Bags,KRW,2026-09-07,3110000.00,3260000.00,0.0482,increase
4fe8ffc65973f37cc9006e66d92345f0,Balenciaga_KOR_779372TOH4Y5723,779372TOH4Y5723,KOR,Bags,KRW,2026-09-07,4270000.00,4480000.00,0.0492,increase
b9d6a4a889171a4fb15e5168321f0d78,Balenciaga_KOR_779797T061J1041,779797T061J1041,KOR,Bags,KRW,2026-09-07,4770000.00,5010000.00,0.0503,increase
eea5fb2cf00cbd61d2ddfba57c2fc451,Balenciaga_KOR_7830972190M9104,7830972190M9104,KOR,Accessories,KRW,2026-09-07,5280000.00,5540000.00,0.0492,increase
a8b37cb245719988bf0c3cc6e48a7729,Balenciaga_KOR_78309721JPY0127,78309721JPY0127,KOR,Accessories,KRW,2026-09-07,3800000.00,3990000.00,0.0500,increase
3a594c55835b820fac3107e0f41b3c17,Balenciaga_KOR_7830974GC5O8065,7830974GC5O8065,KOR,Accessories,KRW,2026-09-07,4110000.00,4310000.00,0.0487,increase
af3e207a71213e536a4169adceb98c2d,Balenciaga_KOR_783097T88LE4011,783097T88LE4011,KOR,Accessories,KRW,2026-09-07,3260000.00,3420000.00,0.0491,increase
4ef93d53d06cb8e7286b4de68916e2fd,Balenciaga_KOR_7842954GWXL2308,7842954GWXL2308,KOR,Bags,KRW,2026-09-07,4890000.00,5140000.00,0.0511,increase
300b5ecc6d3b27253bac4e41afafe898,Balenciaga_KOR_7846182AWFP1090,7846182AWFP1090,KOR,Accessories,KRW,2026-09-07,480000.00,500000.00,0.0417,increase
15374cb4092bf3719dd3f7066c29a7f9,Balenciaga_KOR_786691213DR2308,786691213DR2308,KOR,Bags,KRW,2026-09-07,4880000.00,5120000.00,0.0492,increase
7f36c62fa40c6c59fdb7ec3af6a2064b,Balenciaga_KOR_7866912A6IT9002,7866912A6IT9002,KOR,Bags,KRW,2026-09-07,3220000.00,3390000.00,0.0528,increase
b4048e9b00ad4bf78176cace3f11e6ea,Balenciaga_KOR_7866912ABIU2308,7866912ABIU2308,KOR,Bags,KRW,2026-09-07,1680000.00,1760000.00,0.0476,increase
5986f8391fd13dcddae880c2fb3965f3,Balenciaga_KOR_7866912AENG9104,7866912AENG9104,KOR,Bags,KRW,2026-09-07,1800000.00,1890000.00,0.0500,increase
a4a6f7258181db81fdb4ddea9e14324b,Balenciaga_KOR_79014021E841041,79014021E841041,KOR,Small Leather Goods,KRW,2026-09-07,1900000.00,2000000.00,0.0526,increase
e5cf089de5207b16bb553d9d701e18f4,Balenciaga_KOR_7901402AB731000,7901402AB731000,KOR,Small Leather Goods,KRW,2026-09-07,1870000.00,1970000.00,0.0535,increase
454da71c9c8e7d5075e3eca253dd3c11,Balenciaga_KOR_790421216UF9020,790421216UF9020,KOR,Small Leather Goods,KRW,2026-09-07,4240000.00,4450000.00,0.0495,increase
8344f933e0734a000eac997e2144a03f,Balenciaga_KOR_790421WLLWX1000,790421WLLWX1000,KOR,Small Leather Goods,KRW,2026-09-07,3690000.00,3870000.00,0.0488,increase
91c56a0e56a346a0ab5a1d60e5b38937,Balenciaga_KOR_791061TTORO1090,791061TTORO1090,KOR,Bags,KRW,2026-09-07,4130000.00,4340000.00,0.0508,increase
5cbc1d56410c504972447dd58555414d,Balenciaga_KOR_792932218SJ1240,792932218SJ1240,KOR,Bags,KRW,2026-09-07,4360000.00,4580000.00,0.0505,increase
52c04eb72036e46ea0b2d84e68367137,Balenciaga_KOR_792932219O01251,792932219O01251,KOR,Bags,KRW,2026-09-07,4160000.00,4370000.00,0.0505,increase
13e9783143646513cf775dab93be34f1,Balenciaga_KOR_79293221SBP1210,79293221SBP1210,KOR,Bags,KRW,2026-09-07,3680000.00,3870000.00,0.0516,increase
a790f39ed5efd594712ef7610e816a73,Balenciaga_KOR_792932W27C95723,792932W27C95723,KOR,Bags,KRW,2026-09-07,5780000.00,6070000.00,0.0502,increase
4c94d1c70eab09c082aa6ba2955e569a,Balenciaga_KOR_7986072AB0P4011,7986072AB0P4011,KOR,Small Leather Goods,KRW,2026-09-07,680000.00,720000.00,0.0588,increase
6dde4eb8d721cf5316e7f903e8d11f47,Balenciaga_KOR_798607WHH8S8065,798607WHH8S8065,KOR,Small Leather Goods,KRW,2026-09-07,490000.00,510000.00,0.0408,increase
f956c81fed627c0fcc70315ef0d41d75,Balenciaga_KOR_8044914G46E1000,8044914G46E1000,KOR,Small Leather Goods,KRW,2026-09-07,880000.00,920000.00,0.0455,increase
cec550cb4c1546aa34b945639bd1c24e,Balenciaga_KOR_8088952AB0I2840,8088952AB0I2840,KOR,Bags,KRW,2026-09-07,5110000.00,5370000.00,0.0509,increase
96956b6102448a61434251ac6e75c191,Balenciaga_KOR_8088952AM3D0127,8088952AM3D0127,KOR,Bags,KRW,2026-09-07,4310000.00,4530000.00,0.0510,increase
7e00a42e4cb822d2b917533eaa9d78db,Balenciaga_KOR_808895TOVIZ2533,808895TOVIZ2533,KOR,Bags,KRW,2026-09-07,5560000.00,5840000.00,0.0504,increase
65e6829916b0839bb335f04151a224d0,Balenciaga_KOR_8133392ABV39002,8133392ABV39002,KOR,Bags,KRW,2026-09-07,2520000.00,2650000.00,0.0516,increase
b1ab3a7625d0bbec9375b2b283affcbf,Balenciaga_KOR_813339TTM3T1000,813339TTM3T1000,KOR,Bags,KRW,2026-09-07,4520000.00,4740000.00,0.0487,increase
0d2f6af0b43d7382ba6f7aff4818d7c7,Balenciaga_KOR_8175562A3NQ1251,8175562A3NQ1251,KOR,Bags,KRW,2026-09-07,4640000.00,4880000.00,0.0517,increase
f9a4ae3e2a8fbfdf0b900e62f2994400,Balenciaga_KOR_817556TTCFN1090,817556TTCFN1090,KOR,Bags,KRW,2026-09-07,3460000.00,3640000.00,0.0520,increase
bfa5204d4b3a26158f9de6f2f0f60422,Balenciaga_KOR_81955721MIX1210,81955721MIX1210,KOR,Small Leather Goods,KRW,2026-09-07,1080000.00,1130000.00,0.0463,increase
9aff83d17223e99d1a5aae0937c1d1ce,Balenciaga_KOR_8195572AA863258,8195572AA863258,KOR,Small Leather Goods,KRW,2026-09-07,680000.00,710000.00,0.0441,increase
3c01a0acb74667fa7b039416fcfcac18,Balenciaga_KOR_8223032AF5D1041,8223032AF5D1041,KOR,Small Leather Goods,KRW,2026-09-07,4670000.00,4900000.00,0.0493,increase
dac6bb08029bcaa76bf988ba6f71088f,Balenciaga_KOR_822303TTHOD8065,822303TTHOD8065,KOR,Small Leather Goods,KRW,2026-09-07,2740000.00,2870000.00,0.0474,increase
04141335f8c7b079e656b5d0b144ed85,Balenciaga_KOR_824002TJQAV2308,824002TJQAV2308,KOR,Small Leather Goods,KRW,2026-09-07,830000.00,870000.00,0.0482,increase
c7752b02939c20d38c94d89d52335472,Balenciaga_KOR_82443621AQF0127,82443621AQF0127,KOR,Small Leather Goods,KRW,2026-09-07,470000.00,490000.00,0.0426,increase
2ff3cc39f6e7a1f4ba139a981752e4be,Balenciaga_KOR_8244362A4UN1000,8244362A4UN1000,KOR,Small Leather Goods,KRW,2026-09-07,690000.00,730000.00,0.0580,increase
b4bdf55725dbbf26523ad8db031ec64a,Balenciaga_KOR_824436W9DJB2308,824436W9DJB2308,KOR,Small Leather Goods,KRW,2026-09-07,840000.00,880000.00,0.0476,increase
4c01fd0658a928fdd6f85834c81b5f50,Balenciaga_KOR_8245244GV630926,8245244GV630926,KOR,Accessories,KRW,2026-09-07,1870000.00,1960000.00,0.0481,increase
6895c730279d37695e36b41f13d5962e,Balenciaga_KOR_82607121B2V1041,82607121B2V1041,KOR,Bags,KRW,2026-09-07,4140000.00,4350000.00,0.0507,increase
67c07f28619d156fca59992e74283e5e,Balenciaga_KOR_8260712A4T11000,8260712A4T11000,KOR,Bags,KRW,2026-09-07,3450000.00,3630000.00,0.0522,increase
656fdd6c1adb0c06dcd42a1590b5ed22,Balenciaga_KOR_8260712ABPL3258,8260712ABPL3258,KOR,Bags,KRW,2026-09-07,4600000.00,4830000.00,0.0500,increase
494e648667373deba15727afe4346f8f,Balenciaga_KOR_826071W06VT2533,826071W06VT2533,KOR,Bags,KRW,2026-09-07,3050000.00,3200000.00,0.0492,increase
5a4f37254270fa7db5ec0a62af8d3c34,Balenciaga_KOR_8287712ABI90911,8287712ABI90911,KOR,Small Leather Goods,KRW,2026-09-07,480000.00,500000.00,0.0417,increase
42a6dbad79944a605b2a904c98082913,Balenciaga_KOR_828771TTCTJ0911,828771TTCTJ0911,KOR,Small Leather Goods,KRW,2026-09-07,440000.00,460000.00,0.0455,increase
50c501ad385327ef659fd8fa1709d284,Balenciaga_KOR_830936WU99V9002,830936WU99V9002,KOR,Small Leather Goods,KRW,2026-09-07,2330000.00,2450000.00,0.0515,increase
3d1d5349a38b604c35b0298aca277148,Balenciaga_KOR_8311342ABU61090,8311342ABU61090,KOR,Bags,KRW,2026-09-07,3810000.00,4000000.00,0.0499,increase
05358d04138f95695f26f5e6b337ff16,Balenciaga_KOR_8311344GKAG3258,8311344GKAG3258,KOR,Bags,KRW,2026-09-07,2370000.00,2490000.00,0.0506,increase
f6573f1cd25a91f025c41b993c4076f8,Balenciaga_KOR_831134T9FMJ0911,831134T9FMJ0911,KOR,Bags,KRW,2026-09-07,1760000.00,1850000.00,0.0511,increase
c5bf45f74c62f1864b0ec4f3ceb3a262,Balenciaga_KOR_831134TEOO93258,831134TEOO93258,KOR,Bags,KRW,2026-09-07,4120000.00,4330000.00,0.0510,increase
ce70441fbb1f274b785e74cbcdff4f1d,Balenciaga_KOR_833006217XM0911,833006217XM0911,KOR,Bags,KRW,2026-09-07,4700000.00,4940000.00,0.0511,increase
ba99c7cb2c9cdb166dce2b4e0167e14a,Balenciaga_KOR_8330062AB421000,8330062AB421000,KOR,Bags,KRW,2026-09-07,4650000.00,4880000.00,0.0495,increase
b4ea0b66ec9ce1496c682dfd27780a35,Balenciaga_KOR_8330062ABAZ2840,8330062ABAZ2840,KOR,Bags,KRW,2026-09-07,3660000.00,3840000.00,0.0492,increase
1b0881b55df3e3706c22974136559fb8,Balenciaga_KOR_834058214S09104,834058214S09104,KOR,Bags,KRW,2026-09-07,3330000.00,3500000.00,0.0511,increase
a39ce819b5b758e79d35835eebba3e71,Balenciaga_KOR_834058218YP5723,834058218YP5723,KOR,Bags,KRW,2026-09-07,3550000.00,3730000.00,0.0507,increase
84b48b027c7b923979b9a44b624f2701,Balenciaga_KOR_834058WWA8W4200,834058WWA8W4200,KOR,Bags,KRW,2026-09-07,4600000.00,4830000.00,0.0500,increase
41812dc24f9ce99104a5feda66c031a2,Balenciaga_KOR_8401812AKBD1000,8401812AKBD1000,KOR,Small Leather Goods,KRW,2026-09-07,680000.00,710000.00,0.0441,increase
16592349b46dc4aa82dcf3715bc08f91,Balenciaga_KOR_840181TTX3A0926,840181TTX3A0926,KOR,Small Leather Goods,KRW,2026-09-07,610000.00,640000.00,0.0492,increase
9d864da4203c933e702347dc8720864b,Balenciaga_KOR_840181WKE7A1090,840181WKE7A1090,KOR,Small Leather Goods,KRW,2026-09-07,490000.00,510000.00,0.0408,increase
1df4e576cec14844d64dda3f087f0706,Balenciaga_KOR_844132TD4EC9104,844132TD4EC9104,KOR,Bags,KRW,2026-09-07,6030000.00,6330000.00,0.0498,increase
7d06cb4cb2995ab704d53e6d95575d50,Balenciaga_KOR_845436216410127,845436216410127,KOR,Bags,KRW,2026-09-07,1990000.00,2090000.00,0.0503,increase
f23a49595a7cd73853228195a96045dc,Balenciaga_KOR_8454362ABSV9000,8454362ABSV9000,KOR,Bags,KRW,2026-09-07,5130000.00,5380000.00,0.0487,increase
cd72a1b3fca93ef5f1f30bb3ae0ab46e,Balenciaga_KOR_8454364GBTX9000,8454364GBTX9000,KOR,Bags,KRW,2026-09-07,3700000.00,3890000.00,0.0514,increase
a1ef48d54c03f8866911447fd16b1707,Balenciaga_KOR_845436THX071000,845436THX071000,KOR,Bags,KRW,2026-09-07,5260000.00,5530000.00,0.0513,increase
9dab4a82d81a71b5397a99044b096ed5,Balenciaga_KOR_845436TTCJ71000,845436TTCJ71000,KOR,Bags,KRW,2026-09-07,2620000.00,2750000.00,0.0496,increase
d3c1112170dde09431062e31cb8ecffe,Balenciaga_KOR_845436TTGI61251,845436TTGI61251,KOR,Bags,KRW,2026-09-07,5090000.00,5350000.00,0.0511,increase
9bee21bfb91a505398cf44822c658a11,Balenciaga_KOR_845436W94521090,845436W94521090,KOR,Bags,KRW,2026-09-07,3420000.00,3600000.00,0.0526,increase
db0874626d6199e3c4a5cee4f23d191b,Balenciaga_KOR_8501442AB0O1000,8501442AB0O1000,KOR,Bags,KRW,2026-09-07,1530000.00,1610000.00,0.0523,increase
24da553795445ccaffe4c631b7250bb5,Balenciaga_KOR_8514352A4CY1000,8514352A4CY1000,KOR,Small Leather Goods,KRW,2026-09-07,2040000.00,2140000.00,0.0490,increase
200c939fb198febe045271eace32f5ad,Balenciaga_KOR_851435W66F78065,851435W66F78065,KOR,Small Leather Goods,KRW,2026-09-07,460000.00,480000.00,0.0435,increase
3441c3d8072422b9c561850a2d8e13a1,Balenciaga_KOR_85254221FH01000,85254221FH01000,KOR,Small Leather Goods,KRW,2026-09-07,1030000.00,1080000.00,0.0485,increase
575e9a4178032b5d63f643d1d22c04fe,Balenciaga_KOR_8525422AB5G1090,8525422AB5G1090,KOR,Small Leather Goods,KRW,2026-09-07,470000.00,500000.00,0.0638,increase
71064d824e84158e4a3ff4fa06ae0dcb,Balenciaga_KOR_852542WCMOK5723,852542WCMOK5723,KOR,Small Leather Goods,KRW,2026-09-07,470000.00,500000.00,0.0638,increase
87b7bb4c328c9d52813d328aab0dbc0d,Balenciaga_KOR_8561912110W1000,8561912110W1000,KOR,Small Leather Goods,KRW,2026-09-07,500000.00,530000.00,0.0600,increase
5f5989fd28062fa17398503fd22661ca,Balenciaga_KOR_856191T2DEI9104,856191T2DEI9104,KOR,Small Leather Goods,KRW,2026-09-07,640000.00,670000.00,0.0469,increase
254f2aaa546a088e7d5117b42fd17593,Balenciaga_KOR_856191T74RJ1210,856191T74RJ1210,KOR,Small Leather Goods,KRW,2026-09-07,590000.00,620000.00,0.0508,increase
8bf6258cbb370fae03f8005d1171116e,Balenciaga_KOR_856191TTCXJ0926,856191TTCXJ0926,KOR,Small Leather Goods,KRW,2026-09-07,400000.00,420000.00,0.0500,increase
de79375a998a7424db0a7a932de5e5fe,Balenciaga_KOR_858352TTBLY1041,858352TTBLY1041,KOR,Small Leather Goods,KRW,2026-09-07,2250000.00,2360000.00,0.0489,increase
c36686dbd335d86dad832c98d0a2e09c,Balenciaga_KOR_8592792AZWF1251,8592792AZWF1251,KOR,Small Leather Goods,KRW,2026-09-07,440000.00,460000.00,0.0455,increase
0597798b1179dcd9334d67a1a968bad3,Balenciaga_KOR_8592794GT7H9104,8592794GT7H9104,KOR,Small Leather Goods,KRW,2026-09-07,1790000.00,1880000.00,0.0503,increase
ca776748e60cd2e556b01d70bd9de3ae,Balenciaga_KOR_860458WVPJ84200,860458WVPJ84200,KOR,Bags,KRW,2026-09-07,4430000.00,4650000.00,0.0497,increase
9bd3823e3542d4facef6f344875ddd72,Balenciaga_KOR_8665422AB2D9104,8665422AB2D9104,KOR,Accessories,KRW,2026-09-07,830000.00,870000.00,0.0482,increase
12c174c60f1e4a489048867fabb74eca,Balenciaga_KOR_8665424G8ZY1000,8665424G8ZY1000,KOR,Accessories,KRW,2026-09-07,480000.00,500000.00,0.0417,increase
093b335c1bc26995d01c0cdadefe5334,Balenciaga_KOR_8671922ABIT1210,8671922ABIT1210,KOR,Small Leather Goods,KRW,2026-09-07,670000.00,700000.00,0.0448,increase
257a82c166ca68f87e9e36ec2d296605,Balenciaga_KOR_8690362ABPU2308,8690362ABPU2308,KOR,Bags,KRW,2026-09-07,3020000.00,3170000.00,0.0497,increase
c6adb80080b349a7c0ea2626a70fcb0c,Balenciaga_KOR_8690364G7ZC4200,8690364G7ZC4200,KOR,Bags,KRW,2026-09-07,6450000.00,6780000.00,0.0512,increase
78d1e91776d28a0a34cc41d9d74e4263,Balenciaga_KOR_86935021KK58122,86935021KK58122,KOR,Bags,KRW,2026-09-07,1900000.00,2000000.00,0.0526,increase
a07fd9a94655f854691b16545c84aa5a,Balenciaga_KOR_8738792A2QI4011,8738792A2QI4011,KOR,Bags,KRW,2026-09-07,3830000.00,4030000.00,0.0522,increase
f2c6ad93c32482ffef0e987e1248070c,Balenciaga_KOR_8738792ABM71041,8738792ABM71041,KOR,Bags,KRW,2026-09-07,4370000.00,4590000.00,0.0503,increase
128f2371d790e1ef58c54e71a3047d8b,Balenciaga_KOR_873879TSIMN8122,873879TSIMN8122,KOR,Bags,KRW,2026-09-07,4090000.00,4300000.00,0.0513,increase
4173ebc101be06433411c00b8858b88d,Balenciaga_KOR_8750414GAUA1000,8750414GAUA1000,KOR,Bags,KRW,2026-09-07,3180000.00,3340000.00,0.0503,increase
895a43fde0257a50d619e65ef232ea7c,Balenciaga_KOR_8837202AB1Q1000,8837202AB1Q1000,KOR,Small Leather Goods,KRW,2026-09-07,510000.00,530000.00,0.0392,increase
da31be43076b38b7d6c5bcb8cc9d38c6,Balenciaga_KOR_8844562AB381090,8844562AB381090,KOR,Small Leather Goods,KRW,2026-09-07,870000.00,920000.00,0.0575,increase
8d64999d12d116aff3d330d1abc4fbe8,Balenciaga_KOR_886314TT7F98122,886314TT7F98122,KOR,Small Leather Goods,KRW,2026-09-07,800000.00,840000.00,0.0500,increase
27333bbb81dcdb871e76fb399fdfcfab,Balenciaga_KOR_888240214TG5723,888240214TG5723,KOR,Small Leather Goods,KRW,2026-09-07,840000.00,880000.00,0.0476,increase
1fa6d9ce7aaf4e43494fc7897cbff5d3,Balenciaga_KOR_888240TTFRH4200,888240TTFRH4200,KOR,Small Leather Goods,KRW,2026-09-07,760000.00,800000.00,0.0526,increase
b6b8861c29c6a82c807b8d8227bb82db,Balenciaga_KOR_8902582ABVL1251,8902582ABVL1251,KOR,Bags,KRW,2026-09-07,1430000.00,1500000.00,0.0490,increase
f2d4a0edab2279120df34875fd5bb539,Balenciaga_KOR_8931052A3PL2533,8931052A3PL2533,KOR,Bags,KRW,2026-09-07,7230000.00,7590000.00,0.0498,increase
7b0f3f4f308238a0e38a4c66b5d38468,Balenciaga_KOR_893105TTXTD1240,893105TTXTD1240,KOR,Bags,KRW,2026-09-07,6940000.00,7290000.00,0.0504,increase
ff6d7f596315a4aebb8e469ef53e9847,Balenciaga_KOR_8945912AEYF1090,8945912AEYF1090,KOR,Small Leather Goods,KRW,2026-09-07,3380000.00,3550000.00,0.0503,increase
99514e40d5350dabf6902c553fa02e98,Balenciaga_KOR_8945912AHW24200,8945912AHW24200,KOR,Small Leather Goods,KRW,2026-09-07,1760000.00,1850000.00,0.0511,increase
01b46e440f9fed424ccc1e77cba2c8ed,Balenciaga_KOR_894591TTFLA4200,894591TTFLA4200,KOR,Small Leather Goods,KRW,2026-09-07,3730000.00,3920000.00,0.0509,increase
9079baea02d16b910f5ea0dfce1a4cb4,Balenciaga_KOR_894919W7KYF4200,894919W7KYF4200,KOR,Bags,KRW,2026-09-07,4380000.00,4590000.00,0.0479,increase
29a19fb2f5fc8e4444953297b01f901c,Balenciaga_KOR_89504321IWB1084,89504321IWB1084,KOR,Bags,KRW,2026-09-07,5130000.00,5380000.00,0.0487,increase
4a96af548256e8efa6bf67983beba06f,Balenciaga_KOR_8950432ATN89104,8950432ATN89104,KOR,Bags,KRW,2026-09-07,4650000.00,4880000.00,0.0495,increase
4bb51b6c3e4642625bf422556a42ef1a,Balenciaga_KOR_895043TTYCV1000,895043TTYCV1000,KOR,Bags,KRW,2026-09-07,3850000.00,4040000.00,0.0494,increase
24c52df97d98fb543509beac68c56b31,Balenciaga_KOR_895043WA6731000,895043WA6731000,KOR,Bags,KRW,2026-09-07,4210000.00,4420000.00,0.0499,increase
80554f45154fadf53e8ed3b13808869d,Balenciaga_KOR_A00J7KTT7PD1251,A00J7KTT7PD1251,KOR,Bags,KRW,2026-09-07,1600000.00,1680000.00,0.0500,increase
34b4b03e723c65b24029e0a97932c5c4,Balenciaga_KOR_A042712ABQZ9020,A042712ABQZ9020,KOR,Bags,KRW,2026-09-07,6590000.00,6920000.00,0.0501,increase
8f0862c1938311ef84b1392a6bcf61cf,Balenciaga_KOR_A042712AMT61210,A042712AMT61210,KOR,Bags,KRW,2026-09-07,18600000.00,19530000.00,0.0500,increase
9c78596f5effffce5fa9d68757a4c7d0,Balenciaga_KOR_A05K8B2ASBF4200,A05K8B2ASBF4200,KOR,Small Leather Goods,KRW,2026-09-07,520000.00,540000.00,0.0385,increase
839ff4faf7638340627c8f1e8da249c2,Balenciaga_KOR_A05K8BTJ0TE9002,A05K8BTJ0TE9002,KOR,Small Leather Goods,KRW,2026-09-07,670000.00,700000.00,0.0448,increase
bf71cf1f525b7d0542d86068feb7010f,Balenciaga_KOR_A05K8BTSM663258,A05K8BTSM663258,KOR,Small Leather Goods,KRW,2026-09-07,570000.00,600000.00,0.0526,increase
abc5e51de303e00f39b9d8a3f368286e,Balenciaga_KOR_A05K8BTTMMU9104,A05K8BTTMMU9104,KOR,Small Leather Goods,KRW,2026-09-07,1200000.00,1260000.00,0.0500,increase
94c5f718c8daed901dd68835af1e0cbb,Balenciaga_KOR_A064YD4GOOO0926,A064YD4GOOO0926,KOR,Small Leather Goods,KRW,2026-09-07,590000.00,620000.00,0.0508,increase
f4f6fda415373e3c5a3d41898614b8c3,Balenciaga_KOR_A064YD4GQIW1000,A064YD4GQIW1000,KOR,Small Leather Goods,KRW,2026-09-07,850000.00,890000.00,0.0471,increase
9bfa411a904aff1413b4cd0f1355d23a,Balenciaga_KOR_A064YDTKNEL3258,A064YDTKNEL3258,KOR,Small Leather Goods,KRW,2026-09-07,800000.00,840000.00,0.0500,increase
2f9bff60e24aef31af88e1ce37a2d421,Balenciaga_KOR_A064YDTTENX9002,A064YDTTENX9002,KOR,Small Leather Goods,KRW,2026-09-07,640000.00,670000.00,0.0469,increase
e42e524633b1b40e51047c625853b962,Balenciaga_KOR_A06RN22AB2X1041,A06RN22AB2X1041,KOR,Bags,KRW,2026-09-07,4690000.00,4930000.00,0.0512,increase
575bdfac0c264c3df60d045b6192c5a9,Balenciaga_KOR_A06RN22ABS95723,A06RN22ABS95723,KOR,Bags,KRW,2026-09-07,4580000.00,4810000.00,0.0502,increase
c93e3ff0b79706ebb9fe5f9312fe29e2,Balenciaga_KOR_A07WXJ21SEY1240,A07WXJ21SEY1240,KOR,Small Leather Goods,KRW,2026-09-07,800000.00,840000.00,0.0500,increase
2e6ab6b3099bc5eb74b28bdd86da520d,Balenciaga_KOR_A07WXJW005D1090,A07WXJW005D1090,KOR,Small Leather Goods,KRW,2026-09-07,2480000.00,2610000.00,0.0524,increase
07bd0cc56ecac27641186b1335006bcb,Balenciaga_KOR_A07XQJTTA4R0911,A07XQJTTA4R0911,KOR,Small Leather Goods,KRW,2026-09-07,440000.00,460000.00,0.0455,increase
1ee8e977dd4af0df6fa6af84afa41503,Balenciaga_KOR_A07XQJW4FMO5723,A07XQJW4FMO5723,KOR,Small Leather Goods,KRW,2026-09-07,1160000.00,1220000.00,0.0517,increase
8f2ae41b851741e4ec87097fd6d402b8,Balenciaga_KOR_A0AVTR2AES89002,A0AVTR2AES89002,KOR,Bags,KRW,2026-09-07,2680000.00,2810000.00,0.0485,increase
244056a6e80fa88499e41034a7991156,Balenciaga_KOR_A0AVTRT9W4P8122,A0AVTRT9W4P8122,KOR,Bags,KRW,2026-09-07,3170000.00,3330000.00,0.0505,increase
23e08ff0497a45de84eb6e4c3aeddade,Balenciaga_KOR_A0DVHZ211W08065,A0DVHZ211W08065,KOR,Small Leather Goods,KRW,2026-09-07,1780000.00,1870000.00,0.0506,increase
424d4923d7089f25a3175d7ff6135393,Balenciaga_KOR_A0DVHZ2159I1240,A0DVHZ2159I1240,KOR,Small Leather Goods,KRW,2026-09-07,450000.00,470000.00,0.0444,increase
877d55054300f34f512b8277d70be312,Balenciaga_KOR_A0DVHZWC7C15723,A0DVHZWC7C15723,KOR,Small Leather Goods,KRW,2026-09-07,2130000.00,2240000.00,0.0516,increase
2e5c3f4692adabc3ec15a114619a14a0,Balenciaga_KOR_A0FKA3210572533,A0FKA3210572533,KOR,Bags,KRW,2026-09-07,4680000.00,4920000.00,0.0513,increase
6bab81a73a6e42e5674d789a5db7dc51,Balenciaga_KOR_A0HVOZ2AB3Y1251,A0HVOZ2AB3Y1251,KOR,Small Leather Goods,KRW,2026-09-07,590000.00,620000.00,0.0508,increase
497369b48bd6703424c69a320b48271c,Balenciaga_KOR_A0JTOY4GNZM1240,A0JTOY4GNZM1240,KOR,Small Leather Goods,KRW,2026-09-07,740000.00,780000.00,0.0541,increase
45015062f10fff75fe04f6ade2d949f4,Balenciaga_KOR_A0JTOYWTQWI1000,A0JTOYWTQWI1000,KOR,Small Leather Goods,KRW,2026-09-07,870000.00,920000.00,0.0575,increase
62c12818fb3c69fe7caca6bfcc671b1a,Balenciaga_KOR_A0JW0GT1SDP1090,A0JW0GT1SDP1090,KOR,Bags,KRW,2026-09-07,8960000.00,9400000.00,0.0491,increase
9ce305b7c439da6350c7f187064a8079,Balenciaga_KOR_A0JW0GWQGJ51000,A0JW0GWQGJ51000,KOR,Bags,KRW,2026-09-07,2800000.00,2940000.00,0.0500,increase
a8dac9989715c5e13f10a896a65ad06f,Balenciaga_KOR_A0LD3V2A8284200,A0LD3V2A8284200,KOR,Bags,KRW,2026-09-07,2690000.00,2820000.00,0.0483,increase
7064d174832e6aab2726f2c0cc37d2e0,Balenciaga_KOR_A0LD3V2ABND9020,A0LD3V2ABND9020,KOR,Bags,KRW,2026-09-07,1890000.00,1980000.00,0.0476,increase
63b74599a283e71959dac2900997f405,Balenciaga_KOR_A0NXIX2ABF42840,A0NXIX2ABF42840,KOR,Small Leather Goods,KRW,2026-09-07,1120000.00,1180000.00,0.0536,increase
7cdac7e159cb81cdb4e8d604e8db51ad,Balenciaga_KOR_A0NXIX4GIX61041,A0NXIX4GIX61041,KOR,Small Leather Goods,KRW,2026-09-07,500000.00,530000.00,0.0600,increase
f7821648c999b538b1e849df3c72f878,Balenciaga_KOR_A0OHAU213J01000,A0OHAU213J01000,KOR,Bags,KRW,2026-09-07,1740000.00,1830000.00,0.0517,increase
e744590d42256c219f7fb80aedd4e01c,Balenciaga_KOR_A0QFZA4GZMJ9002,A0QFZA4GZMJ9002,KOR,Bags,KRW,2026-09-07,3800000.00,3990000.00,0.0500,increase
73d722cc737634d80ee9fd27f520a8ea,Balenciaga_KOR_A0QFZAWEHIJ0911,A0QFZAWEHIJ0911,KOR,Bags,KRW,2026-09-07,4190000.00,4400000.00,0.0501,increase
8ca4ed4e8df96ba34954e11abeeb7df5,Balenciaga_KOR_A0QFZAWRPKY9000,A0QFZAWRPKY9000,KOR,Bags,KRW,2026-09-07,4190000.00,4400000.00,0.0501,increase
f5e4eb38a7a7dd9452a3953ad94e15e4,Balenciaga_KOR_A0W9ZQ2ABHN5723,A0W9ZQ2ABHN5723,KOR,Small Leather Goods,KRW,2026-09-07,670000.00,700000.00,0.0448,increase
11e650808ecd30e53ba0f6d5d2b3e0a2,Balenciaga_KOR_A0W9ZQTT6H89020,A0W9ZQTT6H89020,KOR,Small Leather Goods,KRW,2026-09-07,620000.00,650000.00,0.0484,increase
913c49f93fe7c9fbd358edac15671b09,Balenciaga_KOR_A0W9ZQTTNFO8122,A0W9ZQTTNFO8122,KOR,Small Leather Goods,KRW,2026-09-07,490000.00,510000.00,0.0408,increase
d3f10abe80bfea448383120b6242388e,Balenciaga_USA_5090582ABZK1000,5090582ABZK1000,USA,Bags,USD,2026-09-07,3090.00,3300.00,0.0680,increase
30a5395fd4d379abeabf9c23551efb34,Balenciaga_USA_509058W7FP09002,509058W7FP09002,USA,Bags,USD,2026-09-07,4060.00,4350.00,0.0714,increase
8074ea93c863286b1c2037ffadbd2ef5,Balenciaga_USA_512319214FT9104,512319214FT9104,USA,Bags,USD,2026-09-07,1960.00,2090.00,0.0663,increase
0e21a37885237b7bce3c2ecf5f633410,Balenciaga_USA_5123192ABXZ9020,5123192ABXZ9020,USA,Bags,USD,2026-09-07,3500.00,3740.00,0.0686,increase
54e34b0715833eb506e3ffeebd4d673d,Balenciaga_USA_5146274GMIB2533,5146274GMIB2533,USA,Bags,USD,2026-09-07,1400.00,1500.00,0.0714,increase
48c027118b8d90f905aa7f95f1de9120,Balenciaga_USA_514627TA8D30127,514627TA8D30127,USA,Bags,USD,2026-09-07,4780.00,5120.00,0.0711,increase
2e7ce24c1ffbcb6b9c0635970fd87507,Balenciaga_USA_5149002A92F1210,5149002A92F1210,USA,Bags,USD,2026-09-07,3200.00,3420.00,0.0688,increase
8af02220964063328c111aa85d2ebc9d,Balenciaga_USA_517390210UD1210,517390210UD1210,USA,Bags,USD,2026-09-07,4080.00,4360.00,0.0686,increase
5f99b784270d63aae61aa41b35186e67,Balenciaga_USA_5173904GKC41210,5173904GKC41210,USA,Bags,USD,2026-09-07,1900.00,2030.00,0.0684,increase
e9e0ae7036664c8fa565fb415b20fb24,Balenciaga_USA_517390TT3LZ1240,517390TT3LZ1240,USA,Bags,USD,2026-09-07,3130.00,3350.00,0.0703,increase
2ff8a4ccab9455d4ed3d9b4d46ea7a08,Balenciaga_USA_517390WIAYH5723,517390WIAYH5723,USA,Bags,USD,2026-09-07,1970.00,2110.00,0.0711,increase
43fb6d4c413ab3851f42351b8238ea78,Balenciaga_USA_52138621EG84011,52138621EG84011,USA,Small Leather Goods,USD,2026-09-07,315.00,335.00,0.0635,increase
960bffce61c11eb4031ad0685a3045b4,Balenciaga_USA_5239552AJGA1000,5239552AJGA1000,USA,Accessories,USD,2026-09-07,2010.00,2150.00,0.0697,increase
ac0449ba721ac5b8642a251dcf4b131b,Balenciaga_USA_523955WJVHN1090,523955WJVHN1090,USA,Accessories,USD,2026-09-07,2010.00,2150.00,0.0697,increase
0241f8f559a54ae4431c00eb8da632f9,Balenciaga_USA_525528TA3V13258,525528TA3V13258,USA,Bags,USD,2026-09-07,3680.00,3940.00,0.0707,increase
06250e2b659ac5ed57b2b910152df7e4,Balenciaga_USA_525528WCDOX3258,525528WCDOX3258,USA,Bags,USD,2026-09-07,2170.00,2320.00,0.0691,increase
4c3d46137c0051040650cf49b26f8e94,Balenciaga_USA_5265652181K1240,5265652181K1240,USA,Bags,USD,2026-09-07,5110.00,5470.00,0.0705,increase
88f9399da5805cf5a4e5ddf23080e0d6,Balenciaga_USA_5265652ABNJ1000,5265652ABNJ1000,USA,Bags,USD,2026-09-07,2730.00,2920.00,0.0696,increase
6e7b1e7383517296402484c2b4c79594,Balenciaga_USA_5265652ABRG8122,5265652ABRG8122,USA,Bags,USD,2026-09-07,3810.00,4080.00,0.0709,increase
eca76fef37485a26b03c9437ac94d6f5,Balenciaga_USA_52688321KYV1090,52688321KYV1090,USA,Bags,USD,2026-09-07,2850.00,3050.00,0.0702,increase
45f21fa9f6330b9d741a18a9dc01faa4,Balenciaga_USA_5268832ABFW2533,5268832ABFW2533,USA,Bags,USD,2026-09-07,5760.00,6160.00,0.0694,increase
d8c1ab1cc91c2c88e0f7f5b7c0d9b4bf,Balenciaga_USA_527313T0VEI2533,527313T0VEI2533,USA,Small Leather Goods,USD,2026-09-07,330.00,355.00,0.0758,increase
5c60624a1ff843da26bc739ef6aa9e8e,Balenciaga_USA_527313TUOCB4011,527313TUOCB4011,USA,Small Leather Goods,USD,2026-09-07,340.00,365.00,0.0735,increase
a37b4bb1cff7bfeb5d2c725a28331137,Balenciaga_USA_527313W5X041000,527313W5X041000,USA,Small Leather Goods,USD,2026-09-07,615.00,660.00,0.0732,increase
8d889c249f4a01171ab24882337adf66,Balenciaga_USA_5286014GP201000,5286014GP201000,USA,Small Leather Goods,USD,2026-09-07,350.00,375.00,0.0714,increase
7606c70516d789fceac7c6111725570e,Balenciaga_USA_529971215991000,529971215991000,USA,Bags,USD,2026-09-07,2940.00,3140.00,0.0680,increase
ef5da43797224233111b2678784ca9a1,Balenciaga_USA_529971218229000,529971218229000,USA,Bags,USD,2026-09-07,1860.00,2000.00,0.0753,increase
a0319dd195344a096424d768e5dae454,Balenciaga_USA_52997121QBJ4011,52997121QBJ4011,USA,Bags,USD,2026-09-07,915.00,975.00,0.0656,increase
dde462fe0354e925ff5e8f19f28ce19e,Balenciaga_USA_5299714GOPH5723,5299714GOPH5723,USA,Bags,USD,2026-09-07,3740.00,4000.00,0.0695,increase
7ae8ae90f745768c2ecf0eef1b4387de,Balenciaga_USA_529971TEYU71000,529971TEYU71000,USA,Bags,USD,2026-09-07,1860.00,1990.00,0.0699,increase
e66a326325b95031663d481db4df9e93,Balenciaga_USA_53089821CU23258,53089821CU23258,USA,Small Leather Goods,USD,2026-09-07,310.00,330.00,0.0645,increase
5a9c6e29d582d957d5a3fd0d57e96d51,Balenciaga_USA_5308982ABS69000,5308982ABS69000,USA,Small Leather Goods,USD,2026-09-07,370.00,395.00,0.0676,increase
002d6f8b686d9de4b0f44d250e56889c,Balenciaga_USA_5333162APVK1000,5333162APVK1000,USA,Accessories,USD,2026-09-07,450.00,485.00,0.0778,increase
e6a53a9a819103c219321e19a82c614c,Balenciaga_USA_5333164GXRM5723,5333164GXRM5723,USA,Accessories,USD,2026-09-07,575.00,615.00,0.0696,increase
fd15eb851b2f089c59d199a6b8f22903,Balenciaga_USA_533316T75I81084,533316T75I81084,USA,Accessories,USD,2026-09-07,925.00,990.00,0.0703,increase
04747ec4014d007380b3d367343d3dc0,Balenciaga_USA_533654213HK1090,533654213HK1090,USA,Small Leather Goods,USD,2026-09-07,1240.00,1330.00,0.0726,increase
358bb453ce703e03c6d51573a5974663,Balenciaga_USA_53365421G921000,53365421G921000,USA,Small Leather Goods,USD,2026-09-07,615.00,655.00,0.0650,increase
75f1a6a76b24680d580256a6451e812d,Balenciaga_USA_533654THV4T1251,533654THV4T1251,USA,Accessories,USD,2026-09-07,465.00,500.00,0.0753,increase
96e9813a805e48ab0009d3febab9ab65,Balenciaga_USA_53413121R3X1000,53413121R3X1000,USA,Bags,USD,2026-09-07,3160.00,3380.00,0.0696,increase
9aae708c9d006f4a7a6f4f1e512210f6,Balenciaga_USA_5341314GAPT1000,5341314GAPT1000,USA,Bags,USD,2026-09-07,4360.00,4660.00,0.0688,increase
9f3351d85d8e67448a6d0fafdec2f57f,Balenciaga_USA_5341314GI642840,5341314GI642840,USA,Bags,USD,2026-09-07,3960.00,4240.00,0.0707,increase
f6d7069b75dcece389484242b6fa4c73,Balenciaga_USA_534131WS53L2840,534131WS53L2840,USA,Bags,USD,2026-09-07,2630.00,2820.00,0.0722,increase
f9794b216b2d3b1befff6f68ea9e38e7,Balenciaga_USA_53659021R122533,53659021R122533,USA,Bags,USD,2026-09-07,505.00,540.00,0.0693,increase
cb181c52ed59c4a6174cbae5b2abcae5,Balenciaga_USA_536590TT9831251,536590TT9831251,USA,Bags,USD,2026-09-07,1180.00,1260.00,0.0678,increase
685cd7cdc440e3bb0cba02ea8ba05511,Balenciaga_USA_539788TAQB38122,539788TAQB38122,USA,Bags,USD,2026-09-07,1770.00,1900.00,0.0734,increase
9a0c832ae1ea50cf4d7abdf79744d90a,Balenciaga_USA_539914WQIJ69020,539914WQIJ69020,USA,Small Leather Goods,USD,2026-09-07,315.00,335.00,0.0635,increase
b5f9ee8b6240cf2e2efd05114d75dabe,Balenciaga_USA_54096221JKJ5723,54096221JKJ5723,USA,Small Leather Goods,USD,2026-09-07,415.00,445.00,0.0723,increase
5399468a84e07c371185087ce3ce0d37,Balenciaga_USA_54096221R8F1000,54096221R8F1000,USA,Small Leather Goods,USD,2026-09-07,450.00,480.00,0.0667,increase
24712e33b39fd43b46671cba8aabbd71,Balenciaga_USA_5409624GX4F1000,5409624GX4F1000,USA,Small Leather Goods,USD,2026-09-07,1200.00,1290.00,0.0750,increase
32d06738ab65ddd09b7c9ca5b6cd5131,Balenciaga_USA_540962T5NE71210,540962T5NE71210,USA,Small Leather Goods,USD,2026-09-07,360.00,390.00,0.0833,increase
4bf6c2cb800e3c33866a2bad40cdd1b2,Balenciaga_USA_540962TTG124200,540962TTG124200,USA,Small Leather Goods,USD,2026-09-07,360.00,385.00,0.0694,increase
b2dfd02953d8fa92a52a1aabd9280dfc,Balenciaga_USA_540962WD2T71251,540962WD2T71251,USA,Small Leather Goods,USD,2026-09-07,1110.00,1190.00,0.0721,increase
93da390f280a9d229773ade02b82fdc2,Balenciaga_USA_54300421W5L1000,54300421W5L1000,USA,Accessories,USD,2026-09-07,285.00,320.00,0.1228,increase
509586515730add2d23b17a9295acf7b,Balenciaga_USA_5433214G4QH1240,5433214G4QH1240,USA,Bags,USD,2026-09-07,1810.00,1940.00,0.0718,increase
938c0ed74b01594c284ac8ab070ab6df,Balenciaga_USA_543321TT8F11000,543321TT8F11000,USA,Bags,USD,2026-09-07,3090.00,3310.00,0.0712,increase
1680ec26368b0bcde32c5249b0997d51,Balenciaga_USA_543321TTJN28122,543321TTJN28122,USA,Bags,USD,2026-09-07,3100.00,3320.00,0.0710,increase
dc0d21409ee2b684eed880d93fdd200c,Balenciaga_USA_543321W65TT1000,543321W65TT1000,USA,Bags,USD,2026-09-07,2070.00,2210.00,0.0676,increase
c7b1b0c497518d790465972d5e2ef0f5,Balenciaga_USA_543321WALW40911,543321WALW40911,USA,Bags,USD,2026-09-07,5310.00,5680.00,0.0697,increase
1a7bc9fdbd9ad0ddd65082d732f26727,Balenciaga_USA_54493221SAD1000,54493221SAD1000,USA,Bags,USD,2026-09-07,1560.00,1670.00,0.0705,increase
3b338683dc5db3ca90e75e84db3bd725,Balenciaga_USA_5449322AYZX0911,5449322AYZX0911,USA,Bags,USD,2026-09-07,2530.00,2710.00,0.0711,increase
70f730f45777607b848e70fad09b5fef,Balenciaga_USA_5449324G4HJ0926,5449324G4HJ0926,USA,Bags,USD,2026-09-07,1020.00,1090.00,0.0686,increase
610df67afbba133569cce484602fc519,Balenciaga_USA_5449324GQLA8065,5449324GQLA8065,USA,Bags,USD,2026-09-07,2230.00,2390.00,0.0717,increase
5aca12ab395d3a5e591a854e20d3d2f1,Balenciaga_USA_5449324GWV24011,5449324GWV24011,USA,Bags,USD,2026-09-07,3260.00,3490.00,0.0706,increase
99f2c549d32bcad1842ad3800acb476c,Balenciaga_USA_544932W60MX2840,544932W60MX2840,USA,Bags,USD,2026-09-07,2000.00,2140.00,0.0700,increase
253aac4880ce8b06a103e946d3ffd286,Balenciaga_USA_546998213YO9104,546998213YO9104,USA,Bags,USD,2026-09-07,445.00,475.00,0.0674,increase
d7236499bef265148eead96021e96a08,Balenciaga_USA_5469982ABEE9002,5469982ABEE9002,USA,Bags,USD,2026-09-07,915.00,980.00,0.0710,increase
f20ddc248cc73195e7e3d58b425026ef,Balenciaga_USA_5482214GQV51000,5482214GQV51000,USA,Bags,USD,2026-09-07,2760.00,2950.00,0.0688,increase
3f96094f636ada9d714933533b2d4d49,Balenciaga_USA_5505264G0059002,5505264G0059002,USA,Bags,USD,2026-09-07,1370.00,1470.00,0.0730,increase
e6c21eafd0d34464c8f0ee1574a44361,Balenciaga_USA_552358T6AME4011,552358T6AME4011,USA,Bags,USD,2026-09-07,2530.00,2700.00,0.0672,increase
3c84bca59fad1bc15c6b19f153ef9a01,Balenciaga_USA_553957TBSVE4200,553957TBSVE4200,USA,Small Leather Goods,USD,2026-09-07,500.00,535.00,0.0700,increase
fb1fb073228c4aef16528563a0cd8cd0,Balenciaga_USA_553957WO6SQ1251,553957WO6SQ1251,USA,Small Leather Goods,USD,2026-09-07,455.00,485.00,0.0659,increase
0315fc38a5404eaf8c86ca93a7e45941,Balenciaga_USA_55430321CYU1240,55430321CYU1240,USA,Bags,USD,2026-09-07,2530.00,2710.00,0.0711,increase
e250d783f1273262e47cba1befb9b947,Balenciaga_USA_5543034GFF51000,5543034GFF51000,USA,Bags,USD,2026-09-07,4750.00,5090.00,0.0716,increase
477830cb8aea893a88ac3010c37be1ac,Balenciaga_USA_554303TCULN5723,554303TCULN5723,USA,Bags,USD,2026-09-07,1890.00,2030.00,0.0741,increase
47b2b68484700ca6f82b052b5ff393dc,Balenciaga_USA_554303WHAQI0926,554303WHAQI0926,USA,Bags,USD,2026-09-07,2630.00,2810.00,0.0684,increase
5ad57e2bc727f228742957831ddc03e0,Balenciaga_USA_558209TUR5X2840,558209TUR5X2840,USA,Small Leather Goods,USD,2026-09-07,340.00,365.00,0.0735,increase
e19aa8ae6f6f4e83dc0c7f367834c815,Balenciaga_USA_558209WQ28U8122,558209WQ28U8122,USA,Small Leather Goods,USD,2026-09-07,630.00,675.00,0.0714,increase
643642e996f98ee1f588fa194f79605a,Balenciaga_USA_560831T8TK91000,560831T8TK91000,USA,Bags,USD,2026-09-07,2160.00,2320.00,0.0741,increase
a44a5dfca92b7fcde00ac2144c77e0c9,Balenciaga_USA_560831TT4RI5723,560831TT4RI5723,USA,Bags,USD,2026-09-07,1820.00,1950.00,0.0714,increase
c253fe5be18ac20771b8e5af97382ddd,Balenciaga_USA_5628362AZUH1000,5628362AZUH1000,USA,Bags,USD,2026-09-07,4480.00,4790.00,0.0692,increase
9860e432d6f89ab349bf755b2d7a1614,Balenciaga_USA_562836TTSKW3258,562836TTSKW3258,USA,Bags,USD,2026-09-07,2070.00,2210.00,0.0676,increase
c6c89e5b3a752d6f5196f074e1d48319,Balenciaga_USA_562836TXYUY1210,562836TXYUY1210,USA,Bags,USD,2026-09-07,3920.00,4190.00,0.0689,increase
8993a22c8032ebd12805a2d3b8ba2dcd,Balenciaga_USA_5678242AIHF1000,5678242AIHF1000,USA,Bags,USD,2026-09-07,3660.00,3920.00,0.0710,increase
85e6d68fd78ebf13493bd1a8c22de7ec,Balenciaga_USA_567824WUMAJ8065,567824WUMAJ8065,USA,Bags,USD,2026-09-07,3280.00,3510.00,0.0701,increase
7806335d99bd071ae08aa90d1d08572e,Balenciaga_USA_57372021BEH1000,57372021BEH1000,USA,Bags,USD,2026-09-07,2950.00,3160.00,0.0712,increase
9701b33102ebc0231ed2d619c8538e76,Balenciaga_USA_5737202ABMI9020,5737202ABMI9020,USA,Bags,USD,2026-09-07,4860.00,5200.00,0.0700,increase
8e953f6910f510cb27220f17805a2755,Balenciaga_USA_5737202AWYK1000,5737202AWYK1000,USA,Bags,USD,2026-09-07,2210.00,2360.00,0.0679,increase
44db09750e6b49de21b45d22e53d3d1a,Balenciaga_USA_573720WMG5U3258,573720WMG5U3258,USA,Bags,USD,2026-09-07,2520.00,2700.00,0.0714,increase
0e439f246a39177680ee7c21691a52f6,Balenciaga_USA_5851324GHQ51090,5851324GHQ51090,USA,Bags,USD,2026-09-07,1460.00,1560.00,0.0685,increase
01298a0bae38924de2790e0054cda41c,Balenciaga_USA_585609216ZI1210,585609216ZI1210,USA,Bags,USD,2026-09-07,600.00,640.00,0.0667,increase
bdac4939deba601983a8f454617cd547,Balenciaga_USA_5856092AB8R1000,5856092AB8R1000,USA,Bags,USD,2026-09-07,2370.00,2540.00,0.0717,increase
ce36fd951907841bae9a72c49f6d6dbe,Balenciaga_USA_5861342A5ZF2533,5861342A5ZF2533,USA,Bags,USD,2026-09-07,3490.00,3740.00,0.0716,increase
bf98c805273087f77a27d7c5e523cba4,Balenciaga_USA_5861342ABDK1000,5861342ABDK1000,USA,Bags,USD,2026-09-07,3760.00,4020.00,0.0691,increase
270939507fec9259138ed6379d7b6f10,Balenciaga_USA_586134THIHP4200,586134THIHP4200,USA,Bags,USD,2026-09-07,3310.00,3540.00,0.0695,increase
0aaf6a9f860bc013d2e76c34de417119,Balenciaga_USA_5861462ABI32533,5861462ABI32533,USA,Bags,USD,2026-09-07,2600.00,2780.00,0.0692,increase
e99bf0cfc7638f11265ed6de278d6545,Balenciaga_USA_586146TO7IY1210,586146TO7IY1210,USA,Bags,USD,2026-09-07,2800.00,2990.00,0.0679,increase
218a34fcd9055fc918d3433f12ef3e3a,Balenciaga_USA_586146TRVHI2533,586146TRVHI2533,USA,Bags,USD,2026-09-07,3210.00,3430.00,0.0685,increase
a8c5be73e3967ad42727746293061df2,Balenciaga_USA_586146TT9QA8065,586146TT9QA8065,USA,Bags,USD,2026-09-07,3170.00,3390.00,0.0694,increase
9cd550a5abde44be1c2e4dcd4edb087c,Balenciaga_USA_586146TTWU21240,586146TTWU21240,USA,Bags,USD,2026-09-07,2610.00,2790.00,0.0690,increase
39ea01446b2256131b04e2d885faf4e7,Balenciaga_USA_586146W1WP65723,586146W1WP65723,USA,Bags,USD,2026-09-07,3200.00,3430.00,0.0719,increase
949491bee16deeb644ab8313a24711d3,Balenciaga_USA_586146WBD2S8122,586146WBD2S8122,USA,Bags,USD,2026-09-07,2090.00,2230.00,0.0670,increase
bd5ee9eac40a09dc8511c4b267f22152,Balenciaga_USA_58737121E5Q1000,58737121E5Q1000,USA,Bags,USD,2026-09-07,3480.00,3720.00,0.0690,increase
013f0573966dbc2b4058f0691dac1515,Balenciaga_USA_5898034GZAD1000,5898034GZAD1000,USA,Bags,USD,2026-09-07,3560.00,3810.00,0.0702,increase
ae381aeabe1977c228d3aef768afd3be,Balenciaga_USA_589803TTLSW4011,589803TTLSW4011,USA,Bags,USD,2026-09-07,2360.00,2530.00,0.0720,increase
67c725fbfc92367ee9b52ec384a884eb,Balenciaga_USA_5919172AZ1O5723,5919172AZ1O5723,USA,Small Leather Goods,USD,2026-09-07,355.00,380.00,0.0704,increase
8f65e6e52adc609eb911b1a34cb5113c,Balenciaga_USA_591917W3LVJ1000,591917W3LVJ1000,USA,Small Leather Goods,USD,2026-09-07,590.00,630.00,0.0678,increase
02d55db4eabb7911cbdb245163150b72,Balenciaga_USA_596501218XT4200,596501218XT4200,USA,Bags,USD,2026-09-07,3450.00,3690.00,0.0696,increase
7150599706097bd1509433ac13a5d4d6,Balenciaga_USA_59650121J5P2533,59650121J5P2533,USA,Bags,USD,2026-09-07,3380.00,3620.00,0.0710,increase
d667126b863b32913f4da81143f3e234,Balenciaga_USA_596501TY52T1000,596501TY52T1000,USA,Bags,USD,2026-09-07,2820.00,3010.00,0.0674,increase
b0017854f6effa9e3ad51ce1b5b0e627,Balenciaga_USA_600325214860911,600325214860911,USA,Bags,USD,2026-09-07,1990.00,2130.00,0.0704,increase
650722b094fe5c259a6898e60e90ac76,Balenciaga_USA_6003254G0R28122,6003254G0R28122,USA,Bags,USD,2026-09-07,2070.00,2220.00,0.0725,increase
8b8e88cce2ae34767f1180ad64fe07df,Balenciaga_USA_600325TT4SF1000,600325TT4SF1000,USA,Bags,USD,2026-09-07,3170.00,3390.00,0.0694,increase
f204e62b181654c1561441be0d3b4096,Balenciaga_USA_6039712AHBR3258,6039712AHBR3258,USA,Bags,USD,2026-09-07,3110.00,3330.00,0.0707,increase
80720db25aea723b7496cbfbab78236a,Balenciaga_USA_6039714G6ZW1090,6039714G6ZW1090,USA,Bags,USD,2026-09-07,11550.00,12350.00,0.0693,increase
a5eaaaf39a835820e06f1e6f3ad2b6f2,Balenciaga_USA_604342219829104,604342219829104,USA,Accessories,USD,2026-09-07,2120.00,2260.00,0.0660,increase
8ef2c5be72d9a4fd8a61f95772cf0061,Balenciaga_USA_6043422ABBQ0911,6043422ABBQ0911,USA,Accessories,USD,2026-09-07,1960.00,2090.00,0.0663,increase
ce08154ac2f6bbfc2f34af7d3df8c673,Balenciaga_USA_6043424G58X9000,6043424G58X9000,USA,Accessories,USD,2026-09-07,4750.00,5080.00,0.0695,increase
df5ede6c1775a8770bb3c7c81b96e518,Balenciaga_USA_604342TN9E49000,604342TN9E49000,USA,Accessories,USD,2026-09-07,2380.00,2550.00,0.0714,increase
6f14f561e92e367ce44b5e6eec22521e,Balenciaga_USA_605291218ME1000,605291218ME1000,USA,Small Leather Goods,USD,2026-09-07,425.00,455.00,0.0706,increase
6f61a7c265636aa8b9c65de23a5a0be5,Balenciaga_USA_6052912ABSR1210,6052912ABSR1210,USA,Small Leather Goods,USD,2026-09-07,465.00,500.00,0.0753,increase
9173f920a5dfac254104aa39e84d4190,Balenciaga_USA_6067874GSEE1084,6067874GSEE1084,USA,Bags,USD,2026-09-07,2900.00,3100.00,0.0690,increase
f6161834db5d178315d165d0140e2748,Balenciaga_USA_606787WJ1DK1251,606787WJ1DK1251,USA,Bags,USD,2026-09-07,2440.00,2610.00,0.0697,increase
51fd2953648aa67db7d61d087c273b2e,Balenciaga_USA_6068722A74C0911,6068722A74C0911,USA,Small Leather Goods,USD,2026-09-07,510.00,545.00,0.0686,increase
5496a951acba07ad164c98767f47d69e,Balenciaga_USA_606872TJ2VY9000,606872TJ2VY9000,USA,Bags,USD,2026-09-07,895.00,955.00,0.0670,increase
f946891fd832cb470b053da328f2ec68,Balenciaga_USA_606872TTD4I1000,606872TTD4I1000,USA,Small Leather Goods,USD,2026-09-07,605.00,645.00,0.0661,increase
5959aa25bf8af9baa609906bf55fb6cf,Balenciaga_USA_606872WCITL8065,606872WCITL8065,USA,Accessories,USD,2026-09-07,315.00,340.00,0.0794,increase
a5b639edc1c614a621215fef53a4c5b3,Balenciaga_USA_6081552A3911090,6081552A3911090,USA,Bags,USD,2026-09-07,800.00,855.00,0.0688,increase
0c24bde2d8c0ed8a614c16f5f44accd7,Balenciaga_USA_6090452AB6B0926,6090452AB6B0926,USA,Small Leather Goods,USD,2026-09-07,450.00,480.00,0.0667,increase
31c324595c8e845078c4d34b685b0f23,Balenciaga_USA_6090454GFZ40926,6090454GFZ40926,USA,Small Leather Goods,USD,2026-09-07,1070.00,1140.00,0.0654,increase
ee5aed8a182916bca058ec2dac43f2b4,Balenciaga_USA_60976421CA79000,60976421CA79000,USA,Accessories,USD,2026-09-07,875.00,935.00,0.0686,increase
06aedfd257afd9af191e92d8f7fb4242,Balenciaga_USA_6097644GYE99104,6097644GYE99104,USA,Accessories,USD,2026-09-07,470.00,500.00,0.0638,increase
4face66b2fb5f9dcc455886f4675d03a,Balenciaga_USA_609764W580V9002,609764W580V9002,USA,Accessories,USD,2026-09-07,585.00,630.00,0.0769,increase
e788e05c46793f134d7f20fdd94f296f,Balenciaga_USA_6106004GZJF9104,6106004GZJF9104,USA,Bags,USD,2026-09-07,1880.00,2010.00,0.0691,increase
062634ed82c67d7012378452a8a33d54,Balenciaga_USA_610600WI7Z98065,610600WI7Z98065,USA,Bags,USD,2026-09-07,995.00,1070.00,0.0754,increase
00de058f53d25848c6bc565f6fbaa717,Balenciaga_USA_6115974G4912308,6115974G4912308,USA,Bags,USD,2026-09-07,1220.00,1310.00,0.0738,increase
06e1c4393a621b6f87f4d3b35c157f1d,Balenciaga_USA_615434215P10926,615434215P10926,USA,Bags,USD,2026-09-07,5250.00,5610.00,0.0686,increase
1f0da5a3f44c3e08c1f56b88dacf3821,Balenciaga_USA_6154342AFAB4011,6154342AFAB4011,USA,Bags,USD,2026-09-07,2390.00,2560.00,0.0711,increase
9bf50a112965001ffe0eecb947ca61eb,Balenciaga_USA_6154344GBXM0926,6154344GBXM0926,USA,Bags,USD,2026-09-07,2640.00,2820.00,0.0682,increase
2cce318f14869bad7d0e67e5d664d6c5,Balenciaga_USA_6154344GF5T2308,6154344GF5T2308,USA,Bags,USD,2026-09-07,2170.00,2320.00,0.0691,increase
925b04909d45593dadeef222ec266b2f,Balenciaga_USA_615434TT9YP0127,615434TT9YP0127,USA,Bags,USD,2026-09-07,2170.00,2320.00,0.0691,increase
032c1fbc5f7b1b624f1718ad3f0d9cc9,Balenciaga_USA_61818021PJ51090,61818021PJ51090,USA,Accessories,USD,2026-09-07,355.00,380.00,0.0704,increase
92018c8a7045eed66dd3272a0232bdf2,Balenciaga_USA_6181802A8GI8065,6181802A8GI8065,USA,Accessories,USD,2026-09-07,1730.00,1850.00,0.0694,increase
8e59bb2799167139237e6dfe4ba15b47,Balenciaga_USA_6181802ABRM1084,6181802ABRM1084,USA,Accessories,USD,2026-09-07,1690.00,1810.00,0.0710,increase
e759d532914a99bc6b235ff9f2b6ac9c,Balenciaga_USA_618809TH1H49020,618809TH1H49020,USA,Small Leather Goods,USD,2026-09-07,1780.00,1900.00,0.0674,increase
1b2da3b3d88dcbf64e337f12be58023a,Balenciaga_USA_618809WDY7T2840,618809WDY7T2840,USA,Small Leather Goods,USD,2026-09-07,4600.00,4930.00,0.0717,increase
a3a4e2fbdd8d78d936e4f2bab2402838,Balenciaga_USA_61979921UMQ9000,61979921UMQ9000,USA,Small Leather Goods,USD,2026-09-07,445.00,480.00,0.0787,increase
da4c3ac2c5affb17b2261cc09cfbca97,Balenciaga_USA_6197992ABGI2840,6197992ABGI2840,USA,Small Leather Goods,USD,2026-09-07,295.00,315.00,0.0678,increase
cea2604fc9506167cb19a257b4a187a7,Balenciaga_USA_6200252AB6C2840,6200252AB6C2840,USA,Bags,USD,2026-09-07,2580.00,2760.00,0.0698,increase
f6a1e4f9a011ad87cdd13c807a083e18,Balenciaga_USA_620025TTOCR3258,620025TTOCR3258,USA,Bags,USD,2026-09-07,3020.00,3230.00,0.0695,increase
79d2bedf00482aaa5d1a55b903edcfcc,Balenciaga_USA_62422121YB51240,62422121YB51240,USA,Bags,USD,2026-09-07,630.00,675.00,0.0714,increase
3673fb7d151a73dfeb3a0f5a37111ea7,Balenciaga_USA_624221TTQWM8065,624221TTQWM8065,USA,Bags,USD,2026-09-07,585.00,625.00,0.0684,increase
9617d9942f3d7e35ecb5d4ae1aff503e,Balenciaga_USA_624221WD4EL9020,624221WD4EL9020,USA,Bags,USD,2026-09-07,1400.00,1500.00,0.0714,increase
725b54c3bfff2c7087052fbf84903349,Balenciaga_USA_6257174GF6W2533,6257174GF6W2533,USA,Small Leather Goods,USD,2026-09-07,280.00,300.00,0.0714,increase
938de0cf933d075101df382bac58000d,Balenciaga_USA_627903TTOKK2840,627903TTOKK2840,USA,Bags,USD,2026-09-07,430.00,460.00,0.0698,increase
ddcdb57ee0c261f335fbd6d43d8b6ade,Balenciaga_USA_6305072110B1041,6305072110B1041,USA,Bags,USD,2026-09-07,4300.00,4600.00,0.0698,increase
31fa15deeab536d7f0289adf5e8a06c9,Balenciaga_USA_630507TTWFZ1240,630507TTWFZ1240,USA,Bags,USD,2026-09-07,3640.00,3890.00,0.0687,increase
6694ef3961c1cbf995818150b0249ba1,Balenciaga_USA_630507WVDSS9002,630507WVDSS9002,USA,Bags,USD,2026-09-07,3390.00,3630.00,0.0708,increase
ee96daabc39bc5b09ca15e2ac414fd1b,Balenciaga_USA_630507WZAMO2533,630507WZAMO2533,USA,Bags,USD,2026-09-07,4590.00,4920.00,0.0719,increase
df7018b96a4e1e702ecf7702079ee57e,Balenciaga_USA_6319002AAW31090,6319002AAW31090,USA,Bags,USD,2026-09-07,2310.00,2470.00,0.0693,increase
ae99483f690415168df534836a20f670,Balenciaga_USA_6319002ABTX1000,6319002ABTX1000,USA,Bags,USD,2026-09-07,3360.00,3600.00,0.0714,increase
63bbac902f7940ad64d9c6f8f4e62ead,Balenciaga_USA_6319002AWRE9104,6319002AWRE9104,USA,Bags,USD,2026-09-07,3090.00,3300.00,0.0680,increase
510bf7b834f24b514d0f9a0234f2a613,Balenciaga_USA_6319004GBUF5723,6319004GBUF5723,USA,Bags,USD,2026-09-07,3390.00,3620.00,0.0678,increase
2896374f0971b9451f1cea82711af2ff,Balenciaga_USA_631900TT6TA9000,631900TT6TA9000,USA,Bags,USD,2026-09-07,2390.00,2550.00,0.0669,increase
3f41bfe10bce3857a457b29f8d7e1d08,Balenciaga_USA_631900TTHUH1000,631900TTHUH1000,USA,Bags,USD,2026-09-07,2810.00,3000.00,0.0676,increase
7fba2ea0c99198da63b283a6ccd2a708,Balenciaga_USA_631900TTM6O1000,631900TTM6O1000,USA,Bags,USD,2026-09-07,3230.00,3460.00,0.0712,increase
19c7c6d374e9da102436699e7bdfe901,Balenciaga_USA_631900WDUX21090,631900WDUX21090,USA,Bags,USD,2026-09-07,4040.00,4320.00,0.0693,increase
d3920463893bbdd6f0d75f84f13d9920,Balenciaga_USA_631900WFXVH1000,631900WFXVH1000,USA,Bags,USD,2026-09-07,2760.00,2960.00,0.0725,increase
8329ef423463862718fbbf4367e66133,Balenciaga_USA_63238321K5N1090,63238321K5N1090,USA,Small Leather Goods,USD,2026-09-07,4020.00,4300.00,0.0697,increase
0478efc0c42e6f18059bd18d9ba60f16,Balenciaga_USA_6341232ABT41041,6341232ABT41041,USA,Bags,USD,2026-09-07,1380.00,1470.00,0.0652,increase
4ca60fe6a44b9f3187500cec35b174cf,Balenciaga_USA_634123TF2SO0911,634123TF2SO0911,USA,Bags,USD,2026-09-07,1630.00,1750.00,0.0736,increase
3a06a0c0437b73783e67df0db0a0f428,Balenciaga_USA_634123TTEWD5723,634123TTEWD5723,USA,Bags,USD,2026-09-07,3560.00,3810.00,0.0702,increase
36e18c00299ae506eae9bbc7d0752421,Balenciaga_USA_639916T3NGA1000,639916T3NGA1000,USA,Small Leather Goods,USD,2026-09-07,2090.00,2230.00,0.0670,increase
c546b98c2bf755ef5d5cb052477318bb,Balenciaga_USA_6416162ABYP9002,6416162ABYP9002,USA,Bags,USD,2026-09-07,1520.00,1630.00,0.0724,increase
12197f122f45878e5c6aa38a2cdfbb1e,Balenciaga_USA_6482272AB7M0127,6482272AB7M0127,USA,Bags,USD,2026-09-07,1080.00,1150.00,0.0648,increase
e49bbbda44bda1c5298264decbda4aa5,Balenciaga_USA_6482272ABT00911,6482272ABT00911,USA,Bags,USD,2026-09-07,1540.00,1650.00,0.0714,increase
cc2d24e3f726c2ed4322c8edce9ca594,Balenciaga_USA_648227WHLJF3258,648227WHLJF3258,USA,Bags,USD,2026-09-07,3530.00,3780.00,0.0708,increase
2da5c1a80ffeadbf13c6e581bcd358d1,Balenciaga_USA_65021421L5I4200,65021421L5I4200,USA,Small Leather Goods,USD,2026-09-07,435.00,465.00,0.0690,increase
5b8c4bd1fa7fa715b0735739ed23001f,Balenciaga_USA_6502142A5IF9000,6502142A5IF9000,USA,Small Leather Goods,USD,2026-09-07,315.00,340.00,0.0794,increase
fb3a38a856bb795282ddc480d593ce2e,Balenciaga_USA_65463321I4N1000,65463321I4N1000,USA,Bags,USD,2026-09-07,1010.00,1080.00,0.0693,increase
f85ac0c9db3f0105e77dc42eabc87184,Balenciaga_USA_6582622A6FA9020,6582622A6FA9020,USA,Bags,USD,2026-09-07,1820.00,1950.00,0.0714,increase
c3ed9d5aee428dcfd84a208e4b631513,Balenciaga_USA_658262W7ZM61090,658262W7ZM61090,USA,Bags,USD,2026-09-07,510.00,545.00,0.0686,increase
a54a3b1517814bc8ab5dc84611238570,Balenciaga_USA_6595782AB1G2533,6595782AB1G2533,USA,Bags,USD,2026-09-07,315.00,335.00,0.0635,increase
04f7f5ac08be2ee49176e5c21b239260,Balenciaga_USA_659578WTHGI0127,659578WTHGI0127,USA,Bags,USD,2026-09-07,465.00,500.00,0.0753,increase
1c1c9fd23dc9788dc5dc3e1eebf024d3,Balenciaga_USA_664769WDPAE8065,664769WDPAE8065,USA,Bags,USD,2026-09-07,2480.00,2660.00,0.0726,increase
2eade57c7780f6d0d664769e5a7e0734,Balenciaga_USA_6661592ABB71000,6661592ABB71000,USA,Small Leather Goods,USD,2026-09-07,990.00,1060.00,0.0707,increase
1b02b9f175c1665378d7badc70a5a9cf,Balenciaga_USA_666159TT9KL9000,666159TT9KL9000,USA,Small Leather Goods,USD,2026-09-07,320.00,345.00,0.0781,increase
7659878037455aa147acbba1c5cbdf9f,Balenciaga_USA_668213WBX4D2533,668213WBX4D2533,USA,Bags,USD,2026-09-07,3020.00,3230.00,0.0695,increase
ca1ed0d9c7e1a3bcc5e879a4e56f2af5,Balenciaga_USA_668213WIM2Q0911,668213WIM2Q0911,USA,Bags,USD,2026-09-07,2880.00,3080.00,0.0694,increase
d9e2470cbaab0b8f5baa8369eed82966,Balenciaga_USA_6703942ADO60911,6703942ADO60911,USA,Small Leather Goods,USD,2026-09-07,415.00,445.00,0.0723,increase
3a7019a8b7054950bdb84f4c6fedecb1,Balenciaga_USA_6703942AJWP9002,6703942AJWP9002,USA,Small Leather Goods,USD,2026-09-07,315.00,335.00,0.0635,increase
094c0f692c3fbc77821e1577fde43704,Balenciaga_USA_6703944GWYS4200,6703944GWYS4200,USA,Small Leather Goods,USD,2026-09-07,410.00,440.00,0.0732,increase
4860edc62bd314ffd3e8eb1c5d91800a,Balenciaga_USA_6704764GD9W5723,6704764GD9W5723,USA,Bags,USD,2026-09-07,510.00,545.00,0.0686,increase
738fe25c504c30f26392702d79cfce98,Balenciaga_USA_673470TS1LV2533,673470TS1LV2533,USA,Accessories,USD,2026-09-07,340.00,360.00,0.0588,increase
c85b9dbf6be21e1ed4381a554afae544,Balenciaga_USA_67679221VL61210,67679221VL61210,USA,Bags,USD,2026-09-07,2810.00,3010.00,0.0712,increase
5464d2474b8e316345c655f015093ec6,Balenciaga_USA_6767922AB4K1090,6767922AB4K1090,USA,Bags,USD,2026-09-07,1820.00,1940.00,0.0659,increase
54aaab24053e8dad1ca27f77543ee4df,Balenciaga_USA_6767922APFE1000,6767922APFE1000,USA,Bags,USD,2026-09-07,2580.00,2760.00,0.0698,increase
ab9e7e654a6188a6b44104a49fe358fd,Balenciaga_USA_676820WGNH62533,676820WGNH62533,USA,Bags,USD,2026-09-07,2510.00,2690.00,0.0717,increase
77c1f7ffe4195e051195451a904702cf,Balenciaga_USA_6778232A4ZU9020,6778232A4ZU9020,USA,Bags,USD,2026-09-07,3030.00,3240.00,0.0693,increase
83a863c805c0d0f36083e81802df4cde,Balenciaga_USA_6778234GNKV1000,6778234GNKV1000,USA,Bags,USD,2026-09-07,2360.00,2520.00,0.0678,increase
b6db8a1981aec9c0be6cc8026610a20e,Balenciaga_USA_677823TPXBN1090,677823TPXBN1090,USA,Bags,USD,2026-09-07,3690.00,3940.00,0.0678,increase
ef89b8cf5f52ae83eb085a13d233c74d,Balenciaga_USA_6786802AEJ81000,6786802AEJ81000,USA,Small Leather Goods,USD,2026-09-07,2440.00,2610.00,0.0697,increase
53bcefe8410c1e846e4961c92c8cf6d5,Balenciaga_USA_6869382ABCP0911,6869382ABCP0911,USA,Bags,USD,2026-09-07,2840.00,3040.00,0.0704,increase
5e622f1ce52709952b6004ae20970ca0,Balenciaga_USA_6871014GGDU8122,6871014GGDU8122,USA,Bags,USD,2026-09-07,1340.00,1430.00,0.0672,increase
83791c6e5ef54c7381b2f7c517f338f3,Balenciaga_USA_687101TK1EY1000,687101TK1EY1000,USA,Bags,USD,2026-09-07,3620.00,3880.00,0.0718,increase
65c08a4aaec285382fa67c6cd17fbe08,Balenciaga_USA_687101TTS681000,687101TTS681000,USA,Bags,USD,2026-09-07,2520.00,2690.00,0.0675,increase
a6c633e5bed76be2ce7e657fdce17f05,Balenciaga_USA_6873682AB3L1000,6873682AB3L1000,USA,Bags,USD,2026-09-07,4570.00,4900.00,0.0722,increase
dd3d0119c09b7af576f8b22cee13430f,Balenciaga_USA_6873682ABYE2308,6873682ABYE2308,USA,Bags,USD,2026-09-07,3630.00,3880.00,0.0689,increase
9b6df0a476c29f6260fcfb096f4fa106,Balenciaga_USA_6873684GEGI1210,6873684GEGI1210,USA,Bags,USD,2026-09-07,2420.00,2590.00,0.0702,increase
15ce5d9821b2274b12da0dcb74eb5455,Balenciaga_USA_687755TT6SC1090,687755TT6SC1090,USA,Small Leather Goods,USD,2026-09-07,685.00,735.00,0.0730,increase
329b5a8c78d1deabfd80bdfdbdb54a67,Balenciaga_USA_687755WZQV70926,687755WZQV70926,USA,Small Leather Goods,USD,2026-09-07,525.00,560.00,0.0667,increase
b39c5196bff55f80c128e718fe224945,Balenciaga_USA_690455WM0LO0926,690455WM0LO0926,USA,Small Leather Goods,USD,2026-09-07,945.00,1010.00,0.0688,increase
f56d4c702e5d2d10c6cd9cc491ce299e,Balenciaga_USA_690455WV5SI9002,690455WV5SI9002,USA,Small Leather Goods,USD,2026-09-07,1400.00,1500.00,0.0714,increase
5a3dff169b3071c83e44aba3ddf46f18,Balenciaga_USA_698478T6LAH9020,698478T6LAH9020,USA,Bags,USD,2026-09-07,4840.00,5170.00,0.0682,increase
e7c6e871134c4e778f32d0259b8977cb,Balenciaga_USA_698478TK52K4200,698478TK52K4200,USA,Bags,USD,2026-09-07,855.00,915.00,0.0702,increase
a3cc88d9a080098e454ec438951a6d8d,Balenciaga_USA_698478WAG0O0911,698478WAG0O0911,USA,Bags,USD,2026-09-07,900.00,965.00,0.0722,increase
d0ee3ebbf4aa7a7cc1fab7872da0d94f,Balenciaga_USA_706014TT5D61000,706014TT5D61000,USA,Bags,USD,2026-09-07,540.00,580.00,0.0741,increase
19bd8a92f78ef7d3ede53c5343a5871e,Balenciaga_USA_706014TTHIA8065,706014TTHIA8065,USA,Bags,USD,2026-09-07,540.00,575.00,0.0648,increase
dc049cdab084d3f72d61caac2e877e33,Balenciaga_USA_706014TV8UH1084,706014TV8UH1084,USA,Bags,USD,2026-09-07,840.00,900.00,0.0714,increase
0a8c26b9530137d26486c00d5a2543de,Balenciaga_USA_7066122A50P3258,7066122A50P3258,USA,Small Leather Goods,USD,2026-09-07,1260.00,1340.00,0.0635,increase
5fa09b68e45f03f1b705128487de5994,Balenciaga_USA_7066122AB3X1000,7066122AB3X1000,USA,Small Leather Goods,USD,2026-09-07,1130.00,1210.00,0.0708,increase
dbe0941c6981c0c532b3e76a786d8c37,Balenciaga_USA_7066122AY6L8065,7066122AY6L8065,USA,Small Leather Goods,USD,2026-09-07,2320.00,2480.00,0.0690,increase
95737e34036c41c778602827d4353177,Balenciaga_USA_706612WBFE11090,706612WBFE11090,USA,Small Leather Goods,USD,2026-09-07,335.00,360.00,0.0746,increase
ce4bf7a618559adda9aefffc2d41a0e6,Balenciaga_USA_7089882AB993258,7089882AB993258,USA,Small Leather Goods,USD,2026-09-07,650.00,695.00,0.0692,increase
e1cb67e79a2637a46ed74f80ece5ee6b,Balenciaga_USA_7089882ABJZ1251,7089882ABJZ1251,USA,Small Leather Goods,USD,2026-09-07,770.00,825.00,0.0714,increase
6eeb9f0f76e79950df094d4d5ce79421,Balenciaga_USA_71088921W3O1240,71088921W3O1240,USA,Small Leather Goods,USD,2026-09-07,610.00,655.00,0.0738,increase
ccfbcfc2466ed6c9d952e8b06f967c23,Balenciaga_USA_711160WE21T1240,711160WE21T1240,USA,Small Leather Goods,USD,2026-09-07,345.00,365.00,0.0580,increase
81448e4f91574f3cb143da6ed75ff532,Balenciaga_USA_711160WOZ6M4011,711160WOZ6M4011,USA,Small Leather Goods,USD,2026-09-07,460.00,490.00,0.0652,increase
dce7a6f617b6d97594737b76e6c4ca80,Balenciaga_USA_7134902AB1H4200,7134902AB1H4200,USA,Bags,USD,2026-09-07,3640.00,3890.00,0.0687,increase
7fce5966d3234160d0449bb20acd62ef,Balenciaga_USA_713490TTJ7K2533,713490TTJ7K2533,USA,Bags,USD,2026-09-07,3650.00,3910.00,0.0712,increase
ca61796aa4581d4fcf03fa48e8a2b355,Balenciaga_USA_7163572AY874200,7163572AY874200,USA,Bags,USD,2026-09-07,3410.00,3650.00,0.0704,increase
2fa0f0b23b85746c169813765b510fdc,Balenciaga_USA_7163574GQBG9000,7163574GQBG9000,USA,Bags,USD,2026-09-07,2480.00,2650.00,0.0685,increase
3f33dbaa579653fd77f756c1df178e82,Balenciaga_USA_7238022ALQU5723,7238022ALQU5723,USA,Bags,USD,2026-09-07,1950.00,2080.00,0.0667,increase
a04b29362cf8b57b438e5eae77164f09,Balenciaga_USA_723802TPE569000,723802TPE569000,USA,Bags,USD,2026-09-07,2030.00,2170.00,0.0690,increase
61f010f42bd1b28dd0474d95bed3f4dc,Balenciaga_USA_723802TTN6J5723,723802TTN6J5723,USA,Bags,USD,2026-09-07,5050.00,5400.00,0.0693,increase
22ea71d332a640a5c4f2374b4a775b4a,Balenciaga_USA_7247992ABQG0926,7247992ABQG0926,USA,Small Leather Goods,USD,2026-09-07,875.00,940.00,0.0743,increase
9cfb58c4b3a4115e7c440a162da10588,Balenciaga_USA_72532821OA90911,72532821OA90911,USA,Small Leather Goods,USD,2026-09-07,850.00,910.00,0.0706,increase
044553830d44211529d76ae3ffaf962b,Balenciaga_USA_725328TTV443258,725328TTV443258,USA,Small Leather Goods,USD,2026-09-07,315.00,335.00,0.0635,increase
fa2c2fdf3f27d7960fba9cef84c3fcfc,Balenciaga_USA_72600621HFN1210,72600621HFN1210,USA,Bags,USD,2026-09-07,3630.00,3880.00,0.0689,increase
f0455d5bf732916f86ca8f52edbd04c1,Balenciaga_USA_7260062AINV9000,7260062AINV9000,USA,Bags,USD,2026-09-07,2470.00,2640.00,0.0688,increase
9ab85f1b783d7b2ea0fff90dd34c673f,Balenciaga_USA_7260064GLKM1000,7260064GLKM1000,USA,Bags,USD,2026-09-07,3300.00,3530.00,0.0697,increase
bd80decaa3c540c1461b8af3e1f63e60,Balenciaga_USA_7283052ABY31090,7283052ABY31090,USA,Bags,USD,2026-09-07,3720.00,3980.00,0.0699,increase
bea674dfe5885889a3ee4232024677d0,Balenciaga_USA_728305TUZCI4011,728305TUZCI4011,USA,Bags,USD,2026-09-07,4710.00,5040.00,0.0701,increase
62ddd406f078b8627ca9f663cb9e22f0,Balenciaga_USA_72872721NOR1090,72872721NOR1090,USA,Bags,USD,2026-09-07,2640.00,2820.00,0.0682,increase
c6e0cd6e851524f5613ca8ef2d3278b3,Balenciaga_USA_72918421GJI3258,72918421GJI3258,USA,Bags,USD,2026-09-07,3190.00,3410.00,0.0690,increase
b97dcf0916403e0805588dd6fddb8e23,Balenciaga_USA_7297992A1LP1000,7297992A1LP1000,USA,Bags,USD,2026-09-07,2230.00,2390.00,0.0717,increase
94abf6589a92a7e204f7daf631a41fc4,Balenciaga_USA_7297992ABTM0926,7297992ABTM0926,USA,Bags,USD,2026-09-07,1810.00,1940.00,0.0718,increase
d4cfc4e99580a77bd21446cc29d39eef,Balenciaga_USA_7297992ACVY2840,7297992ACVY2840,USA,Bags,USD,2026-09-07,1910.00,2040.00,0.0681,increase
7f44ba1d64f3f908be05476c32b0fbc9,Balenciaga_USA_729799TTQ0W0911,729799TTQ0W0911,USA,Bags,USD,2026-09-07,3650.00,3910.00,0.0712,increase
1ba32d4f16c91806440aa2d8380c491d,Balenciaga_USA_729799W4YYO2533,729799W4YYO2533,USA,Bags,USD,2026-09-07,2250.00,2410.00,0.0711,increase
d5ce6bc8206dd524105ba38ebac9612c,Balenciaga_USA_7311302ABV99104,7311302ABV99104,USA,Bags,USD,2026-09-07,1740.00,1860.00,0.0690,increase
f3a59d99a9ed843b50bcf181c2d7d079,Balenciaga_USA_731130TEWXC1000,731130TEWXC1000,USA,Bags,USD,2026-09-07,1910.00,2040.00,0.0681,increase
7900a9d84f300d4be1112b3dc557e7f4,Balenciaga_USA_734797W7EBY1041,734797W7EBY1041,USA,Accessories,USD,2026-09-07,2370.00,2540.00,0.0717,increase
64e22a620f37299ff8ea956602055e15,Balenciaga_USA_7378382ABGT0926,7378382ABGT0926,USA,Bags,USD,2026-09-07,1680.00,1790.00,0.0655,increase
2a9c9dbe0307703144034784575ef78b,Balenciaga_USA_74009021IIT1084,74009021IIT1084,USA,Small Leather Goods,USD,2026-09-07,835.00,895.00,0.0719,increase
8580bc4b17a59efe98a4c755c3b5b8e4,Balenciaga_USA_740090TT35C4011,740090TT35C4011,USA,Small Leather Goods,USD,2026-09-07,1090.00,1170.00,0.0734,increase
ae8983a71df92e61c1bc8e60a58ec59d,Balenciaga_USA_740090TTQWT5723,740090TTQWT5723,USA,Small Leather Goods,USD,2026-09-07,660.00,705.00,0.0682,increase
0621cb6580dd69aa006a7b0bacc3020f,Balenciaga_USA_7434644GJUQ1251,7434644GJUQ1251,USA,Small Leather Goods,USD,2026-09-07,1520.00,1620.00,0.0658,increase
8be622376764ac4cd64c1c05bf7bdae3,Balenciaga_USA_74818821RAQ1000,74818821RAQ1000,USA,Small Leather Goods,USD,2026-09-07,335.00,355.00,0.0597,increase
5ec4a7a203837f9b53e58d65b97c5fc2,Balenciaga_USA_7481882ABWW0911,7481882ABWW0911,USA,Small Leather Goods,USD,2026-09-07,620.00,665.00,0.0726,increase
2412a831d6ecad6bc0fdb93d631a10c0,Balenciaga_USA_7481884GUB61000,7481884GUB61000,USA,Small Leather Goods,USD,2026-09-07,765.00,815.00,0.0654,increase
f907307435245c1086c54ca52737056f,Balenciaga_USA_7483542ABV39020,7483542ABV39020,USA,Bags,USD,2026-09-07,5430.00,5810.00,0.0700,increase
e9b9a68478b30311fa066d6b9e777322,Balenciaga_USA_748354T1COL0911,748354T1COL0911,USA,Bags,USD,2026-09-07,2510.00,2680.00,0.0677,increase
5adcf60105880bb420ad76cd991565da,Balenciaga_USA_7517282110W1090,7517282110W1090,USA,Small Leather Goods,USD,2026-09-07,1530.00,1640.00,0.0719,increase
d0225d65b27ec0795971fdc8bc1b83a9,Balenciaga_USA_75172821F7M1210,75172821F7M1210,USA,Small Leather Goods,USD,2026-09-07,1090.00,1160.00,0.0642,increase
b3a8fa7183e36c2c8361a80c635a2ce6,Balenciaga_USA_751728WJEN18122,751728WJEN18122,USA,Small Leather Goods,USD,2026-09-07,1220.00,1300.00,0.0656,increase
f7d5b8a5db6579e0d7993761cac6ad6c,Balenciaga_USA_7616174GM071041,7616174GM071041,USA,Small Leather Goods,USD,2026-09-07,335.00,360.00,0.0746,increase
72158b40fc01bab18a61359d04ed6fb2,Balenciaga_USA_7702602AB191000,7702602AB191000,USA,Bags,USD,2026-09-07,3390.00,3630.00,0.0708,increase
c66e704b81251aa209ccbc153a3fd959,Balenciaga_USA_770260WXM7O1210,770260WXM7O1210,USA,Bags,USD,2026-09-07,3480.00,3730.00,0.0718,increase
4649c27c240338f9ea5d2f0e04a26ff2,Balenciaga_USA_77077921FFS1090,77077921FFS1090,USA,Small Leather Goods,USD,2026-09-07,345.00,370.00,0.0725,increase
d9255b4b72eb358875614fb20478798b,Balenciaga_USA_77077921PII8122,77077921PII8122,USA,Small Leather Goods,USD,2026-09-07,590.00,630.00,0.0678,increase
97cdfca5c6f518eb671dcf1b55639f27,Balenciaga_USA_7707792A4VV4011,7707792A4VV4011,USA,Small Leather Goods,USD,2026-09-07,470.00,500.00,0.0638,increase
b96ef6620b51a4949ead1fcc2896b7c5,Balenciaga_USA_7707792ABU11084,7707792ABU11084,USA,Small Leather Goods,USD,2026-09-07,465.00,495.00,0.0645,increase
4c801553e285399238bfb942f5251b8d,Balenciaga_USA_7707792ALGH1000,7707792ALGH1000,USA,Small Leather Goods,USD,2026-09-07,1270.00,1360.00,0.0709,increase
f1a0226877a3dab64c6e7daabe475dcb,Balenciaga_USA_7707794G8472308,7707794G8472308,USA,Small Leather Goods,USD,2026-09-07,750.00,800.00,0.0667,increase
87d24f27431d15633bcbc7b41914073e,Balenciaga_USA_7707794GGLA1090,7707794GGLA1090,USA,Small Leather Goods,USD,2026-09-07,280.00,300.00,0.0714,increase
f30dcb77193409a022e0c5ebe2d25858,Balenciaga_USA_770779TCSA20127,770779TCSA20127,USA,Small Leather Goods,USD,2026-09-07,225.00,240.00,0.0667,increase
62f8275ec47357e9c9201fb1c529e972,Balenciaga_USA_7737734GF951000,7737734GF951000,USA,Bags,USD,2026-09-07,2080.00,2220.00,0.0673,increase
614d5e6fa420225bdb43dc940b891fd5,Balenciaga_USA_7751222AB963258,7751222AB963258,USA,Small Leather Goods,USD,2026-09-07,425.00,455.00,0.0706,increase
8e0c67333968b3ad3db0b3105df760ba,Balenciaga_USA_775122WM5075723,775122WM5075723,USA,Small Leather Goods,USD,2026-09-07,595.00,635.00,0.0672,increase
dac3590454232759d3bf04302751c0c2,Balenciaga_USA_7783482AAGM1041,7783482AAGM1041,USA,Small Leather Goods,USD,2026-09-07,1220.00,1310.00,0.0738,increase
a8454beb57a37d2d3eb17cc9f4d58e3c,Balenciaga_USA_7783482ABC80926,7783482ABC80926,USA,Small Leather Goods,USD,2026-09-07,665.00,710.00,0.0677,increase
8ce59a98c1302963395ab7b43b67bbfa,Balenciaga_USA_778348TTK6R9002,778348TTK6R9002,USA,Small Leather Goods,USD,2026-09-07,605.00,650.00,0.0744,increase
57633f38dbb128fd7c868c54224c24cd,Balenciaga_USA_778348TTMNA0911,778348TTMNA0911,USA,Small Leather Goods,USD,2026-09-07,845.00,905.00,0.0710,increase
2d2dc56fee3986b0ba61339497eff133,Balenciaga_USA_778348WUVHU1210,778348WUVHU1210,USA,Small Leather Goods,USD,2026-09-07,595.00,635.00,0.0672,increase
b31f707a8e59468aaf3fbed33537d4bd,Balenciaga_USA_7793722AW9V1084,7793722AW9V1084,USA,Bags,USD,2026-09-07,2240.00,2400.00,0.0714,increase
c7ceeff937ea3aa8aafe1e6dfb5c49b1,Balenciaga_USA_779372TOH4Y5723,779372TOH4Y5723,USA,Bags,USD,2026-09-07,3040.00,3250.00,0.0691,increase
4b2274e49e4cef116bb1b6b43772bd5e,Balenciaga_USA_779797T061J1041,779797T061J1041,USA,Bags,USD,2026-09-07,3420.00,3660.00,0.0702,increase
001c51ae49663702c6ceeab0736cb9a4,Balenciaga_USA_7830972190M9104,7830972190M9104,USA,Accessories,USD,2026-09-07,3800.00,4060.00,0.0684,increase
b55e224e13fa59af9199baceb3fe80e9,Balenciaga_USA_78309721JPY0127,78309721JPY0127,USA,Accessories,USD,2026-09-07,2680.00,2860.00,0.0672,increase
a27e792aab82ddc3dab2f610eb111ae4,Balenciaga_USA_7830974GC5O8065,7830974GC5O8065,USA,Accessories,USD,2026-09-07,3050.00,3260.00,0.0689,increase
30c5cc0d2f3ee9805d9d92d70d318c9b,Balenciaga_USA_783097T88LE4011,783097T88LE4011,USA,Accessories,USD,2026-09-07,2300.00,2460.00,0.0696,increase
8f1d22af19960f0f8322195664cef207,Balenciaga_USA_7842954GWXL2308,7842954GWXL2308,USA,Bags,USD,2026-09-07,3510.00,3760.00,0.0712,increase
6bc40be8d3727f19b6f201252d56ce2f,Balenciaga_USA_7846182AWFP1090,7846182AWFP1090,USA,Accessories,USD,2026-09-07,355.00,380.00,0.0704,increase
68dbba3390b6721a9243f7b30c08fc12,Balenciaga_USA_786691213DR2308,786691213DR2308,USA,Bags,USD,2026-09-07,3330.00,3570.00,0.0721,increase
b20a48f2e30c9d05f9e7c78c76c4d04c,Balenciaga_USA_7866912A6IT9002,7866912A6IT9002,USA,Bags,USD,2026-09-07,2310.00,2480.00,0.0736,increase
6ecead8e25aff9ab8a0c6ae751bdf099,Balenciaga_USA_7866912ABIU2308,7866912ABIU2308,USA,Bags,USD,2026-09-07,1140.00,1220.00,0.0702,increase
b2808465cc233b4fdd2a7293f10fbedf,Balenciaga_USA_7866912AENG9104,7866912AENG9104,USA,Bags,USD,2026-09-07,1230.00,1320.00,0.0732,increase
5e2b2098cbfba4c31445b88bf39c41f2,Balenciaga_USA_79014021E841041,79014021E841041,USA,Small Leather Goods,USD,2026-09-07,1410.00,1500.00,0.0638,increase
6206d4989024d7abb5ea82177471824f,Balenciaga_USA_7901402AB731000,7901402AB731000,USA,Small Leather Goods,USD,2026-09-07,1420.00,1520.00,0.0704,increase
d453f39e08d59c1b730e859a783473bb,Balenciaga_USA_790421216UF9020,790421216UF9020,USA,Small Leather Goods,USD,2026-09-07,2970.00,3180.00,0.0707,increase
85599d1db6f14d5db04cc97db8352119,Balenciaga_USA_790421WLLWX1000,790421WLLWX1000,USA,Small Leather Goods,USD,2026-09-07,2740.00,2930.00,0.0693,increase
875c42ba99f90eeeb1d86897b9826cf8,Balenciaga_USA_791061TTORO1090,791061TTORO1090,USA,Bags,USD,2026-09-07,3060.00,3270.00,0.0686,increase
43912985ca0e561dc627e05e8c73421d,Balenciaga_USA_792932218SJ1240,792932218SJ1240,USA,Bags,USD,2026-09-07,3110.00,3330.00,0.0707,increase
d2948b6dd810c1add28cffccf918a6bf,Balenciaga_USA_792932219O01251,792932219O01251,USA,Bags,USD,2026-09-07,3200.00,3420.00,0.0688,increase
cf97952189f71137d19c6b2280cfc0d0,Balenciaga_USA_79293221SBP1210,79293221SBP1210,USA,Bags,USD,2026-09-07,2610.00,2800.00,0.0728,increase
bc582883ccb687584d90380ce08454f5,Balenciaga_USA_792932W27C95723,792932W27C95723,USA,Bags,USD,2026-09-07,4110.00,4400.00,0.0706,increase
aaa0b9654c857bf8010b5208dd19c4e4,Balenciaga_USA_798607WHH8S8065,798607WHH8S8065,USA,Small Leather Goods,USD,2026-09-07,340.00,365.00,0.0735,increase
ed374d7a495d6a59bb7f6fe696654374,Balenciaga_USA_8044914G46E1000,8044914G46E1000,USA,Small Leather Goods,USD,2026-09-07,615.00,660.00,0.0732,increase
de081fc49649c638a50b2cb3318dbb7f,Balenciaga_USA_804491WDN3F1090,804491WDN3F1090,USA,Small Leather Goods,USD,2026-09-07,820.00,880.00,0.0732,increase
00afaffb890201ccf02b32f308f5fa56,Balenciaga_USA_8088952AB0I2840,8088952AB0I2840,USA,Bags,USD,2026-09-07,3930.00,4210.00,0.0712,increase
dc93f437be59e0f763b8d65d241f5bf4,Balenciaga_USA_8088952AM3D0127,8088952AM3D0127,USA,Bags,USD,2026-09-07,3070.00,3280.00,0.0684,increase
e50ca21c8a8cad0ef896f1961bd227ed,Balenciaga_USA_808895TOVIZ2533,808895TOVIZ2533,USA,Bags,USD,2026-09-07,4080.00,4360.00,0.0686,increase
3ede6e3df5055a346b0782a2d00c710c,Balenciaga_USA_8133392ABV39002,8133392ABV39002,USA,Bags,USD,2026-09-07,1790.00,1910.00,0.0670,increase
76e16d1fa7148060191fac0dca42749a,Balenciaga_USA_8175562A3NQ1251,8175562A3NQ1251,USA,Bags,USD,2026-09-07,3160.00,3380.00,0.0696,increase
6171d220a614ca47afd49f468aef587f,Balenciaga_USA_817556TTCFN1090,817556TTCFN1090,USA,Bags,USD,2026-09-07,2400.00,2570.00,0.0708,increase
bb0efc909215c03770051c049b0c099c,Balenciaga_USA_81955721MIX1210,81955721MIX1210,USA,Small Leather Goods,USD,2026-09-07,740.00,790.00,0.0676,increase
ba60fb108ced298d10972adbbe1e0646,Balenciaga_USA_8195572AA863258,8195572AA863258,USA,Small Leather Goods,USD,2026-09-07,490.00,525.00,0.0714,increase
eb01ec1a14b24347ee09a8380b9cd174,Balenciaga_USA_8223032AF5D1041,8223032AF5D1041,USA,Small Leather Goods,USD,2026-09-07,3240.00,3470.00,0.0710,increase
c44c5e0bc50620784f837946f8cb89ee,Balenciaga_USA_822303TTHOD8065,822303TTHOD8065,USA,Small Leather Goods,USD,2026-09-07,1970.00,2110.00,0.0711,increase
728d9b7b8c766c69b69c0b4e0dc60015,Balenciaga_USA_824002TJQAV2308,824002TJQAV2308,USA,Small Leather Goods,USD,2026-09-07,590.00,630.00,0.0678,increase
71fe3dde25efb7b7dfca5fd0ef3c01ab,Balenciaga_USA_82443621AQF0127,82443621AQF0127,USA,Small Leather Goods,USD,2026-09-07,355.00,380.00,0.0704,increase
027bae8176d734de97b51ed6d22d8817,Balenciaga_USA_8244362A4UN1000,8244362A4UN1000,USA,Small Leather Goods,USD,2026-09-07,500.00,535.00,0.0700,increase
0be2d395544fa209402047398d27fe8e,Balenciaga_USA_8245244GV630926,8245244GV630926,USA,Accessories,USD,2026-09-07,1430.00,1530.00,0.0699,increase
464da927b2bc6e2af02b0b0c03ac0931,Balenciaga_USA_82607121B2V1041,82607121B2V1041,USA,Bags,USD,2026-09-07,2930.00,3130.00,0.0683,increase
46cf11f1678b710cb1b3087297105496,Balenciaga_USA_8260712A4T11000,8260712A4T11000,USA,Bags,USD,2026-09-07,2400.00,2570.00,0.0708,increase
9423df440031da892724cbcff92191f3,Balenciaga_USA_8260712ABPL3258,8260712ABPL3258,USA,Bags,USD,2026-09-07,3250.00,3480.00,0.0708,increase
f0ee2b05cc01e08e7eedcc267945975a,Balenciaga_USA_826071W06VT2533,826071W06VT2533,USA,Bags,USD,2026-09-07,2200.00,2350.00,0.0682,increase
ef63f3d9873ee061ccdffb358e43fddb,Balenciaga_USA_8287712ABI90911,8287712ABI90911,USA,Small Leather Goods,USD,2026-09-07,335.00,355.00,0.0597,increase
954753cbbe899f8a89e6190c2c4c4fe7,Balenciaga_USA_828771TTCTJ0911,828771TTCTJ0911,USA,Small Leather Goods,USD,2026-09-07,315.00,340.00,0.0794,increase
3bae03c4ceacb1a26490b196e523dc08,Balenciaga_USA_830936WU99V9002,830936WU99V9002,USA,Small Leather Goods,USD,2026-09-07,1830.00,1960.00,0.0710,increase
b604a0b5978aae5468f1d3765d7df238,Balenciaga_USA_8311342ABU61090,8311342ABU61090,USA,Bags,USD,2026-09-07,2640.00,2820.00,0.0682,increase
f9ed756bae7617d68aa49daa88ccfc59,Balenciaga_USA_8311344GKAG3258,8311344GKAG3258,USA,Bags,USD,2026-09-07,1710.00,1830.00,0.0702,increase
ce6a42ab0475497c45551c8d72dec766,Balenciaga_USA_831134T9FMJ0911,831134T9FMJ0911,USA,Bags,USD,2026-09-07,1330.00,1420.00,0.0677,increase
4b3ee28b503c549f14b585cde9427133,Balenciaga_USA_831134TEOO93258,831134TEOO93258,USA,Bags,USD,2026-09-07,3010.00,3220.00,0.0698,increase
17885651a6525d1bfbdafb2b88c15851,Balenciaga_USA_833006217XM0911,833006217XM0911,USA,Bags,USD,2026-09-07,3320.00,3550.00,0.0693,increase
9b4cada97b4660fa1d6026b81064088f,Balenciaga_USA_8330062AB421000,8330062AB421000,USA,Bags,USD,2026-09-07,3280.00,3510.00,0.0701,increase
fb294308829f9c8ad8128422449d4750,Balenciaga_USA_8330062ABAZ2840,8330062ABAZ2840,USA,Bags,USD,2026-09-07,2510.00,2680.00,0.0677,increase
4906eb79eb5ad8e4d6276601c86f34ed,Balenciaga_USA_834058214S09104,834058214S09104,USA,Bags,USD,2026-09-07,2450.00,2620.00,0.0694,increase
014c7fa4c7598cd04baf22832a90ed7e,Balenciaga_USA_834058218YP5723,834058218YP5723,USA,Bags,USD,2026-09-07,2590.00,2770.00,0.0695,increase
74611e6f9b9887b807ba197e2bfabea3,Balenciaga_USA_834058WWA8W4200,834058WWA8W4200,USA,Bags,USD,2026-09-07,3420.00,3660.00,0.0702,increase
9bb54dabdc706243454a73c5976ab888,Balenciaga_USA_8401812AKBD1000,8401812AKBD1000,USA,Small Leather Goods,USD,2026-09-07,500.00,535.00,0.0700,increase
47ac2d8883c77abb9005e7bcff43bc84,Balenciaga_USA_840181TTX3A0926,840181TTX3A0926,USA,Small Leather Goods,USD,2026-09-07,440.00,475.00,0.0795,increase
d80435b69f4df814ab9dbb97b65f16d1,Balenciaga_USA_840181WKE7A1090,840181WKE7A1090,USA,Small Leather Goods,USD,2026-09-07,375.00,405.00,0.0800,increase
d5485ca7877e0b869c780cb1fd9595c3,Balenciaga_USA_844132TD4EC9104,844132TD4EC9104,USA,Bags,USD,2026-09-07,4030.00,4310.00,0.0695,increase
f7119a1748135a07a7d073f06b78c421,Balenciaga_USA_845436216410127,845436216410127,USA,Bags,USD,2026-09-07,1410.00,1510.00,0.0709,increase
c93a0e6ad1790767c3e0e49af2a10684,Balenciaga_USA_8454362ABSV9000,8454362ABSV9000,USA,Bags,USD,2026-09-07,3800.00,4060.00,0.0684,increase
c7614462718bb67b22d18df737f37654,Balenciaga_USA_8454364GBTX9000,8454364GBTX9000,USA,Bags,USD,2026-09-07,2600.00,2780.00,0.0692,increase
a59650b2015a63cdfcb8115ce9698950,Balenciaga_USA_845436THX071000,845436THX071000,USA,Bags,USD,2026-09-07,3980.00,4260.00,0.0704,increase
345f836a5b0041b20ea90499ac6e79ba,Balenciaga_USA_845436TTCJ71000,845436TTCJ71000,USA,Bags,USD,2026-09-07,1860.00,1990.00,0.0699,increase
28d4dc93c02bef1a9681b49cb729ac97,Balenciaga_USA_845436TTGI61251,845436TTGI61251,USA,Bags,USD,2026-09-07,3680.00,3940.00,0.0707,increase
27d242924f37092aa6b0886d23124e9b,Balenciaga_USA_845436W94521090,845436W94521090,USA,Bags,USD,2026-09-07,2420.00,2590.00,0.0702,increase
cf2fa203823a03cc24c10b4d2a6bf8c8,Balenciaga_USA_8501442AB0O1000,8501442AB0O1000,USA,Bags,USD,2026-09-07,1070.00,1140.00,0.0654,increase
28cdc90b591755e6aa7a5a9b7345a74b,Balenciaga_USA_8514352A4CY1000,8514352A4CY1000,USA,Small Leather Goods,USD,2026-09-07,1480.00,1580.00,0.0676,increase
640ffc97e6731dc470ac0fcd3fa212a6,Balenciaga_USA_851435W66F78065,851435W66F78065,USA,Small Leather Goods,USD,2026-09-07,320.00,340.00,0.0625,increase
2554292b55ec57b613be76ae6d860631,Balenciaga_USA_85254221FH01000,85254221FH01000,USA,Small Leather Goods,USD,2026-09-07,770.00,825.00,0.0714,increase
6eeaa44cd73435691358c677d8c38496,Balenciaga_USA_85254221MXR4011,85254221MXR4011,USA,Small Leather Goods,USD,2026-09-07,985.00,1050.00,0.0660,increase
16d5350e8b816a221ece5adca3eb3428,Balenciaga_USA_8525422AB5G1090,8525422AB5G1090,USA,Small Leather Goods,USD,2026-09-07,345.00,370.00,0.0725,increase
2caddf1c56d0bb0a19bd406927113c5e,Balenciaga_USA_852542TRTB02840,852542TRTB02840,USA,Small Leather Goods,USD,2026-09-07,320.00,340.00,0.0625,increase
81e488dc748f981cc0871f054981561d,Balenciaga_USA_852542WCMOK5723,852542WCMOK5723,USA,Small Leather Goods,USD,2026-09-07,345.00,370.00,0.0725,increase
35bb1539b9636c9149090eeca3852502,Balenciaga_USA_8561912110W1000,8561912110W1000,USA,Small Leather Goods,USD,2026-09-07,350.00,375.00,0.0714,increase
75fb50d84548637a20a6a6fb37f5b801,Balenciaga_USA_856191T2DEI9104,856191T2DEI9104,USA,Small Leather Goods,USD,2026-09-07,480.00,510.00,0.0625,increase
e2fe59e8bfc9d1199d357a818ebadc46,Balenciaga_USA_856191T74RJ1210,856191T74RJ1210,USA,Small Leather Goods,USD,2026-09-07,465.00,500.00,0.0753,increase
8dee24d7b764674f44d818482f932e42,Balenciaga_USA_856191TTCXJ0926,856191TTCXJ0926,USA,Small Leather Goods,USD,2026-09-07,280.00,295.00,0.0536,increase
b8e93c7b590396bc01ce53eb5b7f8e3b,Balenciaga_USA_858352TTBLY1041,858352TTBLY1041,USA,Small Leather Goods,USD,2026-09-07,1540.00,1650.00,0.0714,increase
d6dd28dfa8f75994437d14e76100cb12,Balenciaga_USA_8592792AZWF1251,8592792AZWF1251,USA,Small Leather Goods,USD,2026-09-07,315.00,340.00,0.0794,increase
3c0550f5701a47c58fe04b4faefcc05b,Balenciaga_USA_8592794GT7H9104,8592794GT7H9104,USA,Small Leather Goods,USD,2026-09-07,1360.00,1450.00,0.0662,increase
f3f946fb49837e6815259458293a8657,Balenciaga_USA_860458WVPJ84200,860458WVPJ84200,USA,Bags,USD,2026-09-07,3340.00,3570.00,0.0689,increase
504a85bef1ccf7665e0271b7f51ce708,Balenciaga_USA_8665422AB2D9104,8665422AB2D9104,USA,Accessories,USD,2026-09-07,605.00,645.00,0.0661,increase
fb63fd90432f58d88baf486201afa014,Balenciaga_USA_8665424G8ZY1000,8665424G8ZY1000,USA,Accessories,USD,2026-09-07,345.00,370.00,0.0725,increase
38c4bb65026aa2036f1daa5f3f538038,Balenciaga_USA_8671922ABIT1210,8671922ABIT1210,USA,Small Leather Goods,USD,2026-09-07,475.00,505.00,0.0632,increase
d730aa3a44a815be714b1fb1764b5708,Balenciaga_USA_8690362ABPU2308,8690362ABPU2308,USA,Bags,USD,2026-09-07,2260.00,2420.00,0.0708,increase
dede03ca8b04d91f89b6718206ee5b94,Balenciaga_USA_8690364G7ZC4200,8690364G7ZC4200,USA,Bags,USD,2026-09-07,4640.00,4960.00,0.0690,increase
ff1736a7bd6e6f16989deed19d465e0b,Balenciaga_USA_86935021KK58122,86935021KK58122,USA,Bags,USD,2026-09-07,1380.00,1480.00,0.0725,increase
7d87c59513a8803f33ea6c5e2c2d2b6f,Balenciaga_USA_8738792ABM71041,8738792ABM71041,USA,Bags,USD,2026-09-07,3130.00,3350.00,0.0703,increase
80984c02f759b089f4b226730605becb,Balenciaga_USA_873879TSIMN8122,873879TSIMN8122,USA,Bags,USD,2026-09-07,3040.00,3250.00,0.0691,increase
04fa8c7ca4fa8a3be8aaa3cef4d67a81,Balenciaga_USA_8750414GAUA1000,8750414GAUA1000,USA,Bags,USD,2026-09-07,2310.00,2480.00,0.0736,increase
a6c3d22c5a240dd1793844e2892c2c3d,Balenciaga_USA_8837202AB1Q1000,8837202AB1Q1000,USA,Small Leather Goods,USD,2026-09-07,355.00,380.00,0.0704,increase
8eb6775065b7d25d7167cbe3a735ba32,Balenciaga_USA_883720W1IKV1000,883720W1IKV1000,USA,Small Leather Goods,USD,2026-09-07,490.00,525.00,0.0714,increase
4cb133d7849d3e87ed4058317d267d5e,Balenciaga_USA_88445621WO28122,88445621WO28122,USA,Small Leather Goods,USD,2026-09-07,255.00,270.00,0.0588,increase
61223d065953fd143baa6893e83f608c,Balenciaga_USA_8844562AB381090,8844562AB381090,USA,Small Leather Goods,USD,2026-09-07,600.00,645.00,0.0750,increase
b089f6d686f4566055fb2c208276c14f,Balenciaga_USA_8863144G5AR8065,8863144G5AR8065,USA,Small Leather Goods,USD,2026-09-07,455.00,490.00,0.0769,increase
e6688666b051667890c0d435f1aa0715,Balenciaga_USA_886314TT7F98122,886314TT7F98122,USA,Small Leather Goods,USD,2026-09-07,570.00,605.00,0.0614,increase
e846a4bf3156dd6a779140d920747798,Balenciaga_USA_8872612AB144200,8872612AB144200,USA,Small Leather Goods,USD,2026-09-07,1210.00,1300.00,0.0744,increase
17eff740c4eefd39c028b04c58dcb6db,Balenciaga_USA_888240214TG5723,888240214TG5723,USA,Small Leather Goods,USD,2026-09-07,615.00,660.00,0.0732,increase
6761ae172eb25615b30ed32926f540e1,Balenciaga_USA_888240TTFRH4200,888240TTFRH4200,USA,Small Leather Goods,USD,2026-09-07,515.00,550.00,0.0680,increase
34ad717ddac4d8418eb50d065c9b2a6f,Balenciaga_USA_89310521G2W1240,89310521G2W1240,USA,Bags,USD,2026-09-07,2760.00,2950.00,0.0688,increase
034d18d0030a3e3d1c52c2f3e6c003a1,Balenciaga_USA_8931052A3PL2533,8931052A3PL2533,USA,Bags,USD,2026-09-07,5210.00,5580.00,0.0710,increase
85ea6c93a721038b41034a7797ccd1cd,Balenciaga_USA_893105TTXTD1240,893105TTXTD1240,USA,Bags,USD,2026-09-07,4860.00,5200.00,0.0700,increase
b6f79dceb009ae3540a91b64deaa29f4,Balenciaga_USA_8945912AEYF1090,8945912AEYF1090,USA,Small Leather Goods,USD,2026-09-07,2360.00,2520.00,0.0678,increase
767e2cda9ea7f1399bc6d696c67942dd,Balenciaga_USA_8945912AHW24200,8945912AHW24200,USA,Small Leather Goods,USD,2026-09-07,1300.00,1390.00,0.0692,increase
2964064df7061dfb7cfbc3fb99fded38,Balenciaga_USA_894591TTFLA4200,894591TTFLA4200,USA,Small Leather Goods,USD,2026-09-07,2780.00,2970.00,0.0683,increase
e04b4ea3ccf21deb3ee5c4974b4e7d64,Balenciaga_USA_894919W7KYF4200,894919W7KYF4200,USA,Bags,USD,2026-09-07,3210.00,3430.00,0.0685,increase
66d39c8c2a9f7f961ca2c5dc0ebd19e4,Balenciaga_USA_89504321IWB1084,89504321IWB1084,USA,Bags,USD,2026-09-07,3640.00,3900.00,0.0714,increase
5edab46efe278c4c8732eea7a6fbb704,Balenciaga_USA_8950432ATN89104,8950432ATN89104,USA,Bags,USD,2026-09-07,3150.00,3370.00,0.0698,increase
b14accda1ed682fdd53be02f227999d6,Balenciaga_USA_895043TTYCV1000,895043TTYCV1000,USA,Bags,USD,2026-09-07,2690.00,2880.00,0.0706,increase
8db4c377f713586e5f7daef6c185a6c9,Balenciaga_USA_A00J7KTT7PD1251,A00J7KTT7PD1251,USA,Bags,USD,2026-09-07,1150.00,1230.00,0.0696,increase
06078b9d5ae9241644c35c125fd806e4,Balenciaga_USA_A042712ABQZ9020,A042712ABQZ9020,USA,Bags,USD,2026-09-07,4950.00,5290.00,0.0687,increase
3cc30aa32ffc18f424fb21dcbe280f0c,Balenciaga_USA_A042712AMT61210,A042712AMT61210,USA,Bags,USD,2026-09-07,13070.00,13980.00,0.0696,increase
42100982679b0af6e8b1aae301b01373,Balenciaga_USA_A05K8B2ASBF4200,A05K8B2ASBF4200,USA,Small Leather Goods,USD,2026-09-07,365.00,390.00,0.0685,increase
ccda00cee3b7a6e5b81e13769e77f5c8,Balenciaga_USA_A05K8BTJ0TE9002,A05K8BTJ0TE9002,USA,Small Leather Goods,USD,2026-09-07,490.00,525.00,0.0714,increase
bcdf39faeb342c7f0f6be998e9b129b6,Balenciaga_USA_A05K8BTSM663258,A05K8BTSM663258,USA,Small Leather Goods,USD,2026-09-07,380.00,405.00,0.0658,increase
8cf0b7101c54a005119c711db466e912,Balenciaga_USA_A05K8BTTMMU9104,A05K8BTTMMU9104,USA,Small Leather Goods,USD,2026-09-07,830.00,890.00,0.0723,increase
6f38f3c9412017ee1c6fc8162d6f47be,Balenciaga_USA_A064YD4GOOO0926,A064YD4GOOO0926,USA,Small Leather Goods,USD,2026-09-07,435.00,465.00,0.0690,increase
d3b7b7614d52ad6ef64f6644fe07c47c,Balenciaga_USA_A064YD4GQIW1000,A064YD4GQIW1000,USA,Small Leather Goods,USD,2026-09-07,605.00,650.00,0.0744,increase
d5d121bee559a94c7eb4c5c610c08fc7,Balenciaga_USA_A064YDTKNEL3258,A064YDTKNEL3258,USA,Small Leather Goods,USD,2026-09-07,605.00,645.00,0.0661,increase
f24b03b367f8c7f11476dcb6c0d406f1,Balenciaga_USA_A064YDTTENX9002,A064YDTTENX9002,USA,Small Leather Goods,USD,2026-09-07,455.00,485.00,0.0659,increase
c501d56c7be4b7e4481328bf40197aaa,Balenciaga_USA_A06RN2216DW1084,A06RN2216DW1084,USA,Bags,USD,2026-09-07,2540.00,2720.00,0.0709,increase
b2ce2ff6b4e58f91d02a8b207e3508e0,Balenciaga_USA_A06RN22AB2X1041,A06RN22AB2X1041,USA,Bags,USD,2026-09-07,3410.00,3650.00,0.0704,increase
e2122b17de13c7b68f09ae3e1d67eff9,Balenciaga_USA_A06RN22ABS95723,A06RN22ABS95723,USA,Bags,USD,2026-09-07,3150.00,3370.00,0.0698,increase
13e77351439ddc2d4dfcceed60dc283e,Balenciaga_USA_A07WXJ21SEY1240,A07WXJ21SEY1240,USA,Small Leather Goods,USD,2026-09-07,560.00,600.00,0.0714,increase
77d3874f319a481e16f18d909ae040d1,Balenciaga_USA_A07WXJW005D1090,A07WXJW005D1090,USA,Small Leather Goods,USD,2026-09-07,1910.00,2040.00,0.0681,increase
ad67ddc79274d620e80b9cf0070829ab,Balenciaga_USA_A07XQJ2ABFT1240,A07XQJ2ABFT1240,USA,Small Leather Goods,USD,2026-09-07,345.00,365.00,0.0580,increase
254a970f3710ad71833fcd8230bbb90e,Balenciaga_USA_A07XQJTTA4R0911,A07XQJTTA4R0911,USA,Small Leather Goods,USD,2026-09-07,320.00,345.00,0.0781,increase
74cce9059cb6b4d52b6bc92230c96ad1,Balenciaga_USA_A07XQJW4FMO5723,A07XQJW4FMO5723,USA,Small Leather Goods,USD,2026-09-07,840.00,900.00,0.0714,increase
da7bdb436e086ff19fdf6a25bc8b147d,Balenciaga_USA_A0AVTR2AES89002,A0AVTR2AES89002,USA,Bags,USD,2026-09-07,1980.00,2120.00,0.0707,increase
57a781a2db0f33dcee59d1d82fc05ae1,Balenciaga_USA_A0AVTRT9W4P8122,A0AVTRT9W4P8122,USA,Bags,USD,2026-09-07,2230.00,2380.00,0.0673,increase
d57feee6c02329ba79aa02267ee0a84c,Balenciaga_USA_A0DVHZ211W08065,A0DVHZ211W08065,USA,Small Leather Goods,USD,2026-09-07,1310.00,1400.00,0.0687,increase
88912622723bf5a3e95e44d7880f53eb,Balenciaga_USA_A0DVHZ2159I1240,A0DVHZ2159I1240,USA,Small Leather Goods,USD,2026-09-07,345.00,370.00,0.0725,increase
d30925493cd296f41ff714586694c338,Balenciaga_USA_A0DVHZWC7C15723,A0DVHZWC7C15723,USA,Small Leather Goods,USD,2026-09-07,1540.00,1650.00,0.0714,increase
9dea0931adfb2f05ffea29e6340e6196,Balenciaga_USA_A0FKA3210572533,A0FKA3210572533,USA,Bags,USD,2026-09-07,3390.00,3630.00,0.0708,increase
81d97e90411774439816a5729a2d4806,Balenciaga_USA_A0HVOZ2AB3Y1251,A0HVOZ2AB3Y1251,USA,Small Leather Goods,USD,2026-09-07,415.00,445.00,0.0723,increase
52d6e290b996b0e012d3077593757636,Balenciaga_USA_A0JTOY4GNZM1240,A0JTOY4GNZM1240,USA,Small Leather Goods,USD,2026-09-07,545.00,585.00,0.0734,increase
478062928e5b96e38b732fb7e02616f1,Balenciaga_USA_A0JTOYWTQWI1000,A0JTOYWTQWI1000,USA,Small Leather Goods,USD,2026-09-07,650.00,695.00,0.0692,increase
2a5beb2ad6b8b6f77f642a0c5db337b0,Balenciaga_USA_A0JW0G2ABNG9002,A0JW0G2ABNG9002,USA,Bags,USD,2026-09-07,1670.00,1780.00,0.0659,increase
9404b1885e4c4ce36091a75492e4acf1,Balenciaga_USA_A0JW0GT1SDP1090,A0JW0GT1SDP1090,USA,Bags,USD,2026-09-07,6420.00,6870.00,0.0701,increase
6968aa85014ce1c8e26ec09154a02098,Balenciaga_USA_A0JW0GWQGJ51000,A0JW0GWQGJ51000,USA,Bags,USD,2026-09-07,2100.00,2250.00,0.0714,increase
84f9d37add8bb9134070aa3f168b2bc1,Balenciaga_USA_A0LD3V2A8284200,A0LD3V2A8284200,USA,Bags,USD,2026-09-07,1900.00,2030.00,0.0684,increase
497bd950507ec096981c0be2eb0f4efb,Balenciaga_USA_A0LD3V2ABND9020,A0LD3V2ABND9020,USA,Bags,USD,2026-09-07,1360.00,1450.00,0.0662,increase
5f60dc3583bcf694b3133ed8277d44db,Balenciaga_USA_A0NXIX2ABF42840,A0NXIX2ABF42840,USA,Small Leather Goods,USD,2026-09-07,795.00,850.00,0.0692,increase
b1dce1b294b7bc44436e942bcbc87104,Balenciaga_USA_A0NXIX4GIX61041,A0NXIX4GIX61041,USA,Small Leather Goods,USD,2026-09-07,350.00,375.00,0.0714,increase
b83d76306c1d79fd30373d2e5900df36,Balenciaga_USA_A0OHAU213J01000,A0OHAU213J01000,USA,Bags,USD,2026-09-07,1290.00,1380.00,0.0698,increase
1d974f51756bbf71f476f8800b6bb33e,Balenciaga_USA_A0QFZA4GZMJ9002,A0QFZA4GZMJ9002,USA,Bags,USD,2026-09-07,2810.00,3010.00,0.0712,increase
ec6b5553841b2e7a204d76f0cbcb73ee,Balenciaga_USA_A0QFZAWEHIJ0911,A0QFZAWEHIJ0911,USA,Bags,USD,2026-09-07,3200.00,3430.00,0.0719,increase
4d7ecc5d2283c594119ad102f28a6480,Balenciaga_USA_A0QFZAWRPKY9000,A0QFZAWRPKY9000,USA,Bags,USD,2026-09-07,3090.00,3300.00,0.0680,increase
f2f55a7c8075854ce5573098d6345071,Balenciaga_USA_A0W9ZQ2ABHN5723,A0W9ZQ2ABHN5723,USA,Small Leather Goods,USD,2026-09-07,515.00,550.00,0.0680,increase
b62fe688740f4a1a163dbca3eef4552a,Balenciaga_USA_A0W9ZQTT6H89020,A0W9ZQTT6H89020,USA,Small Leather Goods,USD,2026-09-07,430.00,460.00,0.0698,increase
596b6b21281ea7b2614bb5fa139cfe51,Balenciaga_USA_A0W9ZQTTNFO8122,A0W9ZQTTNFO8122,USA,Small Leather Goods,USD,2026-09-07,375.00,400.00,0.0667,increase
2b7287e5a23e52d7fbcafab1c5fc0a3d,Balenciaga_ARE_71088921W3O1240,71088921W3O1240,ARE,Small Leather Goods,AED,2026-09-14,2300.00,2450.00,0.0652,increase
1c29acec1e24874d10feef3f292de61c,Balenciaga_ARE_768723WND8D1000,768723WND8D1000,ARE,Shoes,AED,2026-09-14,4100.00,3650.00,-0.1098,decrease
975871df20beb294753c7bcbb4f56296,Balenciaga_ARE_8175562A3NQ1251,8175562A3NQ1251,ARE,Bags,AED,2026-09-14,12350.00,13050.00,0.0567,increase
321acb4e3d898b0e5f663d9a9ddd3765,Balenciaga_ARE_893105TTXTD1240,893105TTXTD1240,ARE,Bags,AED,2026-09-14,17600.00,18650.00,0.0597,increase
5c99ee9369b5dcfae9f128861e5d20ea,Balenciaga_ARE_A0EU1Z21PJV1240,A0EU1Z21PJV1240,ARE,,AED,2026-09-14,17950.00,19150.00,0.0669,increase
3bf9c0582bec65a79ee12a4eb90d44a1,Balenciaga_CHN_728305TUZCI4011,728305TUZCI4011,CHN,Bags,CNY,2026-09-14,34500.00,36200.00,0.0493,increase
14de617af4df82237b6b20bd4952d4ea,Balenciaga_CHN_768723WND8D1000,768723WND8D1000,CHN,Shoes,CNY,2026-09-14,9000.00,8000.00,-0.1111,decrease
de39d76f9488848a8705e488ed2a9f5f,Balenciaga_CHN_A0EU1Z21PJV1240,A0EU1Z21PJV1240,CHN,,CNY,2026-09-14,36500.00,39000.00,0.0685,increase
6256c0c25c00daf72d50b0aed3a3bde6,Balenciaga_FRA_5123192ABXZ9020,5123192ABXZ9020,FRA,Bags,EUR,2026-09-14,2650.00,2810.00,0.0604,increase
617120b4bffeb2b50999c6aa3c0f9fe6,Balenciaga_FRA_53365421G921000,53365421G921000,FRA,Small Leather Goods,EUR,2026-09-14,480.00,510.00,0.0625,increase
d98db051000984321ade6dad39292086,Balenciaga_FRA_604342219829104,604342219829104,FRA,Accessories,EUR,2026-09-14,1700.00,1800.00,0.0588,increase
a2024872811daa01e0fcb5b67552f4fa,Balenciaga_FRA_6869382ABCP0911,6869382ABCP0911,FRA,Bags,EUR,2026-09-14,2350.00,2490.00,0.0596,increase
41afeaf14823cc0e3938dafcba4c8d64,Balenciaga_FRA_768723WND8D1000,768723WND8D1000,FRA,Shoes,EUR,2026-09-14,925.00,820.00,-0.1135,decrease
8e414613071af680ee340ae5fc34e9d8,Balenciaga_FRA_834058WWA8W4200,834058WWA8W4200,FRA,Bags,EUR,2026-09-14,2650.00,2810.00,0.0604,increase
5e5c824acabb20f1255e05218318e7e5,Balenciaga_FRA_895043WA6731000,895043WA6731000,FRA,Bags,EUR,2026-09-14,2450.00,2600.00,0.0612,increase
a91b566dbb4a07fef8b6d7f787b8169b,Balenciaga_GBR_5341314GAPT1000,5341314GAPT1000,GBR,Bags,GBP,2026-09-14,3080.00,3260.00,0.0584,increase
36dd438e352c05ed62d8e02ae62cc4a7,Balenciaga_GBR_768723WND8D1000,768723WND8D1000,GBR,Shoes,GBP,2026-09-14,835.00,740.00,-0.1138,decrease
4f86989a53c30e2864610ea7d7419550,Balenciaga_GBR_860458WVPJ84200,860458WVPJ84200,GBR,Bags,GBP,2026-09-14,2260.00,2400.00,0.0619,increase
1bf9ff82fcf185389cf0597db33272ff,Balenciaga_GBR_A0EU1Z21PJV1240,A0EU1Z21PJV1240,GBR,,GBP,2026-09-14,3420.00,3650.00,0.0673,increase
3f90f8964a3195ab41c3e955eac20a0c,Balenciaga_HKG_5543034GFF51000,5543034GFF51000,HKG,Bags,HKD,2026-09-14,38800.00,41200.00,0.0619,increase
45cba8fa4e3944f77bf7ef11535896cf,Balenciaga_HKG_768723WND8D1000,768723WND8D1000,HKG,Shoes,HKD,2026-09-14,9100.00,8100.00,-0.1099,decrease
8e980f02d54898de8f2821d4e9cf9775,Balenciaga_HKG_A0EU1Z21PJV1240,A0EU1Z21PJV1240,HKG,,HKD,2026-09-14,37000.00,39500.00,0.0676,increase
42902be5186a5e42bcf060c1af8a10a0,Balenciaga_KOR_61818021PJ51090,61818021PJ51090,KOR,Accessories,KRW,2026-09-14,480000.00,500000.00,0.0417,increase
d26992a8bcf2b8df287050e8afb9ede4,Balenciaga_KOR_768723WND8D1000,768723WND8D1000,KOR,Shoes,KRW,2026-09-14,1610000.00,1430000.00,-0.1118,decrease
46695d4d3ba8e930de654c70cc819928,Balenciaga_KOR_A0EU1Z21PJV1240,A0EU1Z21PJV1240,KOR,,KRW,2026-09-14,6570000.00,7010000.00,0.0670,increase
f41e3f0462e94ecbbbd9d95d93d3f50c,Balenciaga_USA_5919174GT0G9000,5919174GT0G9000,USA,Small Leather Goods,USD,2026-09-14,575.00,615.00,0.0696,increase
f4f107e6d224d85b339943f44b1f7b90,Balenciaga_USA_614404TT16Q1251,614404TT16Q1251,USA,Bags,USD,2026-09-14,3040.00,3250.00,0.0691,increase
e11ca1d8ce65351f3a6dd7b383d55ff7,Balenciaga_USA_6154342AB0Q2533,6154342AB0Q2533,USA,Bags,USD,2026-09-14,3180.00,3410.00,0.0723,increase
686e3cc2cf04909e1550cfbe4a6eea2b,Balenciaga_USA_768723WND8D1000,768723WND8D1000,USA,Shoes,USD,2026-09-14,1110.00,985.00,-0.1126,decrease
c8e03040922e658c14b9bf0bf863d7e2,Balenciaga_USA_773773W5BMK1240,773773W5BMK1240,USA,Bags,USD,2026-09-14,2640.00,2820.00,0.0682,increase
f0302a57c6283760aa2f2581a80d473c,Balenciaga_USA_7986072AB0P4011,7986072AB0P4011,USA,Small Leather Goods,USD,2026-09-14,475.00,505.00,0.0632,increase
4ec3ed267d33fb9c1667fcd13223d8a5,Balenciaga_USA_A0EU1Z21PJV1240,A0EU1Z21PJV1240,USA,,USD,2026-09-14,4690.00,5000.00,0.0661,increase
1ba35b59703afaacfd88edfbaae2cafd,Balenciaga_ARE_A06RN22ABS95723,A06RN22ABS95723,ARE,Bags,AED,2026-09-21,12750.00,14500.00,0.1373,increase
fdfb01d22e4439d2c5d2b929af56b506,Balenciaga_CHN_A06RN22ABS95723,A06RN22ABS95723,CHN,Bags,CNY,2026-09-21,25700.00,29200.00,0.1362,increase
36aefabd7cf16f5adc0f1646677d8315,Balenciaga_CHN_A07XQJ2ABFT1240,A07XQJ2ABFT1240,CHN,Small Leather Goods,CNY,2026-09-21,2800.00,2900.00,0.0357,increase
49c8cf78c51877115119d5e553ec6df6,Balenciaga_FRA_A06RN22ABS95723,A06RN22ABS95723,FRA,Bags,EUR,2026-09-21,2720.00,3090.00,0.1360,increase
9f1deb6e775e7f0085828b0d5b9f525d,Balenciaga_FRA_A07XQJ2ABFT1240,A07XQJ2ABFT1240,FRA,Small Leather Goods,EUR,2026-09-21,290.00,310.00,0.0690,increase
bf22074dac8a7da5863a6aafa79aaf5f,Balenciaga_GBR_A06RN22ABS95723,A06RN22ABS95723,GBR,Bags,GBP,2026-09-21,2400.00,2730.00,0.1375,increase
dab05773ee36f0525da060c36a250d03,Balenciaga_GBR_A07XQJ2ABFT1240,A07XQJ2ABFT1240,GBR,Small Leather Goods,GBP,2026-09-21,270.00,285.00,0.0556,increase
7fb47d3228aa54fe9c7ddf794f52293d,Balenciaga_HKG_A06RN22ABS95723,A06RN22ABS95723,HKG,Bags,HKD,2026-09-21,26500.00,30100.00,0.1358,increase
89fde8f494a90bfbf42f0b2eaf73a2c4,Balenciaga_HKG_A07XQJ2ABFT1240,A07XQJ2ABFT1240,HKG,Small Leather Goods,HKD,2026-09-21,2700.00,2900.00,0.0741,increase
5c3b188405ca02fb6a552fbcf5160a4d,Balenciaga_JPN_586146W1WP65723,586146W1WP65723,JPN,Bags,JPY,2026-09-21,501600.00,541700.00,0.0799,increase
1b944d82c80297e6da4e5e60c423d26d,Balenciaga_JPN_768723WND8D1000,768723WND8D1000,JPN,Shoes,JPY,2026-09-21,169200.00,150000.00,-0.1135,decrease
2ccab18852acc9e1b8035200fe6f8ef2,Balenciaga_JPN_89504321IWB1084,89504321IWB1084,JPN,Bags,JPY,2026-09-21,530600.00,573100.00,0.0801,increase
4772e32a97d26716c2c7e6125ce81a7c,Balenciaga_JPN_A06RN22ABS95723,A06RN22ABS95723,JPN,Bags,JPY,2026-09-21,490600.00,557100.00,0.1355,increase
3f7031c6dcbd62ff01f7ab374c578fcf,Balenciaga_JPN_A07XQJ2ABFT1240,A07XQJ2ABFT1240,JPN,Small Leather Goods,JPY,2026-09-21,55800.00,59100.00,0.0591,increase
a17b987bf964caa236dab52d3ff62bfb,Balenciaga_KOR_A06RN22ABS95723,A06RN22ABS95723,KOR,Bags,KRW,2026-09-21,4810000.00,5460000.00,0.1351,increase
ba6f9d56fa35292e819653f4feda9426,Balenciaga_USA_A06RN22ABS95723,A06RN22ABS95723,USA,Bags,USD,2026-09-21,3370.00,3820.00,0.1335,increase
ecaa1092e56ddb37b90a682656f2b419,Balenciaga_USA_A07XQJ2ABFT1240,A07XQJ2ABFT1240,USA,Small Leather Goods,USD,2026-09-21,365.00,390.00,0.0685,increase
82d1945aaf8d3ebcc2b2fcc24d1f756c,Balenciaga_ARE_530673WF9QI1090,530673WF9QI1090,ARE,,AED,2026-09-28,8250.00,9200.00,0.1152,increase
735b85530c504f4236b3337516b954c1,Balenciaga_AUS_5090582ABZK1000,5090582ABZK1000,AUS,Bags,AUD,2026-09-28,4390.00,4650.00,0.0592,increase
c68714a8750ca9c796edd7ff75f06c1b,Balenciaga_AUS_512319214FT9104,512319214FT9104,AUS,Bags,AUD,2026-09-28,2700.00,2870.00,0.0630,increase
8571f129090a083985c2fdacbebb86f0,Balenciaga_AUS_5146274GMIB2533,5146274GMIB2533,AUS,Bags,AUD,2026-09-28,2050.00,2170.00,0.0585,increase
88ee40068be301393a03b7ed0ce42dc1,Balenciaga_AUS_514627TA8D30127,514627TA8D30127,AUS,Bags,AUD,2026-09-28,7300.00,7740.00,0.0603,increase
726e9700fbf5693c1eda30168af14064,Balenciaga_AUS_5149002A92F1210,5149002A92F1210,AUS,Bags,AUD,2026-09-28,5190.00,5500.00,0.0597,increase
86734d21b843cfb02a8e354dfafbb6dd,Balenciaga_AUS_517390210UD1210,517390210UD1210,AUS,Bags,AUD,2026-09-28,5820.00,6170.00,0.0601,increase
4c991816a7720c0e02cae30196b62402,Balenciaga_AUS_517390TT3LZ1240,517390TT3LZ1240,AUS,Bags,AUD,2026-09-28,4450.00,4710.00,0.0584,increase
7bf3b80ee4fc9cf472190368f4515003,Balenciaga_AUS_52138621EG84011,52138621EG84011,AUS,Small Leather Goods,AUD,2026-09-28,465.00,490.00,0.0538,increase
fca4f92e6d9a73677c0c5b9bc03cb15b,Balenciaga_AUS_5239552AJGA1000,5239552AJGA1000,AUS,Accessories,AUD,2026-09-28,2990.00,3170.00,0.0602,increase
79d194c351910ce2f238bc7da3ce36ef,Balenciaga_AUS_523955WJVHN1090,523955WJVHN1090,AUS,Accessories,AUD,2026-09-28,2940.00,3120.00,0.0612,increase
99b8012c5b7b4f128f0290ccda932a98,Balenciaga_AUS_525528TA3V13258,525528TA3V13258,AUS,Bags,AUD,2026-09-28,5110.00,5420.00,0.0607,increase
2fb16365e6a16560ae673ed4408c901e,Balenciaga_AUS_525528TTLY91000,525528TTLY91000,AUS,Bags,AUD,2026-09-28,4460.00,4730.00,0.0605,increase
40decc311a9008d927e86f2c8075011f,Balenciaga_AUS_525528WCDOX3258,525528WCDOX3258,AUS,Bags,AUD,2026-09-28,3010.00,3190.00,0.0598,increase
c4010d431a389d6e15e3b52f4d99d54f,Balenciaga_AUS_5265652181K1240,5265652181K1240,AUS,Bags,AUD,2026-09-28,7620.00,8070.00,0.0591,increase
de609e0b265b04f4bbe1113214201464,Balenciaga_AUS_5265652ABNJ1000,5265652ABNJ1000,AUS,Bags,AUD,2026-09-28,3980.00,4210.00,0.0578,increase
b7a853c67a9ed921f8d55a8a58b3154f,Balenciaga_AUS_5265652ABRG8122,5265652ABRG8122,AUS,Bags,AUD,2026-09-28,5880.00,6240.00,0.0612,increase
09d8c7478e5a8296e7efa5a21466f996,Balenciaga_AUS_52688321KYV1090,52688321KYV1090,AUS,Bags,AUD,2026-09-28,4320.00,4580.00,0.0602,increase
2c3edbf661a0801f6652d9fdd315848f,Balenciaga_AUS_5268832ABFW2533,5268832ABFW2533,AUS,Bags,AUD,2026-09-28,8610.00,9120.00,0.0592,increase
b5d2b83ff3283fbfa039f10fadab19a2,Balenciaga_AUS_527313T0VEI2533,527313T0VEI2533,AUS,Small Leather Goods,AUD,2026-09-28,485.00,515.00,0.0619,increase
dcc751813996daed421cb76bc86a10be,Balenciaga_AUS_527313TUOCB4011,527313TUOCB4011,AUS,Small Leather Goods,AUD,2026-09-28,460.00,485.00,0.0543,increase
4a125aafcc239fa7eaee5260dc3501d9,Balenciaga_AUS_5286014GP201000,5286014GP201000,AUS,Small Leather Goods,AUD,2026-09-28,520.00,555.00,0.0673,increase
db9f9cf8a60c29a70d20e8ef2fe7ff9a,Balenciaga_AUS_529971215991000,529971215991000,AUS,Bags,AUD,2026-09-28,4210.00,4460.00,0.0594,increase
0165e31edb204a0e9b642c7cec2465b2,Balenciaga_AUS_529971218229000,529971218229000,AUS,Bags,AUD,2026-09-28,2770.00,2930.00,0.0578,increase
9bd55cc090b3ebdc25ed31203c550230,Balenciaga_AUS_52997121QBJ4011,52997121QBJ4011,AUS,Bags,AUD,2026-09-28,1270.00,1340.00,0.0551,increase
2833e20348e9e3d49c7db495969d2564,Balenciaga_AUS_529971TEYU71000,529971TEYU71000,AUS,Bags,AUD,2026-09-28,2600.00,2760.00,0.0615,increase
e7443f3016437450b280594035ce2590,Balenciaga_AUS_530673WF9QI1090,530673WF9QI1090,AUS,,AUD,2026-09-28,3370.00,3750.00,0.1128,increase
37b89d3c1a78f73f1805fe77690e405f,Balenciaga_AUS_53089821CU23258,53089821CU23258,AUS,Small Leather Goods,AUD,2026-09-28,435.00,460.00,0.0575,increase
94e57cbc3776f1cac4a41a0e3dfd307c,Balenciaga_AUS_5308982ABS69000,5308982ABS69000,AUS,Small Leather Goods,AUD,2026-09-28,535.00,570.00,0.0654,increase
c883866a06a4515e203726346f402557,Balenciaga_AUS_5333162APVK1000,5333162APVK1000,AUS,Accessories,AUD,2026-09-28,670.00,710.00,0.0597,increase
c5fd76924744c6ce31ccd35774c52c0d,Balenciaga_AUS_5333164GXRM5723,5333164GXRM5723,AUS,Accessories,AUD,2026-09-28,875.00,925.00,0.0571,increase
dbe2e2e05d7b6116f957dd794495ea41,Balenciaga_AUS_533316T75I81084,533316T75I81084,AUS,Accessories,AUD,2026-09-28,1410.00,1500.00,0.0638,increase
65ab320490ae141a274cd3efac871710,Balenciaga_AUS_533654213HK1090,533654213HK1090,AUS,Small Leather Goods,AUD,2026-09-28,1880.00,1990.00,0.0585,increase
403008edae1e3b40f7d504aea73c1be1,Balenciaga_AUS_533654THV4T1251,533654THV4T1251,AUS,Accessories,AUD,2026-09-28,635.00,675.00,0.0630,increase
7f3e0eab057754e17eabdd468718d156,Balenciaga_AUS_5341312AZ5Y1210,5341312AZ5Y1210,AUS,Bags,AUD,2026-09-28,4380.00,4640.00,0.0594,increase
5e5035aa366e9f0aed2d6743f5648001,Balenciaga_AUS_5341314GAPT1000,5341314GAPT1000,AUS,Bags,AUD,2026-09-28,6430.00,6820.00,0.0607,increase
2c88853051b70b685eef354f0c49359f,Balenciaga_AUS_53659021R122533,53659021R122533,AUS,Bags,AUD,2026-09-28,690.00,730.00,0.0580,increase
f270ca0d50551d6ca0dfa71c269de07e,Balenciaga_AUS_536590TT9831251,536590TT9831251,AUS,Bags,AUD,2026-09-28,1670.00,1770.00,0.0599,increase
011c24000ecb1d361bf2c944c99d6609,Balenciaga_AUS_539788TAQB38122,539788TAQB38122,AUS,Bags,AUD,2026-09-28,2550.00,2700.00,0.0588,increase
bc543200cf28a73e5d38f6b71c873418,Balenciaga_AUS_539914WQIJ69020,539914WQIJ69020,AUS,Small Leather Goods,AUD,2026-09-28,455.00,480.00,0.0549,increase
cae22623e83b888cbbfdc887a9108dac,Balenciaga_AUS_54096221JKJ5723,54096221JKJ5723,AUS,Small Leather Goods,AUD,2026-09-28,555.00,590.00,0.0631,increase
46b1acc591b5880335e4cd1512898073,Balenciaga_AUS_5409624GX4F1000,5409624GX4F1000,AUS,Small Leather Goods,AUD,2026-09-28,1830.00,1940.00,0.0601,increase
b980df59f3b0335f14f7c9625feca097,Balenciaga_AUS_540962T5NE71210,540962T5NE71210,AUS,Small Leather Goods,AUD,2026-09-28,545.00,580.00,0.0642,increase
ca06c51edd80e35d6baa18883e1758db,Balenciaga_AUS_540962TTG124200,540962TTG124200,AUS,Small Leather Goods,AUD,2026-09-28,510.00,540.00,0.0588,increase
fe217ff5074d716faf339fc92d50a5d2,Balenciaga_AUS_540962WD2T71251,540962WD2T71251,AUS,Small Leather Goods,AUD,2026-09-28,1540.00,1630.00,0.0584,increase
fe5699431feb90f9c3d72d92452f9e4c,Balenciaga_AUS_54300421W5L1000,54300421W5L1000,AUS,Accessories,AUD,2026-09-28,440.00,495.00,0.1250,increase
28870957bf0b489728d5b7a0c671aace,Balenciaga_AUS_5433214G4QH1240,5433214G4QH1240,AUS,Bags,AUD,2026-09-28,2650.00,2810.00,0.0604,increase
af55715ff2f2efd74f0dc04b04c522c2,Balenciaga_AUS_543321TT8F11000,543321TT8F11000,AUS,Bags,AUD,2026-09-28,4320.00,4580.00,0.0602,increase
8d7c05ff9edd745b231481b766cb1758,Balenciaga_AUS_543321TTJN28122,543321TTJN28122,AUS,Bags,AUD,2026-09-28,4780.00,5060.00,0.0586,increase
408c556d28671a3f409fb95a37c8beb2,Balenciaga_AUS_543321W65TT1000,543321W65TT1000,AUS,Bags,AUD,2026-09-28,2910.00,3090.00,0.0619,increase
40101539a34cde4db06f810fca07ef3a,Balenciaga_AUS_543321WALW40911,543321WALW40911,AUS,Bags,AUD,2026-09-28,8570.00,9080.00,0.0595,increase
bf1662990121b3b6687fc5a4c535dfa0,Balenciaga_AUS_54493221SAD1000,54493221SAD1000,AUS,Bags,AUD,2026-09-28,2240.00,2380.00,0.0625,increase
9f91e99d9a4daee109290d2594fd5236,Balenciaga_AUS_5449322AYZX0911,5449322AYZX0911,AUS,Bags,AUD,2026-09-28,3930.00,4170.00,0.0611,increase
dd71eba6fbe92576171eac777bddf456,Balenciaga_AUS_5449324G4HJ0926,5449324G4HJ0926,AUS,Bags,AUD,2026-09-28,1480.00,1570.00,0.0608,increase
aee77b4088b807847fc6ad3ec3878733,Balenciaga_AUS_5449324GQLA8065,5449324GQLA8065,AUS,Bags,AUD,2026-09-28,3370.00,3570.00,0.0593,increase
2d460536d8a3c155f30c4479471ae6cb,Balenciaga_AUS_5449324GWV24011,5449324GWV24011,AUS,Bags,AUD,2026-09-28,4720.00,5000.00,0.0593,increase
db54d018f4725ee57a03d8dacf61ecd1,Balenciaga_AUS_546998213YO9104,546998213YO9104,AUS,Bags,AUD,2026-09-28,625.00,660.00,0.0560,increase
1ddd739e5090ef524e906236c861f4fb,Balenciaga_AUS_5469982ABEE9002,5469982ABEE9002,AUS,Bags,AUD,2026-09-28,1380.00,1460.00,0.0580,increase
8f7afa0cb4e19fbb86f060819f8a003c,Balenciaga_AUS_5482214GQV51000,5482214GQV51000,AUS,Bags,AUD,2026-09-28,3970.00,4210.00,0.0605,increase
fa1bdba978d8aeb77da62e80d3a276e4,Balenciaga_AUS_5505264G0059002,5505264G0059002,AUS,Bags,AUD,2026-09-28,1850.00,1960.00,0.0595,increase
5b21e576aafa10b594118693fc9bfc00,Balenciaga_AUS_552358T6AME4011,552358T6AME4011,AUS,Bags,AUD,2026-09-28,3700.00,3920.00,0.0595,increase
574f02bb65fc3d83e42ea7cb398c0f1a,Balenciaga_AUS_553957WO6SQ1251,553957WO6SQ1251,AUS,Small Leather Goods,AUD,2026-09-28,705.00,750.00,0.0638,increase
bff36c39c906fd2ba42e5f8a9ec4832f,Balenciaga_AUS_55430321CYU1240,55430321CYU1240,AUS,Bags,AUD,2026-09-28,3720.00,3950.00,0.0618,increase
d29b33528df85f9c0b2ef4a078193788,Balenciaga_AUS_5543034GFF51000,5543034GFF51000,AUS,Bags,AUD,2026-09-28,7240.00,7680.00,0.0608,increase
e75f48366dd080bbb22c705e7aea5bb4,Balenciaga_AUS_554303TCULN5723,554303TCULN5723,AUS,Bags,AUD,2026-09-28,2670.00,2830.00,0.0599,increase
f055dbeb7b1e2e8972c9b6921271907d,Balenciaga_AUS_554303WHAQI0926,554303WHAQI0926,AUS,Bags,AUD,2026-09-28,3830.00,4060.00,0.0601,increase
bfae425c76fb65b5cc320303fac69293,Balenciaga_AUS_558209TUR5X2840,558209TUR5X2840,AUS,Small Leather Goods,AUD,2026-09-28,495.00,525.00,0.0606,increase
defdc6d5d021b92e94b6af37607b930c,Balenciaga_AUS_558209WQ28U8122,558209WQ28U8122,AUS,Small Leather Goods,AUD,2026-09-28,925.00,980.00,0.0595,increase
b11d76341fcbcf91222e1ddbcc466cc1,Balenciaga_AUS_560831T8TK91000,560831T8TK91000,AUS,Bags,AUD,2026-09-28,2900.00,3080.00,0.0621,increase
a7cd62e5e31083bb0965c436e9489da0,Balenciaga_AUS_560831TT4RI5723,560831TT4RI5723,AUS,Bags,AUD,2026-09-28,2730.00,2890.00,0.0586,increase
78fc7f67fd9868b6ded0cdf7d2ca7eaf,Balenciaga_AUS_5628362AZUH1000,5628362AZUH1000,AUS,Bags,AUD,2026-09-28,6430.00,6820.00,0.0607,increase
69c973d75c7fe421a9916605af1b9dbc,Balenciaga_AUS_5628364GG1K4011,5628364GG1K4011,AUS,Bags,AUD,2026-09-28,4840.00,5130.00,0.0599,increase
32470f5420b97254d1eb20b6484c6d71,Balenciaga_AUS_562836TTSKW3258,562836TTSKW3258,AUS,Bags,AUD,2026-09-28,2870.00,3040.00,0.0592,increase
c6fdb048d967babeb2e5c7f8b38d6294,Balenciaga_AUS_5678242AIHF1000,5678242AIHF1000,AUS,Bags,AUD,2026-09-28,5590.00,5930.00,0.0608,increase
e0134a561f09b4be458a331d32762757,Balenciaga_AUS_57372021BEH1000,57372021BEH1000,AUS,Bags,AUD,2026-09-28,4530.00,4800.00,0.0596,increase
8f9ade639acb88acf5d8cbd9588b2b25,Balenciaga_AUS_5737202ABMI9020,5737202ABMI9020,AUS,Bags,AUD,2026-09-28,6830.00,7240.00,0.0600,increase
bb8e41333d4de56b0148780ddbff9b13,Balenciaga_AUS_5737202AWYK1000,5737202AWYK1000,AUS,Bags,AUD,2026-09-28,3100.00,3290.00,0.0613,increase
e44fcd9996e436f51ee42b1973659ec0,Balenciaga_AUS_573720WMG5U3258,573720WMG5U3258,AUS,Bags,AUD,2026-09-28,3630.00,3840.00,0.0579,increase
9b1a273fbc789d09f9d3e61b59f6bbb7,Balenciaga_AUS_5861342A5ZF2533,5861342A5ZF2533,AUS,Bags,AUD,2026-09-28,4980.00,5280.00,0.0602,increase
378cc37904dcc338957e32ede30b0a8f,Balenciaga_AUS_5861342ABDK1000,5861342ABDK1000,AUS,Bags,AUD,2026-09-28,5230.00,5540.00,0.0593,increase
a73f53a50d36156d3f0009781f2542d0,Balenciaga_AUS_586134THIHP4200,586134THIHP4200,AUS,Bags,AUD,2026-09-28,4910.00,5200.00,0.0591,increase
f32634ff6dc97b9092e1c6d387b688f6,Balenciaga_AUS_5861462ABI32533,5861462ABI32533,AUS,Bags,AUD,2026-09-28,3990.00,4230.00,0.0602,increase
cb855061ada72a0a7ad293ac6ba5443a,Balenciaga_AUS_586146TO7IY1210,586146TO7IY1210,AUS,Bags,AUD,2026-09-28,3900.00,4130.00,0.0590,increase
d4bdd3a812f3a83384e3f842fa5f104b,Balenciaga_AUS_586146TRVHI2533,586146TRVHI2533,AUS,Bags,AUD,2026-09-28,4460.00,4720.00,0.0583,increase
57df15be3a8b49209bcf087570c87d82,Balenciaga_AUS_586146TT9QA8065,586146TT9QA8065,AUS,Bags,AUD,2026-09-28,4430.00,4690.00,0.0587,increase
74d5762939580305be52fd6c184d2461,Balenciaga_AUS_586146TTWU21240,586146TTWU21240,AUS,Bags,AUD,2026-09-28,3700.00,3920.00,0.0595,increase
c1156dab7d30ce446cf8d62bdc6d91cc,Balenciaga_AUS_586146W1WP65723,586146W1WP65723,AUS,Bags,AUD,2026-09-28,4940.00,5240.00,0.0607,increase
7e536d1d9100b7f76ab7f6d2c0b53c7a,Balenciaga_AUS_586146WBD2S8122,586146WBD2S8122,AUS,Bags,AUD,2026-09-28,2860.00,3030.00,0.0594,increase
196856efcf41a5aae90621e779ec18d2,Balenciaga_AUS_58737121E5Q1000,58737121E5Q1000,AUS,Bags,AUD,2026-09-28,5160.00,5470.00,0.0601,increase
c4bbbbc94c24bbe42a5c95611d7f0540,Balenciaga_AUS_5898034GZAD1000,5898034GZAD1000,AUS,Bags,AUD,2026-09-28,4580.00,4860.00,0.0611,increase
7cedb31bf64fa8334eccdb1cd563f74d,Balenciaga_AUS_589803TTLSW4011,589803TTLSW4011,AUS,Bags,AUD,2026-09-28,3280.00,3470.00,0.0579,increase
7996e6857863d9a5d222062b4848d50f,Balenciaga_AUS_5919172AZ1O5723,5919172AZ1O5723,AUS,Small Leather Goods,AUD,2026-09-28,500.00,530.00,0.0600,increase
e5a6ba3cc5f5ee4f8d443a451dd448f1,Balenciaga_AUS_5919174GT0G9000,5919174GT0G9000,AUS,Small Leather Goods,AUD,2026-09-28,800.00,850.00,0.0625,increase
02c05f49909eb352cf90fc72de45582c,Balenciaga_AUS_591917W3LVJ1000,591917W3LVJ1000,AUS,Small Leather Goods,AUD,2026-09-28,810.00,860.00,0.0617,increase
c488859aabbd4b322f31dcd3e8a4d482,Balenciaga_AUS_596501218XT4200,596501218XT4200,AUS,Bags,AUD,2026-09-28,4750.00,5040.00,0.0611,increase
75953436f2a4c5e8a75564ace4116a82,Balenciaga_AUS_59650121J5P2533,59650121J5P2533,AUS,Bags,AUD,2026-09-28,4710.00,5000.00,0.0616,increase
812d0ac655f4a62e3c420b4a642d43f1,Balenciaga_AUS_596501W8PY42840,596501W8PY42840,AUS,Bags,AUD,2026-09-28,3650.00,3870.00,0.0603,increase
49e9da580b2ee7310cdd1d4cb716f0aa,Balenciaga_AUS_600325214860911,600325214860911,AUS,Bags,AUD,2026-09-28,2940.00,3110.00,0.0578,increase
40da92d559404af3fcf862e4948fcb4e,Balenciaga_AUS_6003254G0R28122,6003254G0R28122,AUS,Bags,AUD,2026-09-28,3060.00,3240.00,0.0588,increase
4546b3e5b2d5cacdee8696967fa57450,Balenciaga_AUS_600325TT4SF1000,600325TT4SF1000,AUS,Bags,AUD,2026-09-28,4460.00,4730.00,0.0605,increase
796796102ddf057fab77c034762c1a77,Balenciaga_AUS_6039712AHBR3258,6039712AHBR3258,AUS,Bags,AUD,2026-09-28,4460.00,4730.00,0.0605,increase
3499ac3c3ed2f298832c9eefbeee1a53,Balenciaga_AUS_6039714G6ZW1090,6039714G6ZW1090,AUS,Bags,AUD,2026-09-28,16240.00,17220.00,0.0603,increase
77ad01b006b8abe8613f0fa064f89fce,Balenciaga_AUS_604342219829104,604342219829104,AUS,Accessories,AUD,2026-09-28,3090.00,3280.00,0.0615,increase
1d53075e1c774c908e31c47afc9e7aaf,Balenciaga_AUS_6043424G58X9000,6043424G58X9000,AUS,Accessories,AUD,2026-09-28,7150.00,7580.00,0.0601,increase
8eca60f29926662b888453f93209899f,Balenciaga_AUS_604342TN9E49000,604342TN9E49000,AUS,Accessories,AUD,2026-09-28,3500.00,3710.00,0.0600,increase
297eb505001263d330077b5221e78983,Balenciaga_AUS_605291218ME1000,605291218ME1000,AUS,Small Leather Goods,AUD,2026-09-28,615.00,650.00,0.0569,increase
c0bbd402528d54d21a42be850f2daf75,Balenciaga_AUS_6052912ABSR1210,6052912ABSR1210,AUS,Small Leather Goods,AUD,2026-09-28,755.00,800.00,0.0596,increase
2cc5827a9993ea2108bb66267453d4c3,Balenciaga_AUS_6067874GSEE1084,6067874GSEE1084,AUS,Bags,AUD,2026-09-28,4560.00,4830.00,0.0592,increase
418c2532f9e9ad8ebe439933ed2827c6,Balenciaga_AUS_6068722A74C0911,6068722A74C0911,AUS,Small Leather Goods,AUD,2026-09-28,710.00,750.00,0.0563,increase
746c30777bacdb1fee8a0493c3a45087,Balenciaga_AUS_606872TJ2VY9000,606872TJ2VY9000,AUS,Bags,AUD,2026-09-28,1340.00,1420.00,0.0597,increase
a077cd9196404247e92fe40b69510155,Balenciaga_AUS_606872TTD4I1000,606872TTD4I1000,AUS,Small Leather Goods,AUD,2026-09-28,925.00,985.00,0.0649,increase
89375f2e21556841a011533fca954cc7,Balenciaga_AUS_606872WCITL8065,606872WCITL8065,AUS,Accessories,AUD,2026-09-28,435.00,460.00,0.0575,increase
bb34c93ecffd7eb7a12d5c5926d7c381,Balenciaga_AUS_6081552A3911090,6081552A3911090,AUS,Bags,AUD,2026-09-28,1210.00,1280.00,0.0579,increase
f4cfc08f0d1ca7af0524cce9cfef14fc,Balenciaga_AUS_6090452AB6B0926,6090452AB6B0926,AUS,Small Leather Goods,AUD,2026-09-28,655.00,690.00,0.0534,increase
97430c78291961f11a9eeb7ee87370e0,Balenciaga_AUS_6090454GFZ40926,6090454GFZ40926,AUS,Small Leather Goods,AUD,2026-09-28,1560.00,1660.00,0.0641,increase
14702df92dcf46aa88f09fcf762ddb82,Balenciaga_AUS_60976421CA79000,60976421CA79000,AUS,Accessories,AUD,2026-09-28,1260.00,1330.00,0.0556,increase
7beb5a4b940989cc5f91aa7684f9b881,Balenciaga_AUS_6097644GYE99104,6097644GYE99104,AUS,Accessories,AUD,2026-09-28,610.00,645.00,0.0574,increase
1d64c84178007a675f754ac7aaa75720,Balenciaga_AUS_609764W580V9002,609764W580V9002,AUS,Accessories,AUD,2026-09-28,820.00,870.00,0.0610,increase
ea70c260fa274874945fadeb151f5244,Balenciaga_AUS_6106004GZJF9104,6106004GZJF9104,AUS,Bags,AUD,2026-09-28,2880.00,3050.00,0.0590,increase
73190d0bb2f186c9383f12bec2542391,Balenciaga_AUS_610600WI7Z98065,610600WI7Z98065,AUS,Bags,AUD,2026-09-28,1450.00,1540.00,0.0621,increase
bead785daf9b3cf452277eb69e2e8691,Balenciaga_AUS_6115974G4912308,6115974G4912308,AUS,Bags,AUD,2026-09-28,1820.00,1930.00,0.0604,increase
96d20d113c580076e89308f56ac612b6,Balenciaga_AUS_614404TT16Q1251,614404TT16Q1251,AUS,Bags,AUD,2026-09-28,4230.00,4480.00,0.0591,increase
f23a6f40d6b6358201899a3a7c274719,Balenciaga_AUS_615434215P10926,615434215P10926,AUS,Bags,AUD,2026-09-28,7680.00,8140.00,0.0599,increase
d7080b2fa09fce4ef79ef42401b39035,Balenciaga_AUS_6154342AFAB4011,6154342AFAB4011,AUS,Bags,AUD,2026-09-28,3570.00,3790.00,0.0616,increase
d8ccc6783223d9df467062a8db972c75,Balenciaga_AUS_6154344GBXM0926,6154344GBXM0926,AUS,Bags,AUD,2026-09-28,4030.00,4270.00,0.0596,increase
ee62d7ac118d5f276a8f6a39a53e0b4f,Balenciaga_AUS_6154344GF5T2308,6154344GF5T2308,AUS,Bags,AUD,2026-09-28,3190.00,3380.00,0.0596,increase
d0590350c2a36f07e50916933f3beb0c,Balenciaga_AUS_615434TT9YP0127,615434TT9YP0127,AUS,Bags,AUD,2026-09-28,3270.00,3460.00,0.0581,increase
d2b8be8b72efd27aa2bd362047b64c19,Balenciaga_AUS_61818021PJ51090,61818021PJ51090,AUS,Accessories,AUD,2026-09-28,505.00,535.00,0.0594,increase
62b2f387c7a5cd7e09dc999a1349e4ef,Balenciaga_AUS_6181802A8GI8065,6181802A8GI8065,AUS,Accessories,AUD,2026-09-28,2500.00,2650.00,0.0600,increase
f3bd43b95a3d6c34a20f1b627b29f6d6,Balenciaga_AUS_6181802ABRM1084,6181802ABRM1084,AUS,Accessories,AUD,2026-09-28,2580.00,2740.00,0.0620,increase
fe05cd09b6d5c714c2a94a21d803188e,Balenciaga_AUS_618809TH1H49020,618809TH1H49020,AUS,Small Leather Goods,AUD,2026-09-28,2530.00,2680.00,0.0593,increase
9f7e91dca47a5f3e5bdee4b6b7f17fd6,Balenciaga_AUS_618809WDY7T2840,618809WDY7T2840,AUS,Small Leather Goods,AUD,2026-09-28,6500.00,6890.00,0.0600,increase
1f5ad95871f6b1475370badbd75fede8,Balenciaga_AUS_61979921UMQ9000,61979921UMQ9000,AUS,Small Leather Goods,AUD,2026-09-28,680.00,720.00,0.0588,increase
2a6043a7baecf09a53bd4f06607ab47e,Balenciaga_AUS_6197992ABGI2840,6197992ABGI2840,AUS,Small Leather Goods,AUD,2026-09-28,445.00,470.00,0.0562,increase
0e90f2cde07c3d2b20d0953aa91e8c89,Balenciaga_AUS_6200252AB6C2840,6200252AB6C2840,AUS,Bags,AUD,2026-09-28,3870.00,4100.00,0.0594,increase
c13f953cebc16c864cc5fe01567bb17d,Balenciaga_AUS_620025TTOCR3258,620025TTOCR3258,AUS,Bags,AUD,2026-09-28,4630.00,4910.00,0.0605,increase
4654301a61ab771f817b5eb570a88306,Balenciaga_AUS_6206382A28F2533,6206382A28F2533,AUS,Bags,AUD,2026-09-28,4540.00,4810.00,0.0595,increase
55ab41ba15f9b1556e1661468d06f5f8,Balenciaga_AUS_62422121YB51240,62422121YB51240,AUS,Bags,AUD,2026-09-28,970.00,1030.00,0.0619,increase
df779f7eccbc5dc00123967392d168a3,Balenciaga_AUS_624221TTQWM8065,624221TTQWM8065,AUS,Bags,AUD,2026-09-28,955.00,1010.00,0.0576,increase
0a0f102306655ed7c7ed5a90aa3f95c0,Balenciaga_AUS_624221WD4EL9020,624221WD4EL9020,AUS,Bags,AUD,2026-09-28,2050.00,2170.00,0.0585,increase
5cf84f77f0ef4fa60202b947a0585720,Balenciaga_AUS_6257174GF6W2533,6257174GF6W2533,AUS,Small Leather Goods,AUD,2026-09-28,390.00,415.00,0.0641,increase
1c786e5f714e7151e62441761f96adf7,Balenciaga_AUS_627903TTOKK2840,627903TTOKK2840,AUS,Bags,AUD,2026-09-28,655.00,695.00,0.0611,increase
956bcee799d65cf5fe59b9482b425746,Balenciaga_AUS_6305072110B1041,6305072110B1041,AUS,Bags,AUD,2026-09-28,6390.00,6780.00,0.0610,increase
f5839ba73982915fd47df145782e160d,Balenciaga_AUS_630507TTWFZ1240,630507TTWFZ1240,AUS,Bags,AUD,2026-09-28,5190.00,5500.00,0.0597,increase
11dc029946f55fcb326d030cdb4d03a7,Balenciaga_AUS_630507WVDSS9002,630507WVDSS9002,AUS,Bags,AUD,2026-09-28,5100.00,5410.00,0.0608,increase
5c136753dd82f1658516d5b8c45eb3d1,Balenciaga_AUS_630507WZAMO2533,630507WZAMO2533,AUS,Bags,AUD,2026-09-28,6570.00,6970.00,0.0609,increase
3aeb3030164c227d55c013ac2b2d7a79,Balenciaga_AUS_6319002AAW31090,6319002AAW31090,AUS,Bags,AUD,2026-09-28,3140.00,3330.00,0.0605,increase
95f1494a5621e9bfb7a6705b29e79693,Balenciaga_AUS_6319002ABTX1000,6319002ABTX1000,AUS,Bags,AUD,2026-09-28,4750.00,5030.00,0.0589,increase
6ccb518c93c4fb329c11b1140a4fb41d,Balenciaga_AUS_6319002AWRE9104,6319002AWRE9104,AUS,Bags,AUD,2026-09-28,4410.00,4680.00,0.0612,increase
0126bd8db379212bfa3437e9b5ce8d8d,Balenciaga_AUS_6319004GBUF5723,6319004GBUF5723,AUS,Bags,AUD,2026-09-28,4520.00,4790.00,0.0597,increase
686eb4bc4de8142c2a33d0368d038b5a,Balenciaga_AUS_631900TT6TA9000,631900TT6TA9000,AUS,Bags,AUD,2026-09-28,3520.00,3730.00,0.0597,increase
d2178947f04270b48917df51f4dd57cd,Balenciaga_AUS_631900TTHUH1000,631900TTHUH1000,AUS,Bags,AUD,2026-09-28,4060.00,4310.00,0.0616,increase
4578030a4169eb7dfe227b228e859bd2,Balenciaga_AUS_631900WDUX21090,631900WDUX21090,AUS,Bags,AUD,2026-09-28,5610.00,5950.00,0.0606,increase
2a27ffa380cc6cec9f6275c3ddb6f3f6,Balenciaga_AUS_631900WFXVH1000,631900WFXVH1000,AUS,Bags,AUD,2026-09-28,3860.00,4090.00,0.0596,increase
11880cfcb4587361a102cca2aaf344d9,Balenciaga_AUS_63238321K5N1090,63238321K5N1090,AUS,Small Leather Goods,AUD,2026-09-28,6140.00,6510.00,0.0603,increase
c64efa61c3678997077955aa06082fae,Balenciaga_AUS_6341232ABT41041,6341232ABT41041,AUS,Bags,AUD,2026-09-28,1930.00,2040.00,0.0570,increase
79373a35f71a203c25bebbbc8fa23816,Balenciaga_AUS_634123TF2SO0911,634123TF2SO0911,AUS,Bags,AUD,2026-09-28,2370.00,2510.00,0.0591,increase
7d4cd9c62cc871f70a9971b53a0ae2d8,Balenciaga_AUS_634123TTEWD5723,634123TTEWD5723,AUS,Bags,AUD,2026-09-28,5490.00,5820.00,0.0601,increase
9236e96af25984fd53fbd5f62e6e21f1,Balenciaga_AUS_6416162ABYP9002,6416162ABYP9002,AUS,Bags,AUD,2026-09-28,2210.00,2340.00,0.0588,increase
247a3d32000f1adcd47f9cff968f129e,Balenciaga_AUS_6482272AB7M0127,6482272AB7M0127,AUS,Bags,AUD,2026-09-28,1630.00,1720.00,0.0552,increase
3af8c49682c36f1e11118675081e877d,Balenciaga_AUS_648227WHLJF3258,648227WHLJF3258,AUS,Bags,AUD,2026-09-28,5030.00,5330.00,0.0596,increase
8dd22795c7231a8efa9451e3b8f3fedd,Balenciaga_AUS_65021421L5I4200,65021421L5I4200,AUS,Small Leather Goods,AUD,2026-09-28,605.00,640.00,0.0579,increase
4c5a0af041e70394bb07e4ea67118257,Balenciaga_AUS_6502142A5IF9000,6502142A5IF9000,AUS,Small Leather Goods,AUD,2026-09-28,480.00,510.00,0.0625,increase
8b296f0e136f9fca51c7cc178bacfcb9,Balenciaga_AUS_65463321I4N1000,65463321I4N1000,AUS,Bags,AUD,2026-09-28,1450.00,1540.00,0.0621,increase
b836ee9e2521ca46b4dedcaa0043cf06,Balenciaga_AUS_6582622A6FA9020,6582622A6FA9020,AUS,Bags,AUD,2026-09-28,2640.00,2800.00,0.0606,increase
9ec266fcf5573d13d9d60e5e7ec9538a,Balenciaga_AUS_658262W7ZM61090,658262W7ZM61090,AUS,Bags,AUD,2026-09-28,710.00,755.00,0.0634,increase
9b502c5f8de788991054ab3303f31285,Balenciaga_AUS_659578WTHGI0127,659578WTHGI0127,AUS,Bags,AUD,2026-09-28,675.00,715.00,0.0593,increase
538cbbd3aa6c3de3d11ce72551872314,Balenciaga_AUS_664769WDPAE8065,664769WDPAE8065,AUS,Bags,AUD,2026-09-28,3720.00,3940.00,0.0591,increase
5f3171da1b40ae77ddc6ad8ce91980de,Balenciaga_AUS_6661592ABB71000,6661592ABB71000,AUS,Small Leather Goods,AUD,2026-09-28,1500.00,1590.00,0.0600,increase
bc5c4f9ed1f067b15236f5c9153735e4,Balenciaga_AUS_666159TT9KL9000,666159TT9KL9000,AUS,Small Leather Goods,AUD,2026-09-28,470.00,495.00,0.0532,increase
9f95a1a960343ab79a0e3d1b9bfac908,Balenciaga_AUS_668213WBX4D2533,668213WBX4D2533,AUS,Bags,AUD,2026-09-28,4450.00,4720.00,0.0607,increase
56127383ab83a964fffc42f2427f367d,Balenciaga_AUS_668213WIM2Q0911,668213WIM2Q0911,AUS,Bags,AUD,2026-09-28,4060.00,4310.00,0.0616,increase
c6ee178c826a64b7816a9fa361fbc2a8,Balenciaga_AUS_6703942ADO60911,6703942ADO60911,AUS,Small Leather Goods,AUD,2026-09-28,605.00,640.00,0.0579,increase
97c5e1ea2259b1104b213785ca3050dc,Balenciaga_AUS_6703942AJWP9002,6703942AJWP9002,AUS,Small Leather Goods,AUD,2026-09-28,455.00,480.00,0.0549,increase
5bc69b1b71870b20b405d5f3f2cb975e,Balenciaga_AUS_6703944GWYS4200,6703944GWYS4200,AUS,Small Leather Goods,AUD,2026-09-28,575.00,610.00,0.0609,increase
3755d034a542706bde89f9cae8c4833d,Balenciaga_AUS_6704764GD9W5723,6704764GD9W5723,AUS,Bags,AUD,2026-09-28,705.00,745.00,0.0567,increase
d0d364bbd1dd78e7e0617e7efe3c5250,Balenciaga_AUS_673470TS1LV2533,673470TS1LV2533,AUS,Accessories,AUD,2026-09-28,500.00,530.00,0.0600,increase
75e31f17f6902f3cc16acd03a0077cb3,Balenciaga_AUS_67679221VL61210,67679221VL61210,AUS,Bags,AUD,2026-09-28,4200.00,4450.00,0.0595,increase
695d93ff18c502af7dad6106f25cd4b6,Balenciaga_AUS_6767922AB4K1090,6767922AB4K1090,AUS,Bags,AUD,2026-09-28,2570.00,2730.00,0.0623,increase
95223261a04e36fb32c921d1a80526f8,Balenciaga_AUS_6767922APFE1000,6767922APFE1000,AUS,Bags,AUD,2026-09-28,3770.00,3990.00,0.0584,increase
230df99e662249657c558898a9465cfe,Balenciaga_AUS_676820WGNH62533,676820WGNH62533,AUS,Bags,AUD,2026-09-28,3790.00,4020.00,0.0607,increase
bc6df2d34f5212dd303d3aa28c778553,Balenciaga_AUS_6778232A4ZU9020,6778232A4ZU9020,AUS,Bags,AUD,2026-09-28,4250.00,4500.00,0.0588,increase
fb0c6ad6e77200cdf53ccc8aa83da0ed,Balenciaga_AUS_6778234GNKV1000,6778234GNKV1000,AUS,Bags,AUD,2026-09-28,3200.00,3390.00,0.0594,increase
e4dd8ae567e26e9621216cad8bfdd749,Balenciaga_AUS_677823TPXBN1090,677823TPXBN1090,AUS,Bags,AUD,2026-09-28,5460.00,5790.00,0.0604,increase
60c120f55653a937b6d8525b5186f9f2,Balenciaga_AUS_6786802AEJ81000,6786802AEJ81000,AUS,Small Leather Goods,AUD,2026-09-28,3740.00,3960.00,0.0588,increase
b328c17b48d812bfc3c0dcbed64fb7ee,Balenciaga_AUS_6869382ABCP0911,6869382ABCP0911,AUS,Bags,AUD,2026-09-28,4050.00,4290.00,0.0593,increase
f270e694d138855b67b2b7cc670e947c,Balenciaga_AUS_6871014GGDU8122,6871014GGDU8122,AUS,Bags,AUD,2026-09-28,1860.00,1970.00,0.0591,increase
4b6612cc62cad49085001f27cd92b4e6,Balenciaga_AUS_687101TK1EY1000,687101TK1EY1000,AUS,Bags,AUD,2026-09-28,5020.00,5320.00,0.0598,increase
58d6f8b1a0c2071998048cf439a3ba5f,Balenciaga_AUS_687101TTS681000,687101TTS681000,AUS,Bags,AUD,2026-09-28,3610.00,3820.00,0.0582,increase
343f3a5826d1e002b01740b1ce88b9cb,Balenciaga_AUS_6873682AB3L1000,6873682AB3L1000,AUS,Bags,AUD,2026-09-28,6430.00,6820.00,0.0607,increase
db65219066074220b8d34136e7cc6286,Balenciaga_AUS_6873682ABYE2308,6873682ABYE2308,AUS,Bags,AUD,2026-09-28,5340.00,5660.00,0.0599,increase
56650bcb70541dd1d1665bf7da2be05e,Balenciaga_AUS_6873684GEGI1210,6873684GEGI1210,AUS,Bags,AUD,2026-09-28,3350.00,3550.00,0.0597,increase
de69f85bc59a4d7e78c12fb9b8d57183,Balenciaga_AUS_687755TT6SC1090,687755TT6SC1090,AUS,Small Leather Goods,AUD,2026-09-28,1010.00,1080.00,0.0693,increase
cf4a7e38445ab15522161e97bc289011,Balenciaga_AUS_687755WZQV70926,687755WZQV70926,AUS,Small Leather Goods,AUD,2026-09-28,815.00,865.00,0.0613,increase
1e537320fe155ef2e4291008e5d7d064,Balenciaga_AUS_690455WV5SI9002,690455WV5SI9002,AUS,Small Leather Goods,AUD,2026-09-28,2070.00,2190.00,0.0580,increase
e3a74818272cd78c2155fa51d92f4de8,Balenciaga_AUS_698478T6LAH9020,698478T6LAH9020,AUS,Bags,AUD,2026-09-28,7020.00,7440.00,0.0598,increase
4b272cd043b4bcd004be8106c8a25f5a,Balenciaga_AUS_698478TK52K4200,698478TK52K4200,AUS,Bags,AUD,2026-09-28,1220.00,1300.00,0.0656,increase
a8c0984974762730bbe356dd43e19732,Balenciaga_AUS_698478WAG0O0911,698478WAG0O0911,AUS,Bags,AUD,2026-09-28,1310.00,1390.00,0.0611,increase
577702777a54f786b88524e2500e06d3,Balenciaga_AUS_706014TT5D61000,706014TT5D61000,AUS,Bags,AUD,2026-09-28,810.00,860.00,0.0617,increase
88e0bec92da90a534545e162313d2b8d,Balenciaga_AUS_706014TTHIA8065,706014TTHIA8065,AUS,Bags,AUD,2026-09-28,770.00,815.00,0.0584,increase
bd20f090198b820e7cf04ee5975092f5,Balenciaga_AUS_706014TV8UH1084,706014TV8UH1084,AUS,Bags,AUD,2026-09-28,1260.00,1330.00,0.0556,increase
ed3163826d74fd30af57ce3cb72852bc,Balenciaga_AUS_7066122A50P3258,7066122A50P3258,AUS,Small Leather Goods,AUD,2026-09-28,1750.00,1860.00,0.0629,increase
1432936dd029ac6395680495b9983cc2,Balenciaga_AUS_7066122AY6L8065,7066122AY6L8065,AUS,Small Leather Goods,AUD,2026-09-28,3500.00,3710.00,0.0600,increase
cf42701a313eb357c77b48a45f43984d,Balenciaga_AUS_706612TTDZG0926,706612TTDZG0926,AUS,Small Leather Goods,AUD,2026-09-28,1220.00,1290.00,0.0574,increase
4e8006d271e0e158f5b3a05eafc27f07,Balenciaga_AUS_706612WBFE11090,706612WBFE11090,AUS,Small Leather Goods,AUD,2026-09-28,515.00,545.00,0.0583,increase
728239d3759f1ed10b8be0f0af1feec1,Balenciaga_AUS_7089882AB993258,7089882AB993258,AUS,Small Leather Goods,AUD,2026-09-28,955.00,1010.00,0.0576,increase
e68d7b8d81a33af9ac1bcbbb31aa585a,Balenciaga_AUS_71088921W3O1240,71088921W3O1240,AUS,Small Leather Goods,AUD,2026-09-28,920.00,975.00,0.0598,increase
3c04658595023bb4f09a9091a4e2c8ee,Balenciaga_AUS_7108894GUHQ1000,7108894GUHQ1000,AUS,Small Leather Goods,AUD,2026-09-28,915.00,970.00,0.0601,increase
64c038f5d08b54598370e4cce3a3cd6d,Balenciaga_AUS_711160WE21T1240,711160WE21T1240,AUS,Small Leather Goods,AUD,2026-09-28,500.00,530.00,0.0600,increase
de9ace2413f1b0f744f0d5c388cf8379,Balenciaga_AUS_711160WOZ6M4011,711160WOZ6M4011,AUS,Small Leather Goods,AUD,2026-09-28,625.00,665.00,0.0640,increase
cdb1d075a900e792587aed673219996e,Balenciaga_AUS_7134902AB1H4200,7134902AB1H4200,AUS,Bags,AUD,2026-09-28,5230.00,5540.00,0.0593,increase
0f67fb0ca05ce3eddcb7160b961f5f60,Balenciaga_AUS_713490TTJ7K2533,713490TTJ7K2533,AUS,Bags,AUD,2026-09-28,4910.00,5200.00,0.0591,increase
998cf4219523d08bafe7595e70d24bab,Balenciaga_AUS_7163572AY874200,7163572AY874200,AUS,Bags,AUD,2026-09-28,4720.00,5010.00,0.0614,increase
dfe0ea0c6d9639f865c44c39ea69c2c5,Balenciaga_AUS_7163574GQBG9000,7163574GQBG9000,AUS,Bags,AUD,2026-09-28,3670.00,3890.00,0.0599,increase
2cbf0744921b84318420048ce197670b,Balenciaga_AUS_7238022ALQU5723,7238022ALQU5723,AUS,Bags,AUD,2026-09-28,2910.00,3080.00,0.0584,increase
e69821d255a646b51cd3fd34d0639a56,Balenciaga_AUS_723802TPE569000,723802TPE569000,AUS,Bags,AUD,2026-09-28,2900.00,3070.00,0.0586,increase
d20e541966e6ccd69913f1a440296128,Balenciaga_AUS_723802TTN6J5723,723802TTN6J5723,AUS,Bags,AUD,2026-09-28,6940.00,7360.00,0.0605,increase
1c24cfc1f6d8799c91b56465e099b923,Balenciaga_AUS_7247992ABQG0926,7247992ABQG0926,AUS,Small Leather Goods,AUD,2026-09-28,1200.00,1280.00,0.0667,increase
2362db5f597a9075c74df613baa3768f,Balenciaga_AUS_72532821OA90911,72532821OA90911,AUS,Small Leather Goods,AUD,2026-09-28,1270.00,1340.00,0.0551,increase
01104314908353f898f9118218b81682,Balenciaga_AUS_725328TTV443258,725328TTV443258,AUS,Small Leather Goods,AUD,2026-09-28,430.00,455.00,0.0581,increase
1f807124a1859815494172dac1e87e05,Balenciaga_AUS_72600621HFN1210,72600621HFN1210,AUS,Bags,AUD,2026-09-28,5310.00,5620.00,0.0584,increase
6aebe2d52be75955dc011e4f148e0e43,Balenciaga_AUS_7260064GLKM1000,7260064GLKM1000,AUS,Bags,AUD,2026-09-28,4760.00,5050.00,0.0609,increase
f14037e04969263ae12954947ce3a8a3,Balenciaga_AUS_7283052ABY31090,7283052ABY31090,AUS,Bags,AUD,2026-09-28,5510.00,5840.00,0.0599,increase
d0dbb63fc2e04302d6c255a180f7470b,Balenciaga_AUS_728305TUZCI4011,728305TUZCI4011,AUS,Bags,AUD,2026-09-28,6450.00,6840.00,0.0605,increase
2d7383ec4902fd247f8921df866fdebb,Balenciaga_AUS_72872721NOR1090,72872721NOR1090,AUS,Bags,AUD,2026-09-28,3480.00,3690.00,0.0603,increase
fa614becc33893838c035511ddde31d9,Balenciaga_AUS_728727WEHTC8065,728727WEHTC8065,AUS,Bags,AUD,2026-09-28,4490.00,4760.00,0.0601,increase
a0db01d1b32835b8e9381e2f9a30b0a2,Balenciaga_AUS_72918421GJI3258,72918421GJI3258,AUS,Bags,AUD,2026-09-28,4710.00,5000.00,0.0616,increase
cfa65e37e285434560752c743cf6c37e,Balenciaga_AUS_7297992A1LP1000,7297992A1LP1000,AUS,Bags,AUD,2026-09-28,3220.00,3410.00,0.0590,increase
8775dd7b8a23ea8a57df9b8e16af110d,Balenciaga_AUS_7297992ABTM0926,7297992ABTM0926,AUS,Bags,AUD,2026-09-28,2320.00,2460.00,0.0603,increase
c4d923f3d92eb1ba2c4e280647d53bb5,Balenciaga_AUS_7297992ACVY2840,7297992ACVY2840,AUS,Bags,AUD,2026-09-28,2780.00,2940.00,0.0576,increase
25e550a6ce6079fed987f26a25cf3b63,Balenciaga_AUS_729799TTQ0W0911,729799TTQ0W0911,AUS,Bags,AUD,2026-09-28,5100.00,5410.00,0.0608,increase
370622bb561ebaf98b41be12e4470fa7,Balenciaga_AUS_729799W4YYO2533,729799W4YYO2533,AUS,Bags,AUD,2026-09-28,3540.00,3750.00,0.0593,increase
11c31d2fb117a32dc1fac2d5ae60fb32,Balenciaga_AUS_7311302ABV99104,7311302ABV99104,AUS,Bags,AUD,2026-09-28,2290.00,2430.00,0.0611,increase
5ae71c80cc96282379c731e12f38de9e,Balenciaga_AUS_731130TEWXC1000,731130TEWXC1000,AUS,Bags,AUD,2026-09-28,2630.00,2790.00,0.0608,increase
93ce79970bc23782c30e6061c695f33c,Balenciaga_AUS_734797W7EBY1041,734797W7EBY1041,AUS,Accessories,AUD,2026-09-28,3790.00,4010.00,0.0580,increase
9a278f0d467619e42975a30add30fd1b,Balenciaga_AUS_7378382ABGT0926,7378382ABGT0926,AUS,Bags,AUD,2026-09-28,2400.00,2550.00,0.0625,increase
20bdca2693729fdb2779f154102a6c88,Balenciaga_AUS_7400904G1H21240,7400904G1H21240,AUS,Small Leather Goods,AUD,2026-09-28,685.00,725.00,0.0584,increase
0d1cf2037402aca6481ee1d7fb1afffe,Balenciaga_AUS_740090TT35C4011,740090TT35C4011,AUS,Small Leather Goods,AUD,2026-09-28,1640.00,1740.00,0.0610,increase
bdc2f05416a759696b225769cb5ceb17,Balenciaga_AUS_740090TTQWT5723,740090TTQWT5723,AUS,Small Leather Goods,AUD,2026-09-28,1040.00,1100.00,0.0577,increase
b4305380b49a53b52e0434b39fb47d08,Balenciaga_AUS_7434644GJUQ1251,7434644GJUQ1251,AUS,Small Leather Goods,AUD,2026-09-28,2330.00,2470.00,0.0601,increase
f5aacc9817165d9d31f85016798b0552,Balenciaga_AUS_74818821RAQ1000,74818821RAQ1000,AUS,Small Leather Goods,AUD,2026-09-28,520.00,555.00,0.0673,increase
c3da53ea06d4ff3cb3eb35a459490945,Balenciaga_AUS_7481882ABWW0911,7481882ABWW0911,AUS,Small Leather Goods,AUD,2026-09-28,885.00,940.00,0.0621,increase
d79d023f884150dbc9a8acc1e231a5dd,Balenciaga_AUS_7481884GUB61000,7481884GUB61000,AUS,Small Leather Goods,AUD,2026-09-28,1100.00,1170.00,0.0636,increase
de17d7babe2d555e7dbd28f38a814718,Balenciaga_AUS_7483542ABV39020,7483542ABV39020,AUS,Bags,AUD,2026-09-28,8390.00,8900.00,0.0608,increase
775da7c8be9f6b728758cd6366c2dbfd,Balenciaga_AUS_748354T1COL0911,748354T1COL0911,AUS,Bags,AUD,2026-09-28,3900.00,4130.00,0.0590,increase
4d52c6f9783c3b62ac4a78316c34abb1,Balenciaga_AUS_75172821F7M1210,75172821F7M1210,AUS,Small Leather Goods,AUD,2026-09-28,1680.00,1790.00,0.0655,increase
221536a1b3ac43f7af92621e4ea28410,Balenciaga_AUS_751728WJEN18122,751728WJEN18122,AUS,Small Leather Goods,AUD,2026-09-28,1780.00,1880.00,0.0562,increase
3f8e599f21add2e6344b4b77703087bd,Balenciaga_AUS_7616174GM071041,7616174GM071041,AUS,Small Leather Goods,AUD,2026-09-28,485.00,515.00,0.0619,increase
6f5ed2b62a04571a0c362f31d7cd1739,Balenciaga_AUS_768723WND8D1000,768723WND8D1000,AUS,Shoes,AUD,2026-09-28,1710.00,1520.00,-0.1111,decrease
ef752d3ed41edae54e79f551bdc7438e,Balenciaga_AUS_7702602AB191000,7702602AB191000,AUS,Bags,AUD,2026-09-28,4980.00,5280.00,0.0602,increase
927b7e183c2fa948b0729ca26a64b4dc,Balenciaga_AUS_770260WXM7O1210,770260WXM7O1210,AUS,Bags,AUD,2026-09-28,5450.00,5780.00,0.0606,increase
d6aad9ce0f3ba45af652ec46730e6478,Balenciaga_AUS_77077921FFS1090,77077921FFS1090,AUS,Small Leather Goods,AUD,2026-09-28,530.00,560.00,0.0566,increase
9b2c7ec912383edfc0647a2525b87acf,Balenciaga_AUS_77077921PII8122,77077921PII8122,AUS,Small Leather Goods,AUD,2026-09-28,835.00,885.00,0.0599,increase
41c96c7635fc312a05ffdc42ce58ad1f,Balenciaga_AUS_7707792A4VV4011,7707792A4VV4011,AUS,Small Leather Goods,AUD,2026-09-28,725.00,770.00,0.0621,increase
f34a293a2b7efd2a1fa7398c7c56323c,Balenciaga_AUS_7707792ABU11084,7707792ABU11084,AUS,Small Leather Goods,AUD,2026-09-28,715.00,760.00,0.0629,increase
44b9f4227fc35fb3a33ea1c803585ca5,Balenciaga_AUS_7707792ALGH1000,7707792ALGH1000,AUS,Small Leather Goods,AUD,2026-09-28,1870.00,1980.00,0.0588,increase
d76ad5275093d6dfc7286390a0ad49ce,Balenciaga_AUS_7707794G8472308,7707794G8472308,AUS,Small Leather Goods,AUD,2026-09-28,1000.00,1060.00,0.0600,increase
3837bd2ac62ebb859998d1b84d5e49fd,Balenciaga_AUS_7707794GGLA1090,7707794GGLA1090,AUS,Small Leather Goods,AUD,2026-09-28,390.00,410.00,0.0513,increase
e59b85b78be45946a72934a9fe154f93,Balenciaga_AUS_770779TCSA20127,770779TCSA20127,AUS,Small Leather Goods,AUD,2026-09-28,310.00,330.00,0.0645,increase
52c460710ed0210ea6ac83bc5500d366,Balenciaga_AUS_7737734GF951000,7737734GF951000,AUS,Bags,AUD,2026-09-28,2890.00,3060.00,0.0588,increase
22d1dafb5bf8afe578f9d1e052090f17,Balenciaga_AUS_773773W5BMK1240,773773W5BMK1240,AUS,Bags,AUD,2026-09-28,3990.00,4230.00,0.0602,increase
048f120ee5796f042b161386b94956ec,Balenciaga_AUS_7751222AB963258,7751222AB963258,AUS,Small Leather Goods,AUD,2026-09-28,640.00,680.00,0.0625,increase
6c954b4124431cdbb58bd74a7e6c5a65,Balenciaga_AUS_775122WM5075723,775122WM5075723,AUS,Small Leather Goods,AUD,2026-09-28,840.00,890.00,0.0595,increase
65e0078ec2103d6de7d4367be9fc151a,Balenciaga_AUS_7783482AAGM1041,7783482AAGM1041,AUS,Small Leather Goods,AUD,2026-09-28,1810.00,1920.00,0.0608,increase
b6437606529bb0206edbdfcd780aeb9c,Balenciaga_AUS_7783482ABC80926,7783482ABC80926,AUS,Small Leather Goods,AUD,2026-09-28,990.00,1050.00,0.0606,increase
6bb2ae46217919f23fd24c626316a0e0,Balenciaga_AUS_778348TTK6R9002,778348TTK6R9002,AUS,Small Leather Goods,AUD,2026-09-28,895.00,950.00,0.0615,increase
771c37d749c3850c9a5acb203d3f74bb,Balenciaga_AUS_778348TTMNA0911,778348TTMNA0911,AUS,Small Leather Goods,AUD,2026-09-28,1260.00,1340.00,0.0635,increase
fe39d23b57a3a9c4e82f0de6c331b02e,Balenciaga_AUS_778348WUVHU1210,778348WUVHU1210,AUS,Small Leather Goods,AUD,2026-09-28,890.00,945.00,0.0618,increase
fce78b4a2e0a48d3eab35eab0408f06c,Balenciaga_AUS_7793722AW9V1084,7793722AW9V1084,AUS,Bags,AUD,2026-09-28,3330.00,3530.00,0.0601,increase
de864384cca61d5a300fa4d5f186e568,Balenciaga_AUS_779372TOH4Y5723,779372TOH4Y5723,AUS,Bags,AUD,2026-09-28,4340.00,4600.00,0.0599,increase
8ff3f197adb9c237d42d9963bcdfa4db,Balenciaga_AUS_779797T061J1041,779797T061J1041,AUS,Bags,AUD,2026-09-28,5060.00,5360.00,0.0593,increase
a6130569de28bb724bb5095bcd1e6319,Balenciaga_AUS_7830972190M9104,7830972190M9104,AUS,Accessories,AUD,2026-09-28,5430.00,5760.00,0.0608,increase
daa44b952709e3af45538dc5df240652,Balenciaga_AUS_78309721JPY0127,78309721JPY0127,AUS,Accessories,AUD,2026-09-28,4040.00,4280.00,0.0594,increase
00fc3cb3045bc59a74323a888e83556c,Balenciaga_AUS_7830974GC5O8065,7830974GC5O8065,AUS,Accessories,AUD,2026-09-28,4230.00,4480.00,0.0591,increase
fad3e3f33d9d79993fb43e7eefd8f0f3,Balenciaga_AUS_783097T88LE4011,783097T88LE4011,AUS,Accessories,AUD,2026-09-28,3370.00,3580.00,0.0623,increase
b0b90132aa1e7d0ba62829fa841d4102,Balenciaga_AUS_7842954GWXL2308,7842954GWXL2308,AUS,Bags,AUD,2026-09-28,5450.00,5770.00,0.0587,increase
b9de2f10b901bd957738082259deb61c,Balenciaga_AUS_7846182AWFP1090,7846182AWFP1090,AUS,Accessories,AUD,2026-09-28,480.00,510.00,0.0625,increase
5d9c1b2da345285d347d58b230eca216,Balenciaga_AUS_786691213DR2308,786691213DR2308,AUS,Bags,AUD,2026-09-28,5400.00,5730.00,0.0611,increase
834cd2a19b941abe51a0ae568523ac58,Balenciaga_AUS_7866912A6IT9002,7866912A6IT9002,AUS,Bags,AUD,2026-09-28,3670.00,3890.00,0.0599,increase
c7cfe40cc1e846ff3e0591777a77a525,Balenciaga_AUS_7866912ABIU2308,7866912ABIU2308,AUS,Bags,AUD,2026-09-28,1630.00,1730.00,0.0613,increase
cf736b4b274d3527c56fdedc9b63a611,Balenciaga_AUS_7866912AENG9104,7866912AENG9104,AUS,Bags,AUD,2026-09-28,1820.00,1930.00,0.0604,increase
5fcf5a199706e142e72914ed09da6cc9,Balenciaga_AUS_79014021E841041,79014021E841041,AUS,Small Leather Goods,AUD,2026-09-28,1970.00,2090.00,0.0609,increase
be6e4bebf91eb34999d294eac8cce0c1,Balenciaga_AUS_7901402AB731000,7901402AB731000,AUS,Small Leather Goods,AUD,2026-09-28,1960.00,2080.00,0.0612,increase
627a79ede7e29b437fa7646805985f48,Balenciaga_AUS_790421216UF9020,790421216UF9020,AUS,Small Leather Goods,AUD,2026-09-28,4520.00,4790.00,0.0597,increase
0491106a873995ece12038a10a4763ab,Balenciaga_AUS_790421WLLWX1000,790421WLLWX1000,AUS,Small Leather Goods,AUD,2026-09-28,3750.00,3980.00,0.0613,increase
a32d7e72560fa8050725f727fa9558ef,Balenciaga_AUS_791061TTORO1090,791061TTORO1090,AUS,Bags,AUD,2026-09-28,4300.00,4560.00,0.0605,increase
ef4c8d7da373c514c4ea42317fba0ed9,Balenciaga_AUS_792932218SJ1240,792932218SJ1240,AUS,Bags,AUD,2026-09-28,4270.00,4530.00,0.0609,increase
7a80e796a9d7d7e46794bb2b5de30b81,Balenciaga_AUS_792932219O01251,792932219O01251,AUS,Bags,AUD,2026-09-28,4580.00,4860.00,0.0611,increase
8d9845e2f9e19a8392150aabc90f8879,Balenciaga_AUS_79293221SBP1210,79293221SBP1210,AUS,Bags,AUD,2026-09-28,3830.00,4050.00,0.0574,increase
381217ff5a5578e3304fb171e37743f6,Balenciaga_AUS_792932W27C95723,792932W27C95723,AUS,Bags,AUD,2026-09-28,5670.00,6010.00,0.0600,increase
70d674e17347c174d4e0862ba219ef84,Balenciaga_AUS_7986072AB0P4011,7986072AB0P4011,AUS,Small Leather Goods,AUD,2026-09-28,705.00,745.00,0.0567,increase
10aafde970e8ea0a9583b299c01ca43a,Balenciaga_AUS_798607WHH8S8065,798607WHH8S8065,AUS,Small Leather Goods,AUD,2026-09-28,565.00,600.00,0.0619,increase
425ac8fdd92e818ddf97bdc7edbf9c18,Balenciaga_AUS_8044914G46E1000,8044914G46E1000,AUS,Small Leather Goods,AUD,2026-09-28,860.00,910.00,0.0581,increase
ddb99c76c536c5ccffd26b16fc70ae2b,Balenciaga_AUS_804491WDN3F1090,804491WDN3F1090,AUS,Small Leather Goods,AUD,2026-09-28,1220.00,1290.00,0.0574,increase
10c96c53841487da069a8f9b7a2f0fb5,Balenciaga_AUS_8088952AB0I2840,8088952AB0I2840,AUS,Bags,AUD,2026-09-28,5400.00,5730.00,0.0611,increase
0220749a720e8ffaa2b82808edab2e53,Balenciaga_AUS_8088952AM3D0127,8088952AM3D0127,AUS,Bags,AUD,2026-09-28,4570.00,4850.00,0.0613,increase
0102cba18cf083143e7e9a2115f625d7,Balenciaga_AUS_808895TOVIZ2533,808895TOVIZ2533,AUS,Bags,AUD,2026-09-28,5850.00,6200.00,0.0598,increase
a6ac6a1371a6e3deb0d2c78960ac9ad2,Balenciaga_AUS_8133392ABV39002,8133392ABV39002,AUS,Bags,AUD,2026-09-28,2630.00,2790.00,0.0608,increase
5232046eec0d03ea02f2087f03376f53,Balenciaga_AUS_813339TTM3T1000,813339TTM3T1000,AUS,Bags,AUD,2026-09-28,4840.00,5130.00,0.0599,increase
fe2158fac84ab5abeb1d56ca1b585b45,Balenciaga_AUS_8175562A3NQ1251,8175562A3NQ1251,AUS,Bags,AUD,2026-09-28,4660.00,4940.00,0.0601,increase
081c5a632bd06dd420a789da137a0c14,Balenciaga_AUS_817556TTCFN1090,817556TTCFN1090,AUS,Bags,AUD,2026-09-28,3620.00,3840.00,0.0608,increase
a1b5054c6bae7bb5f854a96fef4e6c69,Balenciaga_AUS_81955721MIX1210,81955721MIX1210,AUS,Small Leather Goods,AUD,2026-09-28,1160.00,1230.00,0.0603,increase
983a954ad4cea4399b6689d958b689bd,Balenciaga_AUS_8195572AA863258,8195572AA863258,AUS,Small Leather Goods,AUD,2026-09-28,740.00,780.00,0.0541,increase
2c1c7c9705ebaad3f1df9873960e6a46,Balenciaga_AUS_822303TTHOD8065,822303TTHOD8065,AUS,Small Leather Goods,AUD,2026-09-28,2900.00,3070.00,0.0586,increase
eb4a2bfa30e21af5cec8241408d1add6,Balenciaga_AUS_824002TJQAV2308,824002TJQAV2308,AUS,Small Leather Goods,AUD,2026-09-28,805.00,855.00,0.0621,increase
fa4f370016d88429866997ec78aaa85d,Balenciaga_AUS_82443621AQF0127,82443621AQF0127,AUS,Small Leather Goods,AUD,2026-09-28,505.00,535.00,0.0594,increase
fc8219686ad216f402d0a18e6c636f7a,Balenciaga_AUS_8244362A4UN1000,8244362A4UN1000,AUS,Small Leather Goods,AUD,2026-09-28,730.00,770.00,0.0548,increase
892bc6da551f18c30cb0a608725855de,Balenciaga_AUS_824436W9DJB2308,824436W9DJB2308,AUS,Small Leather Goods,AUD,2026-09-28,935.00,990.00,0.0588,increase
545e2f13896349c956ce1d7f642f70ff,Balenciaga_AUS_8245244GV630926,8245244GV630926,AUS,Accessories,AUD,2026-09-28,2090.00,2210.00,0.0574,increase
b51d16e6d272cde5fee664cd50ccb573,Balenciaga_AUS_82607121B2V1041,82607121B2V1041,AUS,Bags,AUD,2026-09-28,4080.00,4330.00,0.0613,increase
8e7d0b8e163daa60016a64bf4b0e731a,Balenciaga_AUS_8260712A4T11000,8260712A4T11000,AUS,Bags,AUD,2026-09-28,3550.00,3760.00,0.0592,increase
56ee5633788251d99f094a2a246a0c63,Balenciaga_AUS_8260712ABPL3258,8260712ABPL3258,AUS,Bags,AUD,2026-09-28,4400.00,4660.00,0.0591,increase
b865ff39eb56738555ec12affbf4effc,Balenciaga_AUS_826071W06VT2533,826071W06VT2533,AUS,Bags,AUD,2026-09-28,3060.00,3240.00,0.0588,increase
3bf4f1e245c3d3a2413c41c5094c713e,Balenciaga_AUS_8287712ABI90911,8287712ABI90911,AUS,Small Leather Goods,AUD,2026-09-28,470.00,495.00,0.0532,increase
0978fcb316c5946b6b3326943b2be5b2,Balenciaga_AUS_828771TTCTJ0911,828771TTCTJ0911,AUS,Small Leather Goods,AUD,2026-09-28,455.00,480.00,0.0549,increase
eb89f7e818a926d2d8180e76a056f4fe,Balenciaga_AUS_830936WU99V9002,830936WU99V9002,AUS,Small Leather Goods,AUD,2026-09-28,2560.00,2720.00,0.0625,increase
1cc6562d76598698c6347c2a260ee437,Balenciaga_AUS_8311342ABU61090,8311342ABU61090,AUS,Bags,AUD,2026-09-28,3990.00,4230.00,0.0602,increase
74760067513c32873957a3770ab04f8e,Balenciaga_AUS_8311344GKAG3258,8311344GKAG3258,AUS,Bags,AUD,2026-09-28,2490.00,2640.00,0.0602,increase
81cdc2657b0253b2c3f0b8ce4501bfd6,Balenciaga_AUS_831134T9FMJ0911,831134T9FMJ0911,AUS,Bags,AUD,2026-09-28,1870.00,1980.00,0.0588,increase
a349e344e2e6903a016f58bb9a950000,Balenciaga_AUS_831134TEOO93258,831134TEOO93258,AUS,Bags,AUD,2026-09-28,4360.00,4620.00,0.0596,increase
2933e5f7ae98090cea95d2d3ac5cabb7,Balenciaga_AUS_833006217XM0911,833006217XM0911,AUS,Bags,AUD,2026-09-28,4970.00,5270.00,0.0604,increase
7dff4d2fc0f7ed7fd29d3f1dcad2be20,Balenciaga_AUS_8330062AB421000,8330062AB421000,AUS,Bags,AUD,2026-09-28,5150.00,5460.00,0.0602,increase
dc1cc5e1ce841266863e7ec1ef167bdd,Balenciaga_AUS_8330062ABAZ2840,8330062ABAZ2840,AUS,Bags,AUD,2026-09-28,4050.00,4290.00,0.0593,increase
e74a4db5d00c279deb865c0611e36ebf,Balenciaga_AUS_834058214S09104,834058214S09104,AUS,Bags,AUD,2026-09-28,3600.00,3820.00,0.0611,increase
1fbaba6040baf795657cffb2213bf480,Balenciaga_AUS_834058218YP5723,834058218YP5723,AUS,Bags,AUD,2026-09-28,3810.00,4040.00,0.0604,increase
0f7d336867a6f68e6f59fb4e4e47c41e,Balenciaga_AUS_834058WWA8W4200,834058WWA8W4200,AUS,Bags,AUD,2026-09-28,4670.00,4950.00,0.0600,increase
650800405f003f5f4bc2edfd096c5945,Balenciaga_AUS_8401812AKBD1000,8401812AKBD1000,AUS,Small Leather Goods,AUD,2026-09-28,680.00,720.00,0.0588,increase
0f2761adf804d880150a02a5ddd64586,Balenciaga_AUS_840181TTX3A0926,840181TTX3A0926,AUS,Small Leather Goods,AUD,2026-09-28,645.00,685.00,0.0620,increase
f7a0c7c006907c1eb08dd583e374bc66,Balenciaga_AUS_840181WKE7A1090,840181WKE7A1090,AUS,Small Leather Goods,AUD,2026-09-28,530.00,565.00,0.0660,increase
7fbcdd5adfbad212e9b9ef3b59fd8877,Balenciaga_AUS_844132TD4EC9104,844132TD4EC9104,AUS,Bags,AUD,2026-09-28,6470.00,6860.00,0.0603,increase
c83a03fef2d145eced6d07c4851af3cc,Balenciaga_AUS_845436216410127,845436216410127,AUS,Bags,AUD,2026-09-28,2210.00,2340.00,0.0588,increase
2a2d8f4f04591c31fdf1f5d1cb6c55dd,Balenciaga_AUS_8454362ABSV9000,8454362ABSV9000,AUS,Bags,AUD,2026-09-28,5520.00,5850.00,0.0598,increase
d1e257493127210536f00c50bd598861,Balenciaga_AUS_845436THX071000,845436THX071000,AUS,Bags,AUD,2026-09-28,5680.00,6020.00,0.0599,increase
0f4608a50e97f99d7f31d61190e18b9f,Balenciaga_AUS_845436TTCJ71000,845436TTCJ71000,AUS,Bags,AUD,2026-09-28,2640.00,2790.00,0.0568,increase
453dd1c0ca9851ef0aa2a397fa800d05,Balenciaga_AUS_845436TTGI61251,845436TTGI61251,AUS,Bags,AUD,2026-09-28,5760.00,6100.00,0.0590,increase
264b0f09ba366058238af55ba5d6382b,Balenciaga_AUS_845436W94521090,845436W94521090,AUS,Bags,AUD,2026-09-28,3390.00,3590.00,0.0590,increase
7e5eae2f754762e227f53b0a01f3cb51,Balenciaga_AUS_8501442AB0O1000,8501442AB0O1000,AUS,Bags,AUD,2026-09-28,1660.00,1760.00,0.0602,increase
209e787ff5fd617b6e28fd7383b80a76,Balenciaga_AUS_8514352A4CY1000,8514352A4CY1000,AUS,Small Leather Goods,AUD,2026-09-28,2110.00,2240.00,0.0616,increase
fe762032de1ee091b13d9bad500bbb63,Balenciaga_AUS_851435W66F78065,851435W66F78065,AUS,Small Leather Goods,AUD,2026-09-28,475.00,505.00,0.0632,increase
30450fd9a62cbe12845c4eb5afab4b62,Balenciaga_AUS_85254221FH01000,85254221FH01000,AUS,Small Leather Goods,AUD,2026-09-28,1030.00,1100.00,0.0680,increase
2571a469f150c13146e1029a7994a6f4,Balenciaga_AUS_85254221MXR4011,85254221MXR4011,AUS,Small Leather Goods,AUD,2026-09-28,1500.00,1590.00,0.0600,increase
e8cdfe6b3642685989e938ec7d97ec82,Balenciaga_AUS_8525422AB5G1090,8525422AB5G1090,AUS,Small Leather Goods,AUD,2026-09-28,490.00,520.00,0.0612,increase
1d86609af87f9d9ee06314d157de0a7d,Balenciaga_AUS_852542TRTB02840,852542TRTB02840,AUS,Small Leather Goods,AUD,2026-09-28,465.00,490.00,0.0538,increase
c4edc6127bdd6f10b5891bdda6f4faf2,Balenciaga_AUS_852542WCMOK5723,852542WCMOK5723,AUS,Small Leather Goods,AUD,2026-09-28,530.00,560.00,0.0566,increase
da6272e805bc7ec7c3d613cdb462fc92,Balenciaga_AUS_856191T2DEI9104,856191T2DEI9104,AUS,Small Leather Goods,AUD,2026-09-28,640.00,675.00,0.0547,increase
f423b574a650a2e980fcab3bfc1b13e2,Balenciaga_AUS_856191T74RJ1210,856191T74RJ1210,AUS,Small Leather Goods,AUD,2026-09-28,645.00,680.00,0.0543,increase
ab34aef0d33f8e70ead7cf570f3f01e2,Balenciaga_AUS_856191TTCXJ0926,856191TTCXJ0926,AUS,Small Leather Goods,AUD,2026-09-28,410.00,435.00,0.0610,increase
2e7320bb3c4e3762be336a7e6a82ac35,Balenciaga_AUS_858352TTBLY1041,858352TTBLY1041,AUS,Small Leather Goods,AUD,2026-09-28,2200.00,2330.00,0.0591,increase
0348e51a9d08af7777d3574b90ef9a82,Balenciaga_AUS_8592792AZWF1251,8592792AZWF1251,AUS,Small Leather Goods,AUD,2026-09-28,465.00,490.00,0.0538,increase
a0d304c6073359ed94307a153a1ac239,Balenciaga_AUS_8592794GT7H9104,8592794GT7H9104,AUS,Small Leather Goods,AUD,2026-09-28,1860.00,1970.00,0.0591,increase
cb87e042984dfdb394ed4cf81989b0ba,Balenciaga_AUS_860458WVPJ84200,860458WVPJ84200,AUS,Bags,AUD,2026-09-28,4690.00,4970.00,0.0597,increase
05c5a02b0ede5d287e9545cb2a2f44e7,Balenciaga_AUS_8665422AB2D9104,8665422AB2D9104,AUS,Accessories,AUD,2026-09-28,895.00,950.00,0.0615,increase
7800a0d07a663bf201a7ce84ca6847f3,Balenciaga_AUS_8665424G8ZY1000,8665424G8ZY1000,AUS,Accessories,AUD,2026-09-28,510.00,540.00,0.0588,increase
a379c98891f3d1dc18e0fe1f7f11a224,Balenciaga_AUS_8671922ABIT1210,8671922ABIT1210,AUS,Small Leather Goods,AUD,2026-09-28,655.00,695.00,0.0611,increase
ca0e9f930d6ff2efca9bacb0392a8707,Balenciaga_AUS_8690362ABPU2308,8690362ABPU2308,AUS,Bags,AUD,2026-09-28,3390.00,3590.00,0.0590,increase
91ea24710357f5ceedeff0656a5ce15c,Balenciaga_AUS_8690364G7ZC4200,8690364G7ZC4200,AUS,Bags,AUD,2026-09-28,6720.00,7120.00,0.0595,increase
3c4b34cc438f1508d798776272e800dc,Balenciaga_AUS_86935021KK58122,86935021KK58122,AUS,Bags,AUD,2026-09-28,2030.00,2150.00,0.0591,increase
3de058bda110e8493aaad01c99bdd6c0,Balenciaga_AUS_8738792A2QI4011,8738792A2QI4011,AUS,Bags,AUD,2026-09-28,3990.00,4230.00,0.0602,increase
637a54f0c58ebf483612b606a697fb72,Balenciaga_AUS_8738792ABM71041,8738792ABM71041,AUS,Bags,AUD,2026-09-28,4630.00,4910.00,0.0605,increase
fe1345f76aba251a64cb45dc369fe1f7,Balenciaga_AUS_873879TSIMN8122,873879TSIMN8122,AUS,Bags,AUD,2026-09-28,4360.00,4620.00,0.0596,increase
16924cd1dd1ee77f1efab23934c313ba,Balenciaga_AUS_8750414GAUA1000,8750414GAUA1000,AUS,Bags,AUD,2026-09-28,3300.00,3500.00,0.0606,increase
48aecabb3c1028e3e3d3c9458834810c,Balenciaga_AUS_8837202AB1Q1000,8837202AB1Q1000,AUS,Small Leather Goods,AUD,2026-09-28,550.00,580.00,0.0545,increase
11f99bafdf5905ea4ec13cb9d894003a,Balenciaga_AUS_883720W1IKV1000,883720W1IKV1000,AUS,Small Leather Goods,AUD,2026-09-28,705.00,750.00,0.0638,increase
7a69b45774b617a7b1dfd5eec0c85ff3,Balenciaga_AUS_88445621WO28122,88445621WO28122,AUS,Small Leather Goods,AUD,2026-09-28,380.00,400.00,0.0526,increase
c78d1e2a3b293fc593abccafbc26d5de,Balenciaga_AUS_8844562AB381090,8844562AB381090,AUS,Small Leather Goods,AUD,2026-09-28,880.00,935.00,0.0625,increase
ece75179e5e4909806b2cf903adb40a5,Balenciaga_AUS_8863144G5AR8065,8863144G5AR8065,AUS,Small Leather Goods,AUD,2026-09-28,640.00,680.00,0.0625,increase
0c0c8a9e67ee07aabe059591d5368d88,Balenciaga_AUS_886314TT7F98122,886314TT7F98122,AUS,Small Leather Goods,AUD,2026-09-28,890.00,945.00,0.0618,increase
00cc7aec1c9491af527b505caddcc5f5,Balenciaga_AUS_8872612AB144200,8872612AB144200,AUS,Small Leather Goods,AUD,2026-09-28,1620.00,1720.00,0.0617,increase
f17be0d1ff4717862a77625e22511bf7,Balenciaga_AUS_888240214TG5723,888240214TG5723,AUS,Small Leather Goods,AUD,2026-09-28,900.00,955.00,0.0611,increase
1d5b9119d35cd9c8211751a895e0508e,Balenciaga_AUS_888240TTFRH4200,888240TTFRH4200,AUS,Small Leather Goods,AUD,2026-09-28,785.00,830.00,0.0573,increase
dfe53be535c25df086c52b3b366ce999,Balenciaga_AUS_8902582ABVL1251,8902582ABVL1251,AUS,Bags,AUD,2026-09-28,1620.00,1720.00,0.0617,increase
b574d91a4381939d131f6ac316d96585,Balenciaga_AUS_89310521G2W1240,89310521G2W1240,AUS,Bags,AUD,2026-09-28,3850.00,4080.00,0.0597,increase
5c85c04a1a197a6b6db8609c9b2b4027,Balenciaga_AUS_8931052A3PL2533,8931052A3PL2533,AUS,Bags,AUD,2026-09-28,7620.00,8080.00,0.0604,increase
c72787ee50c8fa9e20b6a88a49cb04f9,Balenciaga_AUS_893105TTXTD1240,893105TTXTD1240,AUS,Bags,AUD,2026-09-28,6830.00,7230.00,0.0586,increase
662fc7fac5f67836ddc87161d43f49ae,Balenciaga_AUS_8945912AEYF1090,8945912AEYF1090,AUS,Small Leather Goods,AUD,2026-09-28,3590.00,3800.00,0.0585,increase
79e9bb78782233121e2e12611bed5cc6,Balenciaga_AUS_8945912AHW24200,8945912AHW24200,AUS,Small Leather Goods,AUD,2026-09-28,1810.00,1920.00,0.0608,increase
5e8b490b9d17e35492469e839f7f0c86,Balenciaga_AUS_894591TTFLA4200,894591TTFLA4200,AUS,Small Leather Goods,AUD,2026-09-28,3910.00,4150.00,0.0614,increase
723dc88215fda989e3de8e6024901a4e,Balenciaga_AUS_894919W7KYF4200,894919W7KYF4200,AUS,Bags,AUD,2026-09-28,4420.00,4690.00,0.0611,increase
0aec6aa1314961ed7d418b6e10017316,Balenciaga_AUS_89504321IWB1084,89504321IWB1084,AUS,Bags,AUD,2026-09-28,5490.00,5820.00,0.0601,increase
be7be228e09db5aea1b289bc4303b94e,Balenciaga_AUS_8950432ATN89104,8950432ATN89104,AUS,Bags,AUD,2026-09-28,4510.00,4780.00,0.0599,increase
5e3619951cbbccaccfb8504b3814693c,Balenciaga_AUS_895043TTYCV1000,895043TTYCV1000,AUS,Bags,AUD,2026-09-28,3710.00,3930.00,0.0593,increase
77be5388c9d45da52af50dc8e3a59fa9,Balenciaga_AUS_895043WA6731000,895043WA6731000,AUS,Bags,AUD,2026-09-28,4590.00,4860.00,0.0588,increase
8bfde973af39073446fe4fa784dae37a,Balenciaga_AUS_A00J7KTT7PD1251,A00J7KTT7PD1251,AUS,Bags,AUD,2026-09-28,1520.00,1610.00,0.0592,increase
ffe99b7761cb85ccdc2a90e83375c2be,Balenciaga_AUS_A042712ABQZ9020,A042712ABQZ9020,AUS,Bags,AUD,2026-09-28,7430.00,7870.00,0.0592,increase
872ef3b3c9fee6592e1e8c6cb3df29cf,Balenciaga_AUS_A042712AMT61210,A042712AMT61210,AUS,Bags,AUD,2026-09-28,18380.00,19480.00,0.0598,increase
7b89b2b3253e8cc1f1c7eaa777273c56,Balenciaga_AUS_A05K8B2ASBF4200,A05K8B2ASBF4200,AUS,Small Leather Goods,AUD,2026-09-28,520.00,550.00,0.0577,increase
67a5490b3b916d3754eb65e97891edf3,Balenciaga_AUS_A05K8BTJ0TE9002,A05K8BTJ0TE9002,AUS,Small Leather Goods,AUD,2026-09-28,705.00,750.00,0.0638,increase
cbd5211e35e2be2a6104679276c7894b,Balenciaga_AUS_A05K8BTSM663258,A05K8BTSM663258,AUS,Small Leather Goods,AUD,2026-09-28,560.00,595.00,0.0625,increase
6d8f059fe619831836fba67e7dcb11e2,Balenciaga_AUS_A05K8BTTMMU9104,A05K8BTTMMU9104,AUS,Small Leather Goods,AUD,2026-09-28,1240.00,1310.00,0.0565,increase
d355894057f86ff37884c077da6199cc,Balenciaga_AUS_A064YD4GQIW1000,A064YD4GQIW1000,AUS,Small Leather Goods,AUD,2026-09-28,845.00,895.00,0.0592,increase
70369f274be99b852cda16a44c1e4ced,Balenciaga_AUS_A064YDTKNEL3258,A064YDTKNEL3258,AUS,Small Leather Goods,AUD,2026-09-28,875.00,925.00,0.0571,increase
b2c3c55cf1e6311392710dee7c09080b,Balenciaga_AUS_A064YDTTENX9002,A064YDTTENX9002,AUS,Small Leather Goods,AUD,2026-09-28,650.00,690.00,0.0615,increase
231cf6473a880d9beb81b417c5692a0d,Balenciaga_AUS_A06RN22AB2X1041,A06RN22AB2X1041,AUS,Bags,AUD,2026-09-28,4750.00,5030.00,0.0589,increase
e8a78aece88e4f12f962b26a2f3ebed7,Balenciaga_AUS_A06RN22ABS95723,A06RN22ABS95723,AUS,Bags,AUD,2026-09-28,4490.00,5410.00,0.2049,increase
edffb79e30b540f3ccdabae87a577f67,Balenciaga_AUS_A07WXJ21SEY1240,A07WXJ21SEY1240,AUS,Small Leather Goods,AUD,2026-09-28,860.00,910.00,0.0581,increase
24386c4e750069a22a09f118cf1894db,Balenciaga_AUS_A07WXJW005D1090,A07WXJW005D1090,AUS,Small Leather Goods,AUD,2026-09-28,2700.00,2860.00,0.0593,increase
f376e1524dc1fb26736f07fb48e05229,Balenciaga_AUS_A07XQJ2ABFT1240,A07XQJ2ABFT1240,AUS,Small Leather Goods,AUD,2026-09-28,515.00,580.00,0.1262,increase
3e378914df4137639b54bf2de99007a8,Balenciaga_AUS_A07XQJTTA4R0911,A07XQJTTA4R0911,AUS,Small Leather Goods,AUD,2026-09-28,455.00,480.00,0.0549,increase
768ca2018564bcafe660fa3b9237cf23,Balenciaga_AUS_A07XQJW4FMO5723,A07XQJW4FMO5723,AUS,Small Leather Goods,AUD,2026-09-28,1120.00,1180.00,0.0536,increase
0a555e5527e69d6d67130e3cab361cbb,Balenciaga_AUS_A0AVTR2AES89002,A0AVTR2AES89002,AUS,Bags,AUD,2026-09-28,2820.00,2990.00,0.0603,increase
b2250c1f910e2977b2eaadc384973aec,Balenciaga_AUS_A0AVTRT9W4P8122,A0AVTRT9W4P8122,AUS,Bags,AUD,2026-09-28,3370.00,3570.00,0.0593,increase
d7dc7de229a3050dfab477d596344982,Balenciaga_AUS_A0DVHZ211W08065,A0DVHZ211W08065,AUS,Small Leather Goods,AUD,2026-09-28,1820.00,1930.00,0.0604,increase
ef12c1767c5be928e8a5c5c589f65fb0,Balenciaga_AUS_A0DVHZ2159I1240,A0DVHZ2159I1240,AUS,Small Leather Goods,AUD,2026-09-28,435.00,465.00,0.0690,increase
5fdecc59817a2fb7b4db4d08f6d83728,Balenciaga_AUS_A0DVHZWC7C15723,A0DVHZWC7C15723,AUS,Small Leather Goods,AUD,2026-09-28,2150.00,2280.00,0.0605,increase
3af4521b6e9fc0dc0272086cc839c9ac,Balenciaga_AUS_A0FKA3210572533,A0FKA3210572533,AUS,Bags,AUD,2026-09-28,5210.00,5520.00,0.0595,increase
a0065739950a3f32d9c3e26c6575077d,Balenciaga_AUS_A0HVOZ2AB3Y1251,A0HVOZ2AB3Y1251,AUS,Small Leather Goods,AUD,2026-09-28,585.00,620.00,0.0598,increase
6047a5c4db5d4e45d8e886406adf5e60,Balenciaga_AUS_A0JTOY4GNZM1240,A0JTOY4GNZM1240,AUS,Small Leather Goods,AUD,2026-09-28,810.00,860.00,0.0617,increase
330004aac88713c4e96e67f77d7b3274,Balenciaga_AUS_A0JTOYWTQWI1000,A0JTOYWTQWI1000,AUS,Small Leather Goods,AUD,2026-09-28,945.00,1000.00,0.0582,increase
e9d7e475ed207fe7bc00756a3315e714,Balenciaga_AUS_A0JW0G2ABNG9002,A0JW0G2ABNG9002,AUS,Bags,AUD,2026-09-28,2580.00,2730.00,0.0581,increase
367f60313c1a516f5000182281989f08,Balenciaga_AUS_A0JW0GT1SDP1090,A0JW0GT1SDP1090,AUS,Bags,AUD,2026-09-28,9250.00,9810.00,0.0605,increase
b436062f97d5d7fa623f7edda9afffda,Balenciaga_AUS_A0JW0GWQGJ51000,A0JW0GWQGJ51000,AUS,Bags,AUD,2026-09-28,3040.00,3230.00,0.0625,increase
474850d5fcf1c22e0d909dbbef3c1253,Balenciaga_AUS_A0LD3V2A8284200,A0LD3V2A8284200,AUS,Bags,AUD,2026-09-28,2690.00,2850.00,0.0595,increase
16791105d99877e93b6ff0b2eb0d2eff,Balenciaga_AUS_A0LD3V2ABND9020,A0LD3V2ABND9020,AUS,Bags,AUD,2026-09-28,2050.00,2170.00,0.0585,increase
6f727a0badbc2618136ec6aba4528fcb,Balenciaga_AUS_A0NXIX2ABF42840,A0NXIX2ABF42840,AUS,Small Leather Goods,AUD,2026-09-28,1220.00,1290.00,0.0574,increase
296cbc2007a4e109779cab3f3f85b91d,Balenciaga_AUS_A0NXIX4GIX61041,A0NXIX4GIX61041,AUS,Small Leather Goods,AUD,2026-09-28,495.00,525.00,0.0606,increase
5c45a76fe57c1203459797a502489954,Balenciaga_AUS_A0OHAU213J01000,A0OHAU213J01000,AUS,Bags,AUD,2026-09-28,1910.00,2020.00,0.0576,increase
6a6c86a96a3e31e604f78a0751510432,Balenciaga_AUS_A0QFZA4GZMJ9002,A0QFZA4GZMJ9002,AUS,Bags,AUD,2026-09-28,4000.00,4250.00,0.0625,increase
84f856c97230e3214b0a48c22aa4d37f,Balenciaga_AUS_A0QFZAWEHIJ0911,A0QFZAWEHIJ0911,AUS,Bags,AUD,2026-09-28,4570.00,4850.00,0.0613,increase
623ca568877b0548f5704f1cc42c88cb,Balenciaga_AUS_A0QFZAWRPKY9000,A0QFZAWRPKY9000,AUS,Bags,AUD,2026-09-28,4720.00,5000.00,0.0593,increase
8c76bd70f5279a43d219f2f678a29b7f,Balenciaga_AUS_A0W9ZQTT6H89020,A0W9ZQTT6H89020,AUS,Small Leather Goods,AUD,2026-09-28,675.00,715.00,0.0593,increase
21c8b7a8432457aa21e416b40fbfc827,Balenciaga_AUS_A0W9ZQTTNFO8122,A0W9ZQTTNFO8122,AUS,Small Leather Goods,AUD,2026-09-28,550.00,585.00,0.0636,increase
d1cc8ee31a9f254e5ed734c80f1d24db,Balenciaga_CAN_509058W7FP09002,509058W7FP09002,CAN,Bags,CAD,2026-09-28,5290.00,5600.00,0.0586,increase
b3e357fc8462eca5e4141da823e67a81,Balenciaga_CAN_512319214FT9104,512319214FT9104,CAN,Bags,CAD,2026-09-28,2520.00,2670.00,0.0595,increase
8cd5327c06d5ff2aa5abe995269a8cd4,Balenciaga_CAN_5123192ABXZ9020,5123192ABXZ9020,CAN,Bags,CAD,2026-09-28,4450.00,4720.00,0.0607,increase
da8e7abfcbedf2a91701d0f92cde6488,Balenciaga_CAN_5146274GMIB2533,5146274GMIB2533,CAN,Bags,CAD,2026-09-28,1840.00,1950.00,0.0598,increase
078987416f112c478733f4b3a67831e6,Balenciaga_CAN_514627TA8D30127,514627TA8D30127,CAN,Bags,CAD,2026-09-28,6160.00,6530.00,0.0601,increase
59cbd992cc232a694e73f3835317bc46,Balenciaga_CAN_5149002A92F1210,5149002A92F1210,CAN,Bags,CAD,2026-09-28,4630.00,4910.00,0.0605,increase
fd400abaa2280cf28518747ae050cb26,Balenciaga_CAN_517390210UD1210,517390210UD1210,CAN,Bags,CAD,2026-09-28,5140.00,5450.00,0.0603,increase
4640f57d5d26411ee0cf86b2ec77793c,Balenciaga_CAN_5173904GKC41210,5173904GKC41210,CAN,Bags,CAD,2026-09-28,2480.00,2630.00,0.0605,increase
ff0b48af649eb5f7b6be3513f9ab2a9d,Balenciaga_CAN_517390TT3LZ1240,517390TT3LZ1240,CAN,Bags,CAD,2026-09-28,4120.00,4370.00,0.0607,increase
a6d579d82045e8dff4ca82678be4e333,Balenciaga_CAN_517390WIAYH5723,517390WIAYH5723,CAN,Bags,CAD,2026-09-28,2670.00,2830.00,0.0599,increase
8869967d20f896261e6b92cea8f1d461,Balenciaga_CAN_52138621EG84011,52138621EG84011,CAN,Small Leather Goods,CAD,2026-09-28,415.00,440.00,0.0602,increase
72049b5cd44f1e267dccc83ef4cc8652,Balenciaga_CAN_5239552AJGA1000,5239552AJGA1000,CAN,Accessories,CAD,2026-09-28,2630.00,2790.00,0.0608,increase
75cdc5a40a226d27f40f4235fe3c1378,Balenciaga_CAN_523955WJVHN1090,523955WJVHN1090,CAN,Accessories,CAD,2026-09-28,2570.00,2720.00,0.0584,increase
7000d78b5ddcfec90cdfa9879a39e31e,Balenciaga_CAN_525528TA3V13258,525528TA3V13258,CAN,Bags,CAD,2026-09-28,4750.00,5030.00,0.0589,increase
01e648855d664ac4c9f6ba44e4c0d3e7,Balenciaga_CAN_525528TTLY91000,525528TTLY91000,CAN,Bags,CAD,2026-09-28,3760.00,3990.00,0.0612,increase
0ec49ae43cd8fd2e8176ef0aa771501a,Balenciaga_CAN_525528WCDOX3258,525528WCDOX3258,CAN,Bags,CAD,2026-09-28,2910.00,3080.00,0.0584,increase
75ffcfb95d5997d56142967117654454,Balenciaga_CAN_5265652181K1240,5265652181K1240,CAN,Bags,CAD,2026-09-28,6550.00,6940.00,0.0595,increase
42af80c418809ce935bdffbb9ca329bf,Balenciaga_CAN_5265652ABNJ1000,5265652ABNJ1000,CAN,Bags,CAD,2026-09-28,3700.00,3920.00,0.0595,increase
ce403e1860b05b00133b4cbea8bb2644,Balenciaga_CAN_52688321KYV1090,52688321KYV1090,CAN,Bags,CAD,2026-09-28,3600.00,3810.00,0.0583,increase
c91ec258458e30536106e665f03df287,Balenciaga_CAN_5268832ABFW2533,5268832ABFW2533,CAN,Bags,CAD,2026-09-28,8170.00,8660.00,0.0600,increase
360070ac615399e756b7585afd254c30,Balenciaga_CAN_527313T0VEI2533,527313T0VEI2533,CAN,Small Leather Goods,CAD,2026-09-28,445.00,470.00,0.0562,increase
7bccef9683aabd17adbe08264f007156,Balenciaga_CAN_527313TUOCB4011,527313TUOCB4011,CAN,Small Leather Goods,CAD,2026-09-28,445.00,470.00,0.0562,increase
3e7665c680b4250494e767d53471f75e,Balenciaga_CAN_527313W5X041000,527313W5X041000,CAN,Small Leather Goods,CAD,2026-09-28,830.00,880.00,0.0602,increase
47334abbb7d9874255f6be2ebf0d49cf,Balenciaga_CAN_5286014GP201000,5286014GP201000,CAN,Small Leather Goods,CAD,2026-09-28,450.00,475.00,0.0556,increase
d0de48b131902fe6ad3c63b59b0268c5,Balenciaga_CAN_529971215991000,529971215991000,CAN,Bags,CAD,2026-09-28,3700.00,3920.00,0.0595,increase
cbfd4cac12304f4e66958a34a3a50989,Balenciaga_CAN_529971218229000,529971218229000,CAN,Bags,CAD,2026-09-28,2430.00,2580.00,0.0617,increase
ed35cdf8e058d4a8f3af9db1c9bbcc7c,Balenciaga_CAN_52997121QBJ4011,52997121QBJ4011,CAN,Bags,CAD,2026-09-28,1130.00,1200.00,0.0619,increase
728f5aea0836c5122c847f12b6e5e8d9,Balenciaga_CAN_530673WF9QI1090,530673WF9QI1090,CAN,,CAD,2026-09-28,2970.00,3300.00,0.1111,increase
3882800c55189961becdcd95b262e7c5,Balenciaga_CAN_53089821CU23258,53089821CU23258,CAN,Small Leather Goods,CAD,2026-09-28,405.00,430.00,0.0617,increase
d58cbe06de5a2d908fcf197ef89681d8,Balenciaga_CAN_5308982ABS69000,5308982ABS69000,CAN,Small Leather Goods,CAD,2026-09-28,495.00,525.00,0.0606,increase
390548b53649906bc1b7c9c8c7b2537a,Balenciaga_CAN_5333162APVK1000,5333162APVK1000,CAN,Accessories,CAD,2026-09-28,570.00,605.00,0.0614,increase
440de187a086cad003b80c6a0bddbc6e,Balenciaga_CAN_5333164GXRM5723,5333164GXRM5723,CAN,Accessories,CAD,2026-09-28,750.00,795.00,0.0600,increase
85e75970ad46980d8ea13b3bf526a24e,Balenciaga_CAN_533316T75I81084,533316T75I81084,CAN,Accessories,CAD,2026-09-28,1210.00,1280.00,0.0579,increase
e626d0566cf026583549bf1107d4865f,Balenciaga_CAN_533654213HK1090,533654213HK1090,CAN,Small Leather Goods,CAD,2026-09-28,1610.00,1700.00,0.0559,increase
ff8b8bb0d4d6e90beef4698d0552def9,Balenciaga_CAN_53365421G921000,53365421G921000,CAN,Small Leather Goods,CAD,2026-09-28,795.00,845.00,0.0629,increase
816b5f19d0e19a8f32690a8919a674aa,Balenciaga_CAN_533654THV4T1251,533654THV4T1251,CAN,Accessories,CAD,2026-09-28,580.00,615.00,0.0603,increase
d6e4bdb32525b82638b6ea2de6e8df86,Balenciaga_CAN_53413121R3X1000,53413121R3X1000,CAN,Bags,CAD,2026-09-28,4220.00,4470.00,0.0592,increase
75075b238ea9a01c539bcf180ac40b91,Balenciaga_CAN_5341312AZ5Y1210,5341312AZ5Y1210,CAN,Bags,CAD,2026-09-28,4220.00,4480.00,0.0616,increase
8b390c492824c8c675c89371220914a2,Balenciaga_CAN_5341314GAPT1000,5341314GAPT1000,CAN,Bags,CAD,2026-09-28,5560.00,5890.00,0.0594,increase
d94cf94fc03fb0e9d1cf71c4fd1450ab,Balenciaga_CAN_5341314GI642840,5341314GI642840,CAN,Bags,CAD,2026-09-28,5210.00,5520.00,0.0595,increase
7fbcc3a14339a0e320307dba1c0d0098,Balenciaga_CAN_534131WS53L2840,534131WS53L2840,CAN,Bags,CAD,2026-09-28,3400.00,3610.00,0.0618,increase
78eaf46594fa5dcf6ef7b8573ccb7a5d,Balenciaga_CAN_53659021R122533,53659021R122533,CAN,Bags,CAD,2026-09-28,665.00,705.00,0.0602,increase
9ffdd6b94308742ace8a0148d54982dd,Balenciaga_CAN_536590TT9831251,536590TT9831251,CAN,Bags,CAD,2026-09-28,1570.00,1670.00,0.0637,increase
d0a7df44fb02a30566f4a3f348410b6b,Balenciaga_CAN_53978821RKZ1251,53978821RKZ1251,CAN,Bags,CAD,2026-09-28,2550.00,2710.00,0.0627,increase
32402c753432e967047a1cde3aba3909,Balenciaga_CAN_539788TAQB38122,539788TAQB38122,CAN,Bags,CAD,2026-09-28,2390.00,2530.00,0.0586,increase
9a2b5a6a5a9d2db3455e732e7df6423d,Balenciaga_CAN_539914WQIJ69020,539914WQIJ69020,CAN,Small Leather Goods,CAD,2026-09-28,410.00,435.00,0.0610,increase
3abd38d6ff1ea7853d072732f6d5ed3b,Balenciaga_CAN_54096221JKJ5723,54096221JKJ5723,CAN,Small Leather Goods,CAD,2026-09-28,540.00,575.00,0.0648,increase
62618eef1bd2def2ebcd5c2af228aa85,Balenciaga_CAN_54096221R8F1000,54096221R8F1000,CAN,Small Leather Goods,CAD,2026-09-28,610.00,645.00,0.0574,increase
07c90747f6771b2ea6a4b7ac172bad27,Balenciaga_CAN_5409624GX4F1000,5409624GX4F1000,CAN,Small Leather Goods,CAD,2026-09-28,1630.00,1730.00,0.0613,increase
788d0c7285713a8a7c396bddbf5753d0,Balenciaga_CAN_540962T5NE71210,540962T5NE71210,CAN,Small Leather Goods,CAD,2026-09-28,475.00,500.00,0.0526,increase
60002cd3bf45c87fdd550aa3540426b6,Balenciaga_CAN_540962TTG124200,540962TTG124200,CAN,Small Leather Goods,CAD,2026-09-28,460.00,490.00,0.0652,increase
d523e22bbc2cd2c90848049711f078fb,Balenciaga_CAN_540962WD2T71251,540962WD2T71251,CAN,Small Leather Goods,CAD,2026-09-28,1480.00,1570.00,0.0608,increase
350505ba23ca04f66321627fb7bfc4f8,Balenciaga_CAN_54300421W5L1000,54300421W5L1000,CAN,Accessories,CAD,2026-09-28,375.00,415.00,0.1067,increase
c49f2a1f4bdf9364f907b12c73757b12,Balenciaga_CAN_5433214G4QH1240,5433214G4QH1240,CAN,Bags,CAD,2026-09-28,2420.00,2570.00,0.0620,increase
9b5478fe516640442ae1ed68e5d0be9a,Balenciaga_CAN_543321TT8F11000,543321TT8F11000,CAN,Bags,CAD,2026-09-28,4150.00,4400.00,0.0602,increase
c5f6a9cf054e6eb381a27b6678b3ca7e,Balenciaga_CAN_543321TTJN28122,543321TTJN28122,CAN,Bags,CAD,2026-09-28,4260.00,4520.00,0.0610,increase
5a4c28bf888c2f505985f39ee14d977d,Balenciaga_CAN_543321W65TT1000,543321W65TT1000,CAN,Bags,CAD,2026-09-28,2530.00,2680.00,0.0593,increase
57010d3e730ed5e780efe0cf7466a7ce,Balenciaga_CAN_543321WALW40911,543321WALW40911,CAN,Bags,CAD,2026-09-28,7200.00,7630.00,0.0597,increase
5a5283eda4f5a943de5924bc39f66c20,Balenciaga_CAN_54493221SAD1000,54493221SAD1000,CAN,Bags,CAD,2026-09-28,1990.00,2100.00,0.0553,increase
406e4b7b8a4c73281a2fea01790c9841,Balenciaga_CAN_5449322AYZX0911,5449322AYZX0911,CAN,Bags,CAD,2026-09-28,3500.00,3710.00,0.0600,increase
870440caa0496ff44f5fad78c93afe5c,Balenciaga_CAN_5449324G4HJ0926,5449324G4HJ0926,CAN,Bags,CAD,2026-09-28,1330.00,1410.00,0.0602,increase
08685d78ebc5ac481cf7bae5d1d95945,Balenciaga_CAN_5449324GWV24011,5449324GWV24011,CAN,Bags,CAD,2026-09-28,4280.00,4540.00,0.0607,increase
71c20d09898dd6b7cf51c27fa5b0f65d,Balenciaga_CAN_544932W60MX2840,544932W60MX2840,CAN,Bags,CAD,2026-09-28,2500.00,2650.00,0.0600,increase
c2a4e6df1e5035a908c724b2b02dff01,Balenciaga_CAN_5469982ABEE9002,5469982ABEE9002,CAN,Bags,CAD,2026-09-28,1230.00,1300.00,0.0569,increase
5c7a4e7226e171f042d5a5bbb2ff4685,Balenciaga_CAN_5482214GQV51000,5482214GQV51000,CAN,Bags,CAD,2026-09-28,3590.00,3800.00,0.0585,increase
18c5f32482c127f40d86692e2a8fcbdb,Balenciaga_CAN_5505264G0059002,5505264G0059002,CAN,Bags,CAD,2026-09-28,1800.00,1910.00,0.0611,increase
9b8a65d87556b41810f4ed34603f5374,Balenciaga_CAN_552358T6AME4011,552358T6AME4011,CAN,Bags,CAD,2026-09-28,3420.00,3620.00,0.0585,increase
c3003dbd905c00f1f2124e45b96c6edd,Balenciaga_CAN_553957TBSVE4200,553957TBSVE4200,CAN,Small Leather Goods,CAD,2026-09-28,635.00,670.00,0.0551,increase
1f5d82a7d0f34f5dd31eb1fd55df36a9,Balenciaga_CAN_55430321CYU1240,55430321CYU1240,CAN,Bags,CAD,2026-09-28,3290.00,3490.00,0.0608,increase
4475f966fdd39e49b1b9b49bf4845b92,Balenciaga_CAN_5543034GFF51000,5543034GFF51000,CAN,Bags,CAD,2026-09-28,6240.00,6620.00,0.0609,increase
f4b756b96d0c8cad7bd4dce97364f49e,Balenciaga_CAN_554303WHAQI0926,554303WHAQI0926,CAN,Bags,CAD,2026-09-28,3590.00,3800.00,0.0585,increase
f8a9d9ae1dc71bd015aaeb976ab7e5ad,Balenciaga_CAN_558209TUR5X2840,558209TUR5X2840,CAN,Small Leather Goods,CAD,2026-09-28,445.00,470.00,0.0562,increase
6cbf5bf8fa147332aab05645d6f51338,Balenciaga_CAN_558209WQ28U8122,558209WQ28U8122,CAN,Small Leather Goods,CAD,2026-09-28,820.00,870.00,0.0610,increase
b186b4cbaf45fdb5d8e4140efe57db94,Balenciaga_CAN_560831T8TK91000,560831T8TK91000,CAN,Bags,CAD,2026-09-28,2680.00,2840.00,0.0597,increase
10189f3fc335fcf05c0a71a9e9cc7c6f,Balenciaga_CAN_560831TT4RI5723,560831TT4RI5723,CAN,Bags,CAD,2026-09-28,2460.00,2600.00,0.0569,increase
e6443b4276037f5228fbd9c70fbb78f9,Balenciaga_CAN_5628362AZUH1000,5628362AZUH1000,CAN,Bags,CAD,2026-09-28,5880.00,6240.00,0.0612,increase
74656e071ae8d842f6688da77b8568b1,Balenciaga_CAN_5628364GG1K4011,5628364GG1K4011,CAN,Bags,CAD,2026-09-28,4400.00,4670.00,0.0614,increase
c03fd71aaf87af04f1ba78d7689f5424,Balenciaga_CAN_562836TTSKW3258,562836TTSKW3258,CAN,Bags,CAD,2026-09-28,2630.00,2790.00,0.0608,increase
2619a3a73f795c73bdc11bb73a061789,Balenciaga_CAN_562836TXYUY1210,562836TXYUY1210,CAN,Bags,CAD,2026-09-28,4940.00,5230.00,0.0587,increase
6b93863993fc7c56d1cb24c144ec0955,Balenciaga_CAN_5678242AIHF1000,5678242AIHF1000,CAN,Bags,CAD,2026-09-28,4820.00,5110.00,0.0602,increase
f28db7a3e8b2a45525197f099ceb38b2,Balenciaga_CAN_567824WUMAJ8065,567824WUMAJ8065,CAN,Bags,CAD,2026-09-28,4310.00,4570.00,0.0603,increase
9e32919f10aef5102239e7795af579c4,Balenciaga_CAN_57372021BEH1000,57372021BEH1000,CAN,Bags,CAD,2026-09-28,3990.00,4230.00,0.0602,increase
bea79f3a9848def83a9293cd4447797c,Balenciaga_CAN_5737202ABMI9020,5737202ABMI9020,CAN,Bags,CAD,2026-09-28,6010.00,6370.00,0.0599,increase
61da699f6d62243a64e19d652830ac9b,Balenciaga_CAN_5737202AWYK1000,5737202AWYK1000,CAN,Bags,CAD,2026-09-28,2860.00,3030.00,0.0594,increase
d85ff9c3b3631321fbe979f75b48bcbf,Balenciaga_CAN_573720WMG5U3258,573720WMG5U3258,CAN,Bags,CAD,2026-09-28,3390.00,3600.00,0.0619,increase
3137c1e22179813584fe380fe56a4b74,Balenciaga_CAN_5851324GHQ51090,5851324GHQ51090,CAN,Bags,CAD,2026-09-28,1950.00,2060.00,0.0564,increase
0610142070f4b8e9539f1581c3d0dd77,Balenciaga_CAN_585132TTBXP1090,585132TTBXP1090,CAN,Bags,CAD,2026-09-28,4120.00,4360.00,0.0583,increase
ead88866901003666b203b23cb9e3754,Balenciaga_CAN_585609216ZI1210,585609216ZI1210,CAN,Bags,CAD,2026-09-28,760.00,805.00,0.0592,increase
717c8691d90a4a1b27db8d9c2977e251,Balenciaga_CAN_5861342A5ZF2533,5861342A5ZF2533,CAN,Bags,CAD,2026-09-28,4560.00,4840.00,0.0614,increase
2ea2308431942cc15e7ca40f61c51f04,Balenciaga_CAN_5861342ABDK1000,5861342ABDK1000,CAN,Bags,CAD,2026-09-28,4710.00,4990.00,0.0594,increase
e7c2ea959a067b5249fd309e5ea1911d,Balenciaga_CAN_586134THIHP4200,586134THIHP4200,CAN,Bags,CAD,2026-09-28,4440.00,4710.00,0.0608,increase
c6c9db9194deac1544e14312158cf7ae,Balenciaga_CAN_5861462ABI32533,5861462ABI32533,CAN,Bags,CAD,2026-09-28,3480.00,3690.00,0.0603,increase
eaa9120354a5269186abb7d88b41c76b,Balenciaga_CAN_586146TO7IY1210,586146TO7IY1210,CAN,Bags,CAD,2026-09-28,3580.00,3790.00,0.0587,increase
044e83bdc1ef6d22498b97d1a7cd1ad8,Balenciaga_CAN_586146TRVHI2533,586146TRVHI2533,CAN,Bags,CAD,2026-09-28,4200.00,4450.00,0.0595,increase
acf7d218e1a58f17b3780223cbc2861c,Balenciaga_CAN_586146TT9QA8065,586146TT9QA8065,CAN,Bags,CAD,2026-09-28,4110.00,4360.00,0.0608,increase
d9e4d5fdef8a8eb409869d34539d9e09,Balenciaga_CAN_586146TTWU21240,586146TTWU21240,CAN,Bags,CAD,2026-09-28,3580.00,3800.00,0.0615,increase
571fc466095e13af0efffdbe77ebfff6,Balenciaga_CAN_586146WBD2S8122,586146WBD2S8122,CAN,Bags,CAD,2026-09-28,2750.00,2920.00,0.0618,increase
aae893e80461fbe9c7bb3155b48072f1,Balenciaga_CAN_58737121E5Q1000,58737121E5Q1000,CAN,Bags,CAD,2026-09-28,4410.00,4670.00,0.0590,increase
41f91d0c7e4a84cf9fda01d50ebffe71,Balenciaga_CAN_5898034GZAD1000,5898034GZAD1000,CAN,Bags,CAD,2026-09-28,4570.00,4840.00,0.0591,increase
efdc20b1a4949bf182eb540b41f9e354,Balenciaga_CAN_589803TTLSW4011,589803TTLSW4011,CAN,Bags,CAD,2026-09-28,3160.00,3350.00,0.0601,increase
3797348f03ded103534d55696fd78169,Balenciaga_CAN_5919172AZ1O5723,5919172AZ1O5723,CAN,Small Leather Goods,CAD,2026-09-28,455.00,485.00,0.0659,increase
ab1aa8665ea6ec8b25f65b8559f1aa80,Balenciaga_CAN_5919174GT0G9000,5919174GT0G9000,CAN,Small Leather Goods,CAD,2026-09-28,735.00,780.00,0.0612,increase
091198486ca668388d78aad4da231a04,Balenciaga_CAN_591917W3LVJ1000,591917W3LVJ1000,CAN,Small Leather Goods,CAD,2026-09-28,765.00,810.00,0.0588,increase
41839f8e4ac32802d8aedab5aa7e3706,Balenciaga_CAN_596501218XT4200,596501218XT4200,CAN,Bags,CAD,2026-09-28,4490.00,4750.00,0.0579,increase
676e06d5f9f2461651aef0b99b8be4b7,Balenciaga_CAN_59650121J5P2533,59650121J5P2533,CAN,Bags,CAD,2026-09-28,4310.00,4570.00,0.0603,increase
821b2120741ca788fe4ce0c668e35c7d,Balenciaga_CAN_596501TY52T1000,596501TY52T1000,CAN,Bags,CAD,2026-09-28,3670.00,3900.00,0.0627,increase
b089bb273a5848230b140ddcfca7d124,Balenciaga_CAN_596501W8PY42840,596501W8PY42840,CAN,Bags,CAD,2026-09-28,3300.00,3490.00,0.0576,increase
14582bdb3a183928ac283905e841765f,Balenciaga_CAN_600325214860911,600325214860911,CAN,Bags,CAD,2026-09-28,2730.00,2890.00,0.0586,increase
4d69b1b6f2c1fe9024b583e377485744,Balenciaga_CAN_6003254G0R28122,6003254G0R28122,CAN,Bags,CAD,2026-09-28,2750.00,2920.00,0.0618,increase
fe84ea679be4af32afaa3caab9aa414f,Balenciaga_CAN_600325TT4SF1000,600325TT4SF1000,CAN,Bags,CAD,2026-09-28,4220.00,4480.00,0.0616,increase
a4ec2452431e2addb6f914a12a622b07,Balenciaga_CAN_6039714G6ZW1090,6039714G6ZW1090,CAN,Bags,CAD,2026-09-28,15110.00,16020.00,0.0602,increase
5fd80dec24ac45abeb32c30c379d65fa,Balenciaga_CAN_604342219829104,604342219829104,CAN,Accessories,CAD,2026-09-28,2850.00,3020.00,0.0596,increase
0ffafc0519870d407da11c99494dd868,Balenciaga_CAN_6043422ABBQ0911,6043422ABBQ0911,CAN,Accessories,CAD,2026-09-28,2650.00,2810.00,0.0604,increase
b94376b7f5939347cb956a7053b46b01,Balenciaga_CAN_6043424G58X9000,6043424G58X9000,CAN,Accessories,CAD,2026-09-28,6310.00,6680.00,0.0586,increase
3ba82fa8d1df80858f6d758ee97370c5,Balenciaga_CAN_604342TN9E49000,604342TN9E49000,CAN,Accessories,CAD,2026-09-28,3140.00,3330.00,0.0605,increase
279f0979dd5a83e98edf2d295109735b,Balenciaga_CAN_605291218ME1000,605291218ME1000,CAN,Small Leather Goods,CAD,2026-09-28,590.00,625.00,0.0593,increase
e69a8b962a81276eec1f4b31208d3be0,Balenciaga_CAN_6052912ABSR1210,6052912ABSR1210,CAN,Small Leather Goods,CAD,2026-09-28,630.00,670.00,0.0635,increase
06c1d780d725185b875b2ef98464a7e1,Balenciaga_CAN_6067874GSEE1084,6067874GSEE1084,CAN,Bags,CAD,2026-09-28,4000.00,4240.00,0.0600,increase
659d40bd9e8a451c3536d49025f009a6,Balenciaga_CAN_606787WJ1DK1251,606787WJ1DK1251,CAN,Bags,CAD,2026-09-28,3180.00,3370.00,0.0597,increase
3ec0fdb7a489f6c7a21721e091f2e274,Balenciaga_CAN_6068722A74C0911,6068722A74C0911,CAN,Small Leather Goods,CAD,2026-09-28,645.00,685.00,0.0620,increase
5c4706fe91a89fc1a1031dabb82b3721,Balenciaga_CAN_606872TJ2VY9000,606872TJ2VY9000,CAN,Bags,CAD,2026-09-28,1180.00,1250.00,0.0593,increase
c3aed8ee64210fea33ccbb9fd7b37f34,Balenciaga_CAN_606872TTD4I1000,606872TTD4I1000,CAN,Small Leather Goods,CAD,2026-09-28,820.00,870.00,0.0610,increase
d3f3ab04bd1067cb95c64e09fb08ff56,Balenciaga_CAN_606872WCITL8065,606872WCITL8065,CAN,Accessories,CAD,2026-09-28,420.00,445.00,0.0595,increase
b6a25cc19f0d9fdb0333ad8798d0f2c7,Balenciaga_CAN_6081552A3911090,6081552A3911090,CAN,Bags,CAD,2026-09-28,1110.00,1180.00,0.0631,increase
f87fc79a7c3e870ef901dfdd1149ec49,Balenciaga_CAN_6090452AB6B0926,6090452AB6B0926,CAN,Small Leather Goods,CAD,2026-09-28,595.00,630.00,0.0588,increase
81fbcd09c005f712d2bea491d79fd607,Balenciaga_CAN_6090454GFZ40926,6090454GFZ40926,CAN,Small Leather Goods,CAD,2026-09-28,1420.00,1500.00,0.0563,increase
e1ba72e7d0756e2fd7f89a582e22a049,Balenciaga_CAN_60976421CA79000,60976421CA79000,CAN,Accessories,CAD,2026-09-28,1160.00,1230.00,0.0603,increase
1038fe3e86baece30d5004b267afe15b,Balenciaga_CAN_6097644GYE99104,6097644GYE99104,CAN,Accessories,CAD,2026-09-28,610.00,645.00,0.0574,increase
8e80ac7e36f99621908e4780183cab26,Balenciaga_CAN_609764W580V9002,609764W580V9002,CAN,Accessories,CAD,2026-09-28,790.00,840.00,0.0633,increase
22d6ff542d211ad0d6ac57b3246feada,Balenciaga_CAN_6106004GZJF9104,6106004GZJF9104,CAN,Bags,CAD,2026-09-28,2490.00,2640.00,0.0602,increase
d107f710ce6c70c95434e44e16d8b2fc,Balenciaga_CAN_6115974G4912308,6115974G4912308,CAN,Bags,CAD,2026-09-28,1620.00,1720.00,0.0617,increase
69ea0dc270d0021f3c931d5f6cb23f31,Balenciaga_CAN_615434215P10926,615434215P10926,CAN,Bags,CAD,2026-09-28,6440.00,6830.00,0.0606,increase
eaab16d880dd2164c369e2f47a57b411,Balenciaga_CAN_6154342AB0Q2533,6154342AB0Q2533,CAN,Bags,CAD,2026-09-28,4030.00,4280.00,0.0620,increase
0ebdd5b9bb5c1eb0c288341bbb675357,Balenciaga_CAN_6154342AFAB4011,6154342AFAB4011,CAN,Bags,CAD,2026-09-28,3170.00,3360.00,0.0599,increase
0e29f5b5753fc683551c0fdd78bcaf60,Balenciaga_CAN_6154344GBXM0926,6154344GBXM0926,CAN,Bags,CAD,2026-09-28,3560.00,3780.00,0.0618,increase
b9e8b81d07084e41404a6451088c4584,Balenciaga_CAN_6154344GF5T2308,6154344GF5T2308,CAN,Bags,CAD,2026-09-28,2920.00,3090.00,0.0582,increase
7978f7c36d4d640cf5148a765bae1e59,Balenciaga_CAN_615434TT9YP0127,615434TT9YP0127,CAN,Bags,CAD,2026-09-28,2830.00,3000.00,0.0601,increase
c57b0a204da38f162088969c8d974b9d,Balenciaga_CAN_61818021PJ51090,61818021PJ51090,CAN,Accessories,CAD,2026-09-28,455.00,485.00,0.0659,increase
c6178aef5f140a32770100eba6413fae,Balenciaga_CAN_6181802A8GI8065,6181802A8GI8065,CAN,Accessories,CAD,2026-09-28,2220.00,2350.00,0.0586,increase
3c5eb6a87d84231113e52b9eb805816f,Balenciaga_CAN_6181802ABRM1084,6181802ABRM1084,CAN,Accessories,CAD,2026-09-28,2160.00,2290.00,0.0602,increase
c1bd0b806c5de6421e94eb7eb8f0b62a,Balenciaga_CAN_618809TH1H49020,618809TH1H49020,CAN,Small Leather Goods,CAD,2026-09-28,2230.00,2360.00,0.0583,increase
2c0d1226a01b79a1ae52bb4882cadc60,Balenciaga_CAN_61979921UMQ9000,61979921UMQ9000,CAN,Small Leather Goods,CAD,2026-09-28,575.00,610.00,0.0609,increase
fa3821a52db9d4380d416b345f29c96a,Balenciaga_CAN_6197992ABGI2840,6197992ABGI2840,CAN,Small Leather Goods,CAD,2026-09-28,415.00,440.00,0.0602,increase
dde25bfa9586d3e1a722e7dacb3ed812,Balenciaga_CAN_6200252AB6C2840,6200252AB6C2840,CAN,Bags,CAD,2026-09-28,3370.00,3580.00,0.0623,increase
0c2978778487c908dc18e89d372c2520,Balenciaga_CAN_6206382A28F2533,6206382A28F2533,CAN,Bags,CAD,2026-09-28,4330.00,4590.00,0.0600,increase
340631cdcb10c4ecf2f619396c4283d1,Balenciaga_CAN_62422121YB51240,62422121YB51240,CAN,Bags,CAD,2026-09-28,810.00,860.00,0.0617,increase
a875c75ee4fb7d27c6a5ca2c8a77dbb1,Balenciaga_CAN_624221TTQWM8065,624221TTQWM8065,CAN,Bags,CAD,2026-09-28,800.00,845.00,0.0563,increase
5c6d44ab03b9c5baf96bb5ef8a6f49c6,Balenciaga_CAN_624221WD4EL9020,624221WD4EL9020,CAN,Bags,CAD,2026-09-28,1820.00,1930.00,0.0604,increase
5f559d52c240524fe76aa2c030498193,Balenciaga_CAN_6257174GF6W2533,6257174GF6W2533,CAN,Small Leather Goods,CAD,2026-09-28,365.00,390.00,0.0685,increase
31f0d461e5cb8784b0602a93d0ede46f,Balenciaga_CAN_627903TTOKK2840,627903TTOKK2840,CAN,Bags,CAD,2026-09-28,565.00,600.00,0.0619,increase
6b1786b10f641ef6041d1acbb8dced74,Balenciaga_CAN_6305072110B1041,6305072110B1041,CAN,Bags,CAD,2026-09-28,5880.00,6230.00,0.0595,increase
70590b709d8a833d966c0f6999653e28,Balenciaga_CAN_63050721WLN1251,63050721WLN1251,CAN,Bags,CAD,2026-09-28,2790.00,2950.00,0.0573,increase
f83997efcb068593dede257fad9b2193,Balenciaga_CAN_630507TTWFZ1240,630507TTWFZ1240,CAN,Bags,CAD,2026-09-28,4740.00,5020.00,0.0591,increase
e43e9258c2c3b13fdfd2f3228bec5e88,Balenciaga_CAN_630507WVDSS9002,630507WVDSS9002,CAN,Bags,CAD,2026-09-28,4650.00,4930.00,0.0602,increase
323320d2b2c0e05f037b029d261d2525,Balenciaga_CAN_630507WZAMO2533,630507WZAMO2533,CAN,Bags,CAD,2026-09-28,6190.00,6560.00,0.0598,increase
48ec24eeb504ac9395f81ea8d7138d79,Balenciaga_CAN_6319002AAW31090,6319002AAW31090,CAN,Bags,CAD,2026-09-28,3210.00,3410.00,0.0623,increase
832625ea88120e7a60448a45a11318eb,Balenciaga_CAN_6319002ABTX1000,6319002ABTX1000,CAN,Bags,CAD,2026-09-28,4380.00,4650.00,0.0616,increase
412f7c3fc26f15b182bef777c15342d8,Balenciaga_CAN_6319002AWRE9104,6319002AWRE9104,CAN,Bags,CAD,2026-09-28,4130.00,4380.00,0.0605,increase
f24640039aee6c5d9a257ee07ce9e402,Balenciaga_CAN_6319004GBUF5723,6319004GBUF5723,CAN,Bags,CAD,2026-09-28,4320.00,4580.00,0.0602,increase
6e30396f577937d8efcbba1fb7ac5609,Balenciaga_CAN_631900TT6TA9000,631900TT6TA9000,CAN,Bags,CAD,2026-09-28,3190.00,3380.00,0.0596,increase
d47f6f8c3c09e2ee636d3eb6f245f18d,Balenciaga_CAN_631900TTHUH1000,631900TTHUH1000,CAN,Bags,CAD,2026-09-28,3420.00,3620.00,0.0585,increase
cb307d70744be3af89ccf1e2300ae43a,Balenciaga_CAN_631900TTM6O1000,631900TTM6O1000,CAN,Bags,CAD,2026-09-28,4330.00,4590.00,0.0600,increase
dd2081f2e0f2b8da3137bf76ed7b7e62,Balenciaga_CAN_631900WDUX21090,631900WDUX21090,CAN,Bags,CAD,2026-09-28,5120.00,5430.00,0.0605,increase
b40c47f2eaa723513d3a5e9407b73bc8,Balenciaga_CAN_631900WFXVH1000,631900WFXVH1000,CAN,Bags,CAD,2026-09-28,3600.00,3810.00,0.0583,increase
13be47ede654d31cd3431419867d8aaf,Balenciaga_CAN_63238321K5N1090,63238321K5N1090,CAN,Small Leather Goods,CAD,2026-09-28,5560.00,5900.00,0.0612,increase
7ad98b4c9803fe8a4ad88668cccfda2d,Balenciaga_CAN_6341232ABT41041,6341232ABT41041,CAN,Bags,CAD,2026-09-28,1830.00,1940.00,0.0601,increase
86f290f0bf9f80b91966262d41a6b7f7,Balenciaga_CAN_634123TF2SO0911,634123TF2SO0911,CAN,Bags,CAD,2026-09-28,2250.00,2380.00,0.0578,increase
57591792b3dc0d0ed3c6fbef081e394c,Balenciaga_CAN_634123TTEWD5723,634123TTEWD5723,CAN,Bags,CAD,2026-09-28,4860.00,5160.00,0.0617,increase
6d614dbbc4ef581c7110e919ba7da5f1,Balenciaga_CAN_639916T3NGA1000,639916T3NGA1000,CAN,Small Leather Goods,CAD,2026-09-28,2670.00,2830.00,0.0599,increase
dd03a08b01e75f00cf12b17635b80406,Balenciaga_CAN_6416162ABYP9002,6416162ABYP9002,CAN,Bags,CAD,2026-09-28,1930.00,2040.00,0.0570,increase
fe0ecf43ed34850811b63e7798cd2de0,Balenciaga_CAN_6482272AB7M0127,6482272AB7M0127,CAN,Bags,CAD,2026-09-28,1410.00,1500.00,0.0638,increase
ab73df331dd3f5b25420afa9d5e24ee3,Balenciaga_CAN_648227WHLJF3258,648227WHLJF3258,CAN,Bags,CAD,2026-09-28,4310.00,4560.00,0.0580,increase
2290db26261520721bea1b037d327701,Balenciaga_CAN_65021421L5I4200,65021421L5I4200,CAN,Small Leather Goods,CAD,2026-09-28,555.00,585.00,0.0541,increase
113bbacfbf117f1b136533df10aa17a2,Balenciaga_CAN_6502142A5IF9000,6502142A5IF9000,CAN,Small Leather Goods,CAD,2026-09-28,440.00,465.00,0.0568,increase
e70b9c2f4589d0d6a47254dc742aba0f,Balenciaga_CAN_65463321I4N1000,65463321I4N1000,CAN,Bags,CAD,2026-09-28,1340.00,1420.00,0.0597,increase
73f0ac0ee8b6f6c2d4989b34c38db7a0,Balenciaga_CAN_6582622A6FA9020,6582622A6FA9020,CAN,Bags,CAD,2026-09-28,2420.00,2570.00,0.0620,increase
797ca44ad84741505eb3c090e4ecc017,Balenciaga_CAN_658262W7ZM61090,658262W7ZM61090,CAN,Bags,CAD,2026-09-28,650.00,690.00,0.0615,increase
035252b36a3f8ceac62566c5e7f3c476,Balenciaga_CAN_6595782AB1G2533,6595782AB1G2533,CAN,Bags,CAD,2026-09-28,425.00,450.00,0.0588,increase
396436fb8c99b5860a40d585ba933365,Balenciaga_CAN_659578WTHGI0127,659578WTHGI0127,CAN,Bags,CAD,2026-09-28,600.00,635.00,0.0583,increase
a3e7463b6dacc519941664d92d8c16c1,Balenciaga_CAN_664769WDPAE8065,664769WDPAE8065,CAN,Bags,CAD,2026-09-28,3220.00,3410.00,0.0590,increase
c22226ad3f9b5b3efce2cf03e30052c1,Balenciaga_CAN_6661592ABB71000,6661592ABB71000,CAN,Small Leather Goods,CAD,2026-09-28,1310.00,1390.00,0.0611,increase
2701c81aacc5db9e40e1043670655cbe,Balenciaga_CAN_666159TT9KL9000,666159TT9KL9000,CAN,Small Leather Goods,CAD,2026-09-28,405.00,425.00,0.0494,increase
ebb7cb1d4cc249facc32d6ec555f78aa,Balenciaga_CAN_668213WBX4D2533,668213WBX4D2533,CAN,Bags,CAD,2026-09-28,3940.00,4180.00,0.0609,increase
28d406c4d87109e449936938aaa7f52d,Balenciaga_CAN_668213WIM2Q0911,668213WIM2Q0911,CAN,Bags,CAD,2026-09-28,3740.00,3960.00,0.0588,increase
37681670581523a57fbf074348b52820,Balenciaga_CAN_6703942ADO60911,6703942ADO60911,CAN,Small Leather Goods,CAD,2026-09-28,575.00,605.00,0.0522,increase
d47734bb3e5afce7a942dc776211972c,Balenciaga_CAN_6703942AJWP9002,6703942AJWP9002,CAN,Small Leather Goods,CAD,2026-09-28,405.00,430.00,0.0617,increase
937d436b7a61b408bb67d501656ab3b0,Balenciaga_CAN_6703944GWYS4200,6703944GWYS4200,CAN,Small Leather Goods,CAD,2026-09-28,535.00,565.00,0.0561,increase
696ec0af5c284d15e579961ed3aa1da3,Balenciaga_CAN_6704764GD9W5723,6704764GD9W5723,CAN,Bags,CAD,2026-09-28,645.00,685.00,0.0620,increase
1611af0a40e95acd13471d5d50a49f14,Balenciaga_CAN_673470TS1LV2533,673470TS1LV2533,CAN,Accessories,CAD,2026-09-28,435.00,460.00,0.0575,increase
2f67db707959d7b6e28a6fdea4b8526c,Balenciaga_CAN_67679221VL61210,67679221VL61210,CAN,Bags,CAD,2026-09-28,3830.00,4060.00,0.0601,increase
e2df79c4960acbcbe08841cd81d4ff04,Balenciaga_CAN_6767922AB4K1090,6767922AB4K1090,CAN,Bags,CAD,2026-09-28,2330.00,2470.00,0.0601,increase
a80b4ed7339bb78506b166be7ea28172,Balenciaga_CAN_6767922APFE1000,6767922APFE1000,CAN,Bags,CAD,2026-09-28,3320.00,3520.00,0.0602,increase
fb227a2ef85ee45e3967aaadb8afd8ce,Balenciaga_CAN_676820WGNH62533,676820WGNH62533,CAN,Bags,CAD,2026-09-28,3370.00,3570.00,0.0593,increase
175b9b7a6139ff1a083f66008b3d1db7,Balenciaga_CAN_6778234GNKV1000,6778234GNKV1000,CAN,Bags,CAD,2026-09-28,3190.00,3380.00,0.0596,increase
b8d7f7686fa905c6b8be984f3731f04b,Balenciaga_CAN_677823TPXBN1090,677823TPXBN1090,CAN,Bags,CAD,2026-09-28,4700.00,4990.00,0.0617,increase
e519fc65089163392c139ef753abad33,Balenciaga_CAN_6786802AEJ81000,6786802AEJ81000,CAN,Small Leather Goods,CAD,2026-09-28,3270.00,3470.00,0.0612,increase
4334beaa9d3bfadfab444b3e738cb3f1,Balenciaga_CAN_6869382ABCP0911,6869382ABCP0911,CAN,Bags,CAD,2026-09-28,3980.00,4220.00,0.0603,increase
39d948f37fe8a37de622aac4454fb103,Balenciaga_CAN_6871014GGDU8122,6871014GGDU8122,CAN,Bags,CAD,2026-09-28,1810.00,1920.00,0.0608,increase
263a3ac5fe921b75f63a208e7195073b,Balenciaga_CAN_687101TK1EY1000,687101TK1EY1000,CAN,Bags,CAD,2026-09-28,4570.00,4840.00,0.0591,increase
4f75a74a574a5eb8ff4b3366454cdad4,Balenciaga_CAN_687101TTS681000,687101TTS681000,CAN,Bags,CAD,2026-09-28,3270.00,3460.00,0.0581,increase
2a6f2d4bc4e953b21ae2870f7e5cc414,Balenciaga_CAN_6873682AB3L1000,6873682AB3L1000,CAN,Bags,CAD,2026-09-28,6230.00,6600.00,0.0594,increase
0a5d175fb6269803b64e8f900326c9e6,Balenciaga_CAN_6873682ABYE2308,6873682ABYE2308,CAN,Bags,CAD,2026-09-28,4860.00,5150.00,0.0597,increase
f46b8b61af572a2548486e75dd45ac65,Balenciaga_CAN_6873684GEGI1210,6873684GEGI1210,CAN,Bags,CAD,2026-09-28,3140.00,3330.00,0.0605,increase
bc46f5ed9429be9b6770da466a4a395c,Balenciaga_CAN_687755TT6SC1090,687755TT6SC1090,CAN,Small Leather Goods,CAD,2026-09-28,910.00,965.00,0.0604,increase
3072e82ada3b6c7a1b48fc01c42bad7f,Balenciaga_CAN_687755WZQV70926,687755WZQV70926,CAN,Small Leather Goods,CAD,2026-09-28,710.00,755.00,0.0634,increase
320019ba9db394cdb13ccbddca4eec32,Balenciaga_CAN_690455WM0LO0926,690455WM0LO0926,CAN,Small Leather Goods,CAD,2026-09-28,1350.00,1430.00,0.0593,increase
780f805342c3badf1a22457da5299238,Balenciaga_CAN_690455WV5SI9002,690455WV5SI9002,CAN,Small Leather Goods,CAD,2026-09-28,1740.00,1840.00,0.0575,increase
e2c1bd0521cb656f3dd12047c5ea3d80,Balenciaga_CAN_698478T6LAH9020,698478T6LAH9020,CAN,Bags,CAD,2026-09-28,6110.00,6480.00,0.0606,increase
14ad1f1f10c0252afd6526c9c43d2b41,Balenciaga_CAN_698478TK52K4200,698478TK52K4200,CAN,Bags,CAD,2026-09-28,1160.00,1230.00,0.0603,increase
d988ead868c1648b136495e549524071,Balenciaga_CAN_698478WAG0O0911,698478WAG0O0911,CAN,Bags,CAD,2026-09-28,1190.00,1270.00,0.0672,increase
af8623a19203353e4b9bfdfbcaa23974,Balenciaga_CAN_706014TT5D61000,706014TT5D61000,CAN,Bags,CAD,2026-09-28,760.00,805.00,0.0592,increase
bdb866cb3bde804fb4e1000e94fdd99f,Balenciaga_CAN_706014TTHIA8065,706014TTHIA8065,CAN,Bags,CAD,2026-09-28,725.00,770.00,0.0621,increase
0eec104c246cb51487ad2bc7ef69858f,Balenciaga_CAN_706014TV8UH1084,706014TV8UH1084,CAN,Bags,CAD,2026-09-28,1120.00,1190.00,0.0625,increase
45db9c62ac6f28b8edda040b63df40da,Balenciaga_CAN_7066122A50P3258,7066122A50P3258,CAN,Small Leather Goods,CAD,2026-09-28,1610.00,1700.00,0.0559,increase
0b338b50f614a0b330dde3154e44f25a,Balenciaga_CAN_7066122AB3X1000,7066122AB3X1000,CAN,Small Leather Goods,CAD,2026-09-28,1490.00,1580.00,0.0604,increase
250ddcd35477800f1f12175d14f26a63,Balenciaga_CAN_7066122AY6L8065,7066122AY6L8065,CAN,Small Leather Goods,CAD,2026-09-28,3030.00,3210.00,0.0594,increase
2d50a49a3c068d73acd00fd764a47520,Balenciaga_CAN_706612TTDZG0926,706612TTDZG0926,CAN,Small Leather Goods,CAD,2026-09-28,1130.00,1200.00,0.0619,increase
b03d1570d7c49c8ae4401d1ebb6c1898,Balenciaga_CAN_7089882AB993258,7089882AB993258,CAN,Small Leather Goods,CAD,2026-09-28,895.00,950.00,0.0615,increase
329b3c3cdf3cf92d7e625fc1ebf8984b,Balenciaga_CAN_71088921W3O1240,71088921W3O1240,CAN,Small Leather Goods,CAD,2026-09-28,800.00,850.00,0.0625,increase
27e7a06d314ca56e7488278c5498b509,Balenciaga_CAN_7108894GUHQ1000,7108894GUHQ1000,CAN,Small Leather Goods,CAD,2026-09-28,805.00,855.00,0.0621,increase
45bf72d9c833a4674b8f9009f02ca30a,Balenciaga_CAN_711160WE21T1240,711160WE21T1240,CAN,Small Leather Goods,CAD,2026-09-28,440.00,465.00,0.0568,increase
e34ca8fe79371d427dfb55eb8cd83c29,Balenciaga_CAN_711160WOZ6M4011,711160WOZ6M4011,CAN,Small Leather Goods,CAD,2026-09-28,595.00,630.00,0.0588,increase
f1605c71c8ab0b448b5741b74dbc2149,Balenciaga_CAN_7134902AB1H4200,7134902AB1H4200,CAN,Bags,CAD,2026-09-28,4640.00,4920.00,0.0603,increase
4b4266d02a5c48887f60a6a0930dfe58,Balenciaga_CAN_7163574GQBG9000,7163574GQBG9000,CAN,Bags,CAD,2026-09-28,3070.00,3260.00,0.0619,increase
d5a1c67018d39efb34e97622a31646d9,Balenciaga_CAN_7238022ALQU5723,7238022ALQU5723,CAN,Bags,CAD,2026-09-28,2580.00,2740.00,0.0620,increase
fd3f17840a7430b1c35e68575299d1d5,Balenciaga_CAN_723802TPE569000,723802TPE569000,CAN,Bags,CAD,2026-09-28,2500.00,2650.00,0.0600,increase
785e670aed470fcae7c1cfa51afdf731,Balenciaga_CAN_723802TTN6J5723,723802TTN6J5723,CAN,Bags,CAD,2026-09-28,6460.00,6840.00,0.0588,increase
be26b0bb5877f0c2f73514befda4b45c,Balenciaga_CAN_7247992ABQG0926,7247992ABQG0926,CAN,Small Leather Goods,CAD,2026-09-28,1140.00,1200.00,0.0526,increase
f263e97015c30daf24e30a16ce4dc4c8,Balenciaga_CAN_72532821OA90911,72532821OA90911,CAN,Small Leather Goods,CAD,2026-09-28,1060.00,1120.00,0.0566,increase
ed80a5291bac7363302835996f5f8a2a,Balenciaga_CAN_725328TTV443258,725328TTV443258,CAN,Small Leather Goods,CAD,2026-09-28,400.00,425.00,0.0625,increase
2060bf08a98f0a320104903b0212f96c,Balenciaga_CAN_72600621HFN1210,72600621HFN1210,CAN,Bags,CAD,2026-09-28,4670.00,4950.00,0.0600,increase
a3a4002dadd41f2f8959b55b065e53a6,Balenciaga_CAN_7260062AINV9000,7260062AINV9000,CAN,Bags,CAD,2026-09-28,3210.00,3400.00,0.0592,increase
0bf3a06ef86275a26bbdc28e6faffff5,Balenciaga_CAN_7260064GLKM1000,7260064GLKM1000,CAN,Bags,CAD,2026-09-28,4300.00,4560.00,0.0605,increase
78ae15d9f41ec2a57c94923dde3b87b3,Balenciaga_CAN_7283052ABY31090,7283052ABY31090,CAN,Bags,CAD,2026-09-28,5060.00,5360.00,0.0593,increase
abaae42e74dd788328fa85cfe5ad074d,Balenciaga_CAN_72872721NOR1090,72872721NOR1090,CAN,Bags,CAD,2026-09-28,3290.00,3490.00,0.0608,increase
7c5ba7e3c890fd86e9eeb70b11a3a981,Balenciaga_CAN_728727WEHTC8065,728727WEHTC8065,CAN,Bags,CAD,2026-09-28,4150.00,4390.00,0.0578,increase
3f3a0d17af375a633b0e24bc75e71503,Balenciaga_CAN_72918421GJI3258,72918421GJI3258,CAN,Bags,CAD,2026-09-28,4100.00,4350.00,0.0610,increase
abdd320fcab1fcdcccf16d5ba0a3dabb,Balenciaga_CAN_7297992ABTM0926,7297992ABTM0926,CAN,Bags,CAD,2026-09-28,2370.00,2510.00,0.0591,increase
ca4b8369e9aaa166785b3c05c601597e,Balenciaga_CAN_7297992ACVY2840,7297992ACVY2840,CAN,Bags,CAD,2026-09-28,2500.00,2650.00,0.0600,increase
15b1f3e4a32445a3d802875355ac096a,Balenciaga_CAN_729799TTQ0W0911,729799TTQ0W0911,CAN,Bags,CAD,2026-09-28,4680.00,4960.00,0.0598,increase
49e41789e9dd582d3f7b082a2b2e8d64,Balenciaga_CAN_729799W4YYO2533,729799W4YYO2533,CAN,Bags,CAD,2026-09-28,3090.00,3280.00,0.0615,increase
ac30ba59f62e9a120045de5299d44fef,Balenciaga_CAN_7311302ABV99104,7311302ABV99104,CAN,Bags,CAD,2026-09-28,2200.00,2330.00,0.0591,increase
bcc95ed56e9c0946807cdcd59cfefe50,Balenciaga_CAN_731130TEWXC1000,731130TEWXC1000,CAN,Bags,CAD,2026-09-28,2430.00,2580.00,0.0617,increase
e0f3025d2d4bb1e65ff3f5e28758ffa9,Balenciaga_CAN_734797W7EBY1041,734797W7EBY1041,CAN,Accessories,CAD,2026-09-28,3250.00,3440.00,0.0585,increase
298652c44f0f74b0a1e5f2810b4f3234,Balenciaga_CAN_7378382ABGT0926,7378382ABGT0926,CAN,Bags,CAD,2026-09-28,2130.00,2260.00,0.0610,increase
8264d85930f9f502dfb8718b496fb0e2,Balenciaga_CAN_74009021IIT1084,74009021IIT1084,CAN,Small Leather Goods,CAD,2026-09-28,1030.00,1090.00,0.0583,increase
09344ddfeabe48c261cf5095091e518f,Balenciaga_CAN_7400904G1H21240,7400904G1H21240,CAN,Small Leather Goods,CAD,2026-09-28,640.00,680.00,0.0625,increase
7c49ba7a5c3fea475baa1f8966658bf9,Balenciaga_CAN_740090TT35C4011,740090TT35C4011,CAN,Small Leather Goods,CAD,2026-09-28,1420.00,1500.00,0.0563,increase
979bf5ff20e82ac394d506c1c709d202,Balenciaga_CAN_740090TTQWT5723,740090TTQWT5723,CAN,Small Leather Goods,CAD,2026-09-28,885.00,940.00,0.0621,increase
47c265147c5bbc4c0ee3a5378c39fac1,Balenciaga_CAN_7434644GJUQ1251,7434644GJUQ1251,CAN,Small Leather Goods,CAD,2026-09-28,2060.00,2190.00,0.0631,increase
d27caa1d08df37850171528df4a87bb5,Balenciaga_CAN_74818821RAQ1000,74818821RAQ1000,CAN,Small Leather Goods,CAD,2026-09-28,460.00,490.00,0.0652,increase
948363b9492e098d3129e95d94dadde8,Balenciaga_CAN_7481882ABWW0911,7481882ABWW0911,CAN,Small Leather Goods,CAD,2026-09-28,820.00,870.00,0.0610,increase
8ef0afe6b04cdb36f867f86ec225795e,Balenciaga_CAN_7481884GUB61000,7481884GUB61000,CAN,Small Leather Goods,CAD,2026-09-28,980.00,1040.00,0.0612,increase
be80cfaceeea5b5dc586f6c19fb96d0f,Balenciaga_CAN_748354T1COL0911,748354T1COL0911,CAN,Bags,CAD,2026-09-28,3370.00,3570.00,0.0593,increase
e320d1cfc5a20020a237381eae5f6314,Balenciaga_CAN_7517282110W1090,7517282110W1090,CAN,Small Leather Goods,CAD,2026-09-28,1970.00,2090.00,0.0609,increase
3063901451652d52d47ffe4e201571e2,Balenciaga_CAN_75172821F7M1210,75172821F7M1210,CAN,Small Leather Goods,CAD,2026-09-28,1450.00,1530.00,0.0552,increase
1c176df64e92c248c702f7879d5d8fad,Balenciaga_CAN_751728WJEN18122,751728WJEN18122,CAN,Small Leather Goods,CAD,2026-09-28,1530.00,1620.00,0.0588,increase
f98f6f168bd57717fba4928a354c516a,Balenciaga_CAN_7616174GM071041,7616174GM071041,CAN,Small Leather Goods,CAD,2026-09-28,455.00,485.00,0.0659,increase
4f6399427a5baec0ce34f18a0d5f73ac,Balenciaga_CAN_768723WND8D1000,768723WND8D1000,CAN,Shoes,CAD,2026-09-28,1510.00,1340.00,-0.1126,decrease
3d42d54143f315aff17a50ef8ef29f2e,Balenciaga_CAN_7702602AB191000,7702602AB191000,CAN,Bags,CAD,2026-09-28,4440.00,4700.00,0.0586,increase
c880987cffa9b370b1eef85c36ac5be3,Balenciaga_CAN_770260WXM7O1210,770260WXM7O1210,CAN,Bags,CAD,2026-09-28,4680.00,4960.00,0.0598,increase
1140ae54b6c4553b43f43ad4ed4bf076,Balenciaga_CAN_77077921FFS1090,77077921FFS1090,CAN,Small Leather Goods,CAD,2026-09-28,460.00,490.00,0.0652,increase
78393869b62482f3bbcbe8cb6394b9a4,Balenciaga_CAN_77077921PII8122,77077921PII8122,CAN,Small Leather Goods,CAD,2026-09-28,795.00,845.00,0.0629,increase
410e14dd2062805335108bf310a82b79,Balenciaga_CAN_7707792ABU11084,7707792ABU11084,CAN,Small Leather Goods,CAD,2026-09-28,640.00,680.00,0.0625,increase
bd3350873641c90006f53a5e96385cb0,Balenciaga_CAN_7707792ALGH1000,7707792ALGH1000,CAN,Small Leather Goods,CAD,2026-09-28,1620.00,1710.00,0.0556,increase
8a1dd4aab3507e87277311585766365a,Balenciaga_CAN_7707794G8472308,7707794G8472308,CAN,Small Leather Goods,CAD,2026-09-28,960.00,1020.00,0.0625,increase
12abbdfdb5889897b6555bc06e3f6035,Balenciaga_CAN_7707794GGLA1090,7707794GGLA1090,CAN,Small Leather Goods,CAD,2026-09-28,380.00,405.00,0.0658,increase
41770544ed1961441b6dd406c8817a40,Balenciaga_CAN_770779TCSA20127,770779TCSA20127,CAN,Small Leather Goods,CAD,2026-09-28,300.00,315.00,0.0500,increase
a276606b44abead1c50a85650e504f61,Balenciaga_CAN_773773W5BMK1240,773773W5BMK1240,CAN,Bags,CAD,2026-09-28,3420.00,3630.00,0.0614,increase
06435fd1d8deab22478cf0982f0e0bb5,Balenciaga_CAN_7751222AB963258,7751222AB963258,CAN,Small Leather Goods,CAD,2026-09-28,520.00,555.00,0.0673,increase
eb78828f7cacb581a67ca5e8440670d8,Balenciaga_CAN_775122WM5075723,775122WM5075723,CAN,Small Leather Goods,CAD,2026-09-28,760.00,805.00,0.0592,increase
f8301a31cda8e84dee4f21922a78fb2f,Balenciaga_CAN_7783482AAGM1041,7783482AAGM1041,CAN,Small Leather Goods,CAD,2026-09-28,1550.00,1640.00,0.0581,increase
026ef365cb984dd2fa7117ceb140d94e,Balenciaga_CAN_778348TTK6R9002,778348TTK6R9002,CAN,Small Leather Goods,CAD,2026-09-28,780.00,830.00,0.0641,increase
dab43f01039369ee7bc03fbcfef5acb3,Balenciaga_CAN_778348TTMNA0911,778348TTMNA0911,CAN,Small Leather Goods,CAD,2026-09-28,1120.00,1190.00,0.0625,increase
38c9dde27025295e41ce9010c19ec4a5,Balenciaga_CAN_778348WUVHU1210,778348WUVHU1210,CAN,Small Leather Goods,CAD,2026-09-28,820.00,870.00,0.0610,increase
d989462991779122198af786fb35a43b,Balenciaga_CAN_779372TOH4Y5723,779372TOH4Y5723,CAN,Bags,CAD,2026-09-28,3960.00,4190.00,0.0581,increase
30e8568315cc3d58404119cc04562e53,Balenciaga_CAN_779797T061J1041,779797T061J1041,CAN,Bags,CAD,2026-09-28,4580.00,4860.00,0.0611,increase
b5175128ec67c0b57502eb946dd94438,Balenciaga_CAN_7830972190M9104,7830972190M9104,CAN,Accessories,CAD,2026-09-28,4820.00,5110.00,0.0602,increase
277788ff4986866d5d11f097d6bffa8c,Balenciaga_CAN_78309721JPY0127,78309721JPY0127,CAN,Accessories,CAD,2026-09-28,3670.00,3890.00,0.0599,increase
6fe3264bcefce20a3a03c4450cc733be,Balenciaga_CAN_7842954GWXL2308,7842954GWXL2308,CAN,Bags,CAD,2026-09-28,4780.00,5070.00,0.0607,increase
61d1a1b2bf38c0b9f8444e5defea77f8,Balenciaga_CAN_7846182AWFP1090,7846182AWFP1090,CAN,Accessories,CAD,2026-09-28,455.00,480.00,0.0549,increase
e4ad52f5c8d07008435c674f75345427,Balenciaga_CAN_7866912A6IT9002,7866912A6IT9002,CAN,Bags,CAD,2026-09-28,3050.00,3230.00,0.0590,increase
fc5b3be8d240e972eb4f4bb811e8dd30,Balenciaga_CAN_7866912ABIU2308,7866912ABIU2308,CAN,Bags,CAD,2026-09-28,1540.00,1630.00,0.0584,increase
cfced04386f48f62d81c0bcc3837b24f,Balenciaga_CAN_7866912AENG9104,7866912AENG9104,CAN,Bags,CAD,2026-09-28,1700.00,1810.00,0.0647,increase
5027bad19d9fc36cb2508fb0c85637ce,Balenciaga_CAN_79014021E841041,79014021E841041,CAN,Small Leather Goods,CAD,2026-09-28,1770.00,1880.00,0.0621,increase
6e92b794ed30d955c651728c6b30c30d,Balenciaga_CAN_7901402AB731000,7901402AB731000,CAN,Small Leather Goods,CAD,2026-09-28,1800.00,1910.00,0.0611,increase
2b4510e9dff454b5eae035c0d09b7c35,Balenciaga_CAN_790421216UF9020,790421216UF9020,CAN,Small Leather Goods,CAD,2026-09-28,4110.00,4360.00,0.0608,increase
3962cd078aca6190ff8f8727c8474c18,Balenciaga_CAN_790421WLLWX1000,790421WLLWX1000,CAN,Small Leather Goods,CAD,2026-09-28,3670.00,3880.00,0.0572,increase
bab03db227406a141beb028058c811be,Balenciaga_CAN_791061TTORO1090,791061TTORO1090,CAN,Bags,CAD,2026-09-28,4040.00,4280.00,0.0594,increase
5745a4bbe04ffe473236cc6a702ede48,Balenciaga_CAN_792932218SJ1240,792932218SJ1240,CAN,Bags,CAD,2026-09-28,3900.00,4130.00,0.0590,increase
5ec22d8a7c9e33529ec364e252cf5f9c,Balenciaga_CAN_792932219O01251,792932219O01251,CAN,Bags,CAD,2026-09-28,4120.00,4370.00,0.0607,increase
05712f02f9ddaf1cdf6b5edfc0143c5a,Balenciaga_CAN_79293221SBP1210,79293221SBP1210,CAN,Bags,CAD,2026-09-28,3450.00,3660.00,0.0609,increase
6635dc9cc4a4214c7558c59f791bae9e,Balenciaga_CAN_7986072AB0P4011,7986072AB0P4011,CAN,Small Leather Goods,CAD,2026-09-28,620.00,655.00,0.0565,increase
5eb3a8a2c1576a7d7cea1f26a789f99d,Balenciaga_CAN_798607WHH8S8065,798607WHH8S8065,CAN,Small Leather Goods,CAD,2026-09-28,485.00,515.00,0.0619,increase
df85b74cd0098de6e82046febd6f3eb4,Balenciaga_CAN_8044914G46E1000,8044914G46E1000,CAN,Small Leather Goods,CAD,2026-09-28,800.00,850.00,0.0625,increase
e5402cb61c9db0f378ab4bf77426f14d,Balenciaga_CAN_804491WDN3F1090,804491WDN3F1090,CAN,Small Leather Goods,CAD,2026-09-28,1120.00,1180.00,0.0536,increase
753cb473d3ac1ce6b52163159402327d,Balenciaga_CAN_8088952AB0I2840,8088952AB0I2840,CAN,Bags,CAD,2026-09-28,4930.00,5230.00,0.0609,increase
85ce74645a2b1ef3f636dca6164cff17,Balenciaga_CAN_8088952AM3D0127,8088952AM3D0127,CAN,Bags,CAD,2026-09-28,4030.00,4280.00,0.0620,increase
a20b8f90832d023bd48a3baf32df8b6c,Balenciaga_CAN_808895TOVIZ2533,808895TOVIZ2533,CAN,Bags,CAD,2026-09-28,5270.00,5580.00,0.0588,increase
149fcd87878957b291b37e3bab06ca71,Balenciaga_CAN_8133392ABV39002,8133392ABV39002,CAN,Bags,CAD,2026-09-28,2420.00,2560.00,0.0579,increase
25b276a77dedd2c52d76fe5a2dd97273,Balenciaga_CAN_813339TTM3T1000,813339TTM3T1000,CAN,Bags,CAD,2026-09-28,4420.00,4680.00,0.0588,increase
d6c737de8e7ca133b2fc33fec6d94498,Balenciaga_CAN_8175562A3NQ1251,8175562A3NQ1251,CAN,Bags,CAD,2026-09-28,4290.00,4550.00,0.0606,increase
064225d3c53e9575389fd8fc8a35ebca,Balenciaga_CAN_81955721MIX1210,81955721MIX1210,CAN,Small Leather Goods,CAD,2026-09-28,1030.00,1090.00,0.0583,increase
3158e553396a40c7c37e222c9cdf43c9,Balenciaga_CAN_8195572AA863258,8195572AA863258,CAN,Small Leather Goods,CAD,2026-09-28,620.00,655.00,0.0565,increase
74efa590aaf678a03663306a57789f12,Balenciaga_CAN_8223032AF5D1041,8223032AF5D1041,CAN,Small Leather Goods,CAD,2026-09-28,4330.00,4590.00,0.0600,increase
0d7fb6ad5533e913753a97bfee13619b,Balenciaga_CAN_822303TTHOD8065,822303TTHOD8065,CAN,Small Leather Goods,CAD,2026-09-28,2550.00,2700.00,0.0588,increase
cd01ea8eea66d0ef8c8437a94dfba81c,Balenciaga_CAN_824002TJQAV2308,824002TJQAV2308,CAN,Small Leather Goods,CAD,2026-09-28,810.00,860.00,0.0617,increase
b211c26d38103ffd6d548202b464b8bf,Balenciaga_CAN_82443621AQF0127,82443621AQF0127,CAN,Small Leather Goods,CAD,2026-09-28,435.00,465.00,0.0690,increase
38ddc30efa4dd126cd85dd7e5d984173,Balenciaga_CAN_8244362A4UN1000,8244362A4UN1000,CAN,Small Leather Goods,CAD,2026-09-28,655.00,695.00,0.0611,increase
21552d109d67705318c51a5704285164,Balenciaga_CAN_824436W9DJB2308,824436W9DJB2308,CAN,Small Leather Goods,CAD,2026-09-28,815.00,865.00,0.0613,increase
e4334c97f7f8e6da7eb3ad1c502f7d8a,Balenciaga_CAN_8245244GV630926,8245244GV630926,CAN,Accessories,CAD,2026-09-28,1790.00,1900.00,0.0615,increase
0882691ffdd31d50a222ccc423e4abcf,Balenciaga_CAN_82607121B2V1041,82607121B2V1041,CAN,Bags,CAD,2026-09-28,3960.00,4190.00,0.0581,increase
756f13ad68e75b1117f24f537391412e,Balenciaga_CAN_8260712A4T11000,8260712A4T11000,CAN,Bags,CAD,2026-09-28,3360.00,3560.00,0.0595,increase
7d24c1aecd88450b8f1c5c13426112c1,Balenciaga_CAN_8260712ABPL3258,8260712ABPL3258,CAN,Bags,CAD,2026-09-28,4170.00,4420.00,0.0600,increase
f49599d47e29e1957ff249dc504991f1,Balenciaga_CAN_826071W06VT2533,826071W06VT2533,CAN,Bags,CAD,2026-09-28,2880.00,3050.00,0.0590,increase
4db41f620aebd2808a887202d623e764,Balenciaga_CAN_8287712ABI90911,8287712ABI90911,CAN,Small Leather Goods,CAD,2026-09-28,430.00,455.00,0.0581,increase
7152cf47ae3c1053f65367a1147c6b1e,Balenciaga_CAN_828771TTCTJ0911,828771TTCTJ0911,CAN,Small Leather Goods,CAD,2026-09-28,410.00,430.00,0.0488,increase
b7779a8ac8f2640f0632ccbb8131dfcb,Balenciaga_CAN_830936WU99V9002,830936WU99V9002,CAN,Small Leather Goods,CAD,2026-09-28,2330.00,2470.00,0.0601,increase
6ca48cff8e6d168aac4927902bfd897f,Balenciaga_CAN_8311342ABU61090,8311342ABU61090,CAN,Bags,CAD,2026-09-28,3410.00,3620.00,0.0616,increase
eadcf3a6f6364fd09c7f527828d3ad8c,Balenciaga_CAN_8311344GKAG3258,8311344GKAG3258,CAN,Bags,CAD,2026-09-28,2250.00,2390.00,0.0622,increase
495528235844f910af102f9e6477064e,Balenciaga_CAN_831134T9FMJ0911,831134T9FMJ0911,CAN,Bags,CAD,2026-09-28,1680.00,1790.00,0.0655,increase
ff2217636eeafc18e8d557844b6f4a6b,Balenciaga_CAN_831134TEOO93258,831134TEOO93258,CAN,Bags,CAD,2026-09-28,3900.00,4130.00,0.0590,increase
b60bd8ecec6326c45dd5402a7122b3e2,Balenciaga_CAN_833006217XM0911,833006217XM0911,CAN,Bags,CAD,2026-09-28,4290.00,4550.00,0.0606,increase
ed8d7c2af6ce47a6d4d640d841170852,Balenciaga_CAN_8330062AB421000,8330062AB421000,CAN,Bags,CAD,2026-09-28,4460.00,4730.00,0.0605,increase
620160f4dbee7b4714bb4e8464da1160,Balenciaga_CAN_8330062ABAZ2840,8330062ABAZ2840,CAN,Bags,CAD,2026-09-28,3350.00,3550.00,0.0597,increase
eb32deac62cdcc3c87585dd3a13dc3ab,Balenciaga_CAN_834058214S09104,834058214S09104,CAN,Bags,CAD,2026-09-28,3230.00,3420.00,0.0588,increase
08eeadb34f897399624908d421324199,Balenciaga_CAN_834058218YP5723,834058218YP5723,CAN,Bags,CAD,2026-09-28,3440.00,3650.00,0.0610,increase
e5a7aba72bb1c2623fe3bf45942024c4,Balenciaga_CAN_834058WWA8W4200,834058WWA8W4200,CAN,Bags,CAD,2026-09-28,4300.00,4560.00,0.0605,increase
0892dd37fe38862c4d5b1b39d5c71ba9,Balenciaga_CAN_8401812AKBD1000,8401812AKBD1000,CAN,Small Leather Goods,CAD,2026-09-28,635.00,675.00,0.0630,increase
b1887b80a765604c06ad7f5d87a662a5,Balenciaga_CAN_840181TTX3A0926,840181TTX3A0926,CAN,Small Leather Goods,CAD,2026-09-28,585.00,620.00,0.0598,increase
9c5472182396f9a6004b4b44c55baa3a,Balenciaga_CAN_840181WKE7A1090,840181WKE7A1090,CAN,Small Leather Goods,CAD,2026-09-28,490.00,520.00,0.0612,increase
644ebfad46ea8691529fc4c3bc34c8d2,Balenciaga_CAN_844132TD4EC9104,844132TD4EC9104,CAN,Bags,CAD,2026-09-28,5440.00,5770.00,0.0607,increase
516098f844c1c6c181091b6f42008111,Balenciaga_CAN_8454362ABSV9000,8454362ABSV9000,CAN,Bags,CAD,2026-09-28,4960.00,5260.00,0.0605,increase
0903decb0f7b1b9f4805656ef4e592fa,Balenciaga_CAN_8454364GBTX9000,8454364GBTX9000,CAN,Bags,CAD,2026-09-28,3400.00,3610.00,0.0618,increase
96752be1d3866b5fcd7704fa07a1a5e6,Balenciaga_CAN_845436THX071000,845436THX071000,CAN,Bags,CAD,2026-09-28,5260.00,5580.00,0.0608,increase
50426b84ea13e35ef9361e57595be4ba,Balenciaga_CAN_845436TTCJ71000,845436TTCJ71000,CAN,Bags,CAD,2026-09-28,2450.00,2590.00,0.0571,increase
54c917780e65b7725a920cb245e91d52,Balenciaga_CAN_845436TTGI61251,845436TTGI61251,CAN,Bags,CAD,2026-09-28,4920.00,5220.00,0.0610,increase
9b51d10a78078145cec72dd6d304a85d,Balenciaga_CAN_845436W94521090,845436W94521090,CAN,Bags,CAD,2026-09-28,3170.00,3360.00,0.0599,increase
13627864299f3c37d4eb39052372743f,Balenciaga_CAN_8501442AB0O1000,8501442AB0O1000,CAN,Bags,CAD,2026-09-28,1430.00,1520.00,0.0629,increase
4ac89e3df350547abb0620f08fb7b77c,Balenciaga_CAN_8514352A4CY1000,8514352A4CY1000,CAN,Small Leather Goods,CAD,2026-09-28,1940.00,2060.00,0.0619,increase
a0bed6c7244be13d7c6277b343395656,Balenciaga_CAN_851435W66F78065,851435W66F78065,CAN,Small Leather Goods,CAD,2026-09-28,445.00,470.00,0.0562,increase
5a666a53dc7a80c8ae0fa0152883d996,Balenciaga_CAN_85254221FH01000,85254221FH01000,CAN,Small Leather Goods,CAD,2026-09-28,935.00,990.00,0.0588,increase
982718634c1cdd188662c169d9640bbc,Balenciaga_CAN_85254221MXR4011,85254221MXR4011,CAN,Small Leather Goods,CAD,2026-09-28,1310.00,1390.00,0.0611,increase
953fc353889862e7b5d68fea877506cd,Balenciaga_CAN_8525422AB5G1090,8525422AB5G1090,CAN,Small Leather Goods,CAD,2026-09-28,445.00,470.00,0.0562,increase
813fc205b406f9278741f0c48e4c3fe5,Balenciaga_CAN_852542TRTB02840,852542TRTB02840,CAN,Small Leather Goods,CAD,2026-09-28,405.00,430.00,0.0617,increase
dc8dd9cedb73ec9580e061586eb123af,Balenciaga_CAN_852542WCMOK5723,852542WCMOK5723,CAN,Small Leather Goods,CAD,2026-09-28,460.00,485.00,0.0543,increase
da89e661aaae51c17470166f7272886a,Balenciaga_CAN_856191TTCXJ0926,856191TTCXJ0926,CAN,Small Leather Goods,CAD,2026-09-28,365.00,385.00,0.0548,increase
61c0f5068ab28d5ee3ee318bd768647c,Balenciaga_CAN_858352TTBLY1041,858352TTBLY1041,CAN,Small Leather Goods,CAD,2026-09-28,2050.00,2170.00,0.0585,increase
ac398690f4d1d32458b0c7b89815664b,Balenciaga_CAN_8592792AZWF1251,8592792AZWF1251,CAN,Small Leather Goods,CAD,2026-09-28,420.00,445.00,0.0595,increase
289cf18a6bcbb4527b0d3c218b043c6c,Balenciaga_CAN_8592794GT7H9104,8592794GT7H9104,CAN,Small Leather Goods,CAD,2026-09-28,1770.00,1870.00,0.0565,increase
c829257121786834331812bda64d5332,Balenciaga_CAN_860458WVPJ84200,860458WVPJ84200,CAN,Bags,CAD,2026-09-28,4220.00,4470.00,0.0592,increase
d0f5161de1dd7db3ac6cb163c87a3c32,Balenciaga_CAN_8671922ABIT1210,8671922ABIT1210,CAN,Small Leather Goods,CAD,2026-09-28,655.00,695.00,0.0611,increase
d24943c6c334c7c2710de5c008ebcd41,Balenciaga_CAN_8690362ABPU2308,8690362ABPU2308,CAN,Bags,CAD,2026-09-28,2820.00,2990.00,0.0603,increase
038c72befa335210335b527c508c4ec3,Balenciaga_CAN_8690364G7ZC4200,8690364G7ZC4200,CAN,Bags,CAD,2026-09-28,6200.00,6570.00,0.0597,increase
427adca6b500b54c0df07bfc5484b885,Balenciaga_CAN_8738792A2QI4011,8738792A2QI4011,CAN,Bags,CAD,2026-09-28,3510.00,3720.00,0.0598,increase
6015db8037837ea297096e585c050ba1,Balenciaga_CAN_8738792ABM71041,8738792ABM71041,CAN,Bags,CAD,2026-09-28,4170.00,4420.00,0.0600,increase
e2172cff46b232c4d9499c741489da65,Balenciaga_CAN_873879TSIMN8122,873879TSIMN8122,CAN,Bags,CAD,2026-09-28,4020.00,4260.00,0.0597,increase
d7368b9258e042ed665f5eb2a77b0a0f,Balenciaga_CAN_8750414GAUA1000,8750414GAUA1000,CAN,Bags,CAD,2026-09-28,3090.00,3280.00,0.0615,increase
84e75d705769e1958ae1a5b6471d0c6a,Balenciaga_CAN_8837202AB1Q1000,8837202AB1Q1000,CAN,Small Leather Goods,CAD,2026-09-28,480.00,510.00,0.0625,increase
98b04c2f24d2e85190e1f7fe251c080f,Balenciaga_CAN_883720W1IKV1000,883720W1IKV1000,CAN,Small Leather Goods,CAD,2026-09-28,645.00,685.00,0.0620,increase
adb6ee463378647f51579356cec76d20,Balenciaga_CAN_8844562AB381090,8844562AB381090,CAN,Small Leather Goods,CAD,2026-09-28,815.00,860.00,0.0552,increase
848deace1ac71d4f932e08441bc92c0c,Balenciaga_CAN_8863144G5AR8065,8863144G5AR8065,CAN,Small Leather Goods,CAD,2026-09-28,595.00,630.00,0.0588,increase
8fc8419fdee20c6ff435be5072024660,Balenciaga_CAN_886314TT7F98122,886314TT7F98122,CAN,Small Leather Goods,CAD,2026-09-28,795.00,840.00,0.0566,increase
fc76f3bb38de751b13d3c9ecc90d412b,Balenciaga_CAN_8872612AB144200,8872612AB144200,CAN,Small Leather Goods,CAD,2026-09-28,1600.00,1690.00,0.0563,increase
1f8f46a580b2bb4dc0ce8104aeb92145,Balenciaga_CAN_888240214TG5723,888240214TG5723,CAN,Small Leather Goods,CAD,2026-09-28,810.00,855.00,0.0556,increase
3d2ea078e6fccb460714bf298f59749a,Balenciaga_CAN_888240TTFRH4200,888240TTFRH4200,CAN,Small Leather Goods,CAD,2026-09-28,675.00,715.00,0.0593,increase
30f084b1d12eced7b583c50da5a79083,Balenciaga_CAN_8902582ABVL1251,8902582ABVL1251,CAN,Bags,CAD,2026-09-28,1380.00,1460.00,0.0580,increase
0b8124bf52cd0b624acddc1d26b15614,Balenciaga_CAN_89310521G2W1240,89310521G2W1240,CAN,Bags,CAD,2026-09-28,3640.00,3860.00,0.0604,increase
5cadd3fac1adda0151c73bd0160b2d9f,Balenciaga_CAN_8931052A3PL2533,8931052A3PL2533,CAN,Bags,CAD,2026-09-28,6910.00,7320.00,0.0593,increase
69b5be7ab77cc9a19f472575e744f952,Balenciaga_CAN_893105TTXTD1240,893105TTXTD1240,CAN,Bags,CAD,2026-09-28,6530.00,6930.00,0.0613,increase
c4e60eb050520d831f906122ce38d2a1,Balenciaga_CAN_8945912AEYF1090,8945912AEYF1090,CAN,Small Leather Goods,CAD,2026-09-28,3140.00,3330.00,0.0605,increase
c97b19521b47002bc3d84272bf691ab7,Balenciaga_CAN_8945912AHW24200,8945912AHW24200,CAN,Small Leather Goods,CAD,2026-09-28,1790.00,1900.00,0.0615,increase
cf40394eb59e16d8b1bb75a4d2f3dae2,Balenciaga_CAN_894591TTFLA4200,894591TTFLA4200,CAN,Small Leather Goods,CAD,2026-09-28,3630.00,3850.00,0.0606,increase
9b89fff863907af1cc9f22adad332f60,Balenciaga_CAN_894919W7KYF4200,894919W7KYF4200,CAN,Bags,CAD,2026-09-28,4300.00,4560.00,0.0605,increase
2bbde37f4349053c95660de3331f4bf4,Balenciaga_CAN_89504321IWB1084,89504321IWB1084,CAN,Bags,CAD,2026-09-28,4620.00,4890.00,0.0584,increase
b803b539d956a15315b0e399863d8401,Balenciaga_CAN_8950432ATN89104,8950432ATN89104,CAN,Bags,CAD,2026-09-28,4370.00,4630.00,0.0595,increase
a51116c6cca844a4440f22e1e2dd19bf,Balenciaga_CAN_895043TTYCV1000,895043TTYCV1000,CAN,Bags,CAD,2026-09-28,3600.00,3820.00,0.0611,increase
1b95832979380832c21b88eb2debfb61,Balenciaga_CAN_895043WA6731000,895043WA6731000,CAN,Bags,CAD,2026-09-28,4000.00,4240.00,0.0600,increase
b382ebf7691b45516209a43347f8abaf,Balenciaga_CAN_A00J7KTT7PD1251,A00J7KTT7PD1251,CAN,Bags,CAD,2026-09-28,1500.00,1590.00,0.0600,increase
0ba84b523607d02cb04dfec311b9d624,Balenciaga_CAN_A042712ABQZ9020,A042712ABQZ9020,CAN,Bags,CAD,2026-09-28,6330.00,6710.00,0.0600,increase
1326eb01775c428c9b6af7f0dda97d66,Balenciaga_CAN_A042712AMT61210,A042712AMT61210,CAN,Bags,CAD,2026-09-28,18060.00,19150.00,0.0604,increase
c2114efa22f8c327b25b650e18628d65,Balenciaga_CAN_A05K8B2ASBF4200,A05K8B2ASBF4200,CAN,Small Leather Goods,CAD,2026-09-28,485.00,515.00,0.0619,increase
2e903e5f1b9318ed0f662541cce5579e,Balenciaga_CAN_A05K8BTJ0TE9002,A05K8BTJ0TE9002,CAN,Small Leather Goods,CAD,2026-09-28,655.00,690.00,0.0534,increase
ea792e3db90775ce4fa6610457eb0496,Balenciaga_CAN_A05K8BTSM663258,A05K8BTSM663258,CAN,Small Leather Goods,CAD,2026-09-28,510.00,540.00,0.0588,increase
50c057ad13aee830766aa00d849360c3,Balenciaga_CAN_A05K8BTTMMU9104,A05K8BTTMMU9104,CAN,Small Leather Goods,CAD,2026-09-28,1130.00,1190.00,0.0531,increase
02760d80fc9a196acf906e0966398421,Balenciaga_CAN_A064YD4GQIW1000,A064YD4GQIW1000,CAN,Small Leather Goods,CAD,2026-09-28,780.00,825.00,0.0577,increase
6b12747759a476cfb8e4f222e71bd238,Balenciaga_CAN_A064YDTKNEL3258,A064YDTKNEL3258,CAN,Small Leather Goods,CAD,2026-09-28,760.00,805.00,0.0592,increase
d276a7e4655efc0c168fb7ed8a0f65e0,Balenciaga_CAN_A064YDTTENX9002,A064YDTTENX9002,CAN,Small Leather Goods,CAD,2026-09-28,610.00,645.00,0.0574,increase
95196b1746773d0363b5d85dbb5aec0a,Balenciaga_CAN_A06RN2216DW1084,A06RN2216DW1084,CAN,Bags,CAD,2026-09-28,3240.00,3430.00,0.0586,increase
462a1eefd0759655d4568a401d1532a0,Balenciaga_CAN_A06RN22AB2X1041,A06RN22AB2X1041,CAN,Bags,CAD,2026-09-28,4360.00,4620.00,0.0596,increase
d4c5278c9471714972e0fc8631621d2f,Balenciaga_CAN_A06RN22ABS95723,A06RN22ABS95723,CAN,Bags,CAD,2026-09-28,4370.00,5260.00,0.2037,increase
194bac4dac70132c9a3e9f60db565b3a,Balenciaga_CAN_A07WXJ21SEY1240,A07WXJ21SEY1240,CAN,Small Leather Goods,CAD,2026-09-28,805.00,855.00,0.0621,increase
8e391cb8d56b70443ab0afd7f124272f,Balenciaga_CAN_A07WXJW005D1090,A07WXJW005D1090,CAN,Small Leather Goods,CAD,2026-09-28,2420.00,2570.00,0.0620,increase
ff662a66bcea1289aacc6335690c2300,Balenciaga_CAN_A07XQJTTA4R0911,A07XQJTTA4R0911,CAN,Small Leather Goods,CAD,2026-09-28,430.00,460.00,0.0698,increase
f7847225571e00ab41f642112470e908,Balenciaga_CAN_A0AVTR2AES89002,A0AVTR2AES89002,CAN,Bags,CAD,2026-09-28,2680.00,2840.00,0.0597,increase
9e9944e208a203e21355af6bca2a92fa,Balenciaga_CAN_A0AVTRT9W4P8122,A0AVTRT9W4P8122,CAN,Bags,CAD,2026-09-28,2870.00,3040.00,0.0592,increase
e8e42531ab6ae2f6302a3af5a9b7e537,Balenciaga_CAN_A0DVHZ211W08065,A0DVHZ211W08065,CAN,Small Leather Goods,CAD,2026-09-28,1680.00,1780.00,0.0595,increase
ddfbc0f86b307972095c47ab02f38eeb,Balenciaga_CAN_A0DVHZ2159I1240,A0DVHZ2159I1240,CAN,Small Leather Goods,CAD,2026-09-28,410.00,435.00,0.0610,increase
87a17c023ff1b888062b0a284be04799,Balenciaga_CAN_A0DVHZWC7C15723,A0DVHZWC7C15723,CAN,Small Leather Goods,CAD,2026-09-28,2030.00,2150.00,0.0591,increase
25df963772be47e642e86831c74f627f,Balenciaga_CAN_A0EU1Z21PJV1240,A0EU1Z21PJV1240,CAN,,CAD,2026-09-28,6280.00,6700.00,0.0669,increase
26f6b43d8e2bb4a9f2e798c818fa3030,Balenciaga_CAN_A0FKA3210572533,A0FKA3210572533,CAN,Bags,CAD,2026-09-28,4550.00,4830.00,0.0615,increase
db07652f049d3203faf3e483c2921a7c,Balenciaga_CAN_A0HVOZ2AB3Y1251,A0HVOZ2AB3Y1251,CAN,Small Leather Goods,CAD,2026-09-28,560.00,590.00,0.0536,increase
d6c93127e788326e7d7e1cad0bc506b2,Balenciaga_CAN_A0JTOY4GNZM1240,A0JTOY4GNZM1240,CAN,Small Leather Goods,CAD,2026-09-28,705.00,750.00,0.0638,increase
379575a1a9cc6593e1fb1a3c6878694d,Balenciaga_CAN_A0JTOYWTQWI1000,A0JTOYWTQWI1000,CAN,Small Leather Goods,CAD,2026-09-28,880.00,935.00,0.0625,increase
b33056c0ebd90630264fb2db8be6c73f,Balenciaga_CAN_A0JW0G2ABNG9002,A0JW0G2ABNG9002,CAN,Bags,CAD,2026-09-28,2250.00,2390.00,0.0622,increase
949e78b564c2d21cd4b60c1c664f03d9,Balenciaga_CAN_A0JW0GT1SDP1090,A0JW0GT1SDP1090,CAN,Bags,CAD,2026-09-28,8580.00,9090.00,0.0594,increase
b8891c01af350370a209ce5dba42a34d,Balenciaga_CAN_A0JW0GWQGJ51000,A0JW0GWQGJ51000,CAN,Bags,CAD,2026-09-28,2750.00,2910.00,0.0582,increase
aa719feb1f8947415853a8a513e0358c,Balenciaga_CAN_A0LD3V2A8284200,A0LD3V2A8284200,CAN,Bags,CAD,2026-09-28,2450.00,2600.00,0.0612,increase
cf9e25e87f56dc7788da55d6030a5de6,Balenciaga_CAN_A0LD3V2ABND9020,A0LD3V2ABND9020,CAN,Bags,CAD,2026-09-28,1710.00,1820.00,0.0643,increase
08ff1ebe453159613a6de5bafcd49772,Balenciaga_CAN_A0NXIX2ABF42840,A0NXIX2ABF42840,CAN,Small Leather Goods,CAD,2026-09-28,1050.00,1110.00,0.0571,increase
3ba223c74bd5ac773a0d0357cc29be9b,Balenciaga_CAN_A0NXIX4GIX61041,A0NXIX4GIX61041,CAN,Small Leather Goods,CAD,2026-09-28,470.00,500.00,0.0638,increase
83e347e7ddeae7378e2465a1c38c7510,Balenciaga_CAN_A0OHAU213J01000,A0OHAU213J01000,CAN,Bags,CAD,2026-09-28,1700.00,1800.00,0.0588,increase
1aaae3695504fc580366e980d3bb4a91,Balenciaga_CAN_A0QFZA4GZMJ9002,A0QFZA4GZMJ9002,CAN,Bags,CAD,2026-09-28,3600.00,3820.00,0.0611,increase
c156cde10679301a351201ecf4f4ca4f,Balenciaga_CAN_A0QFZAWRPKY9000,A0QFZAWRPKY9000,CAN,Bags,CAD,2026-09-28,4010.00,4250.00,0.0599,increase
aebc645b4dfaecc137ac087e2bde84ab,Balenciaga_CAN_A0W9ZQTT6H89020,A0W9ZQTT6H89020,CAN,Small Leather Goods,CAD,2026-09-28,605.00,640.00,0.0579,increase
c17c55fb177cef166c85903c08d57f3b,Balenciaga_CAN_A0W9ZQTTNFO8122,A0W9ZQTTNFO8122,CAN,Small Leather Goods,CAD,2026-09-28,500.00,530.00,0.0600,increase
95141b462eb4b373c9f318e0b1d51957,Balenciaga_CHN_530673WF9QI1090,530673WF9QI1090,CHN,,CNY,2026-09-28,17000.00,18900.00,0.1118,increase
8ca3a6d4be1da185a34b48b5144ce4d0,Balenciaga_FRA_530673WF9QI1090,530673WF9QI1090,FRA,,EUR,2026-09-28,1790.00,1990.00,0.1117,increase
a46c5beaaecd42cf42c31940f6ddea73,Balenciaga_GBR_530673WF9QI1090,530673WF9QI1090,GBR,,GBP,2026-09-28,1630.00,1810.00,0.1104,increase
dbf5ddd03df16e876fa697c27d9e18ed,Balenciaga_HKG_530673WF9QI1090,530673WF9QI1090,HKG,,HKD,2026-09-28,17200.00,19100.00,0.1105,increase
c11b1246475ac5829f1d36dd7217ff17,Balenciaga_JPN_530673WF9QI1090,530673WF9QI1090,JPN,,JPY,2026-09-28,332300.00,369800.00,0.1128,increase
3d2503df2ff4394b6113524293d86266,Balenciaga_KOR_530673WF9QI1090,530673WF9QI1090,KOR,,KRW,2026-09-28,3030000.00,3380000.00,0.1155,increase
0b1a835bdb53b940aa2a1847730da3e8,Balenciaga_MEX_5123192ABXZ9020,5123192ABXZ9020,MEX,Bags,MXN,2026-09-28,76100.00,80600.00,0.0591,increase
fc9b871b56d88797ebb2c14fa426facb,Balenciaga_MEX_5239552AJGA1000,5239552AJGA1000,MEX,Accessories,MXN,2026-09-28,46000.00,48800.00,0.0609,increase
f16e405740b448dc95dedda7aa3fccd5,Balenciaga_MEX_529971218229000,529971218229000,MEX,Bags,MXN,2026-09-28,38300.00,40600.00,0.0601,increase
06b1f3432e3f98b29ad7f29043d841b6,Balenciaga_MEX_5308982ABS69000,5308982ABS69000,MEX,Small Leather Goods,MXN,2026-09-28,8000.00,8500.00,0.0625,increase
a3d1dce51fc3fa4ba6d106bcd0d10ba8,Balenciaga_MEX_5341312AZ5Y1210,5341312AZ5Y1210,MEX,Bags,MXN,2026-09-28,69000.00,73100.00,0.0594,increase
f628f1b37c3cf4690b4d9b7f28ab7bc6,Balenciaga_MEX_53659021R122533,53659021R122533,MEX,Bags,MXN,2026-09-28,10600.00,11200.00,0.0566,increase
e84846a232f943235476ea38cc4f2d91,Balenciaga_MEX_539914WQIJ69020,539914WQIJ69020,MEX,Small Leather Goods,MXN,2026-09-28,7200.00,7600.00,0.0556,increase
f5b74edaa07547931d2f94a5fb32a15d,Balenciaga_MEX_54096221JKJ5723,54096221JKJ5723,MEX,Small Leather Goods,MXN,2026-09-28,9000.00,9600.00,0.0667,increase
30e89a03da12e65857f62a496d059b07,Balenciaga_MEX_540962TTG124200,540962TTG124200,MEX,Small Leather Goods,MXN,2026-09-28,7600.00,8100.00,0.0658,increase
a837561001a5ce4f66e49e7eb07e7c6d,Balenciaga_MEX_5433214G4QH1240,5433214G4QH1240,MEX,Bags,MXN,2026-09-28,37800.00,40000.00,0.0582,increase
7a800f4ccb0b080cb7613edb3b628f0c,Balenciaga_MEX_5449322AYZX0911,5449322AYZX0911,MEX,Bags,MXN,2026-09-28,57800.00,61300.00,0.0606,increase
5155ebd639e26b0c6e07d573389156ed,Balenciaga_MEX_546998213YO9104,546998213YO9104,MEX,Bags,MXN,2026-09-28,9400.00,10000.00,0.0638,increase
9a2e78d775f4bf4e2665217eaadd9603,Balenciaga_MEX_5469982ABEE9002,5469982ABEE9002,MEX,Bags,MXN,2026-09-28,20300.00,21500.00,0.0591,increase
39ac554a817d5d712fce790827a250f8,Balenciaga_MEX_5628362AZUH1000,5628362AZUH1000,MEX,Bags,MXN,2026-09-28,106400.00,112800.00,0.0602,increase
6b511c0d4412ffa7097ddce226e529bf,Balenciaga_MEX_567824WUMAJ8065,567824WUMAJ8065,MEX,Bags,MXN,2026-09-28,68400.00,72500.00,0.0599,increase
d9d26ff3ee21e20726bcc614c1b2c658,Balenciaga_MEX_57372021BEH1000,57372021BEH1000,MEX,Bags,MXN,2026-09-28,68100.00,72200.00,0.0602,increase
23b10a34d68047392632c8d71a6c4e72,Balenciaga_MEX_5737202ABMI9020,5737202ABMI9020,MEX,Bags,MXN,2026-09-28,105100.00,111500.00,0.0609,increase
a296d769494fb6bc2a601cacf27cfb3a,Balenciaga_MEX_5737202AWYK1000,5737202AWYK1000,MEX,Bags,MXN,2026-09-28,48200.00,51100.00,0.0602,increase
8478fccad6f3e7949405e9efff7fc13d,Balenciaga_MEX_5861342ABDK1000,5861342ABDK1000,MEX,Bags,MXN,2026-09-28,84800.00,89900.00,0.0601,increase
385ec35a0d5187d055a35c5441476587,Balenciaga_MEX_586146TRVHI2533,586146TRVHI2533,MEX,Bags,MXN,2026-09-28,68900.00,73100.00,0.0610,increase
7f6ff84bdcf31b835fbfadb09988ffda,Balenciaga_MEX_586146TT9QA8065,586146TT9QA8065,MEX,Bags,MXN,2026-09-28,63200.00,67000.00,0.0601,increase
f21ca602a485776bffb4ddf11a694670,Balenciaga_MEX_586146W1WP65723,586146W1WP65723,MEX,Bags,MXN,2026-09-28,70400.00,74700.00,0.0611,increase
7c7d99c473ecfc9307af4f1248dd91b3,Balenciaga_MEX_58737121E5Q1000,58737121E5Q1000,MEX,Bags,MXN,2026-09-28,72300.00,76700.00,0.0609,increase
a2b944e00f23065b8c9d2ddc7d6b5ffa,Balenciaga_MEX_5898034GZAD1000,5898034GZAD1000,MEX,Bags,MXN,2026-09-28,75100.00,79600.00,0.0599,increase
448a76df61a6d497627a50bdbcc642da,Balenciaga_MEX_591917W3LVJ1000,591917W3LVJ1000,MEX,Small Leather Goods,MXN,2026-09-28,12300.00,13000.00,0.0569,increase
c15b85d1439a54db50644ab7569e8769,Balenciaga_MEX_596501TY52T1000,596501TY52T1000,MEX,Bags,MXN,2026-09-28,56300.00,59600.00,0.0586,increase
15a9298adcc67c9f4f1d7a3f70d5c4a9,Balenciaga_MEX_600325TT4SF1000,600325TT4SF1000,MEX,Bags,MXN,2026-09-28,69000.00,73200.00,0.0609,increase
d6a1c5a2d1cdbffb94793efa87251ac8,Balenciaga_MEX_604342219829104,604342219829104,MEX,Accessories,MXN,2026-09-28,46200.00,49000.00,0.0606,increase
f79443e80e04432c45f571c15875b18f,Balenciaga_MEX_6090452AB6B0926,6090452AB6B0926,MEX,Small Leather Goods,MXN,2026-09-28,9900.00,10500.00,0.0606,increase
12477cd82a6d46126bd0bd4e936f5b42,Balenciaga_MEX_6090454GFZ40926,6090454GFZ40926,MEX,Small Leather Goods,MXN,2026-09-28,22700.00,24000.00,0.0573,increase
59a5a4d701cf82ddc9bf9743b53a0ff7,Balenciaga_MEX_6115974G4912308,6115974G4912308,MEX,Bags,MXN,2026-09-28,27100.00,28800.00,0.0627,increase
283860df3a9cb13dba8e79e168ff566a,Balenciaga_MEX_6154344GBXM0926,6154344GBXM0926,MEX,Bags,MXN,2026-09-28,62500.00,66300.00,0.0608,increase
b2d983e117fec24d5fd7a925abb915d2,Balenciaga_MEX_6154344GF5T2308,6154344GF5T2308,MEX,Bags,MXN,2026-09-28,45700.00,48400.00,0.0591,increase
2da40ff7767959e3af3b400fe6d57e38,Balenciaga_MEX_6181802A8GI8065,6181802A8GI8065,MEX,Accessories,MXN,2026-09-28,36500.00,38700.00,0.0603,increase
f0d6f6b4505eb301f3375cab09962129,Balenciaga_MEX_61979921UMQ9000,61979921UMQ9000,MEX,Small Leather Goods,MXN,2026-09-28,10000.00,10600.00,0.0600,increase
77ead837801a36b94ebbc014aae455d3,Balenciaga_MEX_624221TTQWM8065,624221TTQWM8065,MEX,Bags,MXN,2026-09-28,12600.00,13400.00,0.0635,increase
7b41b35a1b8871abf685e933a087e63d,Balenciaga_MEX_630507WVDSS9002,630507WVDSS9002,MEX,Bags,MXN,2026-09-28,77500.00,82100.00,0.0594,increase
17df7cef0bb590e7c26c5283ccfabf9a,Balenciaga_MEX_6319002AAW31090,6319002AAW31090,MEX,Bags,MXN,2026-09-28,50700.00,53800.00,0.0611,increase
b2fff8b25e90b90d8a2af94e70f2bd21,Balenciaga_MEX_6319002AWRE9104,6319002AWRE9104,MEX,Bags,MXN,2026-09-28,64000.00,67900.00,0.0609,increase
0988a1f5e7170124c652afbfa58b321d,Balenciaga_MEX_6416162ABYP9002,6416162ABYP9002,MEX,Bags,MXN,2026-09-28,31500.00,33400.00,0.0603,increase
15c023c3bd7f088c7d1c52a36d37cf5e,Balenciaga_MEX_658262W7ZM61090,658262W7ZM61090,MEX,Bags,MXN,2026-09-28,10500.00,11200.00,0.0667,increase
e827e0346010038d796658bc0fbbd578,Balenciaga_MEX_6595782AB1G2533,6595782AB1G2533,MEX,Bags,MXN,2026-09-28,7100.00,7600.00,0.0704,increase
e0a5a3cfbcf404ad4b28c4f7b12eed70,Balenciaga_MEX_6703942AJWP9002,6703942AJWP9002,MEX,Small Leather Goods,MXN,2026-09-28,6900.00,7300.00,0.0580,increase
c5a215fa29c6521b3949501b466a2278,Balenciaga_MEX_676820WGNH62533,676820WGNH62533,MEX,Bags,MXN,2026-09-28,52800.00,56000.00,0.0606,increase
2965b57a17a0de65a0a9b58726d64da7,Balenciaga_MEX_6786802AEJ81000,6786802AEJ81000,MEX,Small Leather Goods,MXN,2026-09-28,56700.00,60100.00,0.0600,increase
86b53517cd47cedbd95360f02433a6a2,Balenciaga_MEX_6877552A4NW1084,6877552A4NW1084,MEX,Small Leather Goods,MXN,2026-09-28,27900.00,29600.00,0.0609,increase
4add2ea22936062ada00877b4463e95f,Balenciaga_MEX_687755WZQV70926,687755WZQV70926,MEX,Small Leather Goods,MXN,2026-09-28,11900.00,12700.00,0.0672,increase
5c42ca70a4e34c8151a225d1b8c8842b,Balenciaga_MEX_706612WBFE11090,706612WBFE11090,MEX,Small Leather Goods,MXN,2026-09-28,7400.00,7800.00,0.0541,increase
8f9cd260548aff79a6b4c7ba6af85969,Balenciaga_MEX_7089882AB993258,7089882AB993258,MEX,Small Leather Goods,MXN,2026-09-28,15700.00,16600.00,0.0573,increase
e24dd567c4120141e6fcda72708f061c,Balenciaga_MEX_711160WOZ6M4011,711160WOZ6M4011,MEX,Small Leather Goods,MXN,2026-09-28,9600.00,10200.00,0.0625,increase
f265b4701e80aad2f91a3446b12b79bd,Balenciaga_MEX_713490TTJ7K2533,713490TTJ7K2533,MEX,Bags,MXN,2026-09-28,77100.00,81800.00,0.0610,increase
38349a73be4422e0c9c2bf6de45acb23,Balenciaga_MEX_7163572AY874200,7163572AY874200,MEX,Bags,MXN,2026-09-28,68800.00,72900.00,0.0596,increase
9e3ca62c570743917551c58837cd9915,Balenciaga_MEX_72532821OA90911,72532821OA90911,MEX,Small Leather Goods,MXN,2026-09-28,17600.00,18600.00,0.0568,increase
26c771333f258aea5530b653106fa082,Balenciaga_MEX_725328TTV443258,725328TTV443258,MEX,Small Leather Goods,MXN,2026-09-28,6700.00,7100.00,0.0597,increase
fc1d973d141ea2e0be74c3b5b4785d59,Balenciaga_MEX_72918421GJI3258,72918421GJI3258,MEX,Bags,MXN,2026-09-28,72100.00,76500.00,0.0610,increase
9fb8d40a5553feb420cd4b0d658dcb57,Balenciaga_MEX_729799W4YYO2533,729799W4YYO2533,MEX,Bags,MXN,2026-09-28,50800.00,53800.00,0.0591,increase
542693e4ee77ee3c0199f4f137c972a6,Balenciaga_MEX_74009021IIT1084,74009021IIT1084,MEX,Small Leather Goods,MXN,2026-09-28,17900.00,19000.00,0.0615,increase
112ad081295b433d9062cfafe29abc05,Balenciaga_MEX_7400904G1H21240,7400904G1H21240,MEX,Small Leather Goods,MXN,2026-09-28,10300.00,10900.00,0.0583,increase
c30d320c5b9cc73e19eecf319a85eee6,Balenciaga_MEX_740090TT35C4011,740090TT35C4011,MEX,Small Leather Goods,MXN,2026-09-28,25600.00,27200.00,0.0625,increase
11daa56b583bb27260d8e9b8610316a7,Balenciaga_MEX_7481882ABWW0911,7481882ABWW0911,MEX,Small Leather Goods,MXN,2026-09-28,14100.00,15000.00,0.0638,increase
3ddd4bd34af07a4b8b7715902417d2f5,Balenciaga_MEX_770260WXM7O1210,770260WXM7O1210,MEX,Bags,MXN,2026-09-28,76900.00,81500.00,0.0598,increase
b2ccd803144201a9d933faa57f8a09bf,Balenciaga_MEX_77077921FFS1090,77077921FFS1090,MEX,Small Leather Goods,MXN,2026-09-28,7800.00,8300.00,0.0641,increase
5647e7a2dd4a090ac147fe819b182c82,Balenciaga_MEX_7707792ABU11084,7707792ABU11084,MEX,Small Leather Goods,MXN,2026-09-28,10500.00,11200.00,0.0667,increase
a8239e6879727b447f9d511cab1716f9,Balenciaga_MEX_7707792ALGH1000,7707792ALGH1000,MEX,Small Leather Goods,MXN,2026-09-28,27800.00,29500.00,0.0612,increase
674c7303d45a2e511db22a2920572916,Balenciaga_MEX_7707794GGLA1090,7707794GGLA1090,MEX,Small Leather Goods,MXN,2026-09-28,6200.00,6500.00,0.0484,increase
12493e5162c13787f0fa51e5788cc27b,Balenciaga_MEX_7783482ABC80926,7783482ABC80926,MEX,Small Leather Goods,MXN,2026-09-28,15000.00,15900.00,0.0600,increase
f4fdb39dc6863e45ad68eb024225a3a6,Balenciaga_MEX_778348TTK6R9002,778348TTK6R9002,MEX,Small Leather Goods,MXN,2026-09-28,12900.00,13700.00,0.0620,increase
7b31aca19a8554fa8c56b768c5ccef28,Balenciaga_MEX_778348TTMNA0911,778348TTMNA0911,MEX,Small Leather Goods,MXN,2026-09-28,17800.00,18900.00,0.0618,increase
48f6802ae5a53f4743a3938698d227c1,Balenciaga_MEX_779372TOH4Y5723,779372TOH4Y5723,MEX,Bags,MXN,2026-09-28,66800.00,70800.00,0.0599,increase
fad54acba6e91646375bfed05f8e7859,Balenciaga_MEX_7830972190M9104,7830972190M9104,MEX,Accessories,MXN,2026-09-28,84400.00,89500.00,0.0604,increase
2520f73e5333cf374bda7b543f6097a8,Balenciaga_MEX_791061TTORO1090,791061TTORO1090,MEX,Bags,MXN,2026-09-28,67900.00,72000.00,0.0604,increase
3a7a8977ef9b6bc3a2638915f55c31a0,Balenciaga_MEX_798607WHH8S8065,798607WHH8S8065,MEX,Small Leather Goods,MXN,2026-09-28,8100.00,8600.00,0.0617,increase
b670d7997385bada77b7137e9b21548d,Balenciaga_MEX_8088952AB0I2840,8088952AB0I2840,MEX,Bags,MXN,2026-09-28,81200.00,86000.00,0.0591,increase
694a152896aece115a8277d2e090f390,Balenciaga_MEX_8133392ABV39002,8133392ABV39002,MEX,Bags,MXN,2026-09-28,40200.00,42600.00,0.0597,increase
e80a4e27e54c52dc2381956309e9d7b2,Balenciaga_MEX_813339TTM3T1000,813339TTM3T1000,MEX,Bags,MXN,2026-09-28,71800.00,76100.00,0.0599,increase
c9821e13ddc1045e0076b893f15aaa6f,Balenciaga_MEX_824436W9DJB2308,824436W9DJB2308,MEX,Small Leather Goods,MXN,2026-09-28,12900.00,13700.00,0.0620,increase
0df264b604dc56154d8b3b5e3e9747cd,Balenciaga_MEX_8245244GV630926,8245244GV630926,MEX,Accessories,MXN,2026-09-28,28600.00,30300.00,0.0594,increase
2020afd500b68573ca50b582312a8587,Balenciaga_MEX_82607121B2V1041,82607121B2V1041,MEX,Bags,MXN,2026-09-28,62100.00,65800.00,0.0596,increase
b5f0c19f823315ead7ccca9f41c26238,Balenciaga_MEX_831134TEOO93258,831134TEOO93258,MEX,Bags,MXN,2026-09-28,62000.00,65700.00,0.0597,increase
ee4bdbd085523e6d3a6bca118ec0f45d,Balenciaga_MEX_840181WKE7A1090,840181WKE7A1090,MEX,Small Leather Goods,MXN,2026-09-28,7900.00,8400.00,0.0633,increase
5d3ecb28d4d2fff10922a054aa8c5868,Balenciaga_MEX_845436216410127,845436216410127,MEX,Bags,MXN,2026-09-28,29500.00,31300.00,0.0610,increase
95a3bfc402302783acc2aba8fb486ce3,Balenciaga_MEX_8454364GBTX9000,8454364GBTX9000,MEX,Bags,MXN,2026-09-28,57600.00,61100.00,0.0608,increase
4c3832f2c878310642185daf042c742e,Balenciaga_MEX_845436THX071000,845436THX071000,MEX,Bags,MXN,2026-09-28,86100.00,91300.00,0.0604,increase
157dcdb6bb7f112f3f314048a0460c99,Balenciaga_MEX_8501442AB0O1000,8501442AB0O1000,MEX,Bags,MXN,2026-09-28,24600.00,26100.00,0.0610,increase
cead91159e37f4aa7f4bdaeb87156f6c,Balenciaga_MEX_85254221MXR4011,85254221MXR4011,MEX,Small Leather Goods,MXN,2026-09-28,20200.00,21400.00,0.0594,increase
1408a06b984f2e12482bbdbb3fde2fbc,Balenciaga_MEX_8525422AB5G1090,8525422AB5G1090,MEX,Small Leather Goods,MXN,2026-09-28,7700.00,8100.00,0.0519,increase
aaaa6e175c9384ee9577ef5a3f706d94,Balenciaga_MEX_852542TRTB02840,852542TRTB02840,MEX,Small Leather Goods,MXN,2026-09-28,6900.00,7300.00,0.0580,increase
6046d702123f38cddb2d9a41832705fc,Balenciaga_MEX_860458WVPJ84200,860458WVPJ84200,MEX,Bags,MXN,2026-09-28,70500.00,74700.00,0.0596,increase
5edf1e5af7d3c4ea9a9ea64670d8c216,Balenciaga_MEX_86935021KK58122,86935021KK58122,MEX,Bags,MXN,2026-09-28,31600.00,33500.00,0.0601,increase
919e60c52db774493dfa6a4822e81611,Balenciaga_MEX_8863144G5AR8065,8863144G5AR8065,MEX,Small Leather Goods,MXN,2026-09-28,9200.00,9700.00,0.0543,increase
25f38ab79068d2484890a3acb59aee0a,Balenciaga_MEX_886314TT7F98122,886314TT7F98122,MEX,Small Leather Goods,MXN,2026-09-28,12800.00,13600.00,0.0625,increase
1a0367cb22877b2b0337b3b6e9119d4d,Balenciaga_MEX_888240214TG5723,888240214TG5723,MEX,Small Leather Goods,MXN,2026-09-28,13300.00,14100.00,0.0602,increase
9b37aa6120c16e4632c210a487ffa04e,Balenciaga_MEX_893105TTXTD1240,893105TTXTD1240,MEX,Bags,MXN,2026-09-28,103900.00,110100.00,0.0597,increase
eff7566a5c5b6bd1bbf194de13bba556,Balenciaga_MEX_8945912AEYF1090,8945912AEYF1090,MEX,Small Leather Goods,MXN,2026-09-28,51300.00,54300.00,0.0585,increase
e89c0402df88d5c62f79cdd6a5ac5904,Balenciaga_MEX_A042712AMT61210,A042712AMT61210,MEX,Bags,MXN,2026-09-28,283500.00,300500.00,0.0600,increase
5c7d6a8561ac497690239240246ece53,Balenciaga_MEX_A05K8BTJ0TE9002,A05K8BTJ0TE9002,MEX,Small Leather Goods,MXN,2026-09-28,11000.00,11600.00,0.0545,increase
d16cc6f6b8bc9af0b16d22aa3ed30a12,Balenciaga_MEX_A05K8BTSM663258,A05K8BTSM663258,MEX,Small Leather Goods,MXN,2026-09-28,9100.00,9700.00,0.0659,increase
36d69bbe9423ca8a4704dd0a8f6842de,Balenciaga_MEX_A064YDTTENX9002,A064YDTTENX9002,MEX,Small Leather Goods,MXN,2026-09-28,9600.00,10200.00,0.0625,increase
5bff3095ff8c53c7c0ae641da7c13e26,Balenciaga_MEX_A06RN22ABS95723,A06RN22ABS95723,MEX,Bags,MXN,2026-09-28,73100.00,88000.00,0.2038,increase
74a1bd748c391ecf7964d6c2c74b5376,Balenciaga_MEX_A0AVTR2AM6Z9002,A0AVTR2AM6Z9002,MEX,Bags,MXN,2026-09-28,71800.00,76100.00,0.0599,increase
555dbad42c7365503f26dedb2ee4f76b,Balenciaga_MEX_A0HVOZ2AB3Y1251,A0HVOZ2AB3Y1251,MEX,Small Leather Goods,MXN,2026-09-28,9100.00,9700.00,0.0659,increase
d39b3149b45762e27c526fb316d75894,Balenciaga_MEX_A0JW0GT1SDP1090,A0JW0GT1SDP1090,MEX,Bags,MXN,2026-09-28,144900.00,153600.00,0.0600,increase
7bca3d19a0ed386a0ac50cef2cc40dd9,Balenciaga_MEX_A0NXIX2ABF42840,A0NXIX2ABF42840,MEX,Small Leather Goods,MXN,2026-09-28,16800.00,17800.00,0.0595,increase
b2520ab860ababa10b49d05f84f85440,Balenciaga_MEX_A0W9ZQTT6H89020,A0W9ZQTT6H89020,MEX,Small Leather Goods,MXN,2026-09-28,9500.00,10000.00,0.0526,increase
9a7d5ea1dbf29d823921102b114dc533,Balenciaga_MYS_5090582ABZK1000,5090582ABZK1000,MYS,Bags,MYR,2026-09-28,13250.00,14050.00,0.0604,increase
38213a744c0dbaedf8f1f6701bb13560,Balenciaga_MYS_509058W7FP09002,509058W7FP09002,MYS,Bags,MYR,2026-09-28,16050.00,17000.00,0.0592,increase
96d1b56cae5c4da1c565ce2b8095e5c7,Balenciaga_MYS_512319214FT9104,512319214FT9104,MYS,Bags,MYR,2026-09-28,7700.00,8200.00,0.0649,increase
e61bf99af4b63f3a28820d4ba6d20c73,Balenciaga_MYS_5146274GMIB2533,5146274GMIB2533,MYS,Bags,MYR,2026-09-28,5850.00,6200.00,0.0598,increase
7c63f6399c21674d3894b054701f2f08,Balenciaga_MYS_514627TA8D30127,514627TA8D30127,MYS,Bags,MYR,2026-09-28,19950.00,21150.00,0.0602,increase
6b896a2cb84ef9b5ab871d77e69eb321,Balenciaga_MYS_5149002A92F1210,5149002A92F1210,MYS,Bags,MYR,2026-09-28,14250.00,15100.00,0.0596,increase
946475699bd790e902b17523d3184323,Balenciaga_MYS_517390210UD1210,517390210UD1210,MYS,Bags,MYR,2026-09-28,16100.00,17100.00,0.0621,increase
836ab2041d3612e32cac4ccbfb233422,Balenciaga_MYS_5173904GKC41210,5173904GKC41210,MYS,Bags,MYR,2026-09-28,8300.00,8800.00,0.0602,increase
1af6f4eef81ccf3c115c13ab44396831,Balenciaga_MYS_517390TT3LZ1240,517390TT3LZ1240,MYS,Bags,MYR,2026-09-28,12750.00,13500.00,0.0588,increase
291c454fdf53e1e508735c973fb35a05,Balenciaga_MYS_517390WIAYH5723,517390WIAYH5723,MYS,Bags,MYR,2026-09-28,8350.00,8850.00,0.0599,increase
3bf38f1799c32109eb0acc2b5af765f2,Balenciaga_MYS_52138621EG84011,52138621EG84011,MYS,Small Leather Goods,MYR,2026-09-28,1350.00,1450.00,0.0741,increase
1c7cebd19b7decbdfe01429b36759f7b,Balenciaga_MYS_5239552AJGA1000,5239552AJGA1000,MYS,Accessories,MYR,2026-09-28,8200.00,8700.00,0.0610,increase
abc25c39c473ded96cd6ad9c0ba85421,Balenciaga_MYS_523955WJVHN1090,523955WJVHN1090,MYS,Accessories,MYR,2026-09-28,8650.00,9200.00,0.0636,increase
290dbdf2d78e8631f5ae1908e9ccb82c,Balenciaga_MYS_525528TA3V13258,525528TA3V13258,MYS,Bags,MYR,2026-09-28,14750.00,15650.00,0.0610,increase
8dc4fc0dc08123d871d8d56677428aa6,Balenciaga_MYS_525528WCDOX3258,525528WCDOX3258,MYS,Bags,MYR,2026-09-28,9950.00,10550.00,0.0603,increase
529d5f43cc0474a4e931660c512c715f,Balenciaga_MYS_5265652181K1240,5265652181K1240,MYS,Bags,MYR,2026-09-28,21000.00,22250.00,0.0595,increase
d0d43c26cea623b5d80eb4ba3094ffa0,Balenciaga_MYS_5265652ABNJ1000,5265652ABNJ1000,MYS,Bags,MYR,2026-09-28,11400.00,12100.00,0.0614,increase
2942f7b653c119df5205bb9754ac643f,Balenciaga_MYS_5265652ABRG8122,5265652ABRG8122,MYS,Bags,MYR,2026-09-28,16600.00,17600.00,0.0602,increase
7d5750c73eed8987a04879c3a0532b66,Balenciaga_MYS_52688321KYV1090,52688321KYV1090,MYS,Bags,MYR,2026-09-28,11450.00,12150.00,0.0611,increase
df1da2ea5d0a29f054d87d5eb5061945,Balenciaga_MYS_5268832ABFW2533,5268832ABFW2533,MYS,Bags,MYR,2026-09-28,24900.00,26350.00,0.0582,increase
f605c07e8c1311e8e153f27b4180d320,Balenciaga_MYS_527313T0VEI2533,527313T0VEI2533,MYS,Small Leather Goods,MYR,2026-09-28,1450.00,1550.00,0.0690,increase
bceee800a672591890a1766f34938ae6,Balenciaga_MYS_527313TUOCB4011,527313TUOCB4011,MYS,Small Leather Goods,MYR,2026-09-28,1450.00,1550.00,0.0690,increase
026d4bf8af9ffea5fbb3c5f4c421bc0f,Balenciaga_MYS_527313W5X041000,527313W5X041000,MYS,Small Leather Goods,MYR,2026-09-28,2600.00,2750.00,0.0577,increase
61a07d5da2088d9562f25259dacd0d01,Balenciaga_MYS_5286014GP201000,5286014GP201000,MYS,Small Leather Goods,MYR,2026-09-28,1400.00,1500.00,0.0714,increase
0dfc30558d7ca3464d7f8bc2fcd86af2,Balenciaga_MYS_529971215991000,529971215991000,MYS,Bags,MYR,2026-09-28,12450.00,13200.00,0.0602,increase
37e581241d7162c5bc4402e3bc1e1132,Balenciaga_MYS_529971218229000,529971218229000,MYS,Bags,MYR,2026-09-28,8100.00,8600.00,0.0617,increase
75ef56d41077739e00c11844ab704dad,Balenciaga_MYS_5299714GOPH5723,5299714GOPH5723,MYS,Bags,MYR,2026-09-28,15300.00,16200.00,0.0588,increase
ee2dda5cafae279aff81870373d17c62,Balenciaga_MYS_529971TEYU71000,529971TEYU71000,MYS,Bags,MYR,2026-09-28,7950.00,8400.00,0.0566,increase
d1ae9f4ff5f5cd2651767adadcc8d68c,Balenciaga_MYS_530673WF9QI1090,530673WF9QI1090,MYS,,MYR,2026-09-28,9250.00,10300.00,0.1135,increase
fc3b8e275193df53036ec13d5b921492,Balenciaga_MYS_5308982ABS69000,5308982ABS69000,MYS,Small Leather Goods,MYR,2026-09-28,1550.00,1650.00,0.0645,increase
a95bd7fdf1b8b7079148f8087afa8ddd,Balenciaga_MYS_5333162APVK1000,5333162APVK1000,MYS,Accessories,MYR,2026-09-28,1850.00,1950.00,0.0541,increase
3a9948257559123e435ad95d70d8d74a,Balenciaga_MYS_5333164GXRM5723,5333164GXRM5723,MYS,Accessories,MYR,2026-09-28,2550.00,2700.00,0.0588,increase
378c13e883d84fb003015003848f529c,Balenciaga_MYS_533316T75I81084,533316T75I81084,MYS,Accessories,MYR,2026-09-28,3950.00,4150.00,0.0506,increase
0c2a6ec6b233875e13fa1287100b351f,Balenciaga_MYS_533654213HK1090,533654213HK1090,MYS,Small Leather Goods,MYR,2026-09-28,5250.00,5550.00,0.0571,increase
123383398197f68a6c9a8dec78fd5d0c,Balenciaga_MYS_533654THV4T1251,533654THV4T1251,MYS,Accessories,MYR,2026-09-28,1850.00,1950.00,0.0541,increase
a4bcd1c7f7c19f08b261892e7c2e8347,Balenciaga_MYS_53413121R3X1000,53413121R3X1000,MYS,Bags,MYR,2026-09-28,14100.00,14900.00,0.0567,increase
bff7d753f16b1f92c8b89edf2122d732,Balenciaga_MYS_5341312AZ5Y1210,5341312AZ5Y1210,MYS,Bags,MYR,2026-09-28,13450.00,14250.00,0.0595,increase
25d4baeaa27e6e8e5570afbce5a16869,Balenciaga_MYS_5341314GAPT1000,5341314GAPT1000,MYS,Bags,MYR,2026-09-28,17600.00,18650.00,0.0597,increase
5600ecdde2a228bf4c62869a434bbb86,Balenciaga_MYS_534131WS53L2840,534131WS53L2840,MYS,Bags,MYR,2026-09-28,10700.00,11350.00,0.0607,increase
4ba4b14825c607f959c5e7ccb2549afc,Balenciaga_MYS_53659021R122533,53659021R122533,MYS,Bags,MYR,2026-09-28,2050.00,2150.00,0.0488,increase
51824a03b2cbfd46dbdd52482a94f4ca,Balenciaga_MYS_536590TT9831251,536590TT9831251,MYS,Bags,MYR,2026-09-28,4800.00,5100.00,0.0625,increase
5d53adf83823621c09f74f976cf38862,Balenciaga_MYS_539788TAQB38122,539788TAQB38122,MYS,Bags,MYR,2026-09-28,7450.00,7900.00,0.0604,increase
c7bb52fae02e430998dfc39b1a3f21f4,Balenciaga_MYS_539914WQIJ69020,539914WQIJ69020,MYS,Small Leather Goods,MYR,2026-09-28,1300.00,1400.00,0.0769,increase
09653204c5642f307ea32809c32a8dbe,Balenciaga_MYS_54096221JKJ5723,54096221JKJ5723,MYS,Small Leather Goods,MYR,2026-09-28,1650.00,1750.00,0.0606,increase
9f9ce65f214280a025aaa47432841e2c,Balenciaga_MYS_54096221R8F1000,54096221R8F1000,MYS,Small Leather Goods,MYR,2026-09-28,1900.00,2000.00,0.0526,increase
f57985e7c6a54eb12d39b38fea9e6983,Balenciaga_MYS_5409624GX4F1000,5409624GX4F1000,MYS,Small Leather Goods,MYR,2026-09-28,5500.00,5800.00,0.0545,increase
aecbc2a77bc04f21a6ca8010ce20fa7f,Balenciaga_MYS_540962T5NE71210,540962T5NE71210,MYS,Small Leather Goods,MYR,2026-09-28,1500.00,1600.00,0.0667,increase
a271a3ea42c2442f6509f2df76ebfca2,Balenciaga_MYS_540962TTG124200,540962TTG124200,MYS,Small Leather Goods,MYR,2026-09-28,1400.00,1500.00,0.0714,increase
62d5fd1f91413eb92ec2527cdc39a21c,Balenciaga_MYS_540962WD2T71251,540962WD2T71251,MYS,Small Leather Goods,MYR,2026-09-28,4500.00,4800.00,0.0667,increase
d4afcda8b575ee2dc85d876f3b93a9c2,Balenciaga_MYS_54300421W5L1000,54300421W5L1000,MYS,Accessories,MYR,2026-09-28,1300.00,1450.00,0.1154,increase
06e021ce3f4f3fb7536f4a2c0603b5a6,Balenciaga_MYS_5433214G4QH1240,5433214G4QH1240,MYS,Bags,MYR,2026-09-28,7450.00,7900.00,0.0604,increase
116e33c0e78f44026d6c55a8035d72e3,Balenciaga_MYS_543321TT8F11000,543321TT8F11000,MYS,Bags,MYR,2026-09-28,13150.00,13950.00,0.0608,increase
d4d56e3dea071f86dac12cdabcdc960c,Balenciaga_MYS_543321TTJN28122,543321TTJN28122,MYS,Bags,MYR,2026-09-28,13650.00,14450.00,0.0586,increase
6c782a00f099918d338cf441fe33b376,Balenciaga_MYS_543321W65TT1000,543321W65TT1000,MYS,Bags,MYR,2026-09-28,8550.00,9050.00,0.0585,increase
5e76d3a98faa5a51dc315ea9381d51a3,Balenciaga_MYS_543321WALW40911,543321WALW40911,MYS,Bags,MYR,2026-09-28,23050.00,24450.00,0.0607,increase
023b05dd423ef908273d982e5c5378a5,Balenciaga_MYS_54493221SAD1000,54493221SAD1000,MYS,Bags,MYR,2026-09-28,6500.00,6900.00,0.0615,increase
9f572ad8b4b77fdf216b8f8b64f7934e,Balenciaga_MYS_5449322AYZX0911,5449322AYZX0911,MYS,Bags,MYR,2026-09-28,10950.00,11600.00,0.0594,increase
99267ede1c5dca3b074b6ff267cee4a5,Balenciaga_MYS_5449324G4HJ0926,5449324G4HJ0926,MYS,Bags,MYR,2026-09-28,4300.00,4550.00,0.0581,increase
8a0a6baeda9a9a1376580213cce4216d,Balenciaga_MYS_5449324GQLA8065,5449324GQLA8065,MYS,Bags,MYR,2026-09-28,10000.00,10600.00,0.0600,increase
ce6e470a666e6218a0e0c76927c883e2,Balenciaga_MYS_5449324GWV24011,5449324GWV24011,MYS,Bags,MYR,2026-09-28,14000.00,14800.00,0.0571,increase
f5dca3cf807cba7c96b50375885f93a5,Balenciaga_MYS_544932W60MX2840,544932W60MX2840,MYS,Bags,MYR,2026-09-28,8250.00,8750.00,0.0606,increase
32cf90b86bf62ed734f5a82cae5b35a9,Balenciaga_MYS_546998213YO9104,546998213YO9104,MYS,Bags,MYR,2026-09-28,1850.00,2000.00,0.0811,increase
3e6a8188bacb0c63baa80346da5ae8d1,Balenciaga_MYS_5469982ABEE9002,5469982ABEE9002,MYS,Bags,MYR,2026-09-28,4200.00,4450.00,0.0595,increase
b50b5f8935e959750fb6f02d3e554db1,Balenciaga_MYS_5482214GQV51000,5482214GQV51000,MYS,Bags,MYR,2026-09-28,11350.00,12050.00,0.0617,increase
f60217261772526bd7a5419574d5c03b,Balenciaga_MYS_5505264G0059002,5505264G0059002,MYS,Bags,MYR,2026-09-28,5550.00,5900.00,0.0631,increase
8e9d2e43968679069c4f7fad96606166,Balenciaga_MYS_552358T6AME4011,552358T6AME4011,MYS,Bags,MYR,2026-09-28,10500.00,11150.00,0.0619,increase
8e9a9cb968f785e23a5cf40e6a36d706,Balenciaga_MYS_553957TBSVE4200,553957TBSVE4200,MYS,Small Leather Goods,MYR,2026-09-28,2150.00,2300.00,0.0698,increase
904aa781d8c21b3ab4a4a86b1ac374aa,Balenciaga_MYS_553957WO6SQ1251,553957WO6SQ1251,MYS,Small Leather Goods,MYR,2026-09-28,1900.00,2000.00,0.0526,increase
33f650e31481ab7bed4055a36c473990,Balenciaga_MYS_55430321CYU1240,55430321CYU1240,MYS,Bags,MYR,2026-09-28,10750.00,11400.00,0.0605,increase
18c439303ef02c39e189aea5b77e8c26,Balenciaga_MYS_5543034GFF51000,5543034GFF51000,MYS,Bags,MYR,2026-09-28,19900.00,21050.00,0.0578,increase
a07bc82f857ebc1e0b73136ae204f61e,Balenciaga_MYS_554303TCULN5723,554303TCULN5723,MYS,Bags,MYR,2026-09-28,7550.00,8000.00,0.0596,increase
c6f7fa5a77950bb264b1244be98030be,Balenciaga_MYS_558209TUR5X2840,558209TUR5X2840,MYS,Small Leather Goods,MYR,2026-09-28,1450.00,1550.00,0.0690,increase
2951fe833b6b315aa1e46b9505741ae7,Balenciaga_MYS_558209WQ28U8122,558209WQ28U8122,MYS,Small Leather Goods,MYR,2026-09-28,2600.00,2750.00,0.0577,increase
211f9f6bc1e4e71f9f44f62df6a906e2,Balenciaga_MYS_560831T8TK91000,560831T8TK91000,MYS,Bags,MYR,2026-09-28,8300.00,8800.00,0.0602,increase
627f6938b8b770caeee5a9576a5fde78,Balenciaga_MYS_560831TT4RI5723,560831TT4RI5723,MYS,Bags,MYR,2026-09-28,7850.00,8350.00,0.0637,increase
33480382a51187e7bb0bdaeefffdccf1,Balenciaga_MYS_5628364GG1K4011,5628364GG1K4011,MYS,Bags,MYR,2026-09-28,14100.00,14950.00,0.0603,increase
9738ecc13dfcdcf318f3733895a2384e,Balenciaga_MYS_562836TTSKW3258,562836TTSKW3258,MYS,Bags,MYR,2026-09-28,8600.00,9150.00,0.0640,increase
adc0f1b974e271d7ee792eb179a8e2fb,Balenciaga_MYS_562836TXYUY1210,562836TXYUY1210,MYS,Bags,MYR,2026-09-28,16400.00,17400.00,0.0610,increase
55318071686ae1b598eceb62f7c03ce3,Balenciaga_MYS_5678242AIHF1000,5678242AIHF1000,MYS,Bags,MYR,2026-09-28,15700.00,16650.00,0.0605,increase
1c980cf199df6e9b0c2c9099faf485f8,Balenciaga_MYS_57372021BEH1000,57372021BEH1000,MYS,Bags,MYR,2026-09-28,12300.00,13050.00,0.0610,increase
f8e6d5027a5c2120389622e636f66e31,Balenciaga_MYS_5737202ABMI9020,5737202ABMI9020,MYS,Bags,MYR,2026-09-28,18450.00,19550.00,0.0596,increase
23e3d63dcb7e1363ecd57baacdfd1249,Balenciaga_MYS_5737202AWYK1000,5737202AWYK1000,MYS,Bags,MYR,2026-09-28,9150.00,9700.00,0.0601,increase
9db3a3237c427133cfd57276bc4cc992,Balenciaga_MYS_573720WMG5U3258,573720WMG5U3258,MYS,Bags,MYR,2026-09-28,10450.00,11100.00,0.0622,increase
91446ace904c3766949d28d78deb74e9,Balenciaga_MYS_5851324GHQ51090,5851324GHQ51090,MYS,Bags,MYR,2026-09-28,6200.00,6550.00,0.0565,increase
87e068a160f24a27651b09fa9b5200e7,Balenciaga_MYS_585132TTBXP1090,585132TTBXP1090,MYS,Bags,MYR,2026-09-28,13450.00,14250.00,0.0595,increase
58942e914f63df21d870ee1723f33b3f,Balenciaga_MYS_585609216ZI1210,585609216ZI1210,MYS,Bags,MYR,2026-09-28,2450.00,2600.00,0.0612,increase
b3a604f121632465baea2905df8d5487,Balenciaga_MYS_5861342A5ZF2533,5861342A5ZF2533,MYS,Bags,MYR,2026-09-28,14100.00,14950.00,0.0603,increase
fe517a9c9440654f0b5446380926539a,Balenciaga_MYS_5861342ABDK1000,5861342ABDK1000,MYS,Bags,MYR,2026-09-28,15400.00,16350.00,0.0617,increase
a337303d3a4d890473ba6c37fb4aa0d4,Balenciaga_MYS_586134THIHP4200,586134THIHP4200,MYS,Bags,MYR,2026-09-28,14400.00,15250.00,0.0590,increase
f0cb6272d3eb72a1452aadccc348e87b,Balenciaga_MYS_5861462ABI32533,5861462ABI32533,MYS,Bags,MYR,2026-09-28,11600.00,12300.00,0.0603,increase
162113fe07e9301a06dd745159427b7f,Balenciaga_MYS_586146TO7IY1210,586146TO7IY1210,MYS,Bags,MYR,2026-09-28,10750.00,11400.00,0.0605,increase
11e59b5f432b1c5314c528b94a19e925,Balenciaga_MYS_586146TRVHI2533,586146TRVHI2533,MYS,Bags,MYR,2026-09-28,12900.00,13700.00,0.0620,increase
8d27d2dcb4e1458baf4bc257b5bdc431,Balenciaga_MYS_586146TT9QA8065,586146TT9QA8065,MYS,Bags,MYR,2026-09-28,12950.00,13750.00,0.0618,increase
729a8f971c4b26c3d608f9b9e3dfa238,Balenciaga_MYS_586146TTWU21240,586146TTWU21240,MYS,Bags,MYR,2026-09-28,11050.00,11700.00,0.0588,increase
aa2cd02c186dbac11cb4a478455e7b8b,Balenciaga_MYS_586146W1WP65723,586146W1WP65723,MYS,Bags,MYR,2026-09-28,14150.00,15000.00,0.0601,increase
6b26e5241dc62c7652d47d9f1ef16b09,Balenciaga_MYS_586146WBD2S8122,586146WBD2S8122,MYS,Bags,MYR,2026-09-28,8500.00,9050.00,0.0647,increase
78cf528b9f51f4b8b362032d07e5df07,Balenciaga_MYS_58737121E5Q1000,58737121E5Q1000,MYS,Bags,MYR,2026-09-28,13650.00,14450.00,0.0586,increase
9e81bc8a98df65926cb8ae0c2affbd72,Balenciaga_MYS_5898034GZAD1000,5898034GZAD1000,MYS,Bags,MYR,2026-09-28,14750.00,15650.00,0.0610,increase
729a72d6da31c87146b6670ef73146a1,Balenciaga_MYS_589803TTLSW4011,589803TTLSW4011,MYS,Bags,MYR,2026-09-28,9550.00,10150.00,0.0628,increase
f2472ee530faaf597e074ea0a889947b,Balenciaga_MYS_5919172AZ1O5723,5919172AZ1O5723,MYS,Small Leather Goods,MYR,2026-09-28,1450.00,1500.00,0.0345,increase
a984c778566c47a85b14995265f000df,Balenciaga_MYS_5919174GT0G9000,5919174GT0G9000,MYS,Small Leather Goods,MYR,2026-09-28,2400.00,2500.00,0.0417,increase
1ead32cfc1f0dfb9292bedb369d4ed87,Balenciaga_MYS_591917W3LVJ1000,591917W3LVJ1000,MYS,Small Leather Goods,MYR,2026-09-28,2550.00,2700.00,0.0588,increase
631430987d8d5795e734eedad4f1b57f,Balenciaga_MYS_596501218XT4200,596501218XT4200,MYS,Bags,MYR,2026-09-28,14600.00,15450.00,0.0582,increase
b5065e9e0534a5db39e419ed037fb4ee,Balenciaga_MYS_59650121J5P2533,59650121J5P2533,MYS,Bags,MYR,2026-09-28,13450.00,14250.00,0.0595,increase
8c574b5132b7abbda2a3b746e6805a4f,Balenciaga_MYS_596501TY52T1000,596501TY52T1000,MYS,Bags,MYR,2026-09-28,11550.00,12250.00,0.0606,increase
5262737e44c91391e980c7371f550acf,Balenciaga_MYS_596501W8PY42840,596501W8PY42840,MYS,Bags,MYR,2026-09-28,10850.00,11500.00,0.0599,increase
a9b82d7d5b366663aa6e6bf4b248f78d,Balenciaga_MYS_6003254G0R28122,6003254G0R28122,MYS,Bags,MYR,2026-09-28,9050.00,9600.00,0.0608,increase
a2f8e89762da95be6efe2342f8f135d2,Balenciaga_MYS_600325TT4SF1000,600325TT4SF1000,MYS,Bags,MYR,2026-09-28,12650.00,13450.00,0.0632,increase
19364c87c9734514235f86a70e98eb4e,Balenciaga_MYS_6039712AHBR3258,6039712AHBR3258,MYS,Bags,MYR,2026-09-28,13000.00,13750.00,0.0577,increase
ff1057c88d4ce85ea6e1b7f4a527a580,Balenciaga_MYS_6039714G6ZW1090,6039714G6ZW1090,MYS,Bags,MYR,2026-09-28,46950.00,49750.00,0.0596,increase
26539da8460d71632a08b57441cadd56,Balenciaga_MYS_604342219829104,604342219829104,MYS,Accessories,MYR,2026-09-28,8450.00,9000.00,0.0651,increase
079b2ec4b9720cde3cbbdae6c37ea309,Balenciaga_MYS_6043422ABBQ0911,6043422ABBQ0911,MYS,Accessories,MYR,2026-09-28,8400.00,8900.00,0.0595,increase
52336849dcb35165e72485e9329ae2f8,Balenciaga_MYS_6043424G58X9000,6043424G58X9000,MYS,Accessories,MYR,2026-09-28,20750.00,22000.00,0.0602,increase
fc0588d06ed40280ab37dfc70698103d,Balenciaga_MYS_604342TN9E49000,604342TN9E49000,MYS,Accessories,MYR,2026-09-28,9700.00,10300.00,0.0619,increase
9d04c939f43e55112a6531692830e0f2,Balenciaga_MYS_605291218ME1000,605291218ME1000,MYS,Small Leather Goods,MYR,2026-09-28,1850.00,1950.00,0.0541,increase
2c60223f330bdc02ff75661264e4f985,Balenciaga_MYS_6052912ABSR1210,6052912ABSR1210,MYS,Small Leather Goods,MYR,2026-09-28,2050.00,2150.00,0.0488,increase
07ac6c59ada2aa14bc40ac49f13952cb,Balenciaga_MYS_6067874GSEE1084,6067874GSEE1084,MYS,Bags,MYR,2026-09-28,12600.00,13400.00,0.0635,increase
094d71f314bd0d8f3bf021a0fd774ec9,Balenciaga_MYS_606787WJ1DK1251,606787WJ1DK1251,MYS,Bags,MYR,2026-09-28,10300.00,10900.00,0.0583,increase
598ea22a7b5dad75b04e17e9d3bef674,Balenciaga_MYS_6068722A74C0911,6068722A74C0911,MYS,Small Leather Goods,MYR,2026-09-28,2000.00,2150.00,0.0750,increase
20d5665779e3f9d81ead8ca20ac9880c,Balenciaga_MYS_606872TJ2VY9000,606872TJ2VY9000,MYS,Bags,MYR,2026-09-28,3850.00,4100.00,0.0649,increase
2afcd2736c3b47299a15af03dc2155c5,Balenciaga_MYS_606872TTD4I1000,606872TTD4I1000,MYS,Small Leather Goods,MYR,2026-09-28,2700.00,2850.00,0.0556,increase
f3a8c820bc85fe3e200cd755fcff71a4,Balenciaga_MYS_606872WCITL8065,606872WCITL8065,MYS,Accessories,MYR,2026-09-28,1350.00,1400.00,0.0370,increase
74e82598e8a839be1f6967330f25ffe0,Balenciaga_MYS_6081552A3911090,6081552A3911090,MYS,Bags,MYR,2026-09-28,3350.00,3500.00,0.0448,increase
891320f9e1cd16f980792a628752e4d4,Balenciaga_MYS_6090452AB6B0926,6090452AB6B0926,MYS,Small Leather Goods,MYR,2026-09-28,1800.00,1900.00,0.0556,increase
214229d938dc23054979fd445b832d08,Balenciaga_MYS_6090454GFZ40926,6090454GFZ40926,MYS,Small Leather Goods,MYR,2026-09-28,4600.00,4900.00,0.0652,increase
f4aea7c17ef728e9cd7bfb294660aa97,Balenciaga_MYS_6097644GYE99104,6097644GYE99104,MYS,Accessories,MYR,2026-09-28,1850.00,1950.00,0.0541,increase
8d062a5a69c1f90de3cd3ff729c3005b,Balenciaga_MYS_609764W580V9002,609764W580V9002,MYS,Accessories,MYR,2026-09-28,2450.00,2600.00,0.0612,increase
e874a60ef8e63e0de008ace3b95f681d,Balenciaga_MYS_6106004GZJF9104,6106004GZJF9104,MYS,Bags,MYR,2026-09-28,7850.00,8300.00,0.0573,increase
105fa74a69781852989fcbce386d04aa,Balenciaga_MYS_610600WI7Z98065,610600WI7Z98065,MYS,Bags,MYR,2026-09-28,4050.00,4300.00,0.0617,increase
ac40bbaa96366eab1af096311cc49b8b,Balenciaga_MYS_6115974G4912308,6115974G4912308,MYS,Bags,MYR,2026-09-28,5100.00,5400.00,0.0588,increase
dcd25c1cd7a11e61a622cefca85730ba,Balenciaga_MYS_614404TT16Q1251,614404TT16Q1251,MYS,Bags,MYR,2026-09-28,12950.00,13750.00,0.0618,increase
63937f9b0bd9436590a91f400e0f2bb8,Balenciaga_MYS_615434215P10926,615434215P10926,MYS,Bags,MYR,2026-09-28,20950.00,22200.00,0.0597,increase
319d1cdec858985b23bc3d0cf873c294,Balenciaga_MYS_6154342AB0Q2533,6154342AB0Q2533,MYS,Bags,MYR,2026-09-28,13400.00,14200.00,0.0597,increase
d4aa608b2cda3132775f36790ff0e2bb,Balenciaga_MYS_6154342AFAB4011,6154342AFAB4011,MYS,Bags,MYR,2026-09-28,10450.00,11050.00,0.0574,increase
128f4c9b78f1bcf075ba115ba76fde6f,Balenciaga_MYS_6154344GBXM0926,6154344GBXM0926,MYS,Bags,MYR,2026-09-28,11350.00,12050.00,0.0617,increase
5df4dc90de0476da4d8f7b806530debe,Balenciaga_MYS_6154344GF5T2308,6154344GF5T2308,MYS,Bags,MYR,2026-09-28,9150.00,9650.00,0.0546,increase
338efcb3f850e3aef716ba210539f017,Balenciaga_MYS_615434TT9YP0127,615434TT9YP0127,MYS,Bags,MYR,2026-09-28,9600.00,10200.00,0.0625,increase
88df1b191da2c739d74b9fa3545a6293,Balenciaga_MYS_61818021PJ51090,61818021PJ51090,MYS,Accessories,MYR,2026-09-28,1400.00,1500.00,0.0714,increase
688f1a3ccc5ec137df4a8bc91718b80e,Balenciaga_MYS_6181802A8GI8065,6181802A8GI8065,MYS,Accessories,MYR,2026-09-28,6850.00,7300.00,0.0657,increase
1ecf47702caf47eb5d0e7d944ab8e1ac,Balenciaga_MYS_6181802ABRM1084,6181802ABRM1084,MYS,Accessories,MYR,2026-09-28,6900.00,7350.00,0.0652,increase
15c0af87af9bea05426c935e04957e34,Balenciaga_MYS_618809TH1H49020,618809TH1H49020,MYS,Small Leather Goods,MYR,2026-09-28,7400.00,7850.00,0.0608,increase
1cc1e0a5be76fcac6809f6b9be21d1b9,Balenciaga_MYS_618809WDY7T2840,618809WDY7T2840,MYS,Small Leather Goods,MYR,2026-09-28,18600.00,19700.00,0.0591,increase
01c90a2bd607550347f2954b2f0a9715,Balenciaga_MYS_61979921UMQ9000,61979921UMQ9000,MYS,Small Leather Goods,MYR,2026-09-28,1800.00,1900.00,0.0556,increase
fe557fecbbb29f57a521644b694bb6b7,Balenciaga_MYS_6197992ABGI2840,6197992ABGI2840,MYS,Small Leather Goods,MYR,2026-09-28,1350.00,1450.00,0.0741,increase
ca84cd0a57d26a837cb8427168538bae,Balenciaga_MYS_6200252AB6C2840,6200252AB6C2840,MYS,Bags,MYR,2026-09-28,10900.00,11550.00,0.0596,increase
45257269375ff3830eff5775ac3b10ba,Balenciaga_MYS_620025TTOCR3258,620025TTOCR3258,MYS,Bags,MYR,2026-09-28,13100.00,13900.00,0.0611,increase
1a951ba404ab31c76347d2567826b7c8,Balenciaga_MYS_6206382A28F2533,6206382A28F2533,MYS,Bags,MYR,2026-09-28,13700.00,14550.00,0.0620,increase
bf187ab461c8848f9fa38f4a1c66ff04,Balenciaga_MYS_62422121YB51240,62422121YB51240,MYS,Bags,MYR,2026-09-28,2650.00,2800.00,0.0566,increase
f12f8bf65797ea7877df00eaa1579909,Balenciaga_MYS_624221TTQWM8065,624221TTQWM8065,MYS,Bags,MYR,2026-09-28,2700.00,2850.00,0.0556,increase
1eecfe9055f2a7ea2fdd3e3d0f436c93,Balenciaga_MYS_624221WD4EL9020,624221WD4EL9020,MYS,Bags,MYR,2026-09-28,5850.00,6200.00,0.0598,increase
931a743d622f5755e72cc1dfbcd62f48,Balenciaga_MYS_627903TTOKK2840,627903TTOKK2840,MYS,Bags,MYR,2026-09-28,1850.00,1950.00,0.0541,increase
a747936038ffac8ca8a81a9926cf6c8c,Balenciaga_MYS_6305072110B1041,6305072110B1041,MYS,Bags,MYR,2026-09-28,18300.00,19400.00,0.0601,increase
e1168dc8feff0de03e84fde9656d4fa4,Balenciaga_MYS_63050721WLN1251,63050721WLN1251,MYS,Bags,MYR,2026-09-28,8850.00,9400.00,0.0621,increase
977b09f1f09761deb8859ea39d1b5152,Balenciaga_MYS_630507TTWFZ1240,630507TTWFZ1240,MYS,Bags,MYR,2026-09-28,15250.00,16150.00,0.0590,increase
f0bc1cb77ac4e727746adf9edf5e240b,Balenciaga_MYS_630507WZAMO2533,630507WZAMO2533,MYS,Bags,MYR,2026-09-28,18450.00,19600.00,0.0623,increase
83c6f562172bbffbb530a1045dbb5204,Balenciaga_MYS_6319002AAW31090,6319002AAW31090,MYS,Bags,MYR,2026-09-28,9900.00,10500.00,0.0606,increase
9ab7d5cf904afa768977d7559224ebba,Balenciaga_MYS_6319002ABTX1000,6319002ABTX1000,MYS,Bags,MYR,2026-09-28,13600.00,14400.00,0.0588,increase
824241894d755e8144eef649d66554e8,Balenciaga_MYS_6319002AWRE9104,6319002AWRE9104,MYS,Bags,MYR,2026-09-28,13200.00,13950.00,0.0568,increase
94353b27d165291e800cfd33a2651000,Balenciaga_MYS_6319004GBUF5723,6319004GBUF5723,MYS,Bags,MYR,2026-09-28,14050.00,14900.00,0.0605,increase
2badf9e2e8ef5c2e3816a15d289a6500,Balenciaga_MYS_631900TT6TA9000,631900TT6TA9000,MYS,Bags,MYR,2026-09-28,9750.00,10300.00,0.0564,increase
13324724e2e364bc32d005b739e3fc57,Balenciaga_MYS_631900TTHUH1000,631900TTHUH1000,MYS,Bags,MYR,2026-09-28,11450.00,12150.00,0.0611,increase
740bb483ac782ec5676d77c778e8d021,Balenciaga_MYS_631900TTM6O1000,631900TTM6O1000,MYS,Bags,MYR,2026-09-28,14100.00,14950.00,0.0603,increase
9f8b8ed5dda2598e4e7a221d41c3af96,Balenciaga_MYS_631900WDUX21090,631900WDUX21090,MYS,Bags,MYR,2026-09-28,15900.00,16850.00,0.0597,increase
ec1dffb0c2b32f2acba490df9bb6b1c7,Balenciaga_MYS_631900WFXVH1000,631900WFXVH1000,MYS,Bags,MYR,2026-09-28,11750.00,12450.00,0.0596,increase
d7711f6ebc08fff67204c49e28fa8031,Balenciaga_MYS_63238321K5N1090,63238321K5N1090,MYS,Small Leather Goods,MYR,2026-09-28,17550.00,18600.00,0.0598,increase
7c97a412a7956ce2bfe541e9ce8ccaf3,Balenciaga_MYS_6341232ABT41041,6341232ABT41041,MYS,Bags,MYR,2026-09-28,5650.00,6000.00,0.0619,increase
b00d511210c212a0c96a9b83225f5eb7,Balenciaga_MYS_634123TF2SO0911,634123TF2SO0911,MYS,Bags,MYR,2026-09-28,7150.00,7600.00,0.0629,increase
c958de6d53118fe156100c0f651360ca,Balenciaga_MYS_634123TTEWD5723,634123TTEWD5723,MYS,Bags,MYR,2026-09-28,15850.00,16800.00,0.0599,increase
27d8e7fd0ec6d9a74c6463ff27f90551,Balenciaga_MYS_639916T3NGA1000,639916T3NGA1000,MYS,Small Leather Goods,MYR,2026-09-28,8200.00,8700.00,0.0610,increase
edec285b59b02181c52516959abfa3ae,Balenciaga_MYS_6416162ABYP9002,6416162ABYP9002,MYS,Bags,MYR,2026-09-28,6500.00,6850.00,0.0538,increase
6e7ffffb98c191a22a4d862da3c700cb,Balenciaga_MYS_6482272AB7M0127,6482272AB7M0127,MYS,Bags,MYR,2026-09-28,4550.00,4850.00,0.0659,increase
90980b84d49dc11ab51b4d0c4eace3bf,Balenciaga_MYS_648227WHLJF3258,648227WHLJF3258,MYS,Bags,MYR,2026-09-28,14300.00,15150.00,0.0594,increase
4879f35d1ab41f81a7a22a04aa2ca05e,Balenciaga_MYS_65021421L5I4200,65021421L5I4200,MYS,Small Leather Goods,MYR,2026-09-28,1800.00,1900.00,0.0556,increase
0df9683006b1a9e539e07b2a67c538e9,Balenciaga_MYS_6502142A5IF9000,6502142A5IF9000,MYS,Small Leather Goods,MYR,2026-09-28,1300.00,1400.00,0.0769,increase
7c78f19ddd33148eccabfab4147e3605,Balenciaga_MYS_65463321I4N1000,65463321I4N1000,MYS,Bags,MYR,2026-09-28,4250.00,4500.00,0.0588,increase
c93eac83353e4dd8258b8cf73c3011e3,Balenciaga_MYS_6582622A6FA9020,6582622A6FA9020,MYS,Bags,MYR,2026-09-28,7600.00,8050.00,0.0592,increase
fc146d5560bf91222fd363de121b8904,Balenciaga_MYS_658262W7ZM61090,658262W7ZM61090,MYS,Bags,MYR,2026-09-28,2150.00,2250.00,0.0465,increase
80a52fd8859767f2c1db7a7bf92d7f6a,Balenciaga_MYS_6595782AB1G2533,6595782AB1G2533,MYS,Bags,MYR,2026-09-28,1350.00,1450.00,0.0741,increase
962a3087d81b611857f8c1224ee09f4e,Balenciaga_MYS_659578WTHGI0127,659578WTHGI0127,MYS,Bags,MYR,2026-09-28,1950.00,2100.00,0.0769,increase
f624e82ece626edbc9c6a370f183ad82,Balenciaga_MYS_664769WDPAE8065,664769WDPAE8065,MYS,Bags,MYR,2026-09-28,10450.00,11100.00,0.0622,increase
7851878bf1785c6a9340b2fb83c84e6a,Balenciaga_MYS_6661592ABB71000,6661592ABB71000,MYS,Small Leather Goods,MYR,2026-09-28,4050.00,4300.00,0.0617,increase
29a6e4b40b1f1dbabcc56f884e18dd68,Balenciaga_MYS_666159TT9KL9000,666159TT9KL9000,MYS,Small Leather Goods,MYR,2026-09-28,1350.00,1450.00,0.0741,increase
1c88350fa89838228bc4443517949405,Balenciaga_MYS_668213WBX4D2533,668213WBX4D2533,MYS,Bags,MYR,2026-09-28,12950.00,13750.00,0.0618,increase
b9c3f04ffb0912f3f5ce6d45e59ed8b8,Balenciaga_MYS_668213WIM2Q0911,668213WIM2Q0911,MYS,Bags,MYR,2026-09-28,12150.00,12850.00,0.0576,increase
81b45e9e5a777d47362d7a7078715c44,Balenciaga_MYS_6703942ADO60911,6703942ADO60911,MYS,Small Leather Goods,MYR,2026-09-28,1800.00,1900.00,0.0556,increase
dd4ff872a930699e4bf2d203f7d18cf2,Balenciaga_MYS_6703942AJWP9002,6703942AJWP9002,MYS,Small Leather Goods,MYR,2026-09-28,1300.00,1400.00,0.0769,increase
603ec57277cd73574162f493511119a0,Balenciaga_MYS_6703944GWYS4200,6703944GWYS4200,MYS,Small Leather Goods,MYR,2026-09-28,1650.00,1750.00,0.0606,increase
36995f4dd0193975caa0afdf34913b4a,Balenciaga_MYS_6704764GD9W5723,6704764GD9W5723,MYS,Bags,MYR,2026-09-28,2050.00,2150.00,0.0488,increase
cbd07a740c4d279cc642799e7f0eff2c,Balenciaga_MYS_673470TS1LV2533,673470TS1LV2533,MYS,Accessories,MYR,2026-09-28,1350.00,1450.00,0.0741,increase
41e0716fd9f109d4177fc92b817aa3c5,Balenciaga_MYS_67679221VL61210,67679221VL61210,MYS,Bags,MYR,2026-09-28,12100.00,12850.00,0.0620,increase
01519cf88d6f35181c78650a610ded8c,Balenciaga_MYS_6767922AB4K1090,6767922AB4K1090,MYS,Bags,MYR,2026-09-28,7300.00,7750.00,0.0616,increase
7ce010caf08bf0c3f0a738b26a3d7446,Balenciaga_MYS_6767922APFE1000,6767922APFE1000,MYS,Bags,MYR,2026-09-28,10450.00,11100.00,0.0622,increase
01263141edb31b6272d8aa834cb1fc2c,Balenciaga_MYS_676820WGNH62533,676820WGNH62533,MYS,Bags,MYR,2026-09-28,10950.00,11600.00,0.0594,increase
f466ca90a412fa931eb946d9accc39ae,Balenciaga_MYS_6778232A4ZU9020,6778232A4ZU9020,MYS,Bags,MYR,2026-09-28,12350.00,13100.00,0.0607,increase
29c77fc8e76dc5bf9041d569a01527f9,Balenciaga_MYS_6778234GNKV1000,6778234GNKV1000,MYS,Bags,MYR,2026-09-28,9750.00,10350.00,0.0615,increase
de1dbee4a0cc211805618e7d1c9b3d4d,Balenciaga_MYS_677823TPXBN1090,677823TPXBN1090,MYS,Bags,MYR,2026-09-28,14850.00,15750.00,0.0606,increase
1d0dbea947e159d8e622073a8e94cb82,Balenciaga_MYS_6786802AEJ81000,6786802AEJ81000,MYS,Small Leather Goods,MYR,2026-09-28,10400.00,11000.00,0.0577,increase
6671776df834ea7afe2f435b55254377,Balenciaga_MYS_6869382ABCP0911,6869382ABCP0911,MYS,Bags,MYR,2026-09-28,12900.00,13700.00,0.0620,increase
c55f68714a57635e949a0c227c6b3c9a,Balenciaga_MYS_6871014GGDU8122,6871014GGDU8122,MYS,Bags,MYR,2026-09-28,6000.00,6400.00,0.0667,increase
7605c62e055ab114080b52c1e1e47aea,Balenciaga_MYS_687101TK1EY1000,687101TK1EY1000,MYS,Bags,MYR,2026-09-28,14100.00,14950.00,0.0603,increase
38750b8b04fabaef9ffb98a520c5d833,Balenciaga_MYS_687101TTS681000,687101TTS681000,MYS,Bags,MYR,2026-09-28,10450.00,11100.00,0.0622,increase
032a6dccef87604ed4c65686b85add5c,Balenciaga_MYS_6873682AB3L1000,6873682AB3L1000,MYS,Bags,MYR,2026-09-28,19250.00,20450.00,0.0623,increase
1b823d8479dacd22095bf3125ec119f8,Balenciaga_MYS_6873682ABYE2308,6873682ABYE2308,MYS,Bags,MYR,2026-09-28,15300.00,16200.00,0.0588,increase
60c1e1bdc489c218942ce44748d8a1df,Balenciaga_MYS_6873684GEGI1210,6873684GEGI1210,MYS,Bags,MYR,2026-09-28,10100.00,10750.00,0.0644,increase
ebe7f2aed7db906b2ef25a1d6610ca71,Balenciaga_MYS_687755WZQV70926,687755WZQV70926,MYS,Small Leather Goods,MYR,2026-09-28,2300.00,2450.00,0.0652,increase
f46264d58f3bc454c7ddaa2ddaf23453,Balenciaga_MYS_690455WM0LO0926,690455WM0LO0926,MYS,Small Leather Goods,MYR,2026-09-28,4350.00,4600.00,0.0575,increase
ead31d3da30baf7c4b577bb065ce655e,Balenciaga_MYS_690455WV5SI9002,690455WV5SI9002,MYS,Small Leather Goods,MYR,2026-09-28,5750.00,6050.00,0.0522,increase
f5ce1c4f34bdf50cdc5bd7bb46479557,Balenciaga_MYS_698478T6LAH9020,698478T6LAH9020,MYS,Bags,MYR,2026-09-28,18950.00,20050.00,0.0580,increase
30d7884a0ad06901a6a5d0ded2b880e4,Balenciaga_MYS_698478TK52K4200,698478TK52K4200,MYS,Bags,MYR,2026-09-28,3650.00,3900.00,0.0685,increase
d0672a41f07a553d70e91f0570d6400f,Balenciaga_MYS_698478WAG0O0911,698478WAG0O0911,MYS,Bags,MYR,2026-09-28,3850.00,4050.00,0.0519,increase
6c3d0f1ed8ba86ffa30cf7b866214da7,Balenciaga_MYS_706014TT5D61000,706014TT5D61000,MYS,Bags,MYR,2026-09-28,2500.00,2600.00,0.0400,increase
f644a2b2f6eed1b8c1051c3af507f3c9,Balenciaga_MYS_706014TTHIA8065,706014TTHIA8065,MYS,Bags,MYR,2026-09-28,2250.00,2400.00,0.0667,increase
b327c025f27adce789dba606405a1cbf,Balenciaga_MYS_706014TV8UH1084,706014TV8UH1084,MYS,Bags,MYR,2026-09-28,3550.00,3750.00,0.0563,increase
753b7186a5fffd6467e8ce11b8376c4c,Balenciaga_MYS_7066122A50P3258,7066122A50P3258,MYS,Small Leather Goods,MYR,2026-09-28,5100.00,5400.00,0.0588,increase
b08eb6c1ba532788ac388f26ab582ff9,Balenciaga_MYS_7066122AB3X1000,7066122AB3X1000,MYS,Small Leather Goods,MYR,2026-09-28,5000.00,5300.00,0.0600,increase
688a9f678865bd48c51902850cf62720,Balenciaga_MYS_7066122AY6L8065,7066122AY6L8065,MYS,Small Leather Goods,MYR,2026-09-28,10250.00,10850.00,0.0585,increase
b2e4c6795bee1a5388f2bae883969ec6,Balenciaga_MYS_706612TTDZG0926,706612TTDZG0926,MYS,Small Leather Goods,MYR,2026-09-28,3800.00,4000.00,0.0526,increase
d35255fa298ca3c2c926d0dd47d92259,Balenciaga_MYS_706612WBFE11090,706612WBFE11090,MYS,Small Leather Goods,MYR,2026-09-28,1450.00,1550.00,0.0690,increase
6201bffc7ed9df467769135a85de772f,Balenciaga_MYS_7089882AB993258,7089882AB993258,MYS,Small Leather Goods,MYR,2026-09-28,2950.00,3100.00,0.0508,increase
fd8a7b67f0e3f3e7a4fa811855facc46,Balenciaga_MYS_71088921W3O1240,71088921W3O1240,MYS,Small Leather Goods,MYR,2026-09-28,2500.00,2650.00,0.0600,increase
91af35f809d077d21f37903026e03440,Balenciaga_MYS_7108894GUHQ1000,7108894GUHQ1000,MYS,Small Leather Goods,MYR,2026-09-28,2550.00,2700.00,0.0588,increase
aee556f198812cd2bfa4074a045ed488,Balenciaga_MYS_711160WE21T1240,711160WE21T1240,MYS,Small Leather Goods,MYR,2026-09-28,1400.00,1500.00,0.0714,increase
7cf364a1bd7a6a195e1fa1378f7c62a6,Balenciaga_MYS_711160WOZ6M4011,711160WOZ6M4011,MYS,Small Leather Goods,MYR,2026-09-28,1800.00,1950.00,0.0833,increase
6c95bd93bf7ab7607f746f4d11a0e614,Balenciaga_MYS_7134902AB1H4200,7134902AB1H4200,MYS,Bags,MYR,2026-09-28,15300.00,16200.00,0.0588,increase
2814baf5993d0aef1e604e732d6bd035,Balenciaga_MYS_713490TTJ7K2533,713490TTJ7K2533,MYS,Bags,MYR,2026-09-28,14400.00,15300.00,0.0625,increase
c8799bb3b0ab42df5b13b6d3e49c55a0,Balenciaga_MYS_7163572AY874200,7163572AY874200,MYS,Bags,MYR,2026-09-28,13800.00,14650.00,0.0616,increase
08b5962b75351aeb85f56575ea6800a0,Balenciaga_MYS_7163574GQBG9000,7163574GQBG9000,MYS,Bags,MYR,2026-09-28,10100.00,10700.00,0.0594,increase
fa2ae24cb7f37f5820b771f3524ab85e,Balenciaga_MYS_7238022ALQU5723,7238022ALQU5723,MYS,Bags,MYR,2026-09-28,8100.00,8600.00,0.0617,increase
2224a4893736438d1ad175bd5b246f97,Balenciaga_MYS_723802TPE569000,723802TPE569000,MYS,Bags,MYR,2026-09-28,8000.00,8500.00,0.0625,increase
79e8630c5a8e153379f01fa61e3e7982,Balenciaga_MYS_723802TTN6J5723,723802TTN6J5723,MYS,Bags,MYR,2026-09-28,21950.00,23300.00,0.0615,increase
b73f54400aff03e1681386bed799e573,Balenciaga_MYS_7247992ABQG0926,7247992ABQG0926,MYS,Small Leather Goods,MYR,2026-09-28,3600.00,3800.00,0.0556,increase
c40ba09b3e89f46a20da9856577fc3a7,Balenciaga_MYS_72532821OA90911,72532821OA90911,MYS,Small Leather Goods,MYR,2026-09-28,3400.00,3650.00,0.0735,increase
cc94ae16bd7ebf03fc0dbb2fe2e8b087,Balenciaga_MYS_725328TTV443258,725328TTV443258,MYS,Small Leather Goods,MYR,2026-09-28,1300.00,1350.00,0.0385,increase
35d33bde2f0d3c349afd1663a9b5633d,Balenciaga_MYS_72600621HFN1210,72600621HFN1210,MYS,Bags,MYR,2026-09-28,15900.00,16850.00,0.0597,increase
c25faad5dced01310659f81631295695,Balenciaga_MYS_7260062AINV9000,7260062AINV9000,MYS,Bags,MYR,2026-09-28,9850.00,10450.00,0.0609,increase
2c060959ddabcf44d9f0dbbf46f849df,Balenciaga_MYS_7260064GLKM1000,7260064GLKM1000,MYS,Bags,MYR,2026-09-28,13450.00,14250.00,0.0595,increase
2e4d56741c3acb6327234550b877087e,Balenciaga_MYS_7283052ABY31090,7283052ABY31090,MYS,Bags,MYR,2026-09-28,16350.00,17350.00,0.0612,increase
3f2b04958f2da7397edef4899e7fed9f,Balenciaga_MYS_728305TUZCI4011,728305TUZCI4011,MYS,Bags,MYR,2026-09-28,20200.00,21400.00,0.0594,increase
7a98046164b7c6607a3d9672f356befb,Balenciaga_MYS_72872721NOR1090,72872721NOR1090,MYS,Bags,MYR,2026-09-28,10350.00,10950.00,0.0580,increase
f9ec458f236501061276427b3d16aff7,Balenciaga_MYS_728727WEHTC8065,728727WEHTC8065,MYS,Bags,MYR,2026-09-28,13200.00,14000.00,0.0606,increase
8738fe017a3980e16a61f49d578c090e,Balenciaga_MYS_72918421GJI3258,72918421GJI3258,MYS,Bags,MYR,2026-09-28,12900.00,13700.00,0.0620,increase
92e213fb3763b13a3b5ce8fdcf3fff2f,Balenciaga_MYS_7297992A1LP1000,7297992A1LP1000,MYS,Bags,MYR,2026-09-28,9300.00,9850.00,0.0591,increase
4841346eebd70b33464a8c4c66d0cf89,Balenciaga_MYS_7297992ABTM0926,7297992ABTM0926,MYS,Bags,MYR,2026-09-28,7200.00,7650.00,0.0625,increase
683e374dd1d16f1fddb9ba4f0f678ca8,Balenciaga_MYS_7297992ACVY2840,7297992ACVY2840,MYS,Bags,MYR,2026-09-28,7850.00,8350.00,0.0637,increase
8cc7c53d4562fa28da2bd371932cedd3,Balenciaga_MYS_729799TTQ0W0911,729799TTQ0W0911,MYS,Bags,MYR,2026-09-28,15250.00,16150.00,0.0590,increase
3bf3ce3a6d5684cab295875662ca15fd,Balenciaga_MYS_729799W4YYO2533,729799W4YYO2533,MYS,Bags,MYR,2026-09-28,9450.00,10000.00,0.0582,increase
38f48634748fcebb705da4174e666194,Balenciaga_MYS_7311302ABV99104,7311302ABV99104,MYS,Bags,MYR,2026-09-28,7100.00,7550.00,0.0634,increase
3c45714b1779c4b268242016b8213981,Balenciaga_MYS_731130TEWXC1000,731130TEWXC1000,MYS,Bags,MYR,2026-09-28,7550.00,8000.00,0.0596,increase
027473b0379c914dbfd59c410c46ae6d,Balenciaga_MYS_734797W7EBY1041,734797W7EBY1041,MYS,Accessories,MYR,2026-09-28,10450.00,11100.00,0.0622,increase
f299c798aa839525a9b2e9320ef83f87,Balenciaga_MYS_7378382ABGT0926,7378382ABGT0926,MYS,Bags,MYR,2026-09-28,6550.00,6950.00,0.0611,increase
8b438738840c9fe86938d8a7ba75f159,Balenciaga_MYS_74009021IIT1084,74009021IIT1084,MYS,Small Leather Goods,MYR,2026-09-28,3450.00,3650.00,0.0580,increase
ee5d3fa0dcc185bf47abfb682af91c41,Balenciaga_MYS_7400904G1H21240,7400904G1H21240,MYS,Small Leather Goods,MYR,2026-09-28,2050.00,2150.00,0.0488,increase
7940827c89008189dc80c3e7589a7f67,Balenciaga_MYS_740090TT35C4011,740090TT35C4011,MYS,Small Leather Goods,MYR,2026-09-28,4700.00,4950.00,0.0532,increase
6bc99ede3ce7961d8a47075fbeae8bc5,Balenciaga_MYS_7434644GJUQ1251,7434644GJUQ1251,MYS,Small Leather Goods,MYR,2026-09-28,6500.00,6900.00,0.0615,increase
d2d1478d9429b234b654439a9fd674c5,Balenciaga_MYS_74818821RAQ1000,74818821RAQ1000,MYS,Small Leather Goods,MYR,2026-09-28,1450.00,1550.00,0.0690,increase
384c8ce1201e887f228403ab62a41c68,Balenciaga_MYS_7481882ABWW0911,7481882ABWW0911,MYS,Small Leather Goods,MYR,2026-09-28,2450.00,2600.00,0.0612,increase
c6913a3b6711725e081aadffc9ca0013,Balenciaga_MYS_7481884GUB61000,7481884GUB61000,MYS,Small Leather Goods,MYR,2026-09-28,3050.00,3250.00,0.0656,increase
e40a6c5ac5712c6d86ae949fde122a2e,Balenciaga_MYS_7483542ABV39020,7483542ABV39020,MYS,Bags,MYR,2026-09-28,22450.00,23800.00,0.0601,increase
079df4d51fe873fe0a1e468699468df7,Balenciaga_MYS_748354T1COL0911,748354T1COL0911,MYS,Bags,MYR,2026-09-28,10450.00,11050.00,0.0574,increase
8411a615f3a5ad5006e0913e5e82ec0c,Balenciaga_MYS_7517282110W1090,7517282110W1090,MYS,Small Leather Goods,MYR,2026-09-28,5950.00,6300.00,0.0588,increase
e65f30100321e19455f3a77e39c00fe5,Balenciaga_MYS_75172821F7M1210,75172821F7M1210,MYS,Small Leather Goods,MYR,2026-09-28,4750.00,5050.00,0.0632,increase
2d69ae4900c6278eb589ff1d8eab5689,Balenciaga_MYS_751728WJEN18122,751728WJEN18122,MYS,Small Leather Goods,MYR,2026-09-28,5050.00,5350.00,0.0594,increase
3e4b098c9f7f643b02b4f4d4abab4b37,Balenciaga_MYS_7616174GM071041,7616174GM071041,MYS,Small Leather Goods,MYR,2026-09-28,1550.00,1650.00,0.0645,increase
35cf4c7b9a7cef6000226d3c7c6279c1,Balenciaga_MYS_768723WND8D1000,768723WND8D1000,MYS,Shoes,MYR,2026-09-28,4800.00,4250.00,-0.1146,decrease
d7e9708a6481c84d239ce8263ef91488,Balenciaga_MYS_7702602AB191000,7702602AB191000,MYS,Bags,MYR,2026-09-28,14550.00,15400.00,0.0584,increase
1dd8bf34194641359e44786c51419701,Balenciaga_MYS_770260WXM7O1210,770260WXM7O1210,MYS,Bags,MYR,2026-09-28,15300.00,16200.00,0.0588,increase
6633db0e3bad15b887ac1b6cf5847605,Balenciaga_MYS_77077921FFS1090,77077921FFS1090,MYS,Small Leather Goods,MYR,2026-09-28,1400.00,1500.00,0.0714,increase
d207752a28021cd82d249818c9a51098,Balenciaga_MYS_77077921PII8122,77077921PII8122,MYS,Small Leather Goods,MYR,2026-09-28,2400.00,2550.00,0.0625,increase
34f75afc7c46d8eca8b411266394c315,Balenciaga_MYS_7707792A4VV4011,7707792A4VV4011,MYS,Small Leather Goods,MYR,2026-09-28,2050.00,2150.00,0.0488,increase
e46b5a34bd09b07a6e1c937fdc7ea201,Balenciaga_MYS_7707792ABU11084,7707792ABU11084,MYS,Small Leather Goods,MYR,2026-09-28,2000.00,2150.00,0.0750,increase
f2c08f5b2d30169dace3c387fdec666c,Balenciaga_MYS_7707792ALGH1000,7707792ALGH1000,MYS,Small Leather Goods,MYR,2026-09-28,5050.00,5350.00,0.0594,increase
7ccafd5483ad1c33dbda17c26112daf8,Balenciaga_MYS_7707794G8472308,7707794G8472308,MYS,Small Leather Goods,MYR,2026-09-28,3100.00,3300.00,0.0645,increase
04a7163bcaee743d06c8aa07db6a8cee,Balenciaga_MYS_7707794GGLA1090,7707794GGLA1090,MYS,Small Leather Goods,MYR,2026-09-28,1200.00,1250.00,0.0417,increase
c2881864ddfc2589cebebbc5682aa217,Balenciaga_MYS_770779TCSA20127,770779TCSA20127,MYS,Small Leather Goods,MYR,2026-09-28,940.00,1000.00,0.0638,increase
ce98588bedc2b7aec7538cfa22c71721,Balenciaga_MYS_7737734GF951000,7737734GF951000,MYS,Bags,MYR,2026-09-28,7800.00,8250.00,0.0577,increase
011bf2ffd5ba6efd2b139f9be520148a,Balenciaga_MYS_773773W5BMK1240,773773W5BMK1240,MYS,Bags,MYR,2026-09-28,11400.00,12050.00,0.0570,increase
04b48eb317c28b335100a3b71120fb6e,Balenciaga_MYS_775122WM5075723,775122WM5075723,MYS,Small Leather Goods,MYR,2026-09-28,2500.00,2650.00,0.0600,increase
3f99fc79503dbf62888837af635c29da,Balenciaga_MYS_7783482AAGM1041,7783482AAGM1041,MYS,Small Leather Goods,MYR,2026-09-28,4850.00,5100.00,0.0515,increase
92aa129f609466e2bb18754a322bdbb0,Balenciaga_MYS_7783482ABC80926,7783482ABC80926,MYS,Small Leather Goods,MYR,2026-09-28,2750.00,2950.00,0.0727,increase
1ecc20228f8e073c58686e2a9bbf29ba,Balenciaga_MYS_778348TTK6R9002,778348TTK6R9002,MYS,Small Leather Goods,MYR,2026-09-28,2650.00,2800.00,0.0566,increase
2a981ae1efd480b26bdcce251f0b6229,Balenciaga_MYS_778348TTMNA0911,778348TTMNA0911,MYS,Small Leather Goods,MYR,2026-09-28,3450.00,3700.00,0.0725,increase
cc836667c7e93720093b7a93dae9b929,Balenciaga_MYS_778348WUVHU1210,778348WUVHU1210,MYS,Small Leather Goods,MYR,2026-09-28,2550.00,2700.00,0.0588,increase
24834496692d5697a136fed9dece567e,Balenciaga_MYS_7793722AW9V1084,7793722AW9V1084,MYS,Bags,MYR,2026-09-28,9700.00,10300.00,0.0619,increase
3ce85a5f40c81708497ecaa7c8b6d03c,Balenciaga_MYS_779372TOH4Y5723,779372TOH4Y5723,MYS,Bags,MYR,2026-09-28,12650.00,13400.00,0.0593,increase
cd7c02ae1d7f092db598597c75b125dc,Balenciaga_MYS_779797T061J1041,779797T061J1041,MYS,Bags,MYR,2026-09-28,14850.00,15750.00,0.0606,increase
1f9d03b4b8327e754e12d8a1736d67a9,Balenciaga_MYS_78309721JPY0127,78309721JPY0127,MYS,Accessories,MYR,2026-09-28,10800.00,11450.00,0.0602,increase
148f2aaa5bc291f5188ed82febab8d30,Balenciaga_MYS_7830974GC5O8065,7830974GC5O8065,MYS,Accessories,MYR,2026-09-28,12100.00,12850.00,0.0620,increase
9d8f6294807b5db0a12b08035a6aad02,Balenciaga_MYS_783097T88LE4011,783097T88LE4011,MYS,Accessories,MYR,2026-09-28,10350.00,11000.00,0.0628,increase
435e26be977abd4f51b47193094b438d,Balenciaga_MYS_7842954GWXL2308,7842954GWXL2308,MYS,Bags,MYR,2026-09-28,14900.00,15800.00,0.0604,increase
cd3287ff63b55e3c210dbff0e4f88173,Balenciaga_MYS_7846182AWFP1090,7846182AWFP1090,MYS,Accessories,MYR,2026-09-28,1500.00,1600.00,0.0667,increase
8a6a46400824884fc71fe5d455c6f723,Balenciaga_MYS_786691213DR2308,786691213DR2308,MYS,Bags,MYR,2026-09-28,14650.00,15550.00,0.0614,increase
c6cd7f2510a18776a6e86b24681a85a4,Balenciaga_MYS_7866912A6IT9002,7866912A6IT9002,MYS,Bags,MYR,2026-09-28,9850.00,10450.00,0.0609,increase
fa72622e627c0ce04e58e6ab295d0994,Balenciaga_MYS_7866912ABIU2308,7866912ABIU2308,MYS,Bags,MYR,2026-09-28,4600.00,4900.00,0.0652,increase
aa194929fcbe11f49419a740b60bdbaa,Balenciaga_MYS_7866912AENG9104,7866912AENG9104,MYS,Bags,MYR,2026-09-28,5600.00,5950.00,0.0625,increase
72608fefa7a054713538098a23f28098,Balenciaga_MYS_79014021E841041,79014021E841041,MYS,Small Leather Goods,MYR,2026-09-28,5800.00,6150.00,0.0603,increase
207bf044302aaee432e7e44c3a6cc587,Balenciaga_MYS_7901402AB731000,7901402AB731000,MYS,Small Leather Goods,MYR,2026-09-28,5500.00,5850.00,0.0636,increase
152ae8b7b4552be0c1ef4a2b429374b6,Balenciaga_MYS_790421216UF9020,790421216UF9020,MYS,Small Leather Goods,MYR,2026-09-28,13200.00,14000.00,0.0606,increase
3314fa2820da189dd456523e827dbc41,Balenciaga_MYS_790421WLLWX1000,790421WLLWX1000,MYS,Small Leather Goods,MYR,2026-09-28,12050.00,12750.00,0.0581,increase
b8c9a328b52c042730162a6a318bef5a,Balenciaga_MYS_791061TTORO1090,791061TTORO1090,MYS,Bags,MYR,2026-09-28,13300.00,14050.00,0.0564,increase
fdc8861cade353214092cb35e2dc9b3a,Balenciaga_MYS_792932218SJ1240,792932218SJ1240,MYS,Bags,MYR,2026-09-28,12900.00,13650.00,0.0581,increase
a1c2450213d6123281ba2a4f6a1cd671,Balenciaga_MYS_792932219O01251,792932219O01251,MYS,Bags,MYR,2026-09-28,13400.00,14200.00,0.0597,increase
97839a3ebcc2d5fc3f047a00816f01fc,Balenciaga_MYS_792932W27C95723,792932W27C95723,MYS,Bags,MYR,2026-09-28,16250.00,17200.00,0.0585,increase
c29fdd594462f765706553337a37d0a5,Balenciaga_MYS_7986072AB0P4011,7986072AB0P4011,MYS,Small Leather Goods,MYR,2026-09-28,2150.00,2250.00,0.0465,increase
5ecc433ddf4c2138f890a995b83c57e5,Balenciaga_MYS_798607WHH8S8065,798607WHH8S8065,MYS,Small Leather Goods,MYR,2026-09-28,1500.00,1600.00,0.0667,increase
297b6c42ca2d2d8b2abe9bc3abd7eb84,Balenciaga_MYS_8044914G46E1000,8044914G46E1000,MYS,Small Leather Goods,MYR,2026-09-28,2650.00,2850.00,0.0755,increase
90b8b2d05286bd897dcbd69528574d05,Balenciaga_MYS_8088952AB0I2840,8088952AB0I2840,MYS,Bags,MYR,2026-09-28,15250.00,16200.00,0.0623,increase
ee97bc85bb2eebf02fb910b2afbe4574,Balenciaga_MYS_8088952AM3D0127,8088952AM3D0127,MYS,Bags,MYR,2026-09-28,12750.00,13550.00,0.0627,increase
1df8f73c9c8476a76d3fbd032e0a7f36,Balenciaga_MYS_808895TOVIZ2533,808895TOVIZ2533,MYS,Bags,MYR,2026-09-28,16850.00,17850.00,0.0593,increase
47122a2b7022b15a8263b2915d41f8ae,Balenciaga_MYS_8133392ABV39002,8133392ABV39002,MYS,Bags,MYR,2026-09-28,8050.00,8550.00,0.0621,increase
7aeb21795a299d6488ab2c64efe52c56,Balenciaga_MYS_813339TTM3T1000,813339TTM3T1000,MYS,Bags,MYR,2026-09-28,14100.00,14900.00,0.0567,increase
156a9fcfd70a569cf3041b98d8f644b9,Balenciaga_MYS_817556TTCFN1090,817556TTCFN1090,MYS,Bags,MYR,2026-09-28,9900.00,10500.00,0.0606,increase
8ee49c6c9f6a8ea1aeffb6c386bfb378,Balenciaga_MYS_81955721MIX1210,81955721MIX1210,MYS,Small Leather Goods,MYR,2026-09-28,3150.00,3350.00,0.0635,increase
5c35254c821d3defee4b142d0619b41f,Balenciaga_MYS_8195572AA863258,8195572AA863258,MYS,Small Leather Goods,MYR,2026-09-28,1900.00,2050.00,0.0789,increase
8961b7cff404bd0718e9e4b930174aea,Balenciaga_MYS_8223032AF5D1041,8223032AF5D1041,MYS,Small Leather Goods,MYR,2026-09-28,13950.00,14800.00,0.0609,increase
6484f2017459f79b5412670b7a05ce71,Balenciaga_MYS_822303TTHOD8065,822303TTHOD8065,MYS,Small Leather Goods,MYR,2026-09-28,8800.00,9300.00,0.0568,increase
49b5cb5516d9e761356b7b1d959729ad,Balenciaga_MYS_824002TJQAV2308,824002TJQAV2308,MYS,Small Leather Goods,MYR,2026-09-28,2600.00,2750.00,0.0577,increase
de5af108baeffbd1af1095208ee448e2,Balenciaga_MYS_82443621AQF0127,82443621AQF0127,MYS,Small Leather Goods,MYR,2026-09-28,1500.00,1600.00,0.0667,increase
4d40d4add8d058448642dcc2f729588e,Balenciaga_MYS_8244362A4UN1000,8244362A4UN1000,MYS,Small Leather Goods,MYR,2026-09-28,2100.00,2250.00,0.0714,increase
d49b7b83e0ed590a9d902192efb5d7b9,Balenciaga_MYS_824436W9DJB2308,824436W9DJB2308,MYS,Small Leather Goods,MYR,2026-09-28,2500.00,2700.00,0.0800,increase
9286b193a37f6cc3974e07fa7982ff31,Balenciaga_MYS_82607121B2V1041,82607121B2V1041,MYS,Bags,MYR,2026-09-28,12350.00,13050.00,0.0567,increase
ea61e40fdd7536e0412efb282c8250d5,Balenciaga_MYS_8260712ABPL3258,8260712ABPL3258,MYS,Bags,MYR,2026-09-28,13250.00,14050.00,0.0604,increase
17098ec8201e98ddf366d2e569e5da5e,Balenciaga_MYS_826071W06VT2533,826071W06VT2533,MYS,Bags,MYR,2026-09-28,9200.00,9750.00,0.0598,increase
44ddc08b8da4037e38ba65d827905396,Balenciaga_MYS_8287712ABI90911,8287712ABI90911,MYS,Small Leather Goods,MYR,2026-09-28,1450.00,1550.00,0.0690,increase
d61cda86a68c94ad4b5e02cd356f0e5e,Balenciaga_MYS_828771TTCTJ0911,828771TTCTJ0911,MYS,Small Leather Goods,MYR,2026-09-28,1300.00,1400.00,0.0769,increase
b80e7c55f43fb9b8b80516df6c2ca5c0,Balenciaga_MYS_830936WU99V9002,830936WU99V9002,MYS,Small Leather Goods,MYR,2026-09-28,7350.00,7750.00,0.0544,increase
1490eb8502ce519e6efbaf3d4849fd29,Balenciaga_MYS_8311342ABU61090,8311342ABU61090,MYS,Bags,MYR,2026-09-28,11550.00,12250.00,0.0606,increase
22cbc801afe2c1ea71aa9bb6f5c8bea9,Balenciaga_MYS_8311344GKAG3258,8311344GKAG3258,MYS,Bags,MYR,2026-09-28,6850.00,7250.00,0.0584,increase
e1ac41cd66d7225342e2ff562b667d3e,Balenciaga_MYS_831134T9FMJ0911,831134T9FMJ0911,MYS,Bags,MYR,2026-09-28,5400.00,5750.00,0.0648,increase
f18a4d275aee2e65c191b9f7a0413c9b,Balenciaga_MYS_831134TEOO93258,831134TEOO93258,MYS,Bags,MYR,2026-09-28,12300.00,13050.00,0.0610,increase
9e5cacb4f5d2962c2ad996d4a67b1cf8,Balenciaga_MYS_833006217XM0911,833006217XM0911,MYS,Bags,MYR,2026-09-28,13700.00,14500.00,0.0584,increase
4a776756d4e9423083d5f7b7c985a4f4,Balenciaga_MYS_8330062AB421000,8330062AB421000,MYS,Bags,MYR,2026-09-28,13700.00,14550.00,0.0620,increase
3cba85a0f4b57f50021c8951794e9e29,Balenciaga_MYS_8330062ABAZ2840,8330062ABAZ2840,MYS,Bags,MYR,2026-09-28,11450.00,12100.00,0.0568,increase
12cf9a12f70055de808dfb0d5b20dc66,Balenciaga_MYS_834058214S09104,834058214S09104,MYS,Bags,MYR,2026-09-28,10300.00,10900.00,0.0583,increase
f94db88298a2ca94d1b5c42b018ffb55,Balenciaga_MYS_834058218YP5723,834058218YP5723,MYS,Bags,MYR,2026-09-28,11250.00,11950.00,0.0622,increase
b4933b137aab561c0050cb5a181d3907,Balenciaga_MYS_834058WWA8W4200,834058WWA8W4200,MYS,Bags,MYR,2026-09-28,13900.00,14750.00,0.0612,increase
b3e2b8bd4787d66ed1020bf1f8f68e42,Balenciaga_MYS_8401812AKBD1000,8401812AKBD1000,MYS,Small Leather Goods,MYR,2026-09-28,2000.00,2150.00,0.0750,increase
6b303725830e85bcfd8ff5b36ae15b1d,Balenciaga_MYS_840181TTX3A0926,840181TTX3A0926,MYS,Small Leather Goods,MYR,2026-09-28,1850.00,1950.00,0.0541,increase
79cf9c6ad3ec12c8aeb964cc92485548,Balenciaga_MYS_840181WKE7A1090,840181WKE7A1090,MYS,Small Leather Goods,MYR,2026-09-28,1450.00,1550.00,0.0690,increase
e30a888c72a14fba69e4262051b53d5a,Balenciaga_MYS_844132TD4EC9104,844132TD4EC9104,MYS,Bags,MYR,2026-09-28,17650.00,18700.00,0.0595,increase
d60335541a9ca953dfa2483e7e568ebf,Balenciaga_MYS_845436216410127,845436216410127,MYS,Bags,MYR,2026-09-28,6250.00,6600.00,0.0560,increase
e7f23c41f4374eeeeb3823c1d58cd565,Balenciaga_MYS_8454362ABSV9000,8454362ABSV9000,MYS,Bags,MYR,2026-09-28,15550.00,16500.00,0.0611,increase
5830393bc57113862a1db4a8896e94eb,Balenciaga_MYS_8454364GBTX9000,8454364GBTX9000,MYS,Bags,MYR,2026-09-28,11100.00,11800.00,0.0631,increase
fadeaa9d7bfaffafdedbbb55a0440469,Balenciaga_MYS_845436THX071000,845436THX071000,MYS,Bags,MYR,2026-09-28,16050.00,17050.00,0.0623,increase
e3f19eb5721ec5de8c160ebd6aecf7b0,Balenciaga_MYS_845436W94521090,845436W94521090,MYS,Bags,MYR,2026-09-28,9750.00,10350.00,0.0615,increase
0bb9882d79cefad59176145cc28d70b9,Balenciaga_MYS_8501442AB0O1000,8501442AB0O1000,MYS,Bags,MYR,2026-09-28,4650.00,4950.00,0.0645,increase
edc0cc9f4f71d94285d317122c796305,Balenciaga_MYS_8514352A4CY1000,8514352A4CY1000,MYS,Small Leather Goods,MYR,2026-09-28,6250.00,6650.00,0.0640,increase
db3df1b37da9e1cc8b004830380f9ad7,Balenciaga_MYS_851435W66F78065,851435W66F78065,MYS,Small Leather Goods,MYR,2026-09-28,1300.00,1400.00,0.0769,increase
8cad8d09021a217bd2f7502aed87a4ac,Balenciaga_MYS_85254221FH01000,85254221FH01000,MYS,Small Leather Goods,MYR,2026-09-28,3100.00,3250.00,0.0484,increase
d89597fbe2988eb07f2f4816969e734a,Balenciaga_MYS_85254221MXR4011,85254221MXR4011,MYS,Small Leather Goods,MYR,2026-09-28,4300.00,4550.00,0.0581,increase
b8a110d6ebca5c7f033e42955ad24856,Balenciaga_MYS_8525422AB5G1090,8525422AB5G1090,MYS,Small Leather Goods,MYR,2026-09-28,1400.00,1500.00,0.0714,increase
f943e9191d4530f591f673afd93bdd23,Balenciaga_MYS_852542TRTB02840,852542TRTB02840,MYS,Small Leather Goods,MYR,2026-09-28,1350.00,1400.00,0.0370,increase
25efbea910045a8f878912d0d5a8937c,Balenciaga_MYS_852542WCMOK5723,852542WCMOK5723,MYS,Small Leather Goods,MYR,2026-09-28,1450.00,1500.00,0.0345,increase
4ac6acb0b76157b5b3476e571e06df84,Balenciaga_MYS_8561912110W1000,8561912110W1000,MYS,Small Leather Goods,MYR,2026-09-28,1450.00,1550.00,0.0690,increase
146b997df448c9464a03d70590599482,Balenciaga_MYS_856191T2DEI9104,856191T2DEI9104,MYS,Small Leather Goods,MYR,2026-09-28,2000.00,2100.00,0.0500,increase
961f5cb72e5a903ec30641a6d53da441,Balenciaga_MYS_856191T74RJ1210,856191T74RJ1210,MYS,Small Leather Goods,MYR,2026-09-28,1950.00,2050.00,0.0513,increase
d3b4d6839a94ca9ead26fba208337cc3,Balenciaga_MYS_856191TTCXJ0926,856191TTCXJ0926,MYS,Small Leather Goods,MYR,2026-09-28,1250.00,1350.00,0.0800,increase
a5e74b080919c5dc2de8899e56ccb61a,Balenciaga_MYS_858352TTBLY1041,858352TTBLY1041,MYS,Small Leather Goods,MYR,2026-09-28,7000.00,7450.00,0.0643,increase
bbf9153cea8b0244019f3afb8fa0f68f,Balenciaga_MYS_8592794GT7H9104,8592794GT7H9104,MYS,Small Leather Goods,MYR,2026-09-28,5650.00,5950.00,0.0531,increase
8b89abe0f289ccf3965552aee52f2541,Balenciaga_MYS_860458WVPJ84200,860458WVPJ84200,MYS,Bags,MYR,2026-09-28,13650.00,14450.00,0.0586,increase
4044bdf90967b07c3ed562ce6eb11cd3,Balenciaga_MYS_8665422AB2D9104,8665422AB2D9104,MYS,Accessories,MYR,2026-09-28,2600.00,2750.00,0.0577,increase
52e0d024253471ba2f51419221467d70,Balenciaga_MYS_8665424G8ZY1000,8665424G8ZY1000,MYS,Accessories,MYR,2026-09-28,1450.00,1500.00,0.0345,increase
3d42972fd9e990d27c6689e1d553af3f,Balenciaga_MYS_8671922ABIT1210,8671922ABIT1210,MYS,Small Leather Goods,MYR,2026-09-28,2000.00,2100.00,0.0500,increase
60106d0856d3351fef752b2e8dbba120,Balenciaga_MYS_8690364G7ZC4200,8690364G7ZC4200,MYS,Bags,MYR,2026-09-28,20350.00,21550.00,0.0590,increase
70ed7e0dbd47dad081ffb1855fe03f10,Balenciaga_MYS_86935021KK58122,86935021KK58122,MYS,Bags,MYR,2026-09-28,5550.00,5900.00,0.0631,increase
785ab355859f3a98515e4d2f3f7381f8,Balenciaga_MYS_8738792A2QI4011,8738792A2QI4011,MYS,Bags,MYR,2026-09-28,11800.00,12500.00,0.0593,increase
cf68dc3d80f3b5ae86b808af6aef35b3,Balenciaga_MYS_8738792ABM71041,8738792ABM71041,MYS,Bags,MYR,2026-09-28,13450.00,14250.00,0.0595,increase
4577baed5243e9341d5b9d89a1817eb0,Balenciaga_MYS_873879TSIMN8122,873879TSIMN8122,MYS,Bags,MYR,2026-09-28,12200.00,12950.00,0.0615,increase
53f61fdafa3efdac01b2d8b697ae87d4,Balenciaga_MYS_8750414GAUA1000,8750414GAUA1000,MYS,Bags,MYR,2026-09-28,9650.00,10250.00,0.0622,increase
b33f9f2182be17699a46e17ed041e262,Balenciaga_MYS_8837202AB1Q1000,8837202AB1Q1000,MYS,Small Leather Goods,MYR,2026-09-28,1500.00,1600.00,0.0667,increase
692f73964363235f0f70b85b2c1cc7aa,Balenciaga_MYS_883720W1IKV1000,883720W1IKV1000,MYS,Small Leather Goods,MYR,2026-09-28,2100.00,2250.00,0.0714,increase
9c650c2175213c578c45d2b55cff3f69,Balenciaga_MYS_88445621WO28122,88445621WO28122,MYS,Small Leather Goods,MYR,2026-09-28,1100.00,1150.00,0.0455,increase
b544e10812672c5edc420101d369e77c,Balenciaga_MYS_8844562AB381090,8844562AB381090,MYS,Small Leather Goods,MYR,2026-09-28,2550.00,2700.00,0.0588,increase
59dfa8897770712c6f5e00255a716b1e,Balenciaga_MYS_886314TT7F98122,886314TT7F98122,MYS,Small Leather Goods,MYR,2026-09-28,2550.00,2700.00,0.0588,increase
55c0fb0993edde1f7dfb1f5d4d76a8ad,Balenciaga_MYS_8872612AB144200,8872612AB144200,MYS,Small Leather Goods,MYR,2026-09-28,5100.00,5400.00,0.0588,increase
fab112bf9ebfc65c0dbfeb3d70deb603,Balenciaga_MYS_888240214TG5723,888240214TG5723,MYS,Small Leather Goods,MYR,2026-09-28,2600.00,2750.00,0.0577,increase
30e5d2a357fe2bd85f91c1c40ea7ec9c,Balenciaga_MYS_888240TTFRH4200,888240TTFRH4200,MYS,Small Leather Goods,MYR,2026-09-28,2150.00,2300.00,0.0698,increase
2bf7f3d93a07aebd540ce7c036f14f5b,Balenciaga_MYS_8902582ABVL1251,8902582ABVL1251,MYS,Bags,MYR,2026-09-28,4300.00,4550.00,0.0581,increase
f55ff04d631c396b4077af91b7034d8a,Balenciaga_MYS_89310521G2W1240,89310521G2W1240,MYS,Bags,MYR,2026-09-28,11950.00,12650.00,0.0586,increase
6e06451d59bc1ddbc41fbb2e9a1bd39c,Balenciaga_MYS_893105TTXTD1240,893105TTXTD1240,MYS,Bags,MYR,2026-09-28,20300.00,21500.00,0.0591,increase
e017c59b5e5f8cc1c97c47896e78ced3,Balenciaga_MYS_8945912AEYF1090,8945912AEYF1090,MYS,Small Leather Goods,MYR,2026-09-28,10050.00,10650.00,0.0597,increase
4ca2c3ae43849f85679fd33bea4bf359,Balenciaga_MYS_8945912AHW24200,8945912AHW24200,MYS,Small Leather Goods,MYR,2026-09-28,5800.00,6150.00,0.0603,increase
8e6e5d3a6b0e8fa54d06e57e36d847a1,Balenciaga_MYS_894591TTFLA4200,894591TTFLA4200,MYS,Small Leather Goods,MYR,2026-09-28,11200.00,11900.00,0.0625,increase
43e92835f4cc5ccc04464d9402a0bb6b,Balenciaga_MYS_894919W7KYF4200,894919W7KYF4200,MYS,Bags,MYR,2026-09-28,13900.00,14750.00,0.0612,increase
99f3c214ac6a1cfb94bcb766d3d7971e,Balenciaga_MYS_89504321IWB1084,89504321IWB1084,MYS,Bags,MYR,2026-09-28,14600.00,15500.00,0.0616,increase
16fe97cbe5a3b932513e7eb1cf49ef10,Balenciaga_MYS_8950432ATN89104,8950432ATN89104,MYS,Bags,MYR,2026-09-28,13700.00,14500.00,0.0584,increase
d718748dfac53a9223b69d05e7af21be,Balenciaga_MYS_895043TTYCV1000,895043TTYCV1000,MYS,Bags,MYR,2026-09-28,11950.00,12700.00,0.0628,increase
43abd6d93e00b28d7e1ff425d5f1eb0c,Balenciaga_MYS_A00J7KTT7PD1251,A00J7KTT7PD1251,MYS,Bags,MYR,2026-09-28,4800.00,5100.00,0.0625,increase
85a13e4d116c8b448c14da17f854d395,Balenciaga_MYS_A042712ABQZ9020,A042712ABQZ9020,MYS,Bags,MYR,2026-09-28,20400.00,21600.00,0.0588,increase
cd31253ae68807d8a899f43c0dc1ad37,Balenciaga_MYS_A042712AMT61210,A042712AMT61210,MYS,Bags,MYR,2026-09-28,58300.00,61800.00,0.0600,increase
06a25c11ae1500fdf1a7a677ec6db614,Balenciaga_MYS_A05K8B2ASBF4200,A05K8B2ASBF4200,MYS,Small Leather Goods,MYR,2026-09-28,1550.00,1650.00,0.0645,increase
db61546933f1ff3e44d1bc6394d12f98,Balenciaga_MYS_A05K8BTJ0TE9002,A05K8BTJ0TE9002,MYS,Small Leather Goods,MYR,2026-09-28,2100.00,2200.00,0.0476,increase
78fc10349ad43b024d1a1f50acabc63b,Balenciaga_MYS_A05K8BTSM663258,A05K8BTSM663258,MYS,Small Leather Goods,MYR,2026-09-28,1650.00,1750.00,0.0606,increase
d9500b8152743ab59405f82340699974,Balenciaga_MYS_A05K8BTTMMU9104,A05K8BTTMMU9104,MYS,Small Leather Goods,MYR,2026-09-28,3600.00,3800.00,0.0556,increase
c16b3d0792d93ac892046d5217ffad70,Balenciaga_MYS_A064YD4GOOO0926,A064YD4GOOO0926,MYS,Small Leather Goods,MYR,2026-09-28,1950.00,2050.00,0.0513,increase
a3c2d6c461b3612e3e41e75b63380307,Balenciaga_MYS_A064YD4GQIW1000,A064YD4GQIW1000,MYS,Small Leather Goods,MYR,2026-09-28,2500.00,2650.00,0.0600,increase
92309b071fd556fdb4db22106b17fe9a,Balenciaga_MYS_A064YDTKNEL3258,A064YDTKNEL3258,MYS,Small Leather Goods,MYR,2026-09-28,2450.00,2600.00,0.0612,increase
df970bda523dabb9f94fc148ea7a7cae,Balenciaga_MYS_A06RN2216DW1084,A06RN2216DW1084,MYS,Bags,MYR,2026-09-28,10800.00,11450.00,0.0602,increase
b343ab9a60fab24bfd90c1a60b087edd,Balenciaga_MYS_A06RN22AB2X1041,A06RN22AB2X1041,MYS,Bags,MYR,2026-09-28,13500.00,14300.00,0.0593,increase
3abcb3b250af72aca5b0904d16cdad4d,Balenciaga_MYS_A06RN22ABS95723,A06RN22ABS95723,MYS,Bags,MYR,2026-09-28,13200.00,15900.00,0.2045,increase
64f51ac80612b68f00e0eb45cb0ad129,Balenciaga_MYS_A07WXJ21SEY1240,A07WXJ21SEY1240,MYS,Small Leather Goods,MYR,2026-09-28,2350.00,2500.00,0.0638,increase
796b9ed1384c76e26583d26ce7ba3dff,Balenciaga_MYS_A07WXJW005D1090,A07WXJW005D1090,MYS,Small Leather Goods,MYR,2026-09-28,7700.00,8150.00,0.0584,increase
43dd634e89b6b4b8f0f329f913f2ee36,Balenciaga_MYS_A07XQJ2ABFT1240,A07XQJ2ABFT1240,MYS,Small Leather Goods,MYR,2026-09-28,1450.00,1650.00,0.1379,increase
dda88d64cde0c1a925f9c39b124291ff,Balenciaga_MYS_A07XQJTTA4R0911,A07XQJTTA4R0911,MYS,Small Leather Goods,MYR,2026-09-28,1350.00,1450.00,0.0741,increase
48d7b263249cbc3dc8c37900651f4ff0,Balenciaga_MYS_A0AVTR2AES89002,A0AVTR2AES89002,MYS,Bags,MYR,2026-09-28,8200.00,8700.00,0.0610,increase
8a236ea455438786e00e6d5152720048,Balenciaga_MYS_A0AVTRT9W4P8122,A0AVTRT9W4P8122,MYS,Bags,MYR,2026-09-28,9200.00,9750.00,0.0598,increase
d9ddff114409212d29943cea8666a6ff,Balenciaga_MYS_A0DVHZ211W08065,A0DVHZ211W08065,MYS,Small Leather Goods,MYR,2026-09-28,5400.00,5700.00,0.0556,increase
cf003ae759b205f218b03b96644e1487,Balenciaga_MYS_A0DVHZ2159I1240,A0DVHZ2159I1240,MYS,Small Leather Goods,MYR,2026-09-28,1400.00,1500.00,0.0714,increase
d8fe65bfb9b65c8e2346b9d68fa3021e,Balenciaga_MYS_A0DVHZWC7C15723,A0DVHZWC7C15723,MYS,Small Leather Goods,MYR,2026-09-28,6250.00,6600.00,0.0560,increase
e69fa4c0f5d6911a2870bfed3f01561b,Balenciaga_MYS_A0EU1Z21PJV1240,A0EU1Z21PJV1240,MYS,,MYR,2026-09-28,20100.00,21450.00,0.0672,increase
297689667f64f77dc1c679d4cf6cbb6f,Balenciaga_MYS_A0FKA3210572533,A0FKA3210572533,MYS,Bags,MYR,2026-09-28,14050.00,14900.00,0.0605,increase
10fe85a84da1ee9c98ac02988acfd61c,Balenciaga_MYS_A0HVOZ2AB3Y1251,A0HVOZ2AB3Y1251,MYS,Small Leather Goods,MYR,2026-09-28,1700.00,1800.00,0.0588,increase
bdbef2bcf7c53425c273e8e8b07b026e,Balenciaga_MYS_A0JTOY4GNZM1240,A0JTOY4GNZM1240,MYS,Small Leather Goods,MYR,2026-09-28,2300.00,2450.00,0.0652,increase
97fb7c26d5d47bf119825b6b20dda405,Balenciaga_MYS_A0JTOYWTQWI1000,A0JTOYWTQWI1000,MYS,Small Leather Goods,MYR,2026-09-28,2700.00,2850.00,0.0556,increase
9caf7dad723becba2169520fae3408ee,Balenciaga_MYS_A0JW0G2ABNG9002,A0JW0G2ABNG9002,MYS,Bags,MYR,2026-09-28,7550.00,8000.00,0.0596,increase
9d9e8d59699e97710b284eea66eb215c,Balenciaga_MYS_A0JW0GT1SDP1090,A0JW0GT1SDP1090,MYS,Bags,MYR,2026-09-28,25550.00,27100.00,0.0607,increase
e569d396b86fee8710e053d875581bfa,Balenciaga_MYS_A0JW0GWQGJ51000,A0JW0GWQGJ51000,MYS,Bags,MYR,2026-09-28,8500.00,9000.00,0.0588,increase
7b7dcb36d5cfeefeea0f5c6fb9ad0455,Balenciaga_MYS_A0LD3V2A8284200,A0LD3V2A8284200,MYS,Bags,MYR,2026-09-28,8150.00,8650.00,0.0613,increase
ac1c3ca2fea466703967879cd59f5fcd,Balenciaga_MYS_A0LD3V2ABND9020,A0LD3V2ABND9020,MYS,Bags,MYR,2026-09-28,5450.00,5750.00,0.0550,increase
34019a878f94badfb292a98142692248,Balenciaga_MYS_A0NXIX2ABF42840,A0NXIX2ABF42840,MYS,Small Leather Goods,MYR,2026-09-28,3500.00,3750.00,0.0714,increase
2be32a143e31a15ffca6bcf011c0b6a8,Balenciaga_MYS_A0NXIX4GIX61041,A0NXIX4GIX61041,MYS,Small Leather Goods,MYR,2026-09-28,1500.00,1550.00,0.0333,increase
e2a14924ea422d348b918f627edd0719,Balenciaga_MYS_A0OHAU213J01000,A0OHAU213J01000,MYS,Bags,MYR,2026-09-28,5350.00,5650.00,0.0561,increase
72884ece3b9b93ab31c8822faf8fc49e,Balenciaga_MYS_A0QFZA4GZMJ9002,A0QFZA4GZMJ9002,MYS,Bags,MYR,2026-09-28,11700.00,12400.00,0.0598,increase
30013c6a14f82a55fd4403e2c61330f5,Balenciaga_MYS_A0QFZAWEHIJ0911,A0QFZAWEHIJ0911,MYS,Bags,MYR,2026-09-28,13250.00,14050.00,0.0604,increase
aa09dfc9bb7293f03e307e0043cc0074,Balenciaga_MYS_A0QFZAWRPKY9000,A0QFZAWRPKY9000,MYS,Bags,MYR,2026-09-28,12900.00,13650.00,0.0581,increase
696e46574617296c30dc823f429c63a0,Balenciaga_MYS_A0W9ZQ2ABHN5723,A0W9ZQ2ABHN5723,MYS,Small Leather Goods,MYR,2026-09-28,2150.00,2250.00,0.0465,increase
2b26b9508c1cc8b1cf62ce07310a3b9e,Balenciaga_MYS_A0W9ZQTT6H89020,A0W9ZQTT6H89020,MYS,Small Leather Goods,MYR,2026-09-28,1900.00,2000.00,0.0526,increase
03fe592d5744f50b625d268a6c425820,Balenciaga_MYS_A0W9ZQTTNFO8122,A0W9ZQTTNFO8122,MYS,Small Leather Goods,MYR,2026-09-28,1600.00,1700.00,0.0625,increase
bedd9ec0f7d8cf5cc992ed303fe00b7a,Balenciaga_SAU_5090582ABZK1000,5090582ABZK1000,SAU,Bags,SAR,2026-09-28,12150.00,12850.00,0.0576,increase
499a8205ca6ae7aa176407e24c6905df,Balenciaga_SAU_509058W7FP09002,509058W7FP09002,SAU,Bags,SAR,2026-09-28,15850.00,16800.00,0.0599,increase
cdc204c8030c2717337c6a012ce49b91,Balenciaga_SAU_512319214FT9104,512319214FT9104,SAU,Bags,SAR,2026-09-28,7400.00,7850.00,0.0608,increase
44f3e66553d4d71683698dfab62e3f27,Balenciaga_SAU_5123192ABXZ9020,5123192ABXZ9020,SAU,Bags,SAR,2026-09-28,13250.00,14050.00,0.0604,increase
6b3e11340e3c56d6b64b0f2c67d1af68,Balenciaga_SAU_5146274GMIB2533,5146274GMIB2533,SAU,Bags,SAR,2026-09-28,5350.00,5700.00,0.0654,increase
67c4a7c73749cd9b27fb500b8216c493,Balenciaga_SAU_514627TA8D30127,514627TA8D30127,SAU,Bags,SAR,2026-09-28,18650.00,19750.00,0.0590,increase
765d36e430e15e913ed1219c3288b250,Balenciaga_SAU_5149002A92F1210,5149002A92F1210,SAU,Bags,SAR,2026-09-28,13400.00,14200.00,0.0597,increase
c81a53d892de371e8bf64ece5766c3d2,Balenciaga_SAU_517390210UD1210,517390210UD1210,SAU,Bags,SAR,2026-09-28,15200.00,16100.00,0.0592,increase
4859a84253ed1b09a0168b7a8f334463,Balenciaga_SAU_5173904GKC41210,5173904GKC41210,SAU,Bags,SAR,2026-09-28,7650.00,8150.00,0.0654,increase
889a2701560ba7a72576022e73c878f8,Balenciaga_SAU_517390TT3LZ1240,517390TT3LZ1240,SAU,Bags,SAR,2026-09-28,12100.00,12850.00,0.0620,increase
6a75e3b237bb4960954e247819c68cfb,Balenciaga_SAU_517390WIAYH5723,517390WIAYH5723,SAU,Bags,SAR,2026-09-28,8000.00,8500.00,0.0625,increase
873b5df9f0ade2b6f20e6ee477618777,Balenciaga_SAU_52138621EG84011,52138621EG84011,SAU,Small Leather Goods,SAR,2026-09-28,1250.00,1350.00,0.0800,increase
7abeaf46a87f00118658dba3944e5501,Balenciaga_SAU_5239552AJGA1000,5239552AJGA1000,SAU,Accessories,SAR,2026-09-28,7800.00,8250.00,0.0577,increase
065a9fcf0a73c2b0e6746cbbd6188401,Balenciaga_SAU_523955WJVHN1090,523955WJVHN1090,SAU,Accessories,SAR,2026-09-28,7700.00,8150.00,0.0584,increase
4f8e34259a7fbecb4315953bd4276169,Balenciaga_SAU_525528TA3V13258,525528TA3V13258,SAU,Bags,SAR,2026-09-28,13750.00,14550.00,0.0582,increase
6046f3efc0c928a12f6775d1a9fb6a42,Balenciaga_SAU_525528TTLY91000,525528TTLY91000,SAU,Bags,SAR,2026-09-28,11300.00,11950.00,0.0575,increase
fef6d731103be8576936af3fa5bbf55d,Balenciaga_SAU_525528WCDOX3258,525528WCDOX3258,SAU,Bags,SAR,2026-09-28,8950.00,9450.00,0.0559,increase
bef38c43c72456a58bfbfc703892fc3a,Balenciaga_SAU_5265652181K1240,5265652181K1240,SAU,Bags,SAR,2026-09-28,19600.00,20800.00,0.0612,increase
463e294ee115770c778c183a8f0782b0,Balenciaga_SAU_5265652ABNJ1000,5265652ABNJ1000,SAU,Bags,SAR,2026-09-28,11300.00,11950.00,0.0575,increase
aa5418feb86bf2cddb40ad502627b176,Balenciaga_SAU_5265652ABRG8122,5265652ABRG8122,SAU,Bags,SAR,2026-09-28,15150.00,16050.00,0.0594,increase
398611c0b4c999c1aeb37aaf66dc7a90,Balenciaga_SAU_52688321KYV1090,52688321KYV1090,SAU,Bags,SAR,2026-09-28,11000.00,11700.00,0.0636,increase
cfb1721bee23eafe58d87276d879b101,Balenciaga_SAU_5268832ABFW2533,5268832ABFW2533,SAU,Bags,SAR,2026-09-28,23650.00,25100.00,0.0613,increase
2c44c970e874c4df38527ef35899521e,Balenciaga_SAU_527313T0VEI2533,527313T0VEI2533,SAU,Small Leather Goods,SAR,2026-09-28,1400.00,1450.00,0.0357,increase
39182c56fc1555c248af5637631c1818,Balenciaga_SAU_527313TUOCB4011,527313TUOCB4011,SAU,Small Leather Goods,SAR,2026-09-28,1300.00,1400.00,0.0769,increase
7b0384cc3c889cc863152f37276e2e12,Balenciaga_SAU_527313W5X041000,527313W5X041000,SAU,Small Leather Goods,SAR,2026-09-28,2500.00,2650.00,0.0600,increase
35c3028c8ef6ff1be9a71e9d3fe1863d,Balenciaga_SAU_5286014GP201000,5286014GP201000,SAU,Small Leather Goods,SAR,2026-09-28,1350.00,1450.00,0.0741,increase
3efe6e7a2161156f0a405fb937f3958a,Balenciaga_SAU_529971215991000,529971215991000,SAU,Bags,SAR,2026-09-28,11100.00,11800.00,0.0631,increase
69a39a9d3a890193bfaa0b6ff8b2249a,Balenciaga_SAU_529971218229000,529971218229000,SAU,Bags,SAR,2026-09-28,7150.00,7600.00,0.0629,increase
7b03078940ed8b7cbb6498e14de48748,Balenciaga_SAU_52997121QBJ4011,52997121QBJ4011,SAU,Bags,SAR,2026-09-28,3400.00,3600.00,0.0588,increase
78f7124c1c80a11322ecd66631fced49,Balenciaga_SAU_5299714GOPH5723,5299714GOPH5723,SAU,Bags,SAR,2026-09-28,14300.00,15150.00,0.0594,increase
e05b450dd334258b292dba04ca7dfae9,Balenciaga_SAU_529971TEYU71000,529971TEYU71000,SAU,Bags,SAR,2026-09-28,7250.00,7700.00,0.0621,increase
ecb20f994801e564b32b6b67a9db92ee,Balenciaga_SAU_530673WF9QI1090,530673WF9QI1090,SAU,,SAR,2026-09-28,8950.00,9950.00,0.1117,increase
dc0fb1acd2de59ee7982a464eebc4b4b,Balenciaga_SAU_53089821CU23258,53089821CU23258,SAU,Small Leather Goods,SAR,2026-09-28,1250.00,1300.00,0.0400,increase
728817aca18fdad3f4d7deb48fc92f32,Balenciaga_SAU_5308982ABS69000,5308982ABS69000,SAU,Small Leather Goods,SAR,2026-09-28,1450.00,1500.00,0.0345,increase
225e123daf3a1c08a1ab7274bc80d630,Balenciaga_SAU_5333162APVK1000,5333162APVK1000,SAU,Accessories,SAR,2026-09-28,1700.00,1800.00,0.0588,increase
a05d13432f8c52bc2460efee5c963d2a,Balenciaga_SAU_5333164GXRM5723,5333164GXRM5723,SAU,Accessories,SAR,2026-09-28,2350.00,2500.00,0.0638,increase
62114343737e6a905e28ba077c046676,Balenciaga_SAU_533316T75I81084,533316T75I81084,SAU,Accessories,SAR,2026-09-28,3650.00,3850.00,0.0548,increase
3a871cab1245627cfd4e6809202ef758,Balenciaga_SAU_533654213HK1090,533654213HK1090,SAU,Small Leather Goods,SAR,2026-09-28,4950.00,5250.00,0.0606,increase
95873ba4bd093b2d46d1b5281b85e090,Balenciaga_SAU_53365421G921000,53365421G921000,SAU,Small Leather Goods,SAR,2026-09-28,2400.00,2550.00,0.0625,increase
99dfc1d6e33a155047c58dca0d21103d,Balenciaga_SAU_533654THV4T1251,533654THV4T1251,SAU,Accessories,SAR,2026-09-28,1650.00,1750.00,0.0606,increase
c7f808bc01881a48d871fc1b13eddd87,Balenciaga_SAU_53413121R3X1000,53413121R3X1000,SAU,Bags,SAR,2026-09-28,12500.00,13250.00,0.0600,increase
c5962d02810ad3042f1f3606cad23984,Balenciaga_SAU_5341312AZ5Y1210,5341312AZ5Y1210,SAU,Bags,SAR,2026-09-28,12300.00,13050.00,0.0610,increase
a33f15e7b3d89a1e4ba01cdfc7d2a667,Balenciaga_SAU_5341314GAPT1000,5341314GAPT1000,SAU,Bags,SAR,2026-09-28,16000.00,17000.00,0.0625,increase
61229d0e971225722756b121c7fa6249,Balenciaga_SAU_534131WS53L2840,534131WS53L2840,SAU,Bags,SAR,2026-09-28,10700.00,11350.00,0.0607,increase
9ddce1391c6fa3bd938880a18ae6ed03,Balenciaga_SAU_53659021R122533,53659021R122533,SAU,Bags,SAR,2026-09-28,1950.00,2050.00,0.0513,increase
641a192b3b6224c844ac2c988b348587,Balenciaga_SAU_536590TT9831251,536590TT9831251,SAU,Bags,SAR,2026-09-28,4650.00,4950.00,0.0645,increase
4a48dfa865f4d829543666498c09f157,Balenciaga_SAU_539788TAQB38122,539788TAQB38122,SAU,Bags,SAR,2026-09-28,7050.00,7500.00,0.0638,increase
6e7010714f6263aefae313cee2c18c81,Balenciaga_SAU_539914WQIJ69020,539914WQIJ69020,SAU,Small Leather Goods,SAR,2026-09-28,1200.00,1300.00,0.0833,increase
2d26edd74c047f49dacc9ac07fd317a9,Balenciaga_SAU_54096221JKJ5723,54096221JKJ5723,SAU,Small Leather Goods,SAR,2026-09-28,1550.00,1650.00,0.0645,increase
f09fa43045ccb27f0452fcf7bc1b0ac0,Balenciaga_SAU_54096221R8F1000,54096221R8F1000,SAU,Small Leather Goods,SAR,2026-09-28,1800.00,1900.00,0.0556,increase
aea1c4bbd8543a9ae56dbd3178433074,Balenciaga_SAU_5409624GX4F1000,5409624GX4F1000,SAU,Small Leather Goods,SAR,2026-09-28,4950.00,5250.00,0.0606,increase
be12c445dd8502a668f4e68af9370bb2,Balenciaga_SAU_540962T5NE71210,540962T5NE71210,SAU,Small Leather Goods,SAR,2026-09-28,1400.00,1500.00,0.0714,increase
3dcb82edfba4718ff9055c3ae2ad6ac6,Balenciaga_SAU_540962TTG124200,540962TTG124200,SAU,Small Leather Goods,SAR,2026-09-28,1350.00,1450.00,0.0741,increase
15800049fd840ecf824b33a9c55586ac,Balenciaga_SAU_540962WD2T71251,540962WD2T71251,SAU,Small Leather Goods,SAR,2026-09-28,4200.00,4450.00,0.0595,increase
51e8e73200924dc63ff3a4a9e0cb8ee7,Balenciaga_SAU_54300421W5L1000,54300421W5L1000,SAU,Accessories,SAR,2026-09-28,1100.00,1250.00,0.1364,increase
e52ab0f13e23147d75330bd24524b830,Balenciaga_SAU_5433214G4QH1240,5433214G4QH1240,SAU,Bags,SAR,2026-09-28,7000.00,7400.00,0.0571,increase
374a2de3979d3d1ffa444bd71db8764f,Balenciaga_SAU_543321TTJN28122,543321TTJN28122,SAU,Bags,SAR,2026-09-28,12450.00,13200.00,0.0602,increase
5e6319d2dc7434357fcb2bd5bf67d5bc,Balenciaga_SAU_543321W65TT1000,543321W65TT1000,SAU,Bags,SAR,2026-09-28,7650.00,8100.00,0.0588,increase
b762fdac121a45d5204f69db6f626863,Balenciaga_SAU_543321WALW40911,543321WALW40911,SAU,Bags,SAR,2026-09-28,20850.00,22100.00,0.0600,increase
bc46c018447c3f4948f62e3a3c94cb7b,Balenciaga_SAU_54493221SAD1000,54493221SAD1000,SAU,Bags,SAR,2026-09-28,6050.00,6400.00,0.0579,increase
a8a47251d9e050bff5e69ad5f48caf96,Balenciaga_SAU_5449322AYZX0911,5449322AYZX0911,SAU,Bags,SAR,2026-09-28,9950.00,10550.00,0.0603,increase
c426dd65b9442ed554002a2a3136dbfa,Balenciaga_SAU_5449324G4HJ0926,5449324G4HJ0926,SAU,Bags,SAR,2026-09-28,3900.00,4150.00,0.0641,increase
c261ea801ca70ec75e24c24aad74f3b3,Balenciaga_SAU_5449324GQLA8065,5449324GQLA8065,SAU,Bags,SAR,2026-09-28,9250.00,9800.00,0.0595,increase
728c1289a2969eb9e19404f63dc55f76,Balenciaga_SAU_5449324GWV24011,5449324GWV24011,SAU,Bags,SAR,2026-09-28,12950.00,13750.00,0.0618,increase
fb230b76c5787d984505ddbae5bc0277,Balenciaga_SAU_544932W60MX2840,544932W60MX2840,SAU,Bags,SAR,2026-09-28,7550.00,8000.00,0.0596,increase
d8a2a31b5c62127e157546465cc9f14c,Balenciaga_SAU_5469982ABEE9002,5469982ABEE9002,SAU,Bags,SAR,2026-09-28,3750.00,3950.00,0.0533,increase
4ccb0197c67969f4317bb25291c8489f,Balenciaga_SAU_5482214GQV51000,5482214GQV51000,SAU,Bags,SAR,2026-09-28,10150.00,10800.00,0.0640,increase
ef67992f3e612ee25ce8f075aa3097d0,Balenciaga_SAU_5505264G0059002,5505264G0059002,SAU,Bags,SAR,2026-09-28,5200.00,5500.00,0.0577,increase
f8a6371a8c0d671565aaec283432d333,Balenciaga_SAU_552358T6AME4011,552358T6AME4011,SAU,Bags,SAR,2026-09-28,10500.00,11100.00,0.0571,increase
7b72545633e42692a8620b4b9e63496d,Balenciaga_SAU_553957TBSVE4200,553957TBSVE4200,SAU,Small Leather Goods,SAR,2026-09-28,1900.00,2000.00,0.0526,increase
c10bbcecdceefc3518f5398f047b1daa,Balenciaga_SAU_553957WO6SQ1251,553957WO6SQ1251,SAU,Small Leather Goods,SAR,2026-09-28,1750.00,1900.00,0.0857,increase
f443d6eff3d6614d619a52dd771bb431,Balenciaga_SAU_55430321CYU1240,55430321CYU1240,SAU,Bags,SAR,2026-09-28,9950.00,10550.00,0.0603,increase
fba1572b200ef07eeb574d5d9000a312,Balenciaga_SAU_5543034GFF51000,5543034GFF51000,SAU,Bags,SAR,2026-09-28,19200.00,20400.00,0.0625,increase
3cdaab0e051b42ba2709e7a22e0b831f,Balenciaga_SAU_554303TCULN5723,554303TCULN5723,SAU,Bags,SAR,2026-09-28,7250.00,7700.00,0.0621,increase
c1d28121ba167657ac8110cb3e183e0e,Balenciaga_SAU_554303WHAQI0926,554303WHAQI0926,SAU,Bags,SAR,2026-09-28,10550.00,11200.00,0.0616,increase
034c85871194d4f244904f787801623e,Balenciaga_SAU_558209TUR5X2840,558209TUR5X2840,SAU,Small Leather Goods,SAR,2026-09-28,1300.00,1350.00,0.0385,increase
61047255289416e39cc2a079f3ee2bb3,Balenciaga_SAU_558209WQ28U8122,558209WQ28U8122,SAU,Small Leather Goods,SAR,2026-09-28,2400.00,2550.00,0.0625,increase
c8273885eb9454f9825e29a379d5e8bb,Balenciaga_SAU_560831T8TK91000,560831T8TK91000,SAU,Bags,SAR,2026-09-28,8100.00,8600.00,0.0617,increase
7046b8e0981e8327651ea4b6ca7dc12e,Balenciaga_SAU_560831TT4RI5723,560831TT4RI5723,SAU,Bags,SAR,2026-09-28,7150.00,7550.00,0.0559,increase
b3496ab7c458a3986b5e8640c706b214,Balenciaga_SAU_5628362AZUH1000,5628362AZUH1000,SAU,Bags,SAR,2026-09-28,18050.00,19100.00,0.0582,increase
12be30b77e92a728033984fc2602e09e,Balenciaga_SAU_5628364GG1K4011,5628364GG1K4011,SAU,Bags,SAR,2026-09-28,13300.00,14100.00,0.0602,increase
92c693a6bf93bc81dce0dfcbeb334407,Balenciaga_SAU_562836TTSKW3258,562836TTSKW3258,SAU,Bags,SAR,2026-09-28,7850.00,8300.00,0.0573,increase
49cbc64ef86b95148e3fe1271d063223,Balenciaga_SAU_562836TXYUY1210,562836TXYUY1210,SAU,Bags,SAR,2026-09-28,14450.00,15300.00,0.0588,increase
e65b44912c29145eeb0385e76eb494e0,Balenciaga_SAU_5678242AIHF1000,5678242AIHF1000,SAU,Bags,SAR,2026-09-28,14300.00,15150.00,0.0594,increase
88f1812b73060d9de79926fa4c2a4a1e,Balenciaga_SAU_567824WUMAJ8065,567824WUMAJ8065,SAU,Bags,SAR,2026-09-28,12850.00,13650.00,0.0623,increase
94cd281c2db584b10e2c350a6a175789,Balenciaga_SAU_57372021BEH1000,57372021BEH1000,SAU,Bags,SAR,2026-09-28,11800.00,12500.00,0.0593,increase
62fabb191696115be7a8ddda16190639,Balenciaga_SAU_5737202ABMI9020,5737202ABMI9020,SAU,Bags,SAR,2026-09-28,18150.00,19200.00,0.0579,increase
ff85f0f126195e9b0aace32e905fcce9,Balenciaga_SAU_5737202AWYK1000,5737202AWYK1000,SAU,Bags,SAR,2026-09-28,8550.00,9100.00,0.0643,increase
5175d71e9457a32541a6b24c42cf7218,Balenciaga_SAU_573720WMG5U3258,573720WMG5U3258,SAU,Bags,SAR,2026-09-28,9850.00,10450.00,0.0609,increase
5798d16077a4bfc3af712c48dd4a8ce1,Balenciaga_SAU_5851324GHQ51090,5851324GHQ51090,SAU,Bags,SAR,2026-09-28,5700.00,6000.00,0.0526,increase
4d34bb5bf954e2a76697f8d0cc8da2ff,Balenciaga_SAU_585132TTBXP1090,585132TTBXP1090,SAU,Bags,SAR,2026-09-28,11950.00,12650.00,0.0586,increase
4f3bdf4a1c152b9bf29525ad586c6ef7,Balenciaga_SAU_585609216ZI1210,585609216ZI1210,SAU,Bags,SAR,2026-09-28,2200.00,2350.00,0.0682,increase
94ee92a5b945a26e3cc806734fb5d9b6,Balenciaga_SAU_5861342A5ZF2533,5861342A5ZF2533,SAU,Bags,SAR,2026-09-28,13250.00,14000.00,0.0566,increase
5d1704100ac69fb924fa4516196464af,Balenciaga_SAU_5861342ABDK1000,5861342ABDK1000,SAU,Bags,SAR,2026-09-28,14450.00,15350.00,0.0623,increase
e4b83c5ffd2f1323131992ab1e29bfc1,Balenciaga_SAU_586134THIHP4200,586134THIHP4200,SAU,Bags,SAR,2026-09-28,13050.00,13800.00,0.0575,increase
5a95f702dd33c90042e66476c69ab63c,Balenciaga_SAU_5861462ABI32533,5861462ABI32533,SAU,Bags,SAR,2026-09-28,10400.00,11050.00,0.0625,increase
669ef01ad3a2fcf6a403ae8da8cdbfc6,Balenciaga_SAU_586146TO7IY1210,586146TO7IY1210,SAU,Bags,SAR,2026-09-28,10200.00,10800.00,0.0588,increase
023a4045756b337dfc90ae1a4636ef53,Balenciaga_SAU_586146TRVHI2533,586146TRVHI2533,SAU,Bags,SAR,2026-09-28,12450.00,13200.00,0.0602,increase
520497f8ec9568251859eabbdcdbd7eb,Balenciaga_SAU_586146TT9QA8065,586146TT9QA8065,SAU,Bags,SAR,2026-09-28,12300.00,13050.00,0.0610,increase
bb67291062b808091ff299b27f5f74a7,Balenciaga_SAU_586146TTWU21240,586146TTWU21240,SAU,Bags,SAR,2026-09-28,10450.00,11100.00,0.0622,increase
1ca4d1bd7936d7d9ff02a25613d67656,Balenciaga_SAU_586146W1WP65723,586146W1WP65723,SAU,Bags,SAR,2026-09-28,13250.00,14050.00,0.0604,increase
eb9798179b48a6de00075d4b9943c995,Balenciaga_SAU_586146WBD2S8122,586146WBD2S8122,SAU,Bags,SAR,2026-09-28,8000.00,8500.00,0.0625,increase
260b31ed2fca91a1381deb3584f4fdf9,Balenciaga_SAU_58737121E5Q1000,58737121E5Q1000,SAU,Bags,SAR,2026-09-28,13350.00,14150.00,0.0599,increase
1978f21e93f36a3a521971de6f0edc31,Balenciaga_SAU_5898034GZAD1000,5898034GZAD1000,SAU,Bags,SAR,2026-09-28,13250.00,14050.00,0.0604,increase
680888c086d51cfccb6217356b39a813,Balenciaga_SAU_589803TTLSW4011,589803TTLSW4011,SAU,Bags,SAR,2026-09-28,9550.00,10100.00,0.0576,increase
8b1d51a8acd7d23ffd500f4d20b05f14,Balenciaga_SAU_5919172AZ1O5723,5919172AZ1O5723,SAU,Small Leather Goods,SAR,2026-09-28,1350.00,1450.00,0.0741,increase
7e6f2033476bf13598b9831357af44d0,Balenciaga_SAU_5919174GT0G9000,5919174GT0G9000,SAU,Small Leather Goods,SAR,2026-09-28,2200.00,2350.00,0.0682,increase
2ddf4df02308c652264a5cda7d0ca3dc,Balenciaga_SAU_59650121J5P2533,59650121J5P2533,SAU,Bags,SAR,2026-09-28,12700.00,13450.00,0.0591,increase
ae5dd7b89c3c68ce4c178074b187641c,Balenciaga_SAU_596501TY52T1000,596501TY52T1000,SAU,Bags,SAR,2026-09-28,11100.00,11800.00,0.0631,increase
077975b753ac5baa58623ee35b013478,Balenciaga_SAU_596501W8PY42840,596501W8PY42840,SAU,Bags,SAR,2026-09-28,9900.00,10500.00,0.0606,increase
1d4294334b62fa608118e5acce835e96,Balenciaga_SAU_600325214860911,600325214860911,SAU,Bags,SAR,2026-09-28,8100.00,8550.00,0.0556,increase
6eb63f20e5b9d9a6f225ede077d05b40,Balenciaga_SAU_6003254G0R28122,6003254G0R28122,SAU,Bags,SAR,2026-09-28,8400.00,8900.00,0.0595,increase
b6c8ad81d31f76d681ef001897701d3e,Balenciaga_SAU_600325TT4SF1000,600325TT4SF1000,SAU,Bags,SAR,2026-09-28,11900.00,12600.00,0.0588,increase
5d5c6a59dff824b4301b8feded88ef1b,Balenciaga_SAU_6039712AHBR3258,6039712AHBR3258,SAU,Bags,SAR,2026-09-28,12050.00,12800.00,0.0622,increase
1b5f3ae64ac7b8ab61e9751b4f3464be,Balenciaga_SAU_6039714G6ZW1090,6039714G6ZW1090,SAU,Bags,SAR,2026-09-28,44600.00,47250.00,0.0594,increase
e559ccf4b1b4070a8e8ae7b61b2a429a,Balenciaga_SAU_604342219829104,604342219829104,SAU,Accessories,SAR,2026-09-28,8100.00,8600.00,0.0617,increase
937d44ca16f5debb661fd655c23690d7,Balenciaga_SAU_6043422ABBQ0911,6043422ABBQ0911,SAU,Accessories,SAR,2026-09-28,7700.00,8150.00,0.0584,increase
2a9101bd9cd7138b2702356f38371bd9,Balenciaga_SAU_6043424G58X9000,6043424G58X9000,SAU,Accessories,SAR,2026-09-28,18700.00,19850.00,0.0615,increase
566ce8145515483c0d06c0b8dd69e9a0,Balenciaga_SAU_605291218ME1000,605291218ME1000,SAU,Small Leather Goods,SAR,2026-09-28,1700.00,1850.00,0.0882,increase
f30ec53b4565e6fcaa02d2fba40f4b92,Balenciaga_SAU_6052912ABSR1210,6052912ABSR1210,SAU,Small Leather Goods,SAR,2026-09-28,1850.00,2000.00,0.0811,increase
202e836465131a36cda0e8069d48bf22,Balenciaga_SAU_6067874GSEE1084,6067874GSEE1084,SAU,Bags,SAR,2026-09-28,11650.00,12350.00,0.0601,increase
55fa08fcbeee2aaf831184b903619814,Balenciaga_SAU_606787WJ1DK1251,606787WJ1DK1251,SAU,Bags,SAR,2026-09-28,9450.00,10000.00,0.0582,increase
6db7f7ceab32d5cd93c1f323c3865b2b,Balenciaga_SAU_6068722A74C0911,6068722A74C0911,SAU,Small Leather Goods,SAR,2026-09-28,1950.00,2100.00,0.0769,increase
9078e3bf05fabf176bcd332ca415e092,Balenciaga_SAU_606872TJ2VY9000,606872TJ2VY9000,SAU,Bags,SAR,2026-09-28,3550.00,3750.00,0.0563,increase
bdd3b4841bdd230308c3e9c0ffea7e2f,Balenciaga_SAU_606872TTD4I1000,606872TTD4I1000,SAU,Small Leather Goods,SAR,2026-09-28,2450.00,2600.00,0.0612,increase
e37f5e6cde3ceb7b5b8b05c663342f52,Balenciaga_SAU_606872WCITL8065,606872WCITL8065,SAU,Accessories,SAR,2026-09-28,1250.00,1300.00,0.0400,increase
d2badbfc748c0c7160f2bd95ec279d85,Balenciaga_SAU_6081552A3911090,6081552A3911090,SAU,Bags,SAR,2026-09-28,3150.00,3300.00,0.0476,increase
8dc8b0779662f3db0922da765ec77f8f,Balenciaga_SAU_6090452AB6B0926,6090452AB6B0926,SAU,Small Leather Goods,SAR,2026-09-28,1750.00,1850.00,0.0571,increase
e5d18785b5dc2f85a514ef5828ffb1d6,Balenciaga_SAU_6090454GFZ40926,6090454GFZ40926,SAU,Small Leather Goods,SAR,2026-09-28,4250.00,4500.00,0.0588,increase
131ec9cc614445848fe6c548b9fcadc1,Balenciaga_SAU_60976421CA79000,60976421CA79000,SAU,Accessories,SAR,2026-09-28,3300.00,3500.00,0.0606,increase
fce3a0c7ed7955bafad4b10f99b7810c,Balenciaga_SAU_6097644GYE99104,6097644GYE99104,SAU,Accessories,SAR,2026-09-28,1750.00,1850.00,0.0571,increase
2bb32333781e4543a95bbbf3061f83b6,Balenciaga_SAU_609764W580V9002,609764W580V9002,SAU,Accessories,SAR,2026-09-28,2300.00,2450.00,0.0652,increase
898508a43802eb9285936d58036e4283,Balenciaga_SAU_6106004GZJF9104,6106004GZJF9104,SAU,Bags,SAR,2026-09-28,7350.00,7800.00,0.0612,increase
e5340c6a4122b4535e66d8c77b413678,Balenciaga_SAU_610600WI7Z98065,610600WI7Z98065,SAU,Bags,SAR,2026-09-28,3750.00,3950.00,0.0533,increase
e8efb2e10df02d0f78e08dbd0b249b78,Balenciaga_SAU_6115974G4912308,6115974G4912308,SAU,Bags,SAR,2026-09-28,4950.00,5250.00,0.0606,increase
5edee8db3757242e7805634245da4875,Balenciaga_SAU_614404TT16Q1251,614404TT16Q1251,SAU,Bags,SAR,2026-09-28,12000.00,12750.00,0.0625,increase
136c1d2fb9540d33e509b94b55105332,Balenciaga_SAU_615434215P10926,615434215P10926,SAU,Bags,SAR,2026-09-28,19200.00,20350.00,0.0599,increase
f4eda9f2fa978c027fbb1b962a3338e4,Balenciaga_SAU_6154342AB0Q2533,6154342AB0Q2533,SAU,Bags,SAR,2026-09-28,12000.00,12700.00,0.0583,increase
6311482fae6aa2a943e3038944c669bb,Balenciaga_SAU_6154342AFAB4011,6154342AFAB4011,SAU,Bags,SAR,2026-09-28,9850.00,10450.00,0.0609,increase
34bdf074ba6b36b87ae206ff2521bcd5,Balenciaga_SAU_6154344GBXM0926,6154344GBXM0926,SAU,Bags,SAR,2026-09-28,10800.00,11450.00,0.0602,increase
3fe79ecd306b703d44672b434e5877a4,Balenciaga_SAU_6154344GF5T2308,6154344GF5T2308,SAU,Bags,SAR,2026-09-28,8300.00,8800.00,0.0602,increase
17e7a7edf52d76630534265d432ba7aa,Balenciaga_SAU_615434TT9YP0127,615434TT9YP0127,SAU,Bags,SAR,2026-09-28,8700.00,9250.00,0.0632,increase
d7a60c0c0c218e9d2136e99bbda29ddb,Balenciaga_SAU_61818021PJ51090,61818021PJ51090,SAU,Accessories,SAR,2026-09-28,1350.00,1450.00,0.0741,increase
8fbc0808dbc0280e03c144d7e95ece68,Balenciaga_SAU_6181802A8GI8065,6181802A8GI8065,SAU,Accessories,SAR,2026-09-28,6450.00,6850.00,0.0620,increase
13957bbcf5fe8ab62407c9a92c3c4437,Balenciaga_SAU_618809TH1H49020,618809TH1H49020,SAU,Small Leather Goods,SAR,2026-09-28,6600.00,7000.00,0.0606,increase
7cc468a03d751b335417715d3d92f62a,Balenciaga_SAU_61979921UMQ9000,61979921UMQ9000,SAU,Small Leather Goods,SAR,2026-09-28,1750.00,1900.00,0.0857,increase
5b18e1e8ec4f1d467875152ff5046cb5,Balenciaga_SAU_6197992ABGI2840,6197992ABGI2840,SAU,Small Leather Goods,SAR,2026-09-28,1200.00,1300.00,0.0833,increase
a791d8ff66cec26b6e4ad41ecaeb35e9,Balenciaga_SAU_6200252AB6C2840,6200252AB6C2840,SAU,Bags,SAR,2026-09-28,9850.00,10450.00,0.0609,increase
2a1210dc8781faf6d54903fbb419db97,Balenciaga_SAU_620025TTOCR3258,620025TTOCR3258,SAU,Bags,SAR,2026-09-28,12150.00,12900.00,0.0617,increase
14acdb0ccba125ab7b2c66a67632c603,Balenciaga_SAU_62422121YB51240,62422121YB51240,SAU,Bags,SAR,2026-09-28,2400.00,2500.00,0.0417,increase
a7ecf90017a929be89f48d256dc04bb4,Balenciaga_SAU_624221TTQWM8065,624221TTQWM8065,SAU,Bags,SAR,2026-09-28,2350.00,2450.00,0.0426,increase
e02f9f49c70e61de71b63d43c8776555,Balenciaga_SAU_624221WD4EL9020,624221WD4EL9020,SAU,Bags,SAR,2026-09-28,5450.00,5750.00,0.0550,increase
4d4a80c421b12111b7fa71b31fbd32b0,Balenciaga_SAU_6257174GF6W2533,6257174GF6W2533,SAU,Small Leather Goods,SAR,2026-09-28,1100.00,1150.00,0.0455,increase
d1d94c59d3689ce736b9a59f4e4a1cc1,Balenciaga_SAU_627903TTOKK2840,627903TTOKK2840,SAU,Bags,SAR,2026-09-28,1750.00,1850.00,0.0571,increase
ce7259bf81818055b81b6e5e774dab7c,Balenciaga_SAU_6305072110B1041,6305072110B1041,SAU,Bags,SAR,2026-09-28,17350.00,18400.00,0.0605,increase
095e7c0d4b02e4ca171576664061a63e,Balenciaga_SAU_63050721WLN1251,63050721WLN1251,SAU,Bags,SAR,2026-09-28,8250.00,8750.00,0.0606,increase
85e4f4986bc985f2fdd6b17692b594ce,Balenciaga_SAU_630507TTWFZ1240,630507TTWFZ1240,SAU,Bags,SAR,2026-09-28,14500.00,15350.00,0.0586,increase
1ad4225031ea792f96b3ab8fa5dd31d6,Balenciaga_SAU_630507WVDSS9002,630507WVDSS9002,SAU,Bags,SAR,2026-09-28,14250.00,15100.00,0.0596,increase
d6d5031fffa77f39112cef05d0b0b5f6,Balenciaga_SAU_630507WZAMO2533,630507WZAMO2533,SAU,Bags,SAR,2026-09-28,18200.00,19300.00,0.0604,increase
3992fba03a4d801353a420bfc4f6342d,Balenciaga_SAU_6319002ABTX1000,6319002ABTX1000,SAU,Bags,SAR,2026-09-28,12600.00,13350.00,0.0595,increase
12cc8d23623540dc8c47ab56fc97e5b4,Balenciaga_SAU_6319002AWRE9104,6319002AWRE9104,SAU,Bags,SAR,2026-09-28,12200.00,12900.00,0.0574,increase
81f91990aef6dbc9d1c4896047c12af1,Balenciaga_SAU_6319004GBUF5723,6319004GBUF5723,SAU,Bags,SAR,2026-09-28,13050.00,13850.00,0.0613,increase
64e5be02de48f950ffd4138d676387f9,Balenciaga_SAU_631900TT6TA9000,631900TT6TA9000,SAU,Bags,SAR,2026-09-28,9150.00,9700.00,0.0601,increase
9f48ef774a77e395e99d5733c77f3838,Balenciaga_SAU_631900TTHUH1000,631900TTHUH1000,SAU,Bags,SAR,2026-09-28,10500.00,11100.00,0.0571,increase
6cdf17a179549e9a8d7905f34d1d81f3,Balenciaga_SAU_631900TTM6O1000,631900TTM6O1000,SAU,Bags,SAR,2026-09-28,13000.00,13800.00,0.0615,increase
80dc483da59006f24f12bf1935291ae1,Balenciaga_SAU_631900WFXVH1000,631900WFXVH1000,SAU,Bags,SAR,2026-09-28,10650.00,11300.00,0.0610,increase
fb8e724713a49befead5e539540f60b0,Balenciaga_SAU_63238321K5N1090,63238321K5N1090,SAU,Small Leather Goods,SAR,2026-09-28,16150.00,17100.00,0.0588,increase
cef6e495c31819c69608db3e03e4ff49,Balenciaga_SAU_6341232ABT41041,6341232ABT41041,SAU,Bags,SAR,2026-09-28,5350.00,5700.00,0.0654,increase
eb5a42b9bb7bb249f46e4f3a7c5eb176,Balenciaga_SAU_634123TF2SO0911,634123TF2SO0911,SAU,Bags,SAR,2026-09-28,6700.00,7100.00,0.0597,increase
62dc1417d19af336206180c9cf34c210,Balenciaga_SAU_634123TTEWD5723,634123TTEWD5723,SAU,Bags,SAR,2026-09-28,14250.00,15100.00,0.0596,increase
182e03a6d66313415c1f9326e9f717e1,Balenciaga_SAU_639916T3NGA1000,639916T3NGA1000,SAU,Small Leather Goods,SAR,2026-09-28,8100.00,8550.00,0.0556,increase
8292990146fa8d6242a7f650cbf31227,Balenciaga_SAU_6416162ABYP9002,6416162ABYP9002,SAU,Bags,SAR,2026-09-28,5750.00,6100.00,0.0609,increase
9c9b9b5b927969b555068b6f35b097e1,Balenciaga_SAU_6482272AB7M0127,6482272AB7M0127,SAU,Bags,SAR,2026-09-28,4200.00,4500.00,0.0714,increase
ba50b5907fec0a22c964a31b1c61b1f9,Balenciaga_SAU_648227WHLJF3258,648227WHLJF3258,SAU,Bags,SAR,2026-09-28,13500.00,14300.00,0.0593,increase
ccc6a28ad7149bb49284540f9aa98926,Balenciaga_SAU_65021421L5I4200,65021421L5I4200,SAU,Small Leather Goods,SAR,2026-09-28,1650.00,1750.00,0.0606,increase
7623b65cfb70f229861572d6a0e76fb3,Balenciaga_SAU_6502142A5IF9000,6502142A5IF9000,SAU,Small Leather Goods,SAR,2026-09-28,1250.00,1350.00,0.0800,increase
3ab14c8fc3edb01908a5094f2bdfe051,Balenciaga_SAU_65463321I4N1000,65463321I4N1000,SAU,Bags,SAR,2026-09-28,3900.00,4100.00,0.0513,increase
0ca64d2da773b2addfc252907ea4e086,Balenciaga_SAU_6582622A6FA9020,6582622A6FA9020,SAU,Bags,SAR,2026-09-28,7400.00,7850.00,0.0608,increase
2e4d505c341405e1bc3991fa5fff7406,Balenciaga_SAU_6595782AB1G2533,6595782AB1G2533,SAU,Bags,SAR,2026-09-28,1250.00,1300.00,0.0400,increase
d455c12d7481d9b5795693ff84201bcf,Balenciaga_SAU_659578WTHGI0127,659578WTHGI0127,SAU,Bags,SAR,2026-09-28,1800.00,1900.00,0.0556,increase
0bdb19634c3c57184f21d6770df36277,Balenciaga_SAU_664769WDPAE8065,664769WDPAE8065,SAU,Bags,SAR,2026-09-28,9650.00,10250.00,0.0622,increase
5e11b1ec769bab2a6a3b0ce5c80927ee,Balenciaga_SAU_666159TT9KL9000,666159TT9KL9000,SAU,Small Leather Goods,SAR,2026-09-28,1200.00,1250.00,0.0417,increase
280ee0016e9daf842bad9950831e4526,Balenciaga_SAU_668213WBX4D2533,668213WBX4D2533,SAU,Bags,SAR,2026-09-28,12450.00,13200.00,0.0602,increase
52a4bacb41f0672e9107b2c7ca75fe95,Balenciaga_SAU_668213WIM2Q0911,668213WIM2Q0911,SAU,Bags,SAR,2026-09-28,11000.00,11650.00,0.0591,increase
cd69137a2d2054abc933cbc303725073,Balenciaga_SAU_6703942ADO60911,6703942ADO60911,SAU,Small Leather Goods,SAR,2026-09-28,1750.00,1850.00,0.0571,increase
2904c8dc2fb0eb6eaebe44429396038d,Balenciaga_SAU_6703942AJWP9002,6703942AJWP9002,SAU,Small Leather Goods,SAR,2026-09-28,1200.00,1300.00,0.0833,increase
665696fdf57f7d39a81e43955e8b5461,Balenciaga_SAU_6703944GWYS4200,6703944GWYS4200,SAU,Small Leather Goods,SAR,2026-09-28,1600.00,1700.00,0.0625,increase
b918e5ab468488a5e9ce79afdf20eb00,Balenciaga_SAU_6704764GD9W5723,6704764GD9W5723,SAU,Bags,SAR,2026-09-28,1950.00,2050.00,0.0513,increase
8d3a2454cacb5aef8582fa97f315f9f8,Balenciaga_SAU_67679221VL61210,67679221VL61210,SAU,Bags,SAR,2026-09-28,11100.00,11800.00,0.0631,increase
a30acc5f83fd6a7612b63741cb66befc,Balenciaga_SAU_6767922AB4K1090,6767922AB4K1090,SAU,Bags,SAR,2026-09-28,6900.00,7350.00,0.0652,increase
4d30e692536693eda70d2c8d8dda3b23,Balenciaga_SAU_6767922APFE1000,6767922APFE1000,SAU,Bags,SAR,2026-09-28,9750.00,10350.00,0.0615,increase
a96edb9684ccbcafa4d88625a110ab0b,Balenciaga_SAU_676820WGNH62533,676820WGNH62533,SAU,Bags,SAR,2026-09-28,9800.00,10350.00,0.0561,increase
e00bb53f02d2e10d8c0dba523b782ce0,Balenciaga_SAU_6786802AEJ81000,6786802AEJ81000,SAU,Small Leather Goods,SAR,2026-09-28,9900.00,10450.00,0.0556,increase
f946ca9e38b428c860113adaae084065,Balenciaga_SAU_6869382ABCP0911,6869382ABCP0911,SAU,Bags,SAR,2026-09-28,11400.00,12050.00,0.0570,increase
bbcbc2f0e4550c20e313c1fc78b3eb95,Balenciaga_SAU_6871014GGDU8122,6871014GGDU8122,SAU,Bags,SAR,2026-09-28,5400.00,5750.00,0.0648,increase
66a0c07b3a05d32358ff1a5628869721,Balenciaga_SAU_687101TK1EY1000,687101TK1EY1000,SAU,Bags,SAR,2026-09-28,13200.00,14000.00,0.0606,increase
d412e0fccea8d4e4ffa652061a955ddf,Balenciaga_SAU_687101TTS681000,687101TTS681000,SAU,Bags,SAR,2026-09-28,9100.00,9650.00,0.0604,increase
a597a71460f6f6b28623156c8a075997,Balenciaga_SAU_6873682AB3L1000,6873682AB3L1000,SAU,Bags,SAR,2026-09-28,18400.00,19500.00,0.0598,increase
1a8cc6c44c0b3990b0a3b84968a7c1a1,Balenciaga_SAU_6873682ABYE2308,6873682ABYE2308,SAU,Bags,SAR,2026-09-28,14650.00,15550.00,0.0614,increase
b1fca0595711152ead8660fa8b6e988b,Balenciaga_SAU_6873684GEGI1210,6873684GEGI1210,SAU,Bags,SAR,2026-09-28,9800.00,10400.00,0.0612,increase
4e9d9f090af3d1710a54f9cfdaa0d029,Balenciaga_SAU_687755TT6SC1090,687755TT6SC1090,SAU,Small Leather Goods,SAR,2026-09-28,2700.00,2900.00,0.0741,increase
4188c2ad02364cd326b9293a39871518,Balenciaga_SAU_687755WZQV70926,687755WZQV70926,SAU,Small Leather Goods,SAR,2026-09-28,2050.00,2200.00,0.0732,increase
f61a55414d3012e4cce951b08757f918,Balenciaga_SAU_690455WM0LO0926,690455WM0LO0926,SAU,Small Leather Goods,SAR,2026-09-28,4000.00,4250.00,0.0625,increase
2e02fa4f491070d59c83270f7aade86d,Balenciaga_SAU_690455WV5SI9002,690455WV5SI9002,SAU,Small Leather Goods,SAR,2026-09-28,5250.00,5600.00,0.0667,increase
a21a3ecf048e40cad46f3775823adec3,Balenciaga_SAU_698478T6LAH9020,698478T6LAH9020,SAU,Bags,SAR,2026-09-28,18700.00,19800.00,0.0588,increase
2842ef161c0faddf1b5920e8255a932e,Balenciaga_SAU_698478TK52K4200,698478TK52K4200,SAU,Bags,SAR,2026-09-28,3300.00,3500.00,0.0606,increase
5d02157a05a026969ee6f401f3c898e8,Balenciaga_SAU_698478WAG0O0911,698478WAG0O0911,SAU,Bags,SAR,2026-09-28,3550.00,3750.00,0.0563,increase
1a7c7618b132f5118c8b1f31ebdd3592,Balenciaga_SAU_706014TT5D61000,706014TT5D61000,SAU,Bags,SAR,2026-09-28,2150.00,2250.00,0.0465,increase
9b100a30fc9e4c59cec6de1fe6fcffc2,Balenciaga_SAU_706014TTHIA8065,706014TTHIA8065,SAU,Bags,SAR,2026-09-28,2200.00,2300.00,0.0455,increase
f8277373ac2176645301c456d6891551,Balenciaga_SAU_706014TV8UH1084,706014TV8UH1084,SAU,Bags,SAR,2026-09-28,3400.00,3600.00,0.0588,increase
c4d19068034a522770ae1e750d6b5fb4,Balenciaga_SAU_7066122A50P3258,7066122A50P3258,SAU,Small Leather Goods,SAR,2026-09-28,4850.00,5150.00,0.0619,increase
465d7a61d450b09005c5ba67cd285d02,Balenciaga_SAU_7066122AB3X1000,7066122AB3X1000,SAU,Small Leather Goods,SAR,2026-09-28,4500.00,4750.00,0.0556,increase
20e04d79cde007c6927a385ec3618cff,Balenciaga_SAU_7066122AY6L8065,7066122AY6L8065,SAU,Small Leather Goods,SAR,2026-09-28,9350.00,9900.00,0.0588,increase
6875a35518a3b9b70dbcc7c07b74df74,Balenciaga_SAU_706612TTDZG0926,706612TTDZG0926,SAU,Small Leather Goods,SAR,2026-09-28,3400.00,3600.00,0.0588,increase
f248555e2abe27d09cf5e707ec9c3067,Balenciaga_SAU_706612WBFE11090,706612WBFE11090,SAU,Small Leather Goods,SAR,2026-09-28,1300.00,1400.00,0.0769,increase
f5415be5f24bdc72ca391b58631bee3d,Balenciaga_SAU_7089882AB993258,7089882AB993258,SAU,Small Leather Goods,SAR,2026-09-28,2650.00,2800.00,0.0566,increase
3e81ac86346133cbd290477590ba314d,Balenciaga_SAU_71088921W3O1240,71088921W3O1240,SAU,Small Leather Goods,SAR,2026-09-28,2400.00,2550.00,0.0625,increase
25969bcd4ecd149e9dc28b10a6a272d0,Balenciaga_SAU_7108894GUHQ1000,7108894GUHQ1000,SAU,Small Leather Goods,SAR,2026-09-28,2450.00,2600.00,0.0612,increase
87efafeb3d8548a8329670230604e3d1,Balenciaga_SAU_711160WE21T1240,711160WE21T1240,SAU,Small Leather Goods,SAR,2026-09-28,1350.00,1450.00,0.0741,increase
99ca0980b8876c5ae42361ad3a32c7d0,Balenciaga_SAU_711160WOZ6M4011,711160WOZ6M4011,SAU,Small Leather Goods,SAR,2026-09-28,1750.00,1850.00,0.0571,increase
234188659ea1a369ff746315bc3b6c40,Balenciaga_SAU_7134902AB1H4200,7134902AB1H4200,SAU,Bags,SAR,2026-09-28,13500.00,14350.00,0.0630,increase
f312c4985ae069da97db0c34d21e5fc5,Balenciaga_SAU_713490TTJ7K2533,713490TTJ7K2533,SAU,Bags,SAR,2026-09-28,14050.00,14900.00,0.0605,increase
3863294f8ef59a601c81d2b26e239d30,Balenciaga_SAU_7163574GQBG9000,7163574GQBG9000,SAU,Bags,SAR,2026-09-28,9400.00,9950.00,0.0585,increase
aa3f30a118b06476ed5d0ee2f131b1da,Balenciaga_SAU_7238022ALQU5723,7238022ALQU5723,SAU,Bags,SAR,2026-09-28,7750.00,8200.00,0.0581,increase
26090d9dcf60887ff9855370a9a6d762,Balenciaga_SAU_723802TPE569000,723802TPE569000,SAU,Bags,SAR,2026-09-28,7400.00,7850.00,0.0608,increase
26979a66ed62a7a36bb5b64450008dff,Balenciaga_SAU_723802TTN6J5723,723802TTN6J5723,SAU,Bags,SAR,2026-09-28,19850.00,21050.00,0.0605,increase
7b900e63d89b30ac1b33debeac4db343,Balenciaga_SAU_7247992ABQG0926,7247992ABQG0926,SAU,Small Leather Goods,SAR,2026-09-28,3500.00,3700.00,0.0571,increase
0cba672d23612f72a64eaabd32a7c328,Balenciaga_SAU_72532821OA90911,72532821OA90911,SAU,Small Leather Goods,SAR,2026-09-28,3150.00,3350.00,0.0635,increase
7e2b9cd26f00ee2bbc0b625afba3d3da,Balenciaga_SAU_725328TTV443258,725328TTV443258,SAU,Small Leather Goods,SAR,2026-09-28,1200.00,1250.00,0.0417,increase
125e3a1a1c9cca894f03259e0e0dfd9e,Balenciaga_SAU_72600621HFN1210,72600621HFN1210,SAU,Bags,SAR,2026-09-28,14150.00,15000.00,0.0601,increase
97c0adf9b77ada37d30ae1f3f91b7717,Balenciaga_SAU_7260062AINV9000,7260062AINV9000,SAU,Bags,SAR,2026-09-28,9300.00,9850.00,0.0591,increase
a0ae2afc9bb4909cf377cfcaddea83f2,Balenciaga_SAU_7260064GLKM1000,7260064GLKM1000,SAU,Bags,SAR,2026-09-28,12800.00,13550.00,0.0586,increase
7afb69a20e7b5a059b2b38b0539bf03f,Balenciaga_SAU_7283052ABY31090,7283052ABY31090,SAU,Bags,SAR,2026-09-28,15000.00,15900.00,0.0600,increase
5e6378aa56818017f1bf9d54f49adf35,Balenciaga_SAU_728305TUZCI4011,728305TUZCI4011,SAU,Bags,SAR,2026-09-28,17600.00,18700.00,0.0625,increase
5d6a430a22d1d6f05c4fb83a923fa9a1,Balenciaga_SAU_72872721NOR1090,72872721NOR1090,SAU,Bags,SAR,2026-09-28,10050.00,10650.00,0.0597,increase
78feaa68184a5852fbcf72f94e06c3a1,Balenciaga_SAU_728727WEHTC8065,728727WEHTC8065,SAU,Bags,SAR,2026-09-28,12100.00,12800.00,0.0579,increase
06835e6e679d16b98b4fab13cdc7a3d3,Balenciaga_SAU_72918421GJI3258,72918421GJI3258,SAU,Bags,SAR,2026-09-28,12500.00,13250.00,0.0600,increase
7f1ea23ec883c5c538113186d84abf39,Balenciaga_SAU_7297992A1LP1000,7297992A1LP1000,SAU,Bags,SAR,2026-09-28,8800.00,9300.00,0.0568,increase
6271675cbdc8eadd605c14767f917d30,Balenciaga_SAU_7297992ABTM0926,7297992ABTM0926,SAU,Bags,SAR,2026-09-28,6850.00,7250.00,0.0584,increase
65da2977568e644bbe98865a0bef8a24,Balenciaga_SAU_7297992ACVY2840,7297992ACVY2840,SAU,Bags,SAR,2026-09-28,7700.00,8200.00,0.0649,increase
0c915ee23583943a2234f701a4b430bb,Balenciaga_SAU_729799TTQ0W0911,729799TTQ0W0911,SAU,Bags,SAR,2026-09-28,13400.00,14200.00,0.0597,increase
c1893746b5080bb7e261d390780ec9d9,Balenciaga_SAU_729799W4YYO2533,729799W4YYO2533,SAU,Bags,SAR,2026-09-28,9400.00,9950.00,0.0585,increase
0cc8d61b1cbef77b454ee5b2c62a776c,Balenciaga_SAU_7311302ABV99104,7311302ABV99104,SAU,Bags,SAR,2026-09-28,6750.00,7150.00,0.0593,increase
d270bfb28e70778348e9eb20b771906b,Balenciaga_SAU_731130TEWXC1000,731130TEWXC1000,SAU,Bags,SAR,2026-09-28,6950.00,7400.00,0.0647,increase
a2f7701a67c7fdbe0f27f4fb0777659c,Balenciaga_SAU_734797W7EBY1041,734797W7EBY1041,SAU,Accessories,SAR,2026-09-28,9450.00,10000.00,0.0582,increase
a3784427fe8e6edb83b374fc6effb691,Balenciaga_SAU_7378382ABGT0926,7378382ABGT0926,SAU,Bags,SAR,2026-09-28,6200.00,6600.00,0.0645,increase
002211932762810309f102c19bc96d8c,Balenciaga_SAU_74009021IIT1084,74009021IIT1084,SAU,Small Leather Goods,SAR,2026-09-28,3250.00,3450.00,0.0615,increase
de9f498aeb06fe9339191f2a4ca7a50c,Balenciaga_SAU_7400904G1H21240,7400904G1H21240,SAU,Small Leather Goods,SAR,2026-09-28,1900.00,2000.00,0.0526,increase
423a02ea2f4d768e21eb67d9a1b0357a,Balenciaga_SAU_740090TT35C4011,740090TT35C4011,SAU,Small Leather Goods,SAR,2026-09-28,4250.00,4500.00,0.0588,increase
44474593e61952e86ca06ea4ac6f4ec4,Balenciaga_SAU_740090TTQWT5723,740090TTQWT5723,SAU,Small Leather Goods,SAR,2026-09-28,2650.00,2800.00,0.0566,increase
d1909b02b8646b84642c0d159df3c2ca,Balenciaga_SAU_7434644GJUQ1251,7434644GJUQ1251,SAU,Small Leather Goods,SAR,2026-09-28,6100.00,6500.00,0.0656,increase
e7f51384b36f00d0bc9bb476d44acbed,Balenciaga_SAU_74818821RAQ1000,74818821RAQ1000,SAU,Small Leather Goods,SAR,2026-09-28,1350.00,1400.00,0.0370,increase
98d6a1f4e91e2758f9a3f30ef02010b7,Balenciaga_SAU_7481882ABWW0911,7481882ABWW0911,SAU,Small Leather Goods,SAR,2026-09-28,2400.00,2550.00,0.0625,increase
985f7f92f0536967a5cf25f8adf5c9a1,Balenciaga_SAU_7481884GUB61000,7481884GUB61000,SAU,Small Leather Goods,SAR,2026-09-28,2850.00,3050.00,0.0702,increase
734e64883b1383496c523109f673d91a,Balenciaga_SAU_7483542ABV39020,7483542ABV39020,SAU,Bags,SAR,2026-09-28,21100.00,22400.00,0.0616,increase
9140403c4e1d1d4d7132232d706ad5b9,Balenciaga_SAU_748354T1COL0911,748354T1COL0911,SAU,Bags,SAR,2026-09-28,10050.00,10650.00,0.0597,increase
a4951f06f68163e5083fb8c5b785902c,Balenciaga_SAU_7517282110W1090,7517282110W1090,SAU,Small Leather Goods,SAR,2026-09-28,5950.00,6300.00,0.0588,increase
3672398c76f5b629f59dea56c8125436,Balenciaga_SAU_75172821F7M1210,75172821F7M1210,SAU,Small Leather Goods,SAR,2026-09-28,4300.00,4600.00,0.0698,increase
118a4ef6ebccd415103c2478aa618940,Balenciaga_SAU_751728WJEN18122,751728WJEN18122,SAU,Small Leather Goods,SAR,2026-09-28,4700.00,4950.00,0.0532,increase
749050e5f66d52bf7a2ebe1fb09f842c,Balenciaga_SAU_7616174GM071041,7616174GM071041,SAU,Small Leather Goods,SAR,2026-09-28,1350.00,1450.00,0.0741,increase
0720722e1e6a1fa9998afe00da6b23b9,Balenciaga_SAU_768723WND8D1000,768723WND8D1000,SAU,Shoes,SAR,2026-09-28,4450.00,3950.00,-0.1124,decrease
377d2cc5f515f436b14f56b9bb0ba822,Balenciaga_SAU_7702602AB191000,7702602AB191000,SAU,Bags,SAR,2026-09-28,13750.00,14550.00,0.0582,increase
0cbcda9fbf7dac112f821113dc87ca6d,Balenciaga_SAU_770260WXM7O1210,770260WXM7O1210,SAU,Bags,SAR,2026-09-28,14100.00,14950.00,0.0603,increase
3c1aac6b92bb8fcd4c57219c97dc0f40,Balenciaga_SAU_77077921FFS1090,77077921FFS1090,SAU,Small Leather Goods,SAR,2026-09-28,1300.00,1400.00,0.0769,increase
dff869d0ed87e7f46c18bc3dc2588d9d,Balenciaga_SAU_77077921PII8122,77077921PII8122,SAU,Small Leather Goods,SAR,2026-09-28,2350.00,2500.00,0.0638,increase
550682de0337264c2fb364e2d037105f,Balenciaga_SAU_7707792A4VV4011,7707792A4VV4011,SAU,Small Leather Goods,SAR,2026-09-28,1900.00,2000.00,0.0526,increase
c2617f54c5b3f77d804ea31cac217f76,Balenciaga_SAU_7707792ABU11084,7707792ABU11084,SAU,Small Leather Goods,SAR,2026-09-28,1950.00,2100.00,0.0769,increase
855e7241ddcc81b943c502e959817110,Balenciaga_SAU_7707792ALGH1000,7707792ALGH1000,SAU,Small Leather Goods,SAR,2026-09-28,4800.00,5100.00,0.0625,increase
2bc73dc8b2ae6c90fdf218dd71304de7,Balenciaga_SAU_7707794G8472308,7707794G8472308,SAU,Small Leather Goods,SAR,2026-09-28,2900.00,3050.00,0.0517,increase
00375f96e6db627c81b0701249cbf13b,Balenciaga_SAU_7707794GGLA1090,7707794GGLA1090,SAU,Small Leather Goods,SAR,2026-09-28,1100.00,1200.00,0.0909,increase
de8f666172b40720efe37ae7d91cebae,Balenciaga_SAU_770779TCSA20127,770779TCSA20127,SAU,Small Leather Goods,SAR,2026-09-28,885.00,940.00,0.0621,increase
a41337aa29435884f12538c2fa409369,Balenciaga_SAU_7737734GF951000,7737734GF951000,SAU,Bags,SAR,2026-09-28,7700.00,8200.00,0.0649,increase
80a5bc29633713d26498b106e1dfb1d5,Balenciaga_SAU_773773W5BMK1240,773773W5BMK1240,SAU,Bags,SAR,2026-09-28,10250.00,10900.00,0.0634,increase
0887e4e11d79b291ff66a1c40df206d3,Balenciaga_SAU_7751222AB963258,7751222AB963258,SAU,Small Leather Goods,SAR,2026-09-28,1600.00,1700.00,0.0625,increase
470638cea2e6b886f78a709e2df2f401,Balenciaga_SAU_775122WM5075723,775122WM5075723,SAU,Small Leather Goods,SAR,2026-09-28,2350.00,2500.00,0.0638,increase
efcaa222ea59aea2d0b2a3490f907336,Balenciaga_SAU_7783482ABC80926,7783482ABC80926,SAU,Small Leather Goods,SAR,2026-09-28,2600.00,2750.00,0.0577,increase
1bc338e6cfb471e437f18081a0cc0bc7,Balenciaga_SAU_778348TTK6R9002,778348TTK6R9002,SAU,Small Leather Goods,SAR,2026-09-28,2350.00,2500.00,0.0638,increase
2dcc62093466c9d5cb886661708cd899,Balenciaga_SAU_778348TTMNA0911,778348TTMNA0911,SAU,Small Leather Goods,SAR,2026-09-28,3400.00,3600.00,0.0588,increase
0a966008c015a8c47714be8c2b9575e5,Balenciaga_SAU_778348WUVHU1210,778348WUVHU1210,SAU,Small Leather Goods,SAR,2026-09-28,2400.00,2550.00,0.0625,increase
7edc3ec7e55d44c985d9cd14db6f05b4,Balenciaga_SAU_7793722AW9V1084,7793722AW9V1084,SAU,Bags,SAR,2026-09-28,9000.00,9550.00,0.0611,increase
95031a492ab83af78b51df635beb05b2,Balenciaga_SAU_779372TOH4Y5723,779372TOH4Y5723,SAU,Bags,SAR,2026-09-28,12100.00,12800.00,0.0579,increase
4d40a487a8010a95c96e864a5e3609cf,Balenciaga_SAU_779797T061J1041,779797T061J1041,SAU,Bags,SAR,2026-09-28,12950.00,13700.00,0.0579,increase
6927de9f5cb76bdd3d790a571049604e,Balenciaga_SAU_78309721JPY0127,78309721JPY0127,SAU,Accessories,SAR,2026-09-28,10800.00,11450.00,0.0602,increase
f199cacb2d6eda108b691fdb3c98c989,Balenciaga_SAU_7830974GC5O8065,7830974GC5O8065,SAU,Accessories,SAR,2026-09-28,11300.00,12000.00,0.0619,increase
ea6b61fc466f1513f93de885ba1080fc,Balenciaga_SAU_783097T88LE4011,783097T88LE4011,SAU,Accessories,SAR,2026-09-28,9250.00,9850.00,0.0649,increase
a77b9feb2d57f794d5acbcb78ca6df0a,Balenciaga_SAU_7842954GWXL2308,7842954GWXL2308,SAU,Bags,SAR,2026-09-28,14550.00,15450.00,0.0619,increase
33a5519eef8d07169f4f2843fd6de19c,Balenciaga_SAU_7846182AWFP1090,7846182AWFP1090,SAU,Accessories,SAR,2026-09-28,1350.00,1400.00,0.0370,increase
059d0701b3a45061ffb475375ece6dd7,Balenciaga_SAU_786691213DR2308,786691213DR2308,SAU,Bags,SAR,2026-09-28,13350.00,14150.00,0.0599,increase
f37ba156bafeae74d3fbd58c470a459c,Balenciaga_SAU_7866912A6IT9002,7866912A6IT9002,SAU,Bags,SAR,2026-09-28,9200.00,9750.00,0.0598,increase
bcb7059ac2885813b4ea47ac37b0f796,Balenciaga_SAU_7866912ABIU2308,7866912ABIU2308,SAU,Bags,SAR,2026-09-28,4450.00,4700.00,0.0562,increase
acc718ed09a7c1dedc512252aa3a477f,Balenciaga_SAU_7866912AENG9104,7866912AENG9104,SAU,Bags,SAR,2026-09-28,5050.00,5350.00,0.0594,increase
8082c2c62aeaababd4fb22af4aae11c3,Balenciaga_SAU_79014021E841041,79014021E841041,SAU,Small Leather Goods,SAR,2026-09-28,5400.00,5750.00,0.0648,increase
8824e41d2251944cacc837081ec5e3fd,Balenciaga_SAU_7901402AB731000,7901402AB731000,SAU,Small Leather Goods,SAR,2026-09-28,5200.00,5500.00,0.0577,increase
6745f68bc906a7350fb9016573b36191,Balenciaga_SAU_790421216UF9020,790421216UF9020,SAU,Small Leather Goods,SAR,2026-09-28,11800.00,12500.00,0.0593,increase
89fb9251196bfb551ab8c9ffd139ea57,Balenciaga_SAU_790421WLLWX1000,790421WLLWX1000,SAU,Small Leather Goods,SAR,2026-09-28,10700.00,11300.00,0.0561,increase
d263c4b9bd23dc7037612d8711165597,Balenciaga_SAU_791061TTORO1090,791061TTORO1090,SAU,Bags,SAR,2026-09-28,12200.00,12900.00,0.0574,increase
3f721516675c0082e9784e3ecd718211,Balenciaga_SAU_792932218SJ1240,792932218SJ1240,SAU,Bags,SAR,2026-09-28,12300.00,13050.00,0.0610,increase
e79d7e24ad9c40908d89b63556e7e566,Balenciaga_SAU_792932219O01251,792932219O01251,SAU,Bags,SAR,2026-09-28,11850.00,12550.00,0.0591,increase
7a748fd0447b100d71c8cf2a249e39d3,Balenciaga_SAU_79293221SBP1210,79293221SBP1210,SAU,Bags,SAR,2026-09-28,10350.00,10950.00,0.0580,increase
62822713a8f210ae4c4a95e4367ff21e,Balenciaga_SAU_792932W27C95723,792932W27C95723,SAU,Bags,SAR,2026-09-28,15800.00,16750.00,0.0601,increase
1571fac743f21f2af9dfb86e49acf966,Balenciaga_SAU_7986072AB0P4011,7986072AB0P4011,SAU,Small Leather Goods,SAR,2026-09-28,1850.00,1950.00,0.0541,increase
8154ae9df6014c36ce38d94173404118,Balenciaga_SAU_798607WHH8S8065,798607WHH8S8065,SAU,Small Leather Goods,SAR,2026-09-28,1400.00,1500.00,0.0714,increase
175e6e877dbef0a147c96e857b6dceb2,Balenciaga_SAU_8044914G46E1000,8044914G46E1000,SAU,Small Leather Goods,SAR,2026-09-28,2400.00,2550.00,0.0625,increase
deab01d450ed9edcce24778443070d5c,Balenciaga_SAU_804491WDN3F1090,804491WDN3F1090,SAU,Small Leather Goods,SAR,2026-09-28,3300.00,3500.00,0.0606,increase
a7e364dc9610fc24b9b98f3b8e295ef4,Balenciaga_SAU_8088952AB0I2840,8088952AB0I2840,SAU,Bags,SAR,2026-09-28,14500.00,15350.00,0.0586,increase
8c0a173b31780a8b46f167b128ea2051,Balenciaga_SAU_8088952AM3D0127,8088952AM3D0127,SAU,Bags,SAR,2026-09-28,12100.00,12800.00,0.0579,increase
e8b5b6ff9dbf1015e56a592cc6781ac1,Balenciaga_SAU_808895TOVIZ2533,808895TOVIZ2533,SAU,Bags,SAR,2026-09-28,15650.00,16550.00,0.0575,increase
d65e97c7cafa294ae542bbf9cfcfc02d,Balenciaga_SAU_8133392ABV39002,8133392ABV39002,SAU,Bags,SAR,2026-09-28,7300.00,7750.00,0.0616,increase
414ea7c3505304fce452815b046d027b,Balenciaga_SAU_8175562A3NQ1251,8175562A3NQ1251,SAU,Bags,SAR,2026-09-28,13050.00,13850.00,0.0613,increase
a9e54fb443722875bb6f58498c2c2262,Balenciaga_SAU_817556TTCFN1090,817556TTCFN1090,SAU,Bags,SAR,2026-09-28,9650.00,10250.00,0.0622,increase
3dc059df10b7c23d03b06f8313a8328b,Balenciaga_SAU_81955721MIX1210,81955721MIX1210,SAU,Small Leather Goods,SAR,2026-09-28,3050.00,3200.00,0.0492,increase
e14ceaa162bbb7ddfec6d9d99d24faca,Balenciaga_SAU_8195572AA863258,8195572AA863258,SAU,Small Leather Goods,SAR,2026-09-28,1850.00,1950.00,0.0541,increase
29860d1fd6756db566a0a270ec7d1c33,Balenciaga_SAU_8223032AF5D1041,8223032AF5D1041,SAU,Small Leather Goods,SAR,2026-09-28,13050.00,13850.00,0.0613,increase
d2c9cdb449d60a31ab4a087d6ab68dae,Balenciaga_SAU_822303TTHOD8065,822303TTHOD8065,SAU,Small Leather Goods,SAR,2026-09-28,7850.00,8300.00,0.0573,increase
488498c7dfed82e1d3811eeee2b2d930,Balenciaga_SAU_824002TJQAV2308,824002TJQAV2308,SAU,Small Leather Goods,SAR,2026-09-28,2300.00,2450.00,0.0652,increase
937c92dc813e71b6cc95a47d47962085,Balenciaga_SAU_82443621AQF0127,82443621AQF0127,SAU,Small Leather Goods,SAR,2026-09-28,1300.00,1400.00,0.0769,increase
4d0b2eaba6f13a076e349a92ea81d982,Balenciaga_SAU_8244362A4UN1000,8244362A4UN1000,SAU,Small Leather Goods,SAR,2026-09-28,1850.00,1950.00,0.0541,increase
949fdf58192e63631c5d577cbdc416b0,Balenciaga_SAU_824436W9DJB2308,824436W9DJB2308,SAU,Small Leather Goods,SAR,2026-09-28,2400.00,2550.00,0.0625,increase
2a43aba7f55c734ccbe7556d053c97fa,Balenciaga_SAU_8245244GV630926,8245244GV630926,SAU,Accessories,SAR,2026-09-28,5500.00,5800.00,0.0545,increase
1f50676701b45818eb78d04e91df360e,Balenciaga_SAU_82607121B2V1041,82607121B2V1041,SAU,Bags,SAR,2026-09-28,11950.00,12650.00,0.0586,increase
f1d935b591fc21f3aac59ff433d843cf,Balenciaga_SAU_8260712A4T11000,8260712A4T11000,SAU,Bags,SAR,2026-09-28,9600.00,10200.00,0.0625,increase
5bc9f4a07a98012281051a9dbb133353,Balenciaga_SAU_8260712ABPL3258,8260712ABPL3258,SAU,Bags,SAR,2026-09-28,12700.00,13450.00,0.0591,increase
9a162ac9b89f0d153ef888b13426f441,Balenciaga_SAU_826071W06VT2533,826071W06VT2533,SAU,Bags,SAR,2026-09-28,8450.00,8950.00,0.0592,increase
c8a2e6d2df806aaf878922b36a56c927,Balenciaga_SAU_8287712ABI90911,8287712ABI90911,SAU,Small Leather Goods,SAR,2026-09-28,1350.00,1400.00,0.0370,increase
ebb7b8acc61eb3efef26b3c79b580214,Balenciaga_SAU_828771TTCTJ0911,828771TTCTJ0911,SAU,Small Leather Goods,SAR,2026-09-28,1200.00,1250.00,0.0417,increase
098d89eb2076d8a307e40757964cc0ae,Balenciaga_SAU_830936WU99V9002,830936WU99V9002,SAU,Small Leather Goods,SAR,2026-09-28,7000.00,7400.00,0.0571,increase
06ac4c9e353b4a3d295fa1cd8a9f78bb,Balenciaga_SAU_8311344GKAG3258,8311344GKAG3258,SAU,Bags,SAR,2026-09-28,6450.00,6800.00,0.0543,increase
ad96c171bf4534d963606988cc23ad43,Balenciaga_SAU_831134T9FMJ0911,831134T9FMJ0911,SAU,Bags,SAR,2026-09-28,5150.00,5450.00,0.0583,increase
d35fe3f82ce3bf12a8bd6751c4b86743,Balenciaga_SAU_831134TEOO93258,831134TEOO93258,SAU,Bags,SAR,2026-09-28,12100.00,12800.00,0.0579,increase
f46123a6ccf88b882f4e52419e99d149,Balenciaga_SAU_833006217XM0911,833006217XM0911,SAU,Bags,SAR,2026-09-28,13550.00,14350.00,0.0590,increase
d8bf1592042aa745e47718d5f1511fca,Balenciaga_SAU_8330062AB421000,8330062AB421000,SAU,Bags,SAR,2026-09-28,13100.00,13900.00,0.0611,increase
c3a71ec7baaf31675b7c7d5dd1a0bee7,Balenciaga_SAU_8330062ABAZ2840,8330062ABAZ2840,SAU,Bags,SAR,2026-09-28,10300.00,10950.00,0.0631,increase
ff38fa665ae74533df7154e1a73aced9,Balenciaga_SAU_834058214S09104,834058214S09104,SAU,Bags,SAR,2026-09-28,9650.00,10200.00,0.0570,increase
7be85513dfe7b66fcd433c8928dcf79b,Balenciaga_SAU_834058218YP5723,834058218YP5723,SAU,Bags,SAR,2026-09-28,9850.00,10450.00,0.0609,increase
04362df098f4809594bcf62a5e50afb9,Balenciaga_SAU_834058WWA8W4200,834058WWA8W4200,SAU,Bags,SAR,2026-09-28,12950.00,13750.00,0.0618,increase
7401993b16c90e09e1a1e5ddad108c40,Balenciaga_SAU_8401812AKBD1000,8401812AKBD1000,SAU,Small Leather Goods,SAR,2026-09-28,1950.00,2050.00,0.0513,increase
97ea435a1be1b2fb11c9a12077d8fe4f,Balenciaga_SAU_840181TTX3A0926,840181TTX3A0926,SAU,Small Leather Goods,SAR,2026-09-28,1750.00,1850.00,0.0571,increase
b2d7d8f3ee3ab4115887406e4ba5fd30,Balenciaga_SAU_840181WKE7A1090,840181WKE7A1090,SAU,Small Leather Goods,SAR,2026-09-28,1400.00,1500.00,0.0714,increase
0ce2182d057b25ee0bfbea0225b33484,Balenciaga_SAU_844132TD4EC9104,844132TD4EC9104,SAU,Bags,SAR,2026-09-28,16150.00,17100.00,0.0588,increase
043daf51af9a413f9262f01efe8a3a6e,Balenciaga_SAU_845436216410127,845436216410127,SAU,Bags,SAR,2026-09-28,5800.00,6150.00,0.0603,increase
aa5fc9e842ca586ed7f2764ae8969467,Balenciaga_SAU_8454362ABSV9000,8454362ABSV9000,SAU,Bags,SAR,2026-09-28,14200.00,15100.00,0.0634,increase
c8820a0c3a03e80673fb8c1f1875118a,Balenciaga_SAU_8454364GBTX9000,8454364GBTX9000,SAU,Bags,SAR,2026-09-28,10100.00,10700.00,0.0594,increase
b1c790f27af5fd6cbade7a6462409d40,Balenciaga_SAU_845436THX071000,845436THX071000,SAU,Bags,SAR,2026-09-28,15850.00,16800.00,0.0599,increase
3ced04eb325ffc2f20620ab9be84e991,Balenciaga_SAU_845436TTCJ71000,845436TTCJ71000,SAU,Bags,SAR,2026-09-28,7200.00,7600.00,0.0556,increase
a6aea65bd18af4a49a19c50e17877acb,Balenciaga_SAU_845436TTGI61251,845436TTGI61251,SAU,Bags,SAR,2026-09-28,14900.00,15750.00,0.0570,increase
74b399d76ac756c50accd5f979b4ff11,Balenciaga_SAU_845436W94521090,845436W94521090,SAU,Bags,SAR,2026-09-28,9650.00,10200.00,0.0570,increase
9859fe11c984cb96bb59566545e0e1b5,Balenciaga_SAU_8501442AB0O1000,8501442AB0O1000,SAU,Bags,SAR,2026-09-28,4450.00,4700.00,0.0562,increase
c6db63eafaa7ac0b0256e266904006a4,Balenciaga_SAU_8514352A4CY1000,8514352A4CY1000,SAU,Small Leather Goods,SAR,2026-09-28,5800.00,6150.00,0.0603,increase
2008c6633f2125b0e3f6085a3b6af404,Balenciaga_SAU_851435W66F78065,851435W66F78065,SAU,Small Leather Goods,SAR,2026-09-28,1250.00,1350.00,0.0800,increase
4f037359323bc5289d926917174d7f73,Balenciaga_SAU_85254221FH01000,85254221FH01000,SAU,Small Leather Goods,SAR,2026-09-28,2850.00,3000.00,0.0526,increase
f1b62acbe1321d42928c1dfb93367396,Balenciaga_SAU_85254221MXR4011,85254221MXR4011,SAU,Small Leather Goods,SAR,2026-09-28,3800.00,4000.00,0.0526,increase
994e61ab0189d5fa56ff819c84d4c04e,Balenciaga_SAU_8525422AB5G1090,8525422AB5G1090,SAU,Small Leather Goods,SAR,2026-09-28,1250.00,1350.00,0.0800,increase
d997b9c99cb732dd626015e2318c5c52,Balenciaga_SAU_852542TRTB02840,852542TRTB02840,SAU,Small Leather Goods,SAR,2026-09-28,1250.00,1300.00,0.0400,increase
d7863d14eccb35434476ec4a403e402a,Balenciaga_SAU_852542WCMOK5723,852542WCMOK5723,SAU,Small Leather Goods,SAR,2026-09-28,1350.00,1400.00,0.0370,increase
3e7b8b39dac042462abdcf2d09063a8f,Balenciaga_SAU_8561912110W1000,8561912110W1000,SAU,Small Leather Goods,SAR,2026-09-28,1400.00,1450.00,0.0357,increase
6b8710300a44d28fd4d1e0a3c070f9c9,Balenciaga_SAU_856191T2DEI9104,856191T2DEI9104,SAU,Small Leather Goods,SAR,2026-09-28,1850.00,1950.00,0.0541,increase
6a3c689b094310b41d58ec6b29adb84a,Balenciaga_SAU_856191T74RJ1210,856191T74RJ1210,SAU,Small Leather Goods,SAR,2026-09-28,1700.00,1800.00,0.0588,increase
f4f87622bed6c9ad66ce68fd17c3a760,Balenciaga_SAU_858352TTBLY1041,858352TTBLY1041,SAU,Small Leather Goods,SAR,2026-09-28,6250.00,6600.00,0.0560,increase
ec26390d0e7b158e146f68429973e700,Balenciaga_SAU_8592794GT7H9104,8592794GT7H9104,SAU,Small Leather Goods,SAR,2026-09-28,5300.00,5600.00,0.0566,increase
4f304599b24a63540dea6909caced6ca,Balenciaga_SAU_860458WVPJ84200,860458WVPJ84200,SAU,Bags,SAR,2026-09-28,12100.00,12850.00,0.0620,increase
caab93c322f06a6c339ead8bf0a52612,Balenciaga_SAU_8665422AB2D9104,8665422AB2D9104,SAU,Accessories,SAR,2026-09-28,2450.00,2600.00,0.0612,increase
76dc7335ba9d911e49fbecb426074bdd,Balenciaga_SAU_8665424G8ZY1000,8665424G8ZY1000,SAU,Accessories,SAR,2026-09-28,1350.00,1450.00,0.0741,increase
b3d59da0d92a0f6a863b6ce173ea6978,Balenciaga_SAU_8671922ABIT1210,8671922ABIT1210,SAU,Small Leather Goods,SAR,2026-09-28,1850.00,2000.00,0.0811,increase
2bc5b603ffb4e17e0278ef887bf34ee4,Balenciaga_SAU_8690362ABPU2308,8690362ABPU2308,SAU,Bags,SAR,2026-09-28,8850.00,9350.00,0.0565,increase
5f74c050ade52ca1746981279c572500,Balenciaga_SAU_8690364G7ZC4200,8690364G7ZC4200,SAU,Bags,SAR,2026-09-28,18500.00,19600.00,0.0595,increase
92b0e6b2873b018ea44544fbf45481b6,Balenciaga_SAU_86935021KK58122,86935021KK58122,SAU,Bags,SAR,2026-09-28,5350.00,5650.00,0.0561,increase
01e9d8a755b93fdf0723b41438ff0ed4,Balenciaga_SAU_8738792A2QI4011,8738792A2QI4011,SAU,Bags,SAR,2026-09-28,10350.00,10950.00,0.0580,increase
1a6e587dc4ad1b6ef728eb68a0d59f5e,Balenciaga_SAU_8738792ABM71041,8738792ABM71041,SAU,Bags,SAR,2026-09-28,12250.00,13000.00,0.0612,increase
356563a2153d3ee3d8c5f0f54f9a9f42,Balenciaga_SAU_873879TSIMN8122,873879TSIMN8122,SAU,Bags,SAR,2026-09-28,11600.00,12300.00,0.0603,increase
4abb44201978b7bf2d8133060f7fac0c,Balenciaga_SAU_8750414GAUA1000,8750414GAUA1000,SAU,Bags,SAR,2026-09-28,9100.00,9600.00,0.0549,increase
02e20af887f99c7c96881fe367b418c9,Balenciaga_SAU_8837202AB1Q1000,8837202AB1Q1000,SAU,Small Leather Goods,SAR,2026-09-28,1400.00,1500.00,0.0714,increase
82a6cfb46e4d4e3924a6d2bb9fb561d4,Balenciaga_SAU_883720W1IKV1000,883720W1IKV1000,SAU,Small Leather Goods,SAR,2026-09-28,1900.00,2000.00,0.0526,increase
bc04450171eeccb233aad6cf46393109,Balenciaga_SAU_8844562AB381090,8844562AB381090,SAU,Small Leather Goods,SAR,2026-09-28,2450.00,2600.00,0.0612,increase
0fbfdc057c9f4e78ed87420b41029fc0,Balenciaga_SAU_886314TT7F98122,886314TT7F98122,SAU,Small Leather Goods,SAR,2026-09-28,2250.00,2400.00,0.0667,increase
25a93a032151230623b442566b37a31d,Balenciaga_SAU_8872612AB144200,8872612AB144200,SAU,Small Leather Goods,SAR,2026-09-28,4550.00,4850.00,0.0659,increase
e5dc34b822ebf18bf6b5a686e5c1e8cb,Balenciaga_SAU_888240214TG5723,888240214TG5723,SAU,Small Leather Goods,SAR,2026-09-28,2450.00,2600.00,0.0612,increase
d46d7d17a78a4e04d8b8185cb3d14b87,Balenciaga_SAU_888240TTFRH4200,888240TTFRH4200,SAU,Small Leather Goods,SAR,2026-09-28,2100.00,2200.00,0.0476,increase
ed630343c8701e64b8b560956a6e79b3,Balenciaga_SAU_8902582ABVL1251,8902582ABVL1251,SAU,Bags,SAR,2026-09-28,4150.00,4400.00,0.0602,increase
34c21ce379b633ae458c4d1711b3a81f,Balenciaga_SAU_89310521G2W1240,89310521G2W1240,SAU,Bags,SAR,2026-09-28,10750.00,11400.00,0.0605,increase
1a28b8f3fb2ed8e540d1c14fd2a1a58e,Balenciaga_SAU_893105TTXTD1240,893105TTXTD1240,SAU,Bags,SAR,2026-09-28,19100.00,20250.00,0.0602,increase
90949ab7be9e541d6216c99a7f512c32,Balenciaga_SAU_8945912AEYF1090,8945912AEYF1090,SAU,Small Leather Goods,SAR,2026-09-28,9300.00,9850.00,0.0591,increase
76327a66b373b39652648742be9b3b39,Balenciaga_SAU_8945912AHW24200,8945912AHW24200,SAU,Small Leather Goods,SAR,2026-09-28,5050.00,5350.00,0.0594,increase
b1ef2643a15764d72bcd5756804fc546,Balenciaga_SAU_894591TTFLA4200,894591TTFLA4200,SAU,Small Leather Goods,SAR,2026-09-28,10500.00,11150.00,0.0619,increase
71436ac65d99c7c978d6cb4884ad5200,Balenciaga_SAU_89504321IWB1084,89504321IWB1084,SAU,Bags,SAR,2026-09-28,14400.00,15250.00,0.0590,increase
43e272ab4c5e6813d08bff4d7bfa1285,Balenciaga_SAU_8950432ATN89104,8950432ATN89104,SAU,Bags,SAR,2026-09-28,12850.00,13600.00,0.0584,increase
06616966e9fbd3bfc950a14a6817c799,Balenciaga_SAU_895043TTYCV1000,895043TTYCV1000,SAU,Bags,SAR,2026-09-28,11000.00,11650.00,0.0591,increase
9a8dc059d7a29dfc6676d02fdb338d19,Balenciaga_SAU_895043WA6731000,895043WA6731000,SAU,Bags,SAR,2026-09-28,12200.00,12950.00,0.0615,increase
356029aa39e70474c41c62ea65e9c082,Balenciaga_SAU_A00J7KTT7PD1251,A00J7KTT7PD1251,SAU,Bags,SAR,2026-09-28,4400.00,4700.00,0.0682,increase
70b667f4be483985910c7fba4cd08413,Balenciaga_SAU_A042712ABQZ9020,A042712ABQZ9020,SAU,Bags,SAR,2026-09-28,18300.00,19400.00,0.0601,increase
50b94341e70c99a433c0bc11bc9fe344,Balenciaga_SAU_A042712AMT61210,A042712AMT61210,SAU,Bags,SAR,2026-09-28,52050.00,55200.00,0.0605,increase
5e9d78311087657a5d3c0f6d70cc050a,Balenciaga_SAU_A05K8B2ASBF4200,A05K8B2ASBF4200,SAU,Small Leather Goods,SAR,2026-09-28,1450.00,1500.00,0.0345,increase
5727ae15cbb186ce11291910c44f2281,Balenciaga_SAU_A05K8BTJ0TE9002,A05K8BTJ0TE9002,SAU,Small Leather Goods,SAR,2026-09-28,1950.00,2050.00,0.0513,increase
eb287d7a9351e9ec585c2dc3a62179b7,Balenciaga_SAU_A05K8BTSM663258,A05K8BTSM663258,SAU,Small Leather Goods,SAR,2026-09-28,1600.00,1700.00,0.0625,increase
b79522a33aaa0d461e44062502e5ae8b,Balenciaga_SAU_A05K8BTTMMU9104,A05K8BTTMMU9104,SAU,Small Leather Goods,SAR,2026-09-28,3350.00,3550.00,0.0597,increase
336cc01fc985711a14bae8004ca156f1,Balenciaga_SAU_A064YD4GQIW1000,A064YD4GQIW1000,SAU,Small Leather Goods,SAR,2026-09-28,2400.00,2550.00,0.0625,increase
518e6d24f0ba6594b7522c7ba63fb095,Balenciaga_SAU_A064YDTKNEL3258,A064YDTKNEL3258,SAU,Small Leather Goods,SAR,2026-09-28,2350.00,2500.00,0.0638,increase
580ba42ef143c0e134795e95595753f0,Balenciaga_SAU_A064YDTTENX9002,A064YDTTENX9002,SAU,Small Leather Goods,SAR,2026-09-28,1850.00,1950.00,0.0541,increase
ef63646115f13d491ef9286e7dcb9fc1,Balenciaga_SAU_A06RN2216DW1084,A06RN2216DW1084,SAU,Bags,SAR,2026-09-28,9700.00,10250.00,0.0567,increase
f81fe7840981c030888ccbf4a5602177,Balenciaga_SAU_A06RN22ABS95723,A06RN22ABS95723,SAU,Bags,SAR,2026-09-28,12300.00,14850.00,0.2073,increase
76f34c41ddde0fa0a69ec107cdaf71c9,Balenciaga_SAU_A07WXJ21SEY1240,A07WXJ21SEY1240,SAU,Small Leather Goods,SAR,2026-09-28,2250.00,2400.00,0.0667,increase
d21f8cb2ac84c38c83fbee31c53dd6d2,Balenciaga_SAU_A07WXJW005D1090,A07WXJW005D1090,SAU,Small Leather Goods,SAR,2026-09-28,7100.00,7500.00,0.0563,increase
40481b286175177f2265894c26f11992,Balenciaga_SAU_A07XQJ2ABFT1240,A07XQJ2ABFT1240,SAU,Small Leather Goods,SAR,2026-09-28,1400.00,1550.00,0.1071,increase
641459978e93a0ff61f42aeaf0b952d0,Balenciaga_SAU_A07XQJTTA4R0911,A07XQJTTA4R0911,SAU,Small Leather Goods,SAR,2026-09-28,1250.00,1350.00,0.0800,increase
3384088ec4ed097eb9937aa41fb2558b,Balenciaga_SAU_A07XQJW4FMO5723,A07XQJW4FMO5723,SAU,Small Leather Goods,SAR,2026-09-28,3250.00,3450.00,0.0615,increase
79f9b3a93a5e358d855ed4a9b096024e,Balenciaga_SAU_A0AVTR2AES89002,A0AVTR2AES89002,SAU,Bags,SAR,2026-09-28,7800.00,8250.00,0.0577,increase
deb1e6ffc025127cbf1d1f9ce3c69bd8,Balenciaga_SAU_A0AVTRT9W4P8122,A0AVTRT9W4P8122,SAU,Bags,SAR,2026-09-28,8750.00,9300.00,0.0629,increase
5899752c2846b10f3a0a77ee488d94de,Balenciaga_SAU_A0DVHZ211W08065,A0DVHZ211W08065,SAU,Small Leather Goods,SAR,2026-09-28,4950.00,5250.00,0.0606,increase
88a8e21f472fdb24e154976d7653b21c,Balenciaga_SAU_A0DVHZ2159I1240,A0DVHZ2159I1240,SAU,Small Leather Goods,SAR,2026-09-28,1300.00,1350.00,0.0385,increase
7963d40bc21a70a4eea46dc9ecb2d281,Balenciaga_SAU_A0DVHZWC7C15723,A0DVHZWC7C15723,SAU,Small Leather Goods,SAR,2026-09-28,5600.00,5950.00,0.0625,increase
ed02508ee94da65308cc167415b07710,Balenciaga_SAU_A0EU1Z21PJV1240,A0EU1Z21PJV1240,SAU,,SAR,2026-09-28,18400.00,19600.00,0.0652,increase
aad3a7357f719d64926a2651e9f0c546,Balenciaga_SAU_A0FKA3210572533,A0FKA3210572533,SAU,Bags,SAR,2026-09-28,13450.00,14300.00,0.0632,increase
6fd0896aa67088c40afd5374e9e19fdc,Balenciaga_SAU_A0HVOZ2AB3Y1251,A0HVOZ2AB3Y1251,SAU,Small Leather Goods,SAR,2026-09-28,1700.00,1800.00,0.0588,increase
426cdd3eb3ddde3092932a263aed3b6a,Balenciaga_SAU_A0JTOY4GNZM1240,A0JTOY4GNZM1240,SAU,Small Leather Goods,SAR,2026-09-28,2200.00,2300.00,0.0455,increase
d90ec23683af2ef2e62af33b072e83df,Balenciaga_SAU_A0JTOYWTQWI1000,A0JTOYWTQWI1000,SAU,Small Leather Goods,SAR,2026-09-28,2600.00,2750.00,0.0577,increase
8812d7d1586b324992d96b938b1a5bfb,Balenciaga_SAU_A0JW0G2ABNG9002,A0JW0G2ABNG9002,SAU,Bags,SAR,2026-09-28,6700.00,7100.00,0.0597,increase
4c40369fa5024136cb9d59db6f1db8a8,Balenciaga_SAU_A0JW0GT1SDP1090,A0JW0GT1SDP1090,SAU,Bags,SAR,2026-09-28,24800.00,26250.00,0.0585,increase
d7356e6b0c30a57a5d506315af92ce35,Balenciaga_SAU_A0JW0GWQGJ51000,A0JW0GWQGJ51000,SAU,Bags,SAR,2026-09-28,7950.00,8450.00,0.0629,increase
89870c4fec0c39d8a32eb869918b0e75,Balenciaga_SAU_A0LD3V2A8284200,A0LD3V2A8284200,SAU,Bags,SAR,2026-09-28,7300.00,7750.00,0.0616,increase
46e2bace0f193b60074d9f4a45a353d1,Balenciaga_SAU_A0LD3V2ABND9020,A0LD3V2ABND9020,SAU,Bags,SAR,2026-09-28,5300.00,5600.00,0.0566,increase
cd074105ec99dfe4f01e7b9f947718e1,Balenciaga_SAU_A0NXIX2ABF42840,A0NXIX2ABF42840,SAU,Small Leather Goods,SAR,2026-09-28,3150.00,3350.00,0.0635,increase
81b1871f9eb28ae3f0aaf51bb7e47909,Balenciaga_SAU_A0NXIX4GIX61041,A0NXIX4GIX61041,SAU,Small Leather Goods,SAR,2026-09-28,1400.00,1500.00,0.0714,increase
e021ddf58358a41e625a3f9bf9253dec,Balenciaga_SAU_A0OHAU213J01000,A0OHAU213J01000,SAU,Bags,SAR,2026-09-28,5100.00,5400.00,0.0588,increase
e437cd74d1fe854fe4d7efd9b302ca4e,Balenciaga_SAU_A0QFZA4GZMJ9002,A0QFZA4GZMJ9002,SAU,Bags,SAR,2026-09-28,10950.00,11650.00,0.0639,increase
04e7590e323317550bf1f7869470d4b4,Balenciaga_SAU_A0QFZAWEHIJ0911,A0QFZAWEHIJ0911,SAU,Bags,SAR,2026-09-28,12500.00,13250.00,0.0600,increase
7c7c9f3dc30200ec7518091b45cb57ea,Balenciaga_SAU_A0QFZAWRPKY9000,A0QFZAWRPKY9000,SAU,Bags,SAR,2026-09-28,12300.00,13050.00,0.0610,increase
edbca76f4a37bbdda544953a90d027a7,Balenciaga_SAU_A0W9ZQ2ABHN5723,A0W9ZQ2ABHN5723,SAU,Small Leather Goods,SAR,2026-09-28,1950.00,2050.00,0.0513,increase
ade72ea7b383eb8aed51ed8b5a105fc2,Balenciaga_SAU_A0W9ZQTT6H89020,A0W9ZQTT6H89020,SAU,Small Leather Goods,SAR,2026-09-28,1800.00,1950.00,0.0833,increase
e77af32c759c6ddc03d6783abb205166,Balenciaga_SGP_5090582ABZK1000,5090582ABZK1000,SGP,Bags,SGD,2026-09-28,4160.00,4410.00,0.0601,increase
cbfa3f103fbd4a63eca7eca343537d98,Balenciaga_SGP_509058W7FP09002,509058W7FP09002,SGP,Bags,SGD,2026-09-28,5280.00,5600.00,0.0606,increase
8efe9e6c62ba439df18d6880fd198a8c,Balenciaga_SGP_512319214FT9104,512319214FT9104,SGP,Bags,SGD,2026-09-28,2450.00,2600.00,0.0612,increase
45ec0c1d8bba54052ca382c58e6737b0,Balenciaga_SGP_5123192ABXZ9020,5123192ABXZ9020,SGP,Bags,SGD,2026-09-28,4550.00,4830.00,0.0615,increase
183cffec2852eee0e17d5115751b4549,Balenciaga_SGP_5146274GMIB2533,5146274GMIB2533,SGP,Bags,SGD,2026-09-28,1780.00,1880.00,0.0562,increase
aa7e04da4bb08d6d36fd3fc275a0e7bc,Balenciaga_SGP_514627TA8D30127,514627TA8D30127,SGP,Bags,SGD,2026-09-28,6230.00,6610.00,0.0610,increase
4e42eadf1ec8af9b6b5e9e508632d909,Balenciaga_SGP_5149002A92F1210,5149002A92F1210,SGP,Bags,SGD,2026-09-28,4370.00,4640.00,0.0618,increase
9c9ed0dd148070ee4ae719f83939303a,Balenciaga_SGP_517390210UD1210,517390210UD1210,SGP,Bags,SGD,2026-09-28,5380.00,5710.00,0.0613,increase
0d28683588f1eb565930334e4f76e157,Balenciaga_SGP_5173904GKC41210,5173904GKC41210,SGP,Bags,SGD,2026-09-28,2470.00,2620.00,0.0607,increase
8bc9ac18b76ce3e5a0a9b39242d77066,Balenciaga_SGP_517390TT3LZ1240,517390TT3LZ1240,SGP,Bags,SGD,2026-09-28,4100.00,4340.00,0.0585,increase
542f06dccaa7e94b76284bb49d7a047b,Balenciaga_SGP_517390WIAYH5723,517390WIAYH5723,SGP,Bags,SGD,2026-09-28,2890.00,3070.00,0.0623,increase
bb8e9bbcdaf6c1f8cd1219c5e6dc7a63,Balenciaga_SGP_52138621EG84011,52138621EG84011,SGP,Small Leather Goods,SGD,2026-09-28,435.00,460.00,0.0575,increase
21d89bf168cf0f069f0703946acb45ca,Balenciaga_SGP_5239552AJGA1000,5239552AJGA1000,SGP,Accessories,SGD,2026-09-28,2610.00,2770.00,0.0613,increase
eb6d84f60eb9101a6e5b62233659955c,Balenciaga_SGP_523955WJVHN1090,523955WJVHN1090,SGP,Accessories,SGD,2026-09-28,2550.00,2700.00,0.0588,increase
22728d42d0c9fa10e86e16673d4b2259,Balenciaga_SGP_525528TA3V13258,525528TA3V13258,SGP,Bags,SGD,2026-09-28,4770.00,5050.00,0.0587,increase
d11387bd3e11c3cb09d7b2c3369fdd85,Balenciaga_SGP_525528TTLY91000,525528TTLY91000,SGP,Bags,SGD,2026-09-28,3720.00,3940.00,0.0591,increase
f3c3c234616e51ba46f8ce83c325cf2b,Balenciaga_SGP_525528WCDOX3258,525528WCDOX3258,SGP,Bags,SGD,2026-09-28,2900.00,3080.00,0.0621,increase
570f0ebde39dfb4631a4d8f709719010,Balenciaga_SGP_5265652181K1240,5265652181K1240,SGP,Bags,SGD,2026-09-28,6780.00,7190.00,0.0605,increase
91ddbbeb3eea1088cb1c4f35c048277b,Balenciaga_SGP_5265652ABNJ1000,5265652ABNJ1000,SGP,Bags,SGD,2026-09-28,3680.00,3900.00,0.0598,increase
99192a4b628b0c90dc0852f8b189037d,Balenciaga_SGP_5265652ABRG8122,5265652ABRG8122,SGP,Bags,SGD,2026-09-28,4930.00,5230.00,0.0609,increase
e8e785141a03e4628443d0d60b4ada72,Balenciaga_SGP_52688321KYV1090,52688321KYV1090,SGP,Bags,SGD,2026-09-28,3800.00,4030.00,0.0605,increase
cfc3b51d95b184dcdf938d48ea8e2b04,Balenciaga_SGP_5268832ABFW2533,5268832ABFW2533,SGP,Bags,SGD,2026-09-28,7940.00,8410.00,0.0592,increase
07238f7da735181d41a64ad76706da9c,Balenciaga_SGP_527313T0VEI2533,527313T0VEI2533,SGP,Small Leather Goods,SGD,2026-09-28,465.00,495.00,0.0645,increase
c64f2c24c945c6f995fc8c51393c0a90,Balenciaga_SGP_527313TUOCB4011,527313TUOCB4011,SGP,Small Leather Goods,SGD,2026-09-28,455.00,480.00,0.0549,increase
194a3a9aece42eed8e5d3963b6ab9a72,Balenciaga_SGP_527313W5X041000,527313W5X041000,SGP,Small Leather Goods,SGD,2026-09-28,820.00,865.00,0.0549,increase
8168dc1fa58919b80b7890e44a6f16dd,Balenciaga_SGP_5286014GP201000,5286014GP201000,SGP,Small Leather Goods,SGD,2026-09-28,445.00,470.00,0.0562,increase
e65a067f023c30750e04fac06a395832,Balenciaga_SGP_529971215991000,529971215991000,SGP,Bags,SGD,2026-09-28,3730.00,3960.00,0.0617,increase
92acde9bc6053a4062064d5e35bd0e2b,Balenciaga_SGP_529971218229000,529971218229000,SGP,Bags,SGD,2026-09-28,2420.00,2570.00,0.0620,increase
5ee3c046eb65a0d945f82894a1c40ac4,Balenciaga_SGP_52997121QBJ4011,52997121QBJ4011,SGP,Bags,SGD,2026-09-28,1210.00,1290.00,0.0661,increase
319b57ce471f3cfb5ec6dfe50ab25edf,Balenciaga_SGP_5299714GOPH5723,5299714GOPH5723,SGP,Bags,SGD,2026-09-28,5110.00,5420.00,0.0607,increase
bd774e193b56e8645b92840014ac6024,Balenciaga_SGP_529971TEYU71000,529971TEYU71000,SGP,Bags,SGD,2026-09-28,2450.00,2600.00,0.0612,increase
b8e64e5f14fa5765aad1b4efb681e6f9,Balenciaga_SGP_530673WF9QI1090,530673WF9QI1090,SGP,,SGD,2026-09-28,3020.00,3360.00,0.1126,increase
6e38552cd892979b0e94ab4acb31a525,Balenciaga_SGP_53089821CU23258,53089821CU23258,SGP,Small Leather Goods,SGD,2026-09-28,425.00,450.00,0.0588,increase
7dcf6bab70d07b37ff97ba89c2a84d13,Balenciaga_SGP_5333162APVK1000,5333162APVK1000,SGP,Accessories,SGD,2026-09-28,575.00,610.00,0.0609,increase
792528b312f15ef774320859d20095b8,Balenciaga_SGP_5333164GXRM5723,5333164GXRM5723,SGP,Accessories,SGD,2026-09-28,790.00,835.00,0.0570,increase
78aaee1384ca7859c205bf93d85ef6f3,Balenciaga_SGP_533316T75I81084,533316T75I81084,SGP,Accessories,SGD,2026-09-28,1230.00,1300.00,0.0569,increase
26f2d599cf99bb710975f73d6d557e76,Balenciaga_SGP_533654213HK1090,533654213HK1090,SGP,Small Leather Goods,SGD,2026-09-28,1670.00,1770.00,0.0599,increase
54e024e6587639f4efce4a2efd1ad8c8,Balenciaga_SGP_53365421G921000,53365421G921000,SGP,Small Leather Goods,SGD,2026-09-28,815.00,865.00,0.0613,increase
bf525ff36bc0d052fb2d48d036cfc60e,Balenciaga_SGP_533654THV4T1251,533654THV4T1251,SGP,Accessories,SGD,2026-09-28,615.00,650.00,0.0569,increase
d7cf090e3d07c60e9fd0bbd0abdbf23b,Balenciaga_SGP_53413121R3X1000,53413121R3X1000,SGP,Bags,SGD,2026-09-28,4090.00,4560.00,0.1149,increase
d90dfe6f24dcad6f11d13ed8be15f524,Balenciaga_SGP_5341312AZ5Y1210,5341312AZ5Y1210,SGP,Bags,SGD,2026-09-28,4270.00,4520.00,0.0585,increase
f9e24dc681a7efa622ba712417e3a76e,Balenciaga_SGP_5341314GAPT1000,5341314GAPT1000,SGP,Bags,SGD,2026-09-28,5550.00,5890.00,0.0613,increase
0e23b5158f6267372f829a2414889e32,Balenciaga_SGP_5341314GI642840,5341314GI642840,SGP,Bags,SGD,2026-09-28,5110.00,5420.00,0.0607,increase
2b2df093cbf7a5e1ef59b6ae64b82590,Balenciaga_SGP_534131WS53L2840,534131WS53L2840,SGP,Bags,SGD,2026-09-28,3500.00,3710.00,0.0600,increase
e273c9e3048eb74d4fd2df383071b36c,Balenciaga_SGP_53659021R122533,53659021R122533,SGP,Bags,SGD,2026-09-28,645.00,680.00,0.0543,increase
e087d526d3ee4e4ea5377de7b42c0e62,Balenciaga_SGP_539788TAQB38122,539788TAQB38122,SGP,Bags,SGD,2026-09-28,2330.00,2470.00,0.0601,increase
efaed9338d1ab80bcf1eed0fcad92cbc,Balenciaga_SGP_539914WQIJ69020,539914WQIJ69020,SGP,Small Leather Goods,SGD,2026-09-28,440.00,470.00,0.0682,increase
7484816f76d39492e8383fba6463a3c1,Balenciaga_SGP_54096221JKJ5723,54096221JKJ5723,SGP,Small Leather Goods,SGD,2026-09-28,560.00,595.00,0.0625,increase
c346f8ab8030c6be5dc3956beaa837b6,Balenciaga_SGP_54096221R8F1000,54096221R8F1000,SGP,Small Leather Goods,SGD,2026-09-28,580.00,615.00,0.0603,increase
cd1da123260da36f759b8a760117b8f0,Balenciaga_SGP_5409624GX4F1000,5409624GX4F1000,SGP,Small Leather Goods,SGD,2026-09-28,1700.00,1810.00,0.0647,increase
a7ceca1e9a3194f3df44d1a776f2e07b,Balenciaga_SGP_540962T5NE71210,540962T5NE71210,SGP,Small Leather Goods,SGD,2026-09-28,490.00,520.00,0.0612,increase
52501faee2769de8f4feb1abf3e298f6,Balenciaga_SGP_540962TTG124200,540962TTG124200,SGP,Small Leather Goods,SGD,2026-09-28,455.00,480.00,0.0549,increase
f65fb73f13a1bdc8e9a11de2a5aa3931,Balenciaga_SGP_540962WD2T71251,540962WD2T71251,SGP,Small Leather Goods,SGD,2026-09-28,1440.00,1520.00,0.0556,increase
813e34feb2a9743b6950c77d4c9575ae,Balenciaga_SGP_54300421W5L1000,54300421W5L1000,SGP,Accessories,SGD,2026-09-28,385.00,430.00,0.1169,increase
2ee70b136f9c6db035ee444398b714e7,Balenciaga_SGP_543321TTJN28122,543321TTJN28122,SGP,Bags,SGD,2026-09-28,4440.00,4710.00,0.0608,increase
1111619b8312b7bd90c6ac70ce152198,Balenciaga_SGP_543321W65TT1000,543321W65TT1000,SGP,Bags,SGD,2026-09-28,2680.00,2840.00,0.0597,increase
fe0bcdb3a60833cfe0397fda115fae1f,Balenciaga_SGP_543321WALW40911,543321WALW40911,SGP,Bags,SGD,2026-09-28,7120.00,7540.00,0.0590,increase
e8ddf2ee470a5e19455e04e14e669128,Balenciaga_SGP_54493221SAD1000,54493221SAD1000,SGP,Bags,SGD,2026-09-28,1950.00,2070.00,0.0615,increase
e01423f7b1de1b87431764adac1ec634,Balenciaga_SGP_5449322AYZX0911,5449322AYZX0911,SGP,Bags,SGD,2026-09-28,3480.00,3680.00,0.0575,increase
c55f427303a8175059d3b2ffa6e2a690,Balenciaga_SGP_5449324G4HJ0926,5449324G4HJ0926,SGP,Bags,SGD,2026-09-28,1330.00,1410.00,0.0602,increase
46a0000e7728be78f9cb80aa852be642,Balenciaga_SGP_5449324GWV24011,5449324GWV24011,SGP,Bags,SGD,2026-09-28,4380.00,4640.00,0.0594,increase
29379e94beca4c49794ca76d7079afc8,Balenciaga_SGP_544932W60MX2840,544932W60MX2840,SGP,Bags,SGD,2026-09-28,2570.00,2720.00,0.0584,increase
366d47fa830f425a4738c869cfc3dd9a,Balenciaga_SGP_546998213YO9104,546998213YO9104,SGP,Bags,SGD,2026-09-28,595.00,630.00,0.0588,increase
3f22b996705f9501a66c6cb82cb6e461,Balenciaga_SGP_5469982ABEE9002,5469982ABEE9002,SGP,Bags,SGD,2026-09-28,1220.00,1300.00,0.0656,increase
cccc8743aa447ab0ff891da1a8e30e37,Balenciaga_SGP_5482214GQV51000,5482214GQV51000,SGP,Bags,SGD,2026-09-28,3530.00,3740.00,0.0595,increase
6cd4f4d904505bab972e35ec9e3cf769,Balenciaga_SGP_5505264G0059002,5505264G0059002,SGP,Bags,SGD,2026-09-28,1730.00,1830.00,0.0578,increase
5cd28ce012ee61478e2bf91de82ca9aa,Balenciaga_SGP_552358T6AME4011,552358T6AME4011,SGP,Bags,SGD,2026-09-28,3620.00,3840.00,0.0608,increase
7da41d688e52b344b2050fafe88b7f93,Balenciaga_SGP_553957WO6SQ1251,553957WO6SQ1251,SGP,Small Leather Goods,SGD,2026-09-28,620.00,655.00,0.0565,increase
d4d37943f5bea40125854bf6967f2eb2,Balenciaga_SGP_55430321CYU1240,55430321CYU1240,SGP,Bags,SGD,2026-09-28,3260.00,3450.00,0.0583,increase
a0ee9f7fdfbe2aff7b0082d7015cae29,Balenciaga_SGP_5543034GFF51000,5543034GFF51000,SGP,Bags,SGD,2026-09-28,6460.00,6850.00,0.0604,increase
bb469db01ad6329ec7120b69a7a42948,Balenciaga_SGP_554303TCULN5723,554303TCULN5723,SGP,Bags,SGD,2026-09-28,2460.00,2610.00,0.0610,increase
d344e42fd335527cbf85a42c7f757d20,Balenciaga_SGP_554303WHAQI0926,554303WHAQI0926,SGP,Bags,SGD,2026-09-28,3540.00,3760.00,0.0621,increase
0cebf2ce437a37cda51e57ba8c75c9b3,Balenciaga_SGP_558209TUR5X2840,558209TUR5X2840,SGP,Small Leather Goods,SGD,2026-09-28,450.00,480.00,0.0667,increase
e5af2c7a98904567df6764e2ecccf784,Balenciaga_SGP_558209WQ28U8122,558209WQ28U8122,SGP,Small Leather Goods,SGD,2026-09-28,840.00,890.00,0.0595,increase
bb0e770bc3e0ee210859afbed7130c17,Balenciaga_SGP_560831T8TK91000,560831T8TK91000,SGP,Bags,SGD,2026-09-28,2780.00,2950.00,0.0612,increase
ab9fa5a2e0b5516f56aeedaf68316fed,Balenciaga_SGP_560831TT4RI5723,560831TT4RI5723,SGP,Bags,SGD,2026-09-28,2400.00,2540.00,0.0583,increase
e4eda2cfea64b63c0f51a463a95ad759,Balenciaga_SGP_5628362AZUH1000,5628362AZUH1000,SGP,Bags,SGD,2026-09-28,6250.00,6620.00,0.0592,increase
4a2d5ac45eabb88771f8db20958063ca,Balenciaga_SGP_562836TTSKW3258,562836TTSKW3258,SGP,Bags,SGD,2026-09-28,2680.00,2840.00,0.0597,increase
df0cdcf16bfa0bcea90075c5e2fe4a39,Balenciaga_SGP_562836TXYUY1210,562836TXYUY1210,SGP,Bags,SGD,2026-09-28,5060.00,5360.00,0.0593,increase
d19f9356a6cfe0e5b8d61d735f96b184,Balenciaga_SGP_57372021BEH1000,57372021BEH1000,SGP,Bags,SGD,2026-09-28,3870.00,4100.00,0.0594,increase
8a3ca8224e07c357403a8d0db57b6b53,Balenciaga_SGP_5737202ABMI9020,5737202ABMI9020,SGP,Bags,SGD,2026-09-28,5840.00,6190.00,0.0599,increase
a763b42dc9b1a90a965a91b88eb589dc,Balenciaga_SGP_5737202AWYK1000,5737202AWYK1000,SGP,Bags,SGD,2026-09-28,2850.00,3030.00,0.0632,increase
ee8d27a5990764e4db5b8f0777be8d7f,Balenciaga_SGP_573720WMG5U3258,573720WMG5U3258,SGP,Bags,SGD,2026-09-28,3430.00,3630.00,0.0583,increase
305f2f4213a1d7d01be0741e9838615e,Balenciaga_SGP_5851324GHQ51090,5851324GHQ51090,SGP,Bags,SGD,2026-09-28,1880.00,2000.00,0.0638,increase
5259fdd32682bd318794e94b15e2410c,Balenciaga_SGP_585132TTBXP1090,585132TTBXP1090,SGP,Bags,SGD,2026-09-28,4140.00,4390.00,0.0604,increase
e9c44a5323bb3fc3c06e32dc36361288,Balenciaga_SGP_585609216ZI1210,585609216ZI1210,SGP,Bags,SGD,2026-09-28,755.00,800.00,0.0596,increase
eca475fa5912e245afcda6e418400ff5,Balenciaga_SGP_5861342A5ZF2533,5861342A5ZF2533,SGP,Bags,SGD,2026-09-28,4690.00,4970.00,0.0597,increase
4ce8e0baab6b307c4d338e32cb8c817e,Balenciaga_SGP_5861342ABDK1000,5861342ABDK1000,SGP,Bags,SGD,2026-09-28,4810.00,5090.00,0.0582,increase
11415cb85bcc97d92eb6b808fd5fbc9b,Balenciaga_SGP_586134THIHP4200,586134THIHP4200,SGP,Bags,SGD,2026-09-28,4420.00,4690.00,0.0611,increase
a9687655ef43290e7ac33c838a6fc51e,Balenciaga_SGP_5861462ABI32533,5861462ABI32533,SGP,Bags,SGD,2026-09-28,3560.00,3770.00,0.0590,increase
179d262faec1428438a8b114c7622de5,Balenciaga_SGP_586146TO7IY1210,586146TO7IY1210,SGP,Bags,SGD,2026-09-28,3580.00,3790.00,0.0587,increase
70c7747c512297b14de007f2af24d63f,Balenciaga_SGP_586146TRVHI2533,586146TRVHI2533,SGP,Bags,SGD,2026-09-28,4250.00,4510.00,0.0612,increase
18ab4976131aedb58ed65134a28d7a7f,Balenciaga_SGP_586146TT9QA8065,586146TT9QA8065,SGP,Bags,SGD,2026-09-28,4090.00,4330.00,0.0587,increase
d774e413942fb1dc5df0ade935af0e88,Balenciaga_SGP_586146TTWU21240,586146TTWU21240,SGP,Bags,SGD,2026-09-28,3570.00,3780.00,0.0588,increase
ecd58dd95c91b5a2dc2ca5e3bb9c0d8b,Balenciaga_SGP_586146W1WP65723,586146W1WP65723,SGP,Bags,SGD,2026-09-28,4310.00,4570.00,0.0603,increase
0dc493d034ad2085204000aa4fd1ec31,Balenciaga_SGP_586146WBD2S8122,586146WBD2S8122,SGP,Bags,SGD,2026-09-28,2940.00,3120.00,0.0612,increase
c719c35cc9d95e97aafcd6440add8775,Balenciaga_SGP_58737121E5Q1000,58737121E5Q1000,SGP,Bags,SGD,2026-09-28,4430.00,4700.00,0.0609,increase
6a7cdf559fcf4d8c9969ec3e0aefbb33,Balenciaga_SGP_5898034GZAD1000,5898034GZAD1000,SGP,Bags,SGD,2026-09-28,4630.00,4910.00,0.0605,increase
36464ceb7aa9f270d4ce607d12ac0729,Balenciaga_SGP_589803TTLSW4011,589803TTLSW4011,SGP,Bags,SGD,2026-09-28,3220.00,3420.00,0.0621,increase
26b38c6546244da6a1aa96af8d4b4860,Balenciaga_SGP_5919172AZ1O5723,5919172AZ1O5723,SGP,Small Leather Goods,SGD,2026-09-28,450.00,480.00,0.0667,increase
8f39e491efa3ec0e038f450b077e9396,Balenciaga_SGP_5919174GT0G9000,5919174GT0G9000,SGP,Small Leather Goods,SGD,2026-09-28,780.00,825.00,0.0577,increase
11e3934cb920a262d3ffe75f8d0196da,Balenciaga_SGP_591917W3LVJ1000,591917W3LVJ1000,SGP,Small Leather Goods,SGD,2026-09-28,815.00,865.00,0.0613,increase
e2c79a66d68904ff6b4c98ee06f8c413,Balenciaga_SGP_596501218XT4200,596501218XT4200,SGP,Bags,SGD,2026-09-28,4350.00,4610.00,0.0598,increase
a3858c0add95292b02d6b89ae403968d,Balenciaga_SGP_59650121J5P2533,59650121J5P2533,SGP,Bags,SGD,2026-09-28,4320.00,4570.00,0.0579,increase
12d0986f9e5b57d7639969b5ff9f9124,Balenciaga_SGP_596501TY52T1000,596501TY52T1000,SGP,Bags,SGD,2026-09-28,3730.00,3950.00,0.0590,increase
935cbd1dd638e679a40861052ffb3736,Balenciaga_SGP_596501W8PY42840,596501W8PY42840,SGP,Bags,SGD,2026-09-28,3240.00,3440.00,0.0617,increase
942f2fd2d1daa67099e8ac6b560ecde9,Balenciaga_SGP_600325214860911,600325214860911,SGP,Bags,SGD,2026-09-28,2860.00,3040.00,0.0629,increase
54651f31b74d35ae3d979c3177e38ef4,Balenciaga_SGP_6003254G0R28122,6003254G0R28122,SGP,Bags,SGD,2026-09-28,2750.00,2910.00,0.0582,increase
6977006d7de3cd8eaa1a17bb24567293,Balenciaga_SGP_600325TT4SF1000,600325TT4SF1000,SGP,Bags,SGD,2026-09-28,4370.00,4630.00,0.0595,increase
6477b772dcb17c89c1d15d3f6599c4a4,Balenciaga_SGP_6039712AHBR3258,6039712AHBR3258,SGP,Bags,SGD,2026-09-28,4040.00,4280.00,0.0594,increase
fa236094c6b085657cef77a43448d6fb,Balenciaga_SGP_6039714G6ZW1090,6039714G6ZW1090,SGP,Bags,SGD,2026-09-28,14930.00,15820.00,0.0596,increase
317044ceea0caa5878aab6ff9b045b07,Balenciaga_SGP_604342219829104,604342219829104,SGP,Accessories,SGD,2026-09-28,2910.00,3080.00,0.0584,increase
24e90a9c0408836e88a6a8186b966422,Balenciaga_SGP_6043422ABBQ0911,6043422ABBQ0911,SGP,Accessories,SGD,2026-09-28,2740.00,2900.00,0.0584,increase
f6f54728fcb8fdfc84c7fab906bde02d,Balenciaga_SGP_6043424G58X9000,6043424G58X9000,SGP,Accessories,SGD,2026-09-28,6180.00,6550.00,0.0599,increase
574c94c0c9c78681223e51e43c3aa12d,Balenciaga_SGP_605291218ME1000,605291218ME1000,SGP,Small Leather Goods,SGD,2026-09-28,575.00,610.00,0.0609,increase
72afa5c0dab64d65b1815cd4cc580b8a,Balenciaga_SGP_6052912ABSR1210,6052912ABSR1210,SGP,Small Leather Goods,SGD,2026-09-28,630.00,670.00,0.0635,increase
b772251865f114026d7c2a16b7e4d3ed,Balenciaga_SGP_6067874GSEE1084,6067874GSEE1084,SGP,Bags,SGD,2026-09-28,3790.00,4010.00,0.0580,increase
999847844cd26f49728a0b634f533338,Balenciaga_SGP_6068722A74C0911,6068722A74C0911,SGP,Small Leather Goods,SGD,2026-09-28,650.00,690.00,0.0615,increase
3131296f213f716147d3c73dd05a45d6,Balenciaga_SGP_606872TTD4I1000,606872TTD4I1000,SGP,Small Leather Goods,SGD,2026-09-28,785.00,835.00,0.0637,increase
b8d7064861740c150261fc0ca487c792,Balenciaga_SGP_606872WCITL8065,606872WCITL8065,SGP,Accessories,SGD,2026-09-28,460.00,490.00,0.0652,increase
3689c4775810907ec5d73455b123dd40,Balenciaga_SGP_6081552A3911090,6081552A3911090,SGP,Bags,SGD,2026-09-28,1060.00,1120.00,0.0566,increase
21d6bdd91870b8c7c6c0cfae3377eded,Balenciaga_SGP_6090452AB6B0926,6090452AB6B0926,SGP,Small Leather Goods,SGD,2026-09-28,590.00,625.00,0.0593,increase
154bcbf78ccbd5cd240c979a08ab39f9,Balenciaga_SGP_6090454GFZ40926,6090454GFZ40926,SGP,Small Leather Goods,SGD,2026-09-28,1440.00,1530.00,0.0625,increase
884ac96e6c2d1767e84335ee5011e988,Balenciaga_SGP_60976421CA79000,60976421CA79000,SGP,Accessories,SGD,2026-09-28,1170.00,1240.00,0.0598,increase
38fbc3da6b3b77ab9dc875c346ca80db,Balenciaga_SGP_6097644GYE99104,6097644GYE99104,SGP,Accessories,SGD,2026-09-28,590.00,625.00,0.0593,increase
bea753424f3609b705cf266e03f10d37,Balenciaga_SGP_609764W580V9002,609764W580V9002,SGP,Accessories,SGD,2026-09-28,785.00,835.00,0.0637,increase
d7b9bf86184b43e562a4407f1493411d,Balenciaga_SGP_610600WI7Z98065,610600WI7Z98065,SGP,Bags,SGD,2026-09-28,1320.00,1400.00,0.0606,increase
efae0ba9a63cfc7cf383679b8ae755ae,Balenciaga_SGP_6115974G4912308,6115974G4912308,SGP,Bags,SGD,2026-09-28,1700.00,1800.00,0.0588,increase
9186a41f7c4ce0813052ec4e6ce2a7bf,Balenciaga_SGP_614404TT16Q1251,614404TT16Q1251,SGP,Bags,SGD,2026-09-28,4050.00,4290.00,0.0593,increase
ba309f03eeec6c2eafa6b739496393d6,Balenciaga_SGP_615434215P10926,615434215P10926,SGP,Bags,SGD,2026-09-28,6900.00,7310.00,0.0594,increase
932e8d0578d8ace3d9bdb631086fff51,Balenciaga_SGP_6154342AB0Q2533,6154342AB0Q2533,SGP,Bags,SGD,2026-09-28,4190.00,4440.00,0.0597,increase
962db01dc39445ae0c599c0431537c83,Balenciaga_SGP_6154342AFAB4011,6154342AFAB4011,SGP,Bags,SGD,2026-09-28,3210.00,3400.00,0.0592,increase
51318b8f17bcec00eb90b7814558cc98,Balenciaga_SGP_6154344GBXM0926,6154344GBXM0926,SGP,Bags,SGD,2026-09-28,3540.00,3750.00,0.0593,increase
8550fd03d3e2fce09028aa8c4c7c7f95,Balenciaga_SGP_6154344GF5T2308,6154344GF5T2308,SGP,Bags,SGD,2026-09-28,2810.00,2980.00,0.0605,increase
3c503ec3b694f16f5f1dca249727c6c9,Balenciaga_SGP_615434TT9YP0127,615434TT9YP0127,SGP,Bags,SGD,2026-09-28,2800.00,2970.00,0.0607,increase
8e57552be14911cbc31e0c68bde0e0b4,Balenciaga_SGP_61818021PJ51090,61818021PJ51090,SGP,Accessories,SGD,2026-09-28,470.00,500.00,0.0638,increase
8ec7fde4c577d70063f27144bb7a2547,Balenciaga_SGP_6181802A8GI8065,6181802A8GI8065,SGP,Accessories,SGD,2026-09-28,2260.00,2390.00,0.0575,increase
bec8a5828744357561aee5719daaffad,Balenciaga_SGP_618809TH1H49020,618809TH1H49020,SGP,Small Leather Goods,SGD,2026-09-28,2200.00,2340.00,0.0636,increase
5e237c7ba2bf0204ac9338f09bbc08ea,Balenciaga_SGP_618809WDY7T2840,618809WDY7T2840,SGP,Small Leather Goods,SGD,2026-09-28,5900.00,6260.00,0.0610,increase
ff8bb86394817157966f15380d7a7ce5,Balenciaga_SGP_61979921UMQ9000,61979921UMQ9000,SGP,Small Leather Goods,SGD,2026-09-28,595.00,630.00,0.0588,increase
acef6582ffc998a75a6771c85a9aceb2,Balenciaga_SGP_6197992ABGI2840,6197992ABGI2840,SGP,Small Leather Goods,SGD,2026-09-28,405.00,430.00,0.0617,increase
8859113b592bf0b1e0f1fbdf56d67bbb,Balenciaga_SGP_6200252AB6C2840,6200252AB6C2840,SGP,Bags,SGD,2026-09-28,3420.00,3630.00,0.0614,increase
c84ecff8240d2d59f4429f0a5c2b7478,Balenciaga_SGP_620025TTOCR3258,620025TTOCR3258,SGP,Bags,SGD,2026-09-28,4170.00,4420.00,0.0600,increase
e3cc3b8ccc2628c81d63646d6f327e52,Balenciaga_SGP_6206382A28F2533,6206382A28F2533,SGP,Bags,SGD,2026-09-28,4230.00,4480.00,0.0591,increase
c535e866e7a89829f424780ffc847285,Balenciaga_SGP_62422121YB51240,62422121YB51240,SGP,Bags,SGD,2026-09-28,835.00,885.00,0.0599,increase
09ad089cc0b10640c3d894a197ddb1d4,Balenciaga_SGP_624221WD4EL9020,624221WD4EL9020,SGP,Bags,SGD,2026-09-28,1740.00,1840.00,0.0575,increase
031a4323ca194a28ee80190573b03606,Balenciaga_SGP_6257174GF6W2533,6257174GF6W2533,SGP,Small Leather Goods,SGD,2026-09-28,375.00,395.00,0.0533,increase
dc8ef531d7768dc166a7512d0e10049b,Balenciaga_SGP_6305072110B1041,6305072110B1041,SGP,Bags,SGD,2026-09-28,5810.00,6160.00,0.0602,increase
94808f361b147cdcae3504cb37b0f395,Balenciaga_SGP_63050721WLN1251,63050721WLN1251,SGP,Bags,SGD,2026-09-28,2850.00,3020.00,0.0596,increase
29d18f32a5ccecbad59be276cd6756ee,Balenciaga_SGP_630507TTWFZ1240,630507TTWFZ1240,SGP,Bags,SGD,2026-09-28,4920.00,5220.00,0.0610,increase
3337548593fb705afe46168c53d82c21,Balenciaga_SGP_630507WVDSS9002,630507WVDSS9002,SGP,Bags,SGD,2026-09-28,4660.00,4940.00,0.0601,increase
1ce772248443f998dd17a02cac9bd26d,Balenciaga_SGP_630507WZAMO2533,630507WZAMO2533,SGP,Bags,SGD,2026-09-28,6130.00,6500.00,0.0604,increase
6270930a7c602aeffddfc4c9e4cf8532,Balenciaga_SGP_6319002AAW31090,6319002AAW31090,SGP,Bags,SGD,2026-09-28,3260.00,3460.00,0.0613,increase
cd64d89f2c1ad1bd11483a8a32839832,Balenciaga_SGP_6319002ABTX1000,6319002ABTX1000,SGP,Bags,SGD,2026-09-28,4230.00,4480.00,0.0591,increase
5305a9b7989e387909aee311636e0fdb,Balenciaga_SGP_6319002AWRE9104,6319002AWRE9104,SGP,Bags,SGD,2026-09-28,4030.00,4270.00,0.0596,increase
9a94c8fea5a4f75b44271f7bfcd4643d,Balenciaga_SGP_6319004GBUF5723,6319004GBUF5723,SGP,Bags,SGD,2026-09-28,4310.00,4570.00,0.0603,increase
cd36a827a4148ed23e2421969ceb7dea,Balenciaga_SGP_631900TT6TA9000,631900TT6TA9000,SGP,Bags,SGD,2026-09-28,3170.00,3360.00,0.0599,increase
187541c75f3eefa4deb0cd2fb4b02fda,Balenciaga_SGP_631900TTHUH1000,631900TTHUH1000,SGP,Bags,SGD,2026-09-28,3590.00,3810.00,0.0613,increase
6aaaf7f894f19b0b160ece42c6749117,Balenciaga_SGP_631900TTM6O1000,631900TTM6O1000,SGP,Bags,SGD,2026-09-28,4420.00,4690.00,0.0611,increase
2ce558d76736de2193ac1788e7831eb1,Balenciaga_SGP_631900WDUX21090,631900WDUX21090,SGP,Bags,SGD,2026-09-28,5370.00,5700.00,0.0615,increase
3804e1c4d5b9f7d6a9dc900bd0a92bc8,Balenciaga_SGP_631900WFXVH1000,631900WFXVH1000,SGP,Bags,SGD,2026-09-28,3520.00,3730.00,0.0597,increase
04c0365bb7747b9c802f1152f44453f3,Balenciaga_SGP_63238321K5N1090,63238321K5N1090,SGP,Small Leather Goods,SGD,2026-09-28,5350.00,5670.00,0.0598,increase
689a14dd2f73030f253742b99a827503,Balenciaga_SGP_6341232ABT41041,6341232ABT41041,SGP,Bags,SGD,2026-09-28,1760.00,1870.00,0.0625,increase
a78dc38c90628b42d867a7fcc6ee983b,Balenciaga_SGP_634123TF2SO0911,634123TF2SO0911,SGP,Bags,SGD,2026-09-28,2250.00,2390.00,0.0622,increase
9ed75d13c5df1b912308bfe0640d4a74,Balenciaga_SGP_634123TTEWD5723,634123TTEWD5723,SGP,Bags,SGD,2026-09-28,4950.00,5250.00,0.0606,increase
74ab9fd519f783b44220e04f7014fd75,Balenciaga_SGP_639916T3NGA1000,639916T3NGA1000,SGP,Small Leather Goods,SGD,2026-09-28,2900.00,3080.00,0.0621,increase
129baf94b6ea6680d5f67b0545f7981c,Balenciaga_SGP_6416162ABYP9002,6416162ABYP9002,SGP,Bags,SGD,2026-09-28,2010.00,2130.00,0.0597,increase
3f534829a2da1461ce54c12f89328abd,Balenciaga_SGP_6482272AB7M0127,6482272AB7M0127,SGP,Bags,SGD,2026-09-28,1400.00,1480.00,0.0571,increase
ec5f12cdf856ce9c33e83d171abfed12,Balenciaga_SGP_648227WHLJF3258,648227WHLJF3258,SGP,Bags,SGD,2026-09-28,4600.00,4870.00,0.0587,increase
dd68fdd4d5df056bc1951b156416ef3f,Balenciaga_SGP_65021421L5I4200,65021421L5I4200,SGP,Small Leather Goods,SGD,2026-09-28,560.00,595.00,0.0625,increase
b437f96e80abfc1c326de7cef5eabf74,Balenciaga_SGP_6502142A5IF9000,6502142A5IF9000,SGP,Small Leather Goods,SGD,2026-09-28,435.00,460.00,0.0575,increase
65d1bcb90d3981564083906928ed9a5c,Balenciaga_SGP_65463321I4N1000,65463321I4N1000,SGP,Bags,SGD,2026-09-28,1330.00,1410.00,0.0602,increase
3f3a8383c11db6f655d301281f15907a,Balenciaga_SGP_6582622A6FA9020,6582622A6FA9020,SGP,Bags,SGD,2026-09-28,2460.00,2600.00,0.0569,increase
af3bb5187265c8a951718bbeff5ae61e,Balenciaga_SGP_658262W7ZM61090,658262W7ZM61090,SGP,Bags,SGD,2026-09-28,645.00,685.00,0.0620,increase
b1ee7688340d39da65ecb15533514e5d,Balenciaga_SGP_659578WTHGI0127,659578WTHGI0127,SGP,Bags,SGD,2026-09-28,600.00,635.00,0.0583,increase
46d04155f03f930145aa53cc0b23e149,Balenciaga_SGP_664769WDPAE8065,664769WDPAE8065,SGP,Bags,SGD,2026-09-28,3310.00,3500.00,0.0574,increase
a14c2046a957a701cc4cc65d090ff82c,Balenciaga_SGP_6661592ABB71000,6661592ABB71000,SGP,Small Leather Goods,SGD,2026-09-28,1300.00,1380.00,0.0615,increase
b7e3dbb6c8f4b538808daa941e2904ef,Balenciaga_SGP_666159TT9KL9000,666159TT9KL9000,SGP,Small Leather Goods,SGD,2026-09-28,430.00,455.00,0.0581,increase
de4588286a9f86bcc37d73e37c574197,Balenciaga_SGP_668213WBX4D2533,668213WBX4D2533,SGP,Bags,SGD,2026-09-28,4200.00,4450.00,0.0595,increase
ff8a17fb2bcf7a445f7b317f036658a5,Balenciaga_SGP_668213WIM2Q0911,668213WIM2Q0911,SGP,Bags,SGD,2026-09-28,3890.00,4120.00,0.0591,increase
7a3057e7d03a65dd4b259a8d04cc24c4,Balenciaga_SGP_6703942ADO60911,6703942ADO60911,SGP,Small Leather Goods,SGD,2026-09-28,615.00,650.00,0.0569,increase
1dc090dd8ad8b3870ae91036e829c6a3,Balenciaga_SGP_6703942AJWP9002,6703942AJWP9002,SGP,Small Leather Goods,SGD,2026-09-28,410.00,435.00,0.0610,increase
53b77d30f673538709fc0b1d66c4baf6,Balenciaga_SGP_6703944GWYS4200,6703944GWYS4200,SGP,Small Leather Goods,SGD,2026-09-28,540.00,575.00,0.0648,increase
9d703fb0f3b527913331a16c1e8fb10a,Balenciaga_SGP_6704764GD9W5723,6704764GD9W5723,SGP,Bags,SGD,2026-09-28,685.00,725.00,0.0584,increase
667e534cc482c1bfbb536046ea64a196,Balenciaga_SGP_673470TS1LV2533,673470TS1LV2533,SGP,Accessories,SGD,2026-09-28,440.00,470.00,0.0682,increase
e2f061ab9dccb6c082a2bb45e002a291,Balenciaga_SGP_67679221VL61210,67679221VL61210,SGP,Bags,SGD,2026-09-28,3710.00,3930.00,0.0593,increase
72d4a898fb4ee2afbabedb7e17520255,Balenciaga_SGP_6767922AB4K1090,6767922AB4K1090,SGP,Bags,SGD,2026-09-28,2310.00,2450.00,0.0606,increase
2928ba1cdf3bc788dadcb6faf003ccd5,Balenciaga_SGP_6767922APFE1000,6767922APFE1000,SGP,Bags,SGD,2026-09-28,3350.00,3550.00,0.0597,increase
88554b1b6379ebb2aeeec188ec0a51a1,Balenciaga_SGP_676820WGNH62533,676820WGNH62533,SGP,Bags,SGD,2026-09-28,3340.00,3540.00,0.0599,increase
5470d3fc21d9abe22b3c87b9e7d6defc,Balenciaga_SGP_6778232A4ZU9020,6778232A4ZU9020,SGP,Bags,SGD,2026-09-28,3680.00,3900.00,0.0598,increase
f8352d86b284675287ee71ff1a4295f7,Balenciaga_SGP_6778234GNKV1000,6778234GNKV1000,SGP,Bags,SGD,2026-09-28,3150.00,3340.00,0.0603,increase
570dcc19acab3e2d7f35b90e3df10f30,Balenciaga_SGP_6786802AEJ81000,6786802AEJ81000,SGP,Small Leather Goods,SGD,2026-09-28,3230.00,3420.00,0.0588,increase
b29f4e70b089664962b78233dd9ffd43,Balenciaga_SGP_6871014GGDU8122,6871014GGDU8122,SGP,Bags,SGD,2026-09-28,1790.00,1900.00,0.0615,increase
d6a4ef8ca812b9a3dfe6880b05db34d2,Balenciaga_SGP_687101TTS681000,687101TTS681000,SGP,Bags,SGD,2026-09-28,3130.00,3320.00,0.0607,increase
66b96c0dbd93aec2eab4fbb3364a59bb,Balenciaga_SGP_6873682AB3L1000,6873682AB3L1000,SGP,Bags,SGD,2026-09-28,6100.00,6470.00,0.0607,increase
141fe04acb2e073315567b4b336b57ef,Balenciaga_SGP_6873682ABYE2308,6873682ABYE2308,SGP,Bags,SGD,2026-09-28,4720.00,5000.00,0.0593,increase
894468573bff8142b828b661f3c307db,Balenciaga_SGP_6873684GEGI1210,6873684GEGI1210,SGP,Bags,SGD,2026-09-28,3380.00,3590.00,0.0621,increase
fb98b078bb14828399fd631a69f97a46,Balenciaga_SGP_687755TT6SC1090,687755TT6SC1090,SGP,Small Leather Goods,SGD,2026-09-28,945.00,1000.00,0.0582,increase
681e1be1c2e7d326680befdf7b637ea3,Balenciaga_SGP_687755WZQV70926,687755WZQV70926,SGP,Small Leather Goods,SGD,2026-09-28,695.00,735.00,0.0576,increase
9c7eb0a07bad5de1ce03d271218cd11e,Balenciaga_SGP_690455WM0LO0926,690455WM0LO0926,SGP,Small Leather Goods,SGD,2026-09-28,1270.00,1350.00,0.0630,increase
2652439d7b09e3a13eb21384c979ebb4,Balenciaga_SGP_698478TK52K4200,698478TK52K4200,SGP,Bags,SGD,2026-09-28,1130.00,1200.00,0.0619,increase
18b93b497123c99871b1836ddf34bcad,Balenciaga_SGP_698478WAG0O0911,698478WAG0O0911,SGP,Bags,SGD,2026-09-28,1310.00,1390.00,0.0611,increase
c10e432de646b7bb954eead8b8af526f,Balenciaga_SGP_706014TT5D61000,706014TT5D61000,SGP,Bags,SGD,2026-09-28,775.00,820.00,0.0581,increase
77507f9546c4f4b1f7d5357b0a3246cd,Balenciaga_SGP_706014TTHIA8065,706014TTHIA8065,SGP,Bags,SGD,2026-09-28,740.00,785.00,0.0608,increase
02ca51d306bcaf34c41f79ca1223fd21,Balenciaga_SGP_706014TV8UH1084,706014TV8UH1084,SGP,Bags,SGD,2026-09-28,1150.00,1220.00,0.0609,increase
f8039734abffd24281fe2c9436f568cb,Balenciaga_SGP_7066122A50P3258,7066122A50P3258,SGP,Small Leather Goods,SGD,2026-09-28,1680.00,1780.00,0.0595,increase
b7b1597b966872193aa38ad5b9f4b3c1,Balenciaga_SGP_7066122AB3X1000,7066122AB3X1000,SGP,Small Leather Goods,SGD,2026-09-28,1560.00,1650.00,0.0577,increase
99948eacd845dddaf8191119688fc4a1,Balenciaga_SGP_7066122AY6L8065,7066122AY6L8065,SGP,Small Leather Goods,SGD,2026-09-28,3080.00,3270.00,0.0617,increase
70cb84702aeb6587a4c58aa68e3a4055,Balenciaga_SGP_706612TTDZG0926,706612TTDZG0926,SGP,Small Leather Goods,SGD,2026-09-28,1120.00,1190.00,0.0625,increase
bcdbbbc8f668f47144b26f3186b1463b,Balenciaga_SGP_706612WBFE11090,706612WBFE11090,SGP,Small Leather Goods,SGD,2026-09-28,455.00,480.00,0.0549,increase
1e63e51bd651230f7c283121ed46bd3f,Balenciaga_SGP_7089882AB993258,7089882AB993258,SGP,Small Leather Goods,SGD,2026-09-28,935.00,995.00,0.0642,increase
33266fcb0edeb58a7d1dd2f9fb23f187,Balenciaga_SGP_71088921W3O1240,71088921W3O1240,SGP,Small Leather Goods,SGD,2026-09-28,805.00,855.00,0.0621,increase
ed58d6d9db17332bcf6692340da90867,Balenciaga_SGP_7108894GUHQ1000,7108894GUHQ1000,SGP,Small Leather Goods,SGD,2026-09-28,835.00,885.00,0.0599,increase
9890b229448b3fc917cc2d9e39b80e02,Balenciaga_SGP_711160WE21T1240,711160WE21T1240,SGP,Small Leather Goods,SGD,2026-09-28,450.00,475.00,0.0556,increase
d16ca15d4d89574f1e490110ab6036b6,Balenciaga_SGP_7134902AB1H4200,7134902AB1H4200,SGP,Bags,SGD,2026-09-28,4640.00,4920.00,0.0603,increase
6eccfd09e27c6037b02a533285788e13,Balenciaga_SGP_713490TTJ7K2533,713490TTJ7K2533,SGP,Bags,SGD,2026-09-28,4870.00,5160.00,0.0595,increase
bc53a9f8e136c21e00d74cbafdace7f8,Balenciaga_SGP_7163572AY874200,7163572AY874200,SGP,Bags,SGD,2026-09-28,4510.00,4780.00,0.0599,increase
2ccc0ea1b911dec4db774ac001d7296b,Balenciaga_SGP_7163574GQBG9000,7163574GQBG9000,SGP,Bags,SGD,2026-09-28,3350.00,3550.00,0.0597,increase
093200f941c66b820d4929f5abcb1ee6,Balenciaga_SGP_723802TPE569000,723802TPE569000,SGP,Bags,SGD,2026-09-28,2540.00,2700.00,0.0630,increase
d0f427aeff3dfdd2bdba604b3978238e,Balenciaga_SGP_723802TTN6J5723,723802TTN6J5723,SGP,Bags,SGD,2026-09-28,6410.00,6800.00,0.0608,increase
3a694be62dc11b66dd9c3de000c2e4aa,Balenciaga_SGP_7247992ABQG0926,7247992ABQG0926,SGP,Small Leather Goods,SGD,2026-09-28,1130.00,1200.00,0.0619,increase
d3a66f83fd654e6ee567bc8574a889d2,Balenciaga_SGP_72532821OA90911,72532821OA90911,SGP,Small Leather Goods,SGD,2026-09-28,1080.00,1150.00,0.0648,increase
9dcf020a9186fb72243fdf09130cfe95,Balenciaga_SGP_725328TTV443258,725328TTV443258,SGP,Small Leather Goods,SGD,2026-09-28,400.00,425.00,0.0625,increase
0b7171342f9b0c77b99f01b5937d113d,Balenciaga_SGP_7260062AINV9000,7260062AINV9000,SGP,Bags,SGD,2026-09-28,3260.00,3460.00,0.0613,increase
8283e3650cd9bbb6c6b80899b8405f34,Balenciaga_SGP_7260064GLKM1000,7260064GLKM1000,SGP,Bags,SGD,2026-09-28,4470.00,4740.00,0.0604,increase
21576afb8e6658c069462481735f7119,Balenciaga_SGP_7283052ABY31090,7283052ABY31090,SGP,Bags,SGD,2026-09-28,5340.00,5660.00,0.0599,increase
5ab03a7ff8a12b4046d0d17cc97c13cb,Balenciaga_SGP_728305TUZCI4011,728305TUZCI4011,SGP,Bags,SGD,2026-09-28,6090.00,6460.00,0.0608,increase
1ca1e5e25869e78cc84d647334e54de0,Balenciaga_SGP_72872721NOR1090,72872721NOR1090,SGP,Bags,SGD,2026-09-28,3520.00,3730.00,0.0597,increase
c5a1808208cef5da2b13e14b4eabf572,Balenciaga_SGP_728727WEHTC8065,728727WEHTC8065,SGP,Bags,SGD,2026-09-28,4010.00,4250.00,0.0599,increase
b7866e429295dd2a29505f2bd32206fd,Balenciaga_SGP_72918421GJI3258,72918421GJI3258,SGP,Bags,SGD,2026-09-28,4230.00,4480.00,0.0591,increase
28ca76b3a63c37f88af157c2b4700a0a,Balenciaga_SGP_7297992A1LP1000,7297992A1LP1000,SGP,Bags,SGD,2026-09-28,2890.00,3060.00,0.0588,increase
6b63350b1b849f5dd8958911720a71de,Balenciaga_SGP_7297992ABTM0926,7297992ABTM0926,SGP,Bags,SGD,2026-09-28,2240.00,2370.00,0.0580,increase
1d5b8db419938095f70fe22adacc2df7,Balenciaga_SGP_729799W4YYO2533,729799W4YYO2533,SGP,Bags,SGD,2026-09-28,3100.00,3280.00,0.0581,increase
d76359b9afcb3804f85caaf9cf0a33e9,Balenciaga_SGP_7311302ABV99104,7311302ABV99104,SGP,Bags,SGD,2026-09-28,2180.00,2310.00,0.0596,increase
1c862b342136fe80b995d2602d8a405b,Balenciaga_SGP_731130TEWXC1000,731130TEWXC1000,SGP,Bags,SGD,2026-09-28,2390.00,2540.00,0.0628,increase
b601292530672d04cfe08f9d8f6062ec,Balenciaga_SGP_734797W7EBY1041,734797W7EBY1041,SGP,Accessories,SGD,2026-09-28,3140.00,3330.00,0.0605,increase
75e2f0918f0f2340eccbfb190487264f,Balenciaga_SGP_7378382ABGT0926,7378382ABGT0926,SGP,Bags,SGD,2026-09-28,2180.00,2310.00,0.0596,increase
331c520a6010de1608bfd78d4a91317f,Balenciaga_SGP_74009021IIT1084,74009021IIT1084,SGP,Small Leather Goods,SGD,2026-09-28,1140.00,1210.00,0.0614,increase
b5daf84012e6d3b9ab11f2cf9aef150f,Balenciaga_SGP_7400904G1H21240,7400904G1H21240,SGP,Small Leather Goods,SGD,2026-09-28,645.00,685.00,0.0620,increase
e8e375d6fc7d7568dd54a0805e00c8d3,Balenciaga_SGP_740090TT35C4011,740090TT35C4011,SGP,Small Leather Goods,SGD,2026-09-28,1490.00,1580.00,0.0604,increase
6ca380352409d62139f7694458e3b2fb,Balenciaga_SGP_740090TTQWT5723,740090TTQWT5723,SGP,Small Leather Goods,SGD,2026-09-28,920.00,975.00,0.0598,increase
18da0e7feb5e71a375fe2bc5eb2069cb,Balenciaga_SGP_7434644GJUQ1251,7434644GJUQ1251,SGP,Small Leather Goods,SGD,2026-09-28,2000.00,2120.00,0.0600,increase
af81833f2a29c2c0a1a4a015aea15c55,Balenciaga_SGP_74818821RAQ1000,74818821RAQ1000,SGP,Small Leather Goods,SGD,2026-09-28,440.00,465.00,0.0568,increase
316466af57e05d540766fcf4fb18a094,Balenciaga_SGP_7481882ABWW0911,7481882ABWW0911,SGP,Small Leather Goods,SGD,2026-09-28,810.00,860.00,0.0617,increase
7012755930d786eb0ba4026b77638cb4,Balenciaga_SGP_7481884GUB61000,7481884GUB61000,SGP,Small Leather Goods,SGD,2026-09-28,960.00,1020.00,0.0625,increase
521e2e559dfbfe603ed3e81512281522,Balenciaga_SGP_7483542ABV39020,7483542ABV39020,SGP,Bags,SGD,2026-09-28,7200.00,7630.00,0.0597,increase
f3b56591951fae5de3a7437623e900e1,Balenciaga_SGP_748354T1COL0911,748354T1COL0911,SGP,Bags,SGD,2026-09-28,3580.00,3790.00,0.0587,increase
3f11824361fb3e99c9563eaeab3fff80,Balenciaga_SGP_7517282110W1090,7517282110W1090,SGP,Small Leather Goods,SGD,2026-09-28,2030.00,2150.00,0.0591,increase
20ecff3d0e6fcd984a00cd19430e42c4,Balenciaga_SGP_75172821F7M1210,75172821F7M1210,SGP,Small Leather Goods,SGD,2026-09-28,1420.00,1510.00,0.0634,increase
14358cd8d24bf5981074fcff7d3df737,Balenciaga_SGP_751728WJEN18122,751728WJEN18122,SGP,Small Leather Goods,SGD,2026-09-28,1560.00,1650.00,0.0577,increase
13faa2993ffc6c4bdd55cfa37e545cfb,Balenciaga_SGP_768723WND8D1000,768723WND8D1000,SGP,Shoes,SGD,2026-09-28,1530.00,1360.00,-0.1111,decrease
954c317aeaf7d5a78393247b310c1b9d,Balenciaga_SGP_7702602AB191000,7702602AB191000,SGP,Bags,SGD,2026-09-28,4720.00,5000.00,0.0593,increase
4c0387b76ef16e16a2c84b98c7b0611e,Balenciaga_SGP_770260WXM7O1210,770260WXM7O1210,SGP,Bags,SGD,2026-09-28,4930.00,5220.00,0.0588,increase
4985e04659d47b00a51855bdfaf55925,Balenciaga_SGP_77077921FFS1090,77077921FFS1090,SGP,Small Leather Goods,SGD,2026-09-28,480.00,510.00,0.0625,increase
13fe1239b59b3bd5d05039a61bec02ea,Balenciaga_SGP_77077921PII8122,77077921PII8122,SGP,Small Leather Goods,SGD,2026-09-28,790.00,835.00,0.0570,increase
a3c1e9ea31636cbffb3bd5bf850dda2a,Balenciaga_SGP_7707792A4VV4011,7707792A4VV4011,SGP,Small Leather Goods,SGD,2026-09-28,660.00,700.00,0.0606,increase
789b611d8a26f8b5a5070872f48077a8,Balenciaga_SGP_7707792ALGH1000,7707792ALGH1000,SGP,Small Leather Goods,SGD,2026-09-28,1620.00,1720.00,0.0617,increase
45f5ee57e32423bcb39684f6b148ab8c,Balenciaga_SGP_7707794G8472308,7707794G8472308,SGP,Small Leather Goods,SGD,2026-09-28,920.00,980.00,0.0652,increase
bd3a14752f8205724a62a56df955bfbe,Balenciaga_SGP_7707794GGLA1090,7707794GGLA1090,SGP,Small Leather Goods,SGD,2026-09-28,370.00,390.00,0.0541,increase
1ffb47f450cfab30b66544b440721fac,Balenciaga_SGP_7737734GF951000,7737734GF951000,SGP,Bags,SGD,2026-09-28,2660.00,2810.00,0.0564,increase
efed3e36327766519e2a351ef6a380e3,Balenciaga_SGP_7737734GROH1251,7737734GROH1251,SGP,Bags,SGD,2026-09-28,4410.00,4670.00,0.0590,increase
38a1367ac932571265954b7a86b8bd00,Balenciaga_SGP_773773W5BMK1240,773773W5BMK1240,SGP,Bags,SGD,2026-09-28,3420.00,3620.00,0.0585,increase
35f4c6ab9226be5311de8d58bb693915,Balenciaga_SGP_7751222AB963258,7751222AB963258,SGP,Small Leather Goods,SGD,2026-09-28,580.00,615.00,0.0603,increase
8d5b5c3064fdee4d38351c3ebaa80842,Balenciaga_SGP_775122WM5075723,775122WM5075723,SGP,Small Leather Goods,SGD,2026-09-28,755.00,800.00,0.0596,increase
f71d533287fc577476ea3d81afb27fd0,Balenciaga_SGP_7783482AAGM1041,7783482AAGM1041,SGP,Small Leather Goods,SGD,2026-09-28,1550.00,1640.00,0.0581,increase
71cf0bb3bc8a527f6895828332bf83c8,Balenciaga_SGP_778348TTK6R9002,778348TTK6R9002,SGP,Small Leather Goods,SGD,2026-09-28,835.00,885.00,0.0599,increase
6939b8841e8814094d919d5dce8ff2fc,Balenciaga_SGP_778348TTMNA0911,778348TTMNA0911,SGP,Small Leather Goods,SGD,2026-09-28,1160.00,1230.00,0.0603,increase
a89055dc0eb3194c6b5b409917f04168,Balenciaga_SGP_778348WUVHU1210,778348WUVHU1210,SGP,Small Leather Goods,SGD,2026-09-28,810.00,860.00,0.0617,increase
20ed5157604d0dd2f451aadc9b3736d4,Balenciaga_SGP_7793722AW9V1084,7793722AW9V1084,SGP,Bags,SGD,2026-09-28,2940.00,3120.00,0.0612,increase
86b6302d1d5e06b27876cb5fdc916645,Balenciaga_SGP_779797T061J1041,779797T061J1041,SGP,Bags,SGD,2026-09-28,4510.00,4780.00,0.0599,increase
27d88566c8f2495097210d9d6e3d7e05,Balenciaga_SGP_7830972190M9104,7830972190M9104,SGP,Accessories,SGD,2026-09-28,5130.00,5440.00,0.0604,increase
ff271b6897da353eaced87cdd0cd8c0e,Balenciaga_SGP_78309721JPY0127,78309721JPY0127,SGP,Accessories,SGD,2026-09-28,3550.00,3770.00,0.0620,increase
84648aa55ca028f89e507a9b8c832416,Balenciaga_SGP_7830974GC5O8065,7830974GC5O8065,SGP,Accessories,SGD,2026-09-28,3860.00,4090.00,0.0596,increase
cfa608bebc705fb1d7090145478478fe,Balenciaga_SGP_783097T88LE4011,783097T88LE4011,SGP,Accessories,SGD,2026-09-28,3090.00,3280.00,0.0615,increase
d8408d117829eb61ca365046e154a438,Balenciaga_SGP_7842954GWXL2308,7842954GWXL2308,SGP,Bags,SGD,2026-09-28,4940.00,5240.00,0.0607,increase
2bd5942729f8341356922b74387f8fbb,Balenciaga_SGP_7846182AWFP1090,7846182AWFP1090,SGP,Accessories,SGD,2026-09-28,460.00,490.00,0.0652,increase
59feb4ddaed4df94bef18d832eddd080,Balenciaga_SGP_786691213DR2308,786691213DR2308,SGP,Bags,SGD,2026-09-28,4570.00,4850.00,0.0613,increase
09812d7704fc8349a6162c822cda745d,Balenciaga_SGP_7866912A6IT9002,7866912A6IT9002,SGP,Bags,SGD,2026-09-28,3070.00,3250.00,0.0586,increase
57be9e89365b33c68eebd3e1a9d75a6a,Balenciaga_SGP_7866912ABIU2308,7866912ABIU2308,SGP,Bags,SGD,2026-09-28,1540.00,1640.00,0.0649,increase
facdabd3495b13ea6062e2ba9b582b79,Balenciaga_SGP_7866912AENG9104,7866912AENG9104,SGP,Bags,SGD,2026-09-28,1720.00,1830.00,0.0640,increase
3ea869523a23e53ce380444fcba82a18,Balenciaga_SGP_79014021E841041,79014021E841041,SGP,Small Leather Goods,SGD,2026-09-28,1810.00,1920.00,0.0608,increase
b989a5b588751b502e7a97bb5e0de5ed,Balenciaga_SGP_7901402AB731000,7901402AB731000,SGP,Small Leather Goods,SGD,2026-09-28,1860.00,1970.00,0.0591,increase
d8c0f525ffbd52f4506193ed6f393185,Balenciaga_SGP_790421216UF9020,790421216UF9020,SGP,Small Leather Goods,SGD,2026-09-28,3890.00,4130.00,0.0617,increase
dd792b54840a17fd2b77307f56e6a2d1,Balenciaga_SGP_790421WLLWX1000,790421WLLWX1000,SGP,Small Leather Goods,SGD,2026-09-28,3810.00,4040.00,0.0604,increase
7718e4db3a21b12d385e8dfdbfdaa3ba,Balenciaga_SGP_791061TTORO1090,791061TTORO1090,SGP,Bags,SGD,2026-09-28,4070.00,4310.00,0.0590,increase
8efd09145e2e72002c7731b6522777aa,Balenciaga_SGP_792932218SJ1240,792932218SJ1240,SGP,Bags,SGD,2026-09-28,4070.00,4320.00,0.0614,increase
4e6e3cac8b71331c57f01c6e4694398c,Balenciaga_SGP_792932219O01251,792932219O01251,SGP,Bags,SGD,2026-09-28,3990.00,4230.00,0.0602,increase
f8a39e06629cc78d294e4c2766322344,Balenciaga_SGP_79293221SBP1210,79293221SBP1210,SGP,Bags,SGD,2026-09-28,3600.00,3810.00,0.0583,increase
241cfe33e9646eba31648ed2c559346c,Balenciaga_SGP_792932W27C95723,792932W27C95723,SGP,Bags,SGD,2026-09-28,5280.00,5590.00,0.0587,increase
5918b6f9b48420413801609c72f8d5ae,Balenciaga_SGP_7986072AB0P4011,7986072AB0P4011,SGP,Small Leather Goods,SGD,2026-09-28,685.00,725.00,0.0584,increase
8780df0bd45665bddb9995e060d523ad,Balenciaga_SGP_798607WHH8S8065,798607WHH8S8065,SGP,Small Leather Goods,SGD,2026-09-28,500.00,530.00,0.0600,increase
9e25a4c2b64cf60a52d0a30a17df19ae,Balenciaga_SGP_8044914G46E1000,8044914G46E1000,SGP,Small Leather Goods,SGD,2026-09-28,785.00,830.00,0.0573,increase
7fbedf9c5336fd02b94a4824ffa967c9,Balenciaga_SGP_804491WDN3F1090,804491WDN3F1090,SGP,Small Leather Goods,SGD,2026-09-28,1090.00,1150.00,0.0550,increase
9f4f13533a2fa4978058f5f50d96b226,Balenciaga_SGP_8088952AB0I2840,8088952AB0I2840,SGP,Bags,SGD,2026-09-28,5190.00,5500.00,0.0597,increase
aa6d02a5f11ab3ded47c158855d43f0b,Balenciaga_SGP_8088952AM3D0127,8088952AM3D0127,SGP,Bags,SGD,2026-09-28,4000.00,4240.00,0.0600,increase
fa4c640e08d2e2e8c48a9f5da621befc,Balenciaga_SGP_808895TOVIZ2533,808895TOVIZ2533,SGP,Bags,SGD,2026-09-28,5150.00,5460.00,0.0602,increase
8b7e2f500863ee39773609fd6d268aa4,Balenciaga_SGP_813339TTM3T1000,813339TTM3T1000,SGP,Bags,SGD,2026-09-28,4380.00,4650.00,0.0616,increase
716d5e39c3092799fd4357d478eb6d64,Balenciaga_SGP_8175562A3NQ1251,8175562A3NQ1251,SGP,Bags,SGD,2026-09-28,4350.00,4610.00,0.0598,increase
c6631357c5c8e4f7f9b50b78b65cf023,Balenciaga_SGP_817556TTCFN1090,817556TTCFN1090,SGP,Bags,SGD,2026-09-28,3330.00,3530.00,0.0601,increase
f6157c07a3f19c9de4e147d2fbd93260,Balenciaga_SGP_81955721MIX1210,81955721MIX1210,SGP,Small Leather Goods,SGD,2026-09-28,1030.00,1090.00,0.0583,increase
e154d0d06a5611b2e2ef485d1f3320d8,Balenciaga_SGP_8195572AA863258,8195572AA863258,SGP,Small Leather Goods,SGD,2026-09-28,640.00,680.00,0.0625,increase
5f66b90108be38831baecf79d43a25c8,Balenciaga_SGP_8223032AF5D1041,8223032AF5D1041,SGP,Small Leather Goods,SGD,2026-09-28,4380.00,4640.00,0.0594,increase
edd95a5c96f2144cbc21b418fa8a9ff3,Balenciaga_SGP_822303TTHOD8065,822303TTHOD8065,SGP,Small Leather Goods,SGD,2026-09-28,2630.00,2780.00,0.0570,increase
de0449c795a87b82565ca7681a0883c5,Balenciaga_SGP_824002TJQAV2308,824002TJQAV2308,SGP,Small Leather Goods,SGD,2026-09-28,790.00,840.00,0.0633,increase
547c91f4699d8cc41ea767afde6b5446,Balenciaga_SGP_82443621AQF0127,82443621AQF0127,SGP,Small Leather Goods,SGD,2026-09-28,440.00,470.00,0.0682,increase
f9d87ba076b728279ad3cfefbbb162fe,Balenciaga_SGP_8244362A4UN1000,8244362A4UN1000,SGP,Small Leather Goods,SGD,2026-09-28,665.00,705.00,0.0602,increase
a4ef5ca5ef683aedca81d43daf52a128,Balenciaga_SGP_824436W9DJB2308,824436W9DJB2308,SGP,Small Leather Goods,SGD,2026-09-28,820.00,870.00,0.0610,increase
2c132d60a168286ce0b4135ff830bdb8,Balenciaga_SGP_8245244GV630926,8245244GV630926,SGP,Accessories,SGD,2026-09-28,1810.00,1920.00,0.0608,increase
402296bb1b0e9e0f8ed5b870b881b8f3,Balenciaga_SGP_82607121B2V1041,82607121B2V1041,SGP,Bags,SGD,2026-09-28,4010.00,4250.00,0.0599,increase
0aeebe929f8ea05d3e254d6a2d7fd3ef,Balenciaga_SGP_8260712A4T11000,8260712A4T11000,SGP,Bags,SGD,2026-09-28,3380.00,3580.00,0.0592,increase
ccb7f756f6fab912dc6e1a2c11531597,Balenciaga_SGP_8260712ABPL3258,8260712ABPL3258,SGP,Bags,SGD,2026-09-28,4200.00,4460.00,0.0619,increase
dc97c481e4450e82a15c1de1ceb167b3,Balenciaga_SGP_826071W06VT2533,826071W06VT2533,SGP,Bags,SGD,2026-09-28,2850.00,3020.00,0.0596,increase
d0a171b07d134d73fc28a1544b38e555,Balenciaga_SGP_8287712ABI90911,8287712ABI90911,SGP,Small Leather Goods,SGD,2026-09-28,445.00,470.00,0.0562,increase
014deef41b873e0c0bf299ec3decd5e3,Balenciaga_SGP_828771TTCTJ0911,828771TTCTJ0911,SGP,Small Leather Goods,SGD,2026-09-28,400.00,425.00,0.0625,increase
918fb21d8f980845358e94f94e390231,Balenciaga_SGP_830936WU99V9002,830936WU99V9002,SGP,Small Leather Goods,SGD,2026-09-28,2360.00,2500.00,0.0593,increase
badc8b38e47273c8fdf5d085ff2c3e1d,Balenciaga_SGP_8311342ABU61090,8311342ABU61090,SGP,Bags,SGD,2026-09-28,3780.00,4010.00,0.0608,increase
c53d559e305f3dedc74a11bbbb7a3672,Balenciaga_SGP_8311344GKAG3258,8311344GKAG3258,SGP,Bags,SGD,2026-09-28,2170.00,2300.00,0.0599,increase
7764c40e82ed3e5b1377b1a4bf74b1be,Balenciaga_SGP_831134TEOO93258,831134TEOO93258,SGP,Bags,SGD,2026-09-28,3910.00,4140.00,0.0588,increase
7c488451f1c8a161e5bb3d370d05958c,Balenciaga_SGP_833006217XM0911,833006217XM0911,SGP,Bags,SGD,2026-09-28,4430.00,4690.00,0.0587,increase
c31e3da5a372ab661ed0f187daae26a2,Balenciaga_SGP_8330062AB421000,8330062AB421000,SGP,Bags,SGD,2026-09-28,4430.00,4690.00,0.0587,increase
9b64fc63fc0cbf8a31a968a531b0a3a3,Balenciaga_SGP_8330062ABAZ2840,8330062ABAZ2840,SGP,Bags,SGD,2026-09-28,3510.00,3730.00,0.0627,increase
378f17e6ce5360c0397cb05924efffc9,Balenciaga_SGP_834058214S09104,834058214S09104,SGP,Bags,SGD,2026-09-28,3200.00,3390.00,0.0594,increase
cb6d5d35c41d898a94401166f0753c30,Balenciaga_SGP_834058WWA8W4200,834058WWA8W4200,SGP,Bags,SGD,2026-09-28,4610.00,4880.00,0.0586,increase
9e2897b80ddf9ab9f8cb414fab8be03b,Balenciaga_SGP_8401812AKBD1000,8401812AKBD1000,SGP,Small Leather Goods,SGD,2026-09-28,645.00,685.00,0.0620,increase
6c28c99c969613e4f85992df6f4a52a7,Balenciaga_SGP_840181TTX3A0926,840181TTX3A0926,SGP,Small Leather Goods,SGD,2026-09-28,580.00,615.00,0.0603,increase
e51fc9f8834f2e3ba0cef60d85841d74,Balenciaga_SGP_840181WKE7A1090,840181WKE7A1090,SGP,Small Leather Goods,SGD,2026-09-28,470.00,500.00,0.0638,increase
ad108343aeab7c503b9f2acedfe7936b,Balenciaga_SGP_844132TD4EC9104,844132TD4EC9104,SGP,Bags,SGD,2026-09-28,5650.00,5990.00,0.0602,increase
6d63da4d6720d27fc50e9ac8262c453c,Balenciaga_SGP_845436216410127,845436216410127,SGP,Bags,SGD,2026-09-28,1880.00,2000.00,0.0638,increase
bc669035a47ce2c6894cd8f72178f313,Balenciaga_SGP_8454362ABSV9000,8454362ABSV9000,SGP,Bags,SGD,2026-09-28,5000.00,5300.00,0.0600,increase
bf665ccf766eddf96d95d59cea7de3a7,Balenciaga_SGP_8454364GBTX9000,8454364GBTX9000,SGP,Bags,SGD,2026-09-28,3570.00,3780.00,0.0588,increase
b712dc5c66cc4c3643c7db2b3494cc63,Balenciaga_SGP_845436THX071000,845436THX071000,SGP,Bags,SGD,2026-09-28,5230.00,5540.00,0.0593,increase
c3371e4095acd62fcb0170aadebe15fe,Balenciaga_SGP_845436TTCJ71000,845436TTCJ71000,SGP,Bags,SGD,2026-09-28,2430.00,2570.00,0.0576,increase
8e72072d6d72f8ff7714d3abdc88d30e,Balenciaga_SGP_845436TTGI61251,845436TTGI61251,SGP,Bags,SGD,2026-09-28,4950.00,5240.00,0.0586,increase
9e530722764a261aeb5a43ccd5d28ed5,Balenciaga_SGP_845436W94521090,845436W94521090,SGP,Bags,SGD,2026-09-28,3170.00,3360.00,0.0599,increase
a36c2c381d274b01c210aefb2fd2c543,Balenciaga_SGP_8514352A4CY1000,8514352A4CY1000,SGP,Small Leather Goods,SGD,2026-09-28,1980.00,2100.00,0.0606,increase
87921a441cd67a294c516b460f540c14,Balenciaga_SGP_851435W66F78065,851435W66F78065,SGP,Small Leather Goods,SGD,2026-09-28,445.00,470.00,0.0562,increase
bfde5e00eaf01ea17b8a794b8e05c016,Balenciaga_SGP_85254221FH01000,85254221FH01000,SGP,Small Leather Goods,SGD,2026-09-28,970.00,1030.00,0.0619,increase
2eb58314fecf7c9d7b8385e474c2f03a,Balenciaga_SGP_85254221MXR4011,85254221MXR4011,SGP,Small Leather Goods,SGD,2026-09-28,1370.00,1450.00,0.0584,increase
483bf83651e8308b62813f05187699e4,Balenciaga_SGP_8525422AB5G1090,8525422AB5G1090,SGP,Small Leather Goods,SGD,2026-09-28,440.00,465.00,0.0568,increase
5049a00498c8887df7629d956acb4300,Balenciaga_SGP_852542TRTB02840,852542TRTB02840,SGP,Small Leather Goods,SGD,2026-09-28,445.00,475.00,0.0674,increase
bec031f302322038c1aa46c006d874a7,Balenciaga_SGP_852542WCMOK5723,852542WCMOK5723,SGP,Small Leather Goods,SGD,2026-09-28,460.00,485.00,0.0543,increase
e7b13f4a91490a81f836532f7852d07c,Balenciaga_SGP_8561912110W1000,8561912110W1000,SGP,Small Leather Goods,SGD,2026-09-28,470.00,500.00,0.0638,increase
83d300ccc0071e78d09cdd5ce0070d54,Balenciaga_SGP_856191T2DEI9104,856191T2DEI9104,SGP,Small Leather Goods,SGD,2026-09-28,610.00,650.00,0.0656,increase
b4918e92ef3471ab190ca55e9fe8197d,Balenciaga_SGP_856191T74RJ1210,856191T74RJ1210,SGP,Small Leather Goods,SGD,2026-09-28,570.00,605.00,0.0614,increase
6bf1a62e48015cbc03f9f820fcfb5437,Balenciaga_SGP_856191TTCXJ0926,856191TTCXJ0926,SGP,Small Leather Goods,SGD,2026-09-28,370.00,395.00,0.0676,increase
4eff7b848cf186785b9d1153ddf2f6f8,Balenciaga_SGP_858352TTBLY1041,858352TTBLY1041,SGP,Small Leather Goods,SGD,2026-09-28,2080.00,2200.00,0.0577,increase
c9e44de7a59ec1b4df37551fb3fb9a8c,Balenciaga_SGP_8592794GT7H9104,8592794GT7H9104,SGP,Small Leather Goods,SGD,2026-09-28,1780.00,1890.00,0.0618,increase
4169406e88482da5102b1263017b4ef6,Balenciaga_SGP_860458WVPJ84200,860458WVPJ84200,SGP,Bags,SGD,2026-09-28,4200.00,4450.00,0.0595,increase
193323187ed94f391356b19c9b5f2be0,Balenciaga_SGP_8665422AB2D9104,8665422AB2D9104,SGP,Accessories,SGD,2026-09-28,815.00,860.00,0.0552,increase
9942d2ae4337dc0b3b3e2fc62468340b,Balenciaga_SGP_8665424G8ZY1000,8665424G8ZY1000,SGP,Accessories,SGD,2026-09-28,445.00,475.00,0.0674,increase
8d773d0d9a5096f860f1ecc119949bbb,Balenciaga_SGP_8671922ABIT1210,8671922ABIT1210,SGP,Small Leather Goods,SGD,2026-09-28,630.00,665.00,0.0556,increase
78b9f540e3325f68cccdcb0d929f4d04,Balenciaga_SGP_8690364G7ZC4200,8690364G7ZC4200,SGP,Bags,SGD,2026-09-28,6180.00,6550.00,0.0599,increase
f038b0856c537532dc01fe3cebc51cd7,Balenciaga_SGP_86935021KK58122,86935021KK58122,SGP,Bags,SGD,2026-09-28,1800.00,1910.00,0.0611,increase
cddfd7f41566acafb3206a5a484e5be9,Balenciaga_SGP_8738792A2QI4011,8738792A2QI4011,SGP,Bags,SGD,2026-09-28,3510.00,3720.00,0.0598,increase
a35f70800c5e66c924d341680773ce0b,Balenciaga_SGP_8738792ABM71041,8738792ABM71041,SGP,Bags,SGD,2026-09-28,4260.00,4520.00,0.0610,increase
0cc29eb182ac23d996aca8814dab7dec,Balenciaga_SGP_873879TSIMN8122,873879TSIMN8122,SGP,Bags,SGD,2026-09-28,3980.00,4220.00,0.0603,increase
9bdacfafc9fc11a7d966ab5e0460dc50,Balenciaga_SGP_8750414GAUA1000,8750414GAUA1000,SGP,Bags,SGD,2026-09-28,2990.00,3170.00,0.0602,increase
bfeb1d5130c94a7111cf150eedf1da5b,Balenciaga_SGP_883720W1IKV1000,883720W1IKV1000,SGP,Small Leather Goods,SGD,2026-09-28,695.00,735.00,0.0576,increase
2b0dc56171f41a20fa72162f1fa6d887,Balenciaga_SGP_88445621WO28122,88445621WO28122,SGP,Small Leather Goods,SGD,2026-09-28,340.00,360.00,0.0588,increase
20ac80b0c42dc48dd8414de3977466bf,Balenciaga_SGP_8844562AB381090,8844562AB381090,SGP,Small Leather Goods,SGD,2026-09-28,815.00,865.00,0.0613,increase
d161551564dfb4871108cb55872a3e74,Balenciaga_SGP_8844564GWNC1251,8844564GWNC1251,SGP,Small Leather Goods,SGD,2026-09-28,385.00,410.00,0.0649,increase
f4ec30bdab8bedea950ce59b6bc618d6,Balenciaga_SGP_8863144G5AR8065,8863144G5AR8065,SGP,Small Leather Goods,SGD,2026-09-28,590.00,625.00,0.0593,increase
60335d478a1df30840a217a624016a49,Balenciaga_SGP_886314TT7F98122,886314TT7F98122,SGP,Small Leather Goods,SGD,2026-09-28,790.00,835.00,0.0570,increase
ca6d055855d5b0a7f6e9e29a013a58d7,Balenciaga_SGP_8872612AB144200,8872612AB144200,SGP,Small Leather Goods,SGD,2026-09-28,1590.00,1680.00,0.0566,increase
e42960961a83936dee8bbd2dc3f29735,Balenciaga_SGP_888240214TG5723,888240214TG5723,SGP,Small Leather Goods,SGD,2026-09-28,805.00,855.00,0.0621,increase
75580606bd0cff1301a8be7219ca910f,Balenciaga_SGP_888240TTFRH4200,888240TTFRH4200,SGP,Small Leather Goods,SGD,2026-09-28,670.00,710.00,0.0597,increase
ad6ce888ad27789851ef66baf67f5cee,Balenciaga_SGP_8902582ABVL1251,8902582ABVL1251,SGP,Bags,SGD,2026-09-28,1360.00,1440.00,0.0588,increase
4a4cdfb2cc46a44edb46f842df50c428,Balenciaga_SGP_89310521G2W1240,89310521G2W1240,SGP,Bags,SGD,2026-09-28,3630.00,3850.00,0.0606,increase
ae5f9aa79250e8cecbeec834afad0b93,Balenciaga_SGP_8931052A3PL2533,8931052A3PL2533,SGP,Bags,SGD,2026-09-28,7170.00,7600.00,0.0600,increase
184bf8cc10edbd8a33585252bc78f66d,Balenciaga_SGP_8945912AEYF1090,8945912AEYF1090,SGP,Small Leather Goods,SGD,2026-09-28,3210.00,3400.00,0.0592,increase
a7f3a79ef56f2e76f8a0f22c4ea72c29,Balenciaga_SGP_894591TTFLA4200,894591TTFLA4200,SGP,Small Leather Goods,SGD,2026-09-28,3530.00,3740.00,0.0595,increase
535a11c2d22b568b6dc96ef278fecc18,Balenciaga_SGP_894919W7KYF4200,894919W7KYF4200,SGP,Bags,SGD,2026-09-28,4420.00,4680.00,0.0588,increase
b0f71310f48e6b86d01082dd4006cde4,Balenciaga_SGP_89504321IWB1084,89504321IWB1084,SGP,Bags,SGD,2026-09-28,4760.00,5050.00,0.0609,increase
76d7ebb1f9b2caadecd3cb470709a289,Balenciaga_SGP_8950432ATN89104,8950432ATN89104,SGP,Bags,SGD,2026-09-28,4480.00,4750.00,0.0603,increase
f416f1899fd69390032ed0c499dd816a,Balenciaga_SGP_895043TTYCV1000,895043TTYCV1000,SGP,Bags,SGD,2026-09-28,3800.00,4030.00,0.0605,increase
05e1dd6d0ca3db7ca520cdef66363688,Balenciaga_SGP_895043WA6731000,895043WA6731000,SGP,Bags,SGD,2026-09-28,3950.00,4190.00,0.0608,increase
e02bbdd6c2402d718da81468a53c23c5,Balenciaga_SGP_A00J7KTT7PD1251,A00J7KTT7PD1251,SGP,Bags,SGD,2026-09-28,1460.00,1550.00,0.0616,increase
0066d307890fac775e0bf5204cd0d12e,Balenciaga_SGP_A042712ABQZ9020,A042712ABQZ9020,SGP,Bags,SGD,2026-09-28,6340.00,6720.00,0.0599,increase
39c3d710c8fca3710f3e53017146b8ca,Balenciaga_SGP_A042712AMT61210,A042712AMT61210,SGP,Bags,SGD,2026-09-28,17090.00,18120.00,0.0603,increase
aeaa4aa839dd501136fde4405014d4cd,Balenciaga_SGP_A05K8B2ASBF4200,A05K8B2ASBF4200,SGP,Small Leather Goods,SGD,2026-09-28,510.00,540.00,0.0588,increase
ac9506f60b408a0bb471d5cd279a61e6,Balenciaga_SGP_A05K8BTJ0TE9002,A05K8BTJ0TE9002,SGP,Small Leather Goods,SGD,2026-09-28,655.00,695.00,0.0611,increase
dd6795db072bdb090d33bc7b685f847a,Balenciaga_SGP_A05K8BTSM663258,A05K8BTSM663258,SGP,Small Leather Goods,SGD,2026-09-28,550.00,585.00,0.0636,increase
6bfc9e97d41fd7c351c319a3079c195a,Balenciaga_SGP_A05K8BTTMMU9104,A05K8BTTMMU9104,SGP,Small Leather Goods,SGD,2026-09-28,1130.00,1190.00,0.0531,increase
8efe2f6bf9cf1e42bb6fc368736ee7c7,Balenciaga_SGP_A064YD4GOOO0926,A064YD4GOOO0926,SGP,Small Leather Goods,SGD,2026-09-28,590.00,625.00,0.0593,increase
f0ad5e20f2b06b843fe23b009e2cfe65,Balenciaga_SGP_A064YD4GQIW1000,A064YD4GQIW1000,SGP,Small Leather Goods,SGD,2026-09-28,795.00,845.00,0.0629,increase
e3cba5f56c4b8c62089772c867cc890c,Balenciaga_SGP_A064YDTKNEL3258,A064YDTKNEL3258,SGP,Small Leather Goods,SGD,2026-09-28,835.00,885.00,0.0599,increase
f97e59d1f6d0cec252bdb1aba3728eed,Balenciaga_SGP_A064YDTTENX9002,A064YDTTENX9002,SGP,Small Leather Goods,SGD,2026-09-28,605.00,645.00,0.0661,increase
049ae95f704b5ab0275a29eb871b6eac,Balenciaga_SGP_A06RN2216DW1084,A06RN2216DW1084,SGP,Bags,SGD,2026-09-28,3380.00,3580.00,0.0592,increase
07333464fbf886508456972fcd64b799,Balenciaga_SGP_A06RN22AB2X1041,A06RN22AB2X1041,SGP,Bags,SGD,2026-09-28,4330.00,4590.00,0.0600,increase
c9365861dfc0a023ec1d30e4bee9c345,Balenciaga_SGP_A06RN22ABS95723,A06RN22ABS95723,SGP,Bags,SGD,2026-09-28,4210.00,5060.00,0.2019,increase
38784462f0a1974c13abd281fb402688,Balenciaga_SGP_A07WXJW005D1090,A07WXJW005D1090,SGP,Small Leather Goods,SGD,2026-09-28,2440.00,2590.00,0.0615,increase
e396800020f7df89e7b276342112afcf,Balenciaga_SGP_A07XQJ2ABFT1240,A07XQJ2ABFT1240,SGP,Small Leather Goods,SGD,2026-09-28,455.00,510.00,0.1209,increase
6a7e3a5b11fd09cf2739d3ab31e21147,Balenciaga_SGP_A07XQJTTA4R0911,A07XQJTTA4R0911,SGP,Small Leather Goods,SGD,2026-09-28,435.00,460.00,0.0575,increase
524b1b5b8f898b4ae04fb272df440e22,Balenciaga_SGP_A07XQJW4FMO5723,A07XQJW4FMO5723,SGP,Small Leather Goods,SGD,2026-09-28,1110.00,1180.00,0.0631,increase
ac570a9340fd840fee696d9240198b85,Balenciaga_SGP_A0AVTR2AES89002,A0AVTR2AES89002,SGP,Bags,SGD,2026-09-28,2710.00,2870.00,0.0590,increase
7b3c977f93ec0cbc095c9de07760169b,Balenciaga_SGP_A0AVTRT9W4P8122,A0AVTRT9W4P8122,SGP,Bags,SGD,2026-09-28,2840.00,3010.00,0.0599,increase
f2e5636e159637a2c33027a14dfef8ba,Balenciaga_SGP_A0DVHZ211W08065,A0DVHZ211W08065,SGP,Small Leather Goods,SGD,2026-09-28,1640.00,1740.00,0.0610,increase
149b201eec7914739a752f40e8647148,Balenciaga_SGP_A0DVHZWC7C15723,A0DVHZWC7C15723,SGP,Small Leather Goods,SGD,2026-09-28,2040.00,2160.00,0.0588,increase
11e8f1270b5514f7d23028bb2b6dfb5f,Balenciaga_SGP_A0FKA3210572533,A0FKA3210572533,SGP,Bags,SGD,2026-09-28,4460.00,4730.00,0.0605,increase
e0364eeaccc9180499e7e277babc3584,Balenciaga_SGP_A0HVOZ2AB3Y1251,A0HVOZ2AB3Y1251,SGP,Small Leather Goods,SGD,2026-09-28,550.00,585.00,0.0636,increase
e22bd2b67c5db9e68fa2903abdb860d0,Balenciaga_SGP_A0JTOYWTQWI1000,A0JTOYWTQWI1000,SGP,Small Leather Goods,SGD,2026-09-28,845.00,895.00,0.0592,increase
1e5ead6d1fd31421823350466013006d,Balenciaga_SGP_A0JW0G2ABNG9002,A0JW0G2ABNG9002,SGP,Bags,SGD,2026-09-28,2420.00,2570.00,0.0620,increase
a4b7bfbc619c06c28c4722ed4efd5a6e,Balenciaga_SGP_A0JW0GT1SDP1090,A0JW0GT1SDP1090,SGP,Bags,SGD,2026-09-28,8450.00,8960.00,0.0604,increase
7c4e15e7bbf93cd0c43b354cfe8435d5,Balenciaga_SGP_A0JW0GWQGJ51000,A0JW0GWQGJ51000,SGP,Bags,SGD,2026-09-28,2710.00,2880.00,0.0627,increase
11fa1aafc2befe87cbfcca27c13b5368,Balenciaga_SGP_A0LD3V2A8284200,A0LD3V2A8284200,SGP,Bags,SGD,2026-09-28,2510.00,2660.00,0.0598,increase
ed5bc95cd5de9cabd9f2c52e3f00b17e,Balenciaga_SGP_A0LD3V2ABND9020,A0LD3V2ABND9020,SGP,Bags,SGD,2026-09-28,1740.00,1840.00,0.0575,increase
f3d52ca1370581be3c7dc3bae90a72f9,Balenciaga_SGP_A0NXIX2ABF42840,A0NXIX2ABF42840,SGP,Small Leather Goods,SGD,2026-09-28,1060.00,1130.00,0.0660,increase
99420bb6f813b0c335e6bef0f0c22af1,Balenciaga_SGP_A0NXIX4GIX61041,A0NXIX4GIX61041,SGP,Small Leather Goods,SGD,2026-09-28,465.00,495.00,0.0645,increase
ec777cb2f17c23467bfbcb344e357149,Balenciaga_SGP_A0QFZAWEHIJ0911,A0QFZAWEHIJ0911,SGP,Bags,SGD,2026-09-28,4290.00,4550.00,0.0606,increase
eeea45d5b7c156a3e6d97d78731aefe6,Balenciaga_SGP_A0W9ZQ2ABHN5723,A0W9ZQ2ABHN5723,SGP,Small Leather Goods,SGD,2026-09-28,665.00,705.00,0.0602,increase
12fd4e6fdc152e881c15fdf24b56f294,Balenciaga_SGP_A0W9ZQTT6H89020,A0W9ZQTT6H89020,SGP,Small Leather Goods,SGD,2026-09-28,625.00,665.00,0.0640,increase
6ee9b224b42af2b213dc4491d81e35cd,Balenciaga_SGP_A0W9ZQTTNFO8122,A0W9ZQTTNFO8122,SGP,Small Leather Goods,SGD,2026-09-28,495.00,525.00,0.0606,increase
04f01f672bcff14f1cdb006c6ed822d2,Balenciaga_THA_509058W7FP09002,509058W7FP09002,THA,Bags,THB,2026-09-28,131000.00,138900.00,0.0603,increase
6b34593b2ada171b18fc198f8c809c5e,Balenciaga_THA_512319214FT9104,512319214FT9104,THA,Bags,THB,2026-09-28,65700.00,69700.00,0.0609,increase
e0279c7776b983c788f76f09485506d1,Balenciaga_THA_5123192ABXZ9020,5123192ABXZ9020,THA,Bags,THB,2026-09-28,108800.00,115300.00,0.0597,increase
2aab9b102f3892c892ed1e86a42f1cef,Balenciaga_THA_514627TA8D30127,514627TA8D30127,THA,Bags,THB,2026-09-28,157300.00,166700.00,0.0598,increase
52330b2a3a514128a48aa2dd2334d634,Balenciaga_THA_5149002A92F1210,5149002A92F1210,THA,Bags,THB,2026-09-28,119000.00,126100.00,0.0597,increase
a43874f790e1ee31c37bb6bc31e59247,Balenciaga_THA_517390210UD1210,517390210UD1210,THA,Bags,THB,2026-09-28,127700.00,135300.00,0.0595,increase
458c9b5bc6bffde3e2709a95df28e8e5,Balenciaga_THA_5173904GKC41210,5173904GKC41210,THA,Bags,THB,2026-09-28,63700.00,67500.00,0.0597,increase
881d4063162200794894b0543706eb14,Balenciaga_THA_517390TT3LZ1240,517390TT3LZ1240,THA,Bags,THB,2026-09-28,102500.00,108700.00,0.0605,increase
d8f7a4c651f704a9d20d8cc9944070bc,Balenciaga_THA_517390WIAYH5723,517390WIAYH5723,THA,Bags,THB,2026-09-28,68200.00,72300.00,0.0601,increase
38911a1fba66fac99c4014de6001fa57,Balenciaga_THA_52138621EG84011,52138621EG84011,THA,Small Leather Goods,THB,2026-09-28,11500.00,12200.00,0.0609,increase
5b7efe94d3e3489d1bfd8d5bc4f74d82,Balenciaga_THA_5239552AJGA1000,5239552AJGA1000,THA,Accessories,THB,2026-09-28,68800.00,72900.00,0.0596,increase
b1df353fef7d66b3b378e19bcee5806b,Balenciaga_THA_523955WJVHN1090,523955WJVHN1090,THA,Accessories,THB,2026-09-28,64200.00,68000.00,0.0592,increase
7a0b9bfa0fd7ce68399e065d8e862670,Balenciaga_THA_525528TA3V13258,525528TA3V13258,THA,Bags,THB,2026-09-28,122300.00,129600.00,0.0597,increase
d768267dbde996b53854c9f9bf8487ce,Balenciaga_THA_525528WCDOX3258,525528WCDOX3258,THA,Bags,THB,2026-09-28,74700.00,79100.00,0.0589,increase
6190bd10674b96c68e9b6cf51dec09ec,Balenciaga_THA_5265652181K1240,5265652181K1240,THA,Bags,THB,2026-09-28,176000.00,186600.00,0.0602,increase
92c6bedc63c7d0faed64539c9ffd69ac,Balenciaga_THA_5265652ABNJ1000,5265652ABNJ1000,THA,Bags,THB,2026-09-28,91600.00,97100.00,0.0600,increase
98293e4f5a1188e25856e08abc9dea08,Balenciaga_THA_5265652ABRG8122,5265652ABRG8122,THA,Bags,THB,2026-09-28,124700.00,132200.00,0.0601,increase
de4faa798730d019475fd0f982ea172a,Balenciaga_THA_52688321KYV1090,52688321KYV1090,THA,Bags,THB,2026-09-28,96300.00,102100.00,0.0602,increase
837236bf3513b08b64984e763f66118f,Balenciaga_THA_5268832ABFW2533,5268832ABFW2533,THA,Bags,THB,2026-09-28,195700.00,207400.00,0.0598,increase
dc71892ea4e138ded4e3f87393078dfb,Balenciaga_THA_527313T0VEI2533,527313T0VEI2533,THA,Small Leather Goods,THB,2026-09-28,11800.00,12500.00,0.0593,increase
9f5a5b8ce8322b2b9b16d794b1807027,Balenciaga_THA_527313TUOCB4011,527313TUOCB4011,THA,Small Leather Goods,THB,2026-09-28,11600.00,12300.00,0.0603,increase
5dc8abc0c133a529a4e554cd50da34e7,Balenciaga_THA_527313W5X041000,527313W5X041000,THA,Small Leather Goods,THB,2026-09-28,21200.00,22500.00,0.0613,increase
aee81d95fa133aa4ad4a2d6aeeb7a210,Balenciaga_THA_5286014GP201000,5286014GP201000,THA,Small Leather Goods,THB,2026-09-28,11400.00,12100.00,0.0614,increase
e6b53c8565bf4745336c850d2ec97608,Balenciaga_THA_529971215991000,529971215991000,THA,Bags,THB,2026-09-28,94100.00,99800.00,0.0606,increase
6c91139ed7aec6ede803c7466a03e47f,Balenciaga_THA_529971218229000,529971218229000,THA,Bags,THB,2026-09-28,63500.00,67300.00,0.0598,increase
e0ce732bac23a62eda1cde75f84bea41,Balenciaga_THA_52997121QBJ4011,52997121QBJ4011,THA,Bags,THB,2026-09-28,28200.00,29900.00,0.0603,increase
440672feab6c2c2382a7d0e97aa664fd,Balenciaga_THA_5299714GOPH5723,5299714GOPH5723,THA,Bags,THB,2026-09-28,122000.00,129300.00,0.0598,increase
32b9ab9ad91981d00ff9f3c496b7f7ab,Balenciaga_THA_529971TEYU71000,529971TEYU71000,THA,Bags,THB,2026-09-28,62400.00,66100.00,0.0593,increase
c4918aa2e06af4b9f7fb0e8a54375b58,Balenciaga_THA_530673WF9QI1090,530673WF9QI1090,THA,,THB,2026-09-28,73200.00,81400.00,0.1120,increase
22558dd1a42b32625486af0e448a7c7a,Balenciaga_THA_5308982ABS69000,5308982ABS69000,THA,Small Leather Goods,THB,2026-09-28,12800.00,13600.00,0.0625,increase
67e0a514bf1f6ac4f3c3b9ceb6164f97,Balenciaga_THA_5333162APVK1000,5333162APVK1000,THA,Accessories,THB,2026-09-28,14200.00,15100.00,0.0634,increase
f20810412235a27206334e254e7a526a,Balenciaga_THA_5333164GXRM5723,5333164GXRM5723,THA,Accessories,THB,2026-09-28,20600.00,21800.00,0.0583,increase
01b312f7afc4fbe072cff524cd59d275,Balenciaga_THA_533316T75I81084,533316T75I81084,THA,Accessories,THB,2026-09-28,31900.00,33800.00,0.0596,increase
a547b1b584034169280aad8b7cf30530,Balenciaga_THA_533654213HK1090,533654213HK1090,THA,Small Leather Goods,THB,2026-09-28,41000.00,43500.00,0.0610,increase
108401cc9063d927f5aac87b4917d40e,Balenciaga_THA_53365421G921000,53365421G921000,THA,Small Leather Goods,THB,2026-09-28,19700.00,20800.00,0.0558,increase
35d03950842082712b534adbe9d42ea0,Balenciaga_THA_533654THV4T1251,533654THV4T1251,THA,Accessories,THB,2026-09-28,14500.00,15300.00,0.0552,increase
2777a40f09173c8a23162b8c589f68e9,Balenciaga_THA_53413121R3X1000,53413121R3X1000,THA,Bags,THB,2026-09-28,109300.00,115900.00,0.0604,increase
e9168bcc829f42419de9dfeaadbf909b,Balenciaga_THA_5341312AZ5Y1210,5341312AZ5Y1210,THA,Bags,THB,2026-09-28,102600.00,108700.00,0.0595,increase
5d050f909773115a39fd63a3fc89d4ed,Balenciaga_THA_5341314GAPT1000,5341314GAPT1000,THA,Bags,THB,2026-09-28,138400.00,146700.00,0.0600,increase
4da369d4d8d6451701e6f826a71cd40f,Balenciaga_THA_5341314GI642840,5341314GI642840,THA,Bags,THB,2026-09-28,128600.00,136300.00,0.0599,increase
aac176a716ca7de547671b2fb81cab27,Balenciaga_THA_534131WS53L2840,534131WS53L2840,THA,Bags,THB,2026-09-28,87600.00,92900.00,0.0605,increase
a92fd3d0254a55df9793fd1618190130,Balenciaga_THA_53659021R122533,53659021R122533,THA,Bags,THB,2026-09-28,16500.00,17500.00,0.0606,increase
0d78d693fc5ed629ce0bef556d6bc582,Balenciaga_THA_536590TT9831251,536590TT9831251,THA,Bags,THB,2026-09-28,40800.00,43200.00,0.0588,increase
43d0f798340c4ef33982752dd6d597cf,Balenciaga_THA_539788TAQB38122,539788TAQB38122,THA,Bags,THB,2026-09-28,59500.00,63100.00,0.0605,increase
b8a3bca94146edaf753c9c0344340aa4,Balenciaga_THA_539914WQIJ69020,539914WQIJ69020,THA,Small Leather Goods,THB,2026-09-28,10800.00,11500.00,0.0648,increase
a48d246463d1e0b028b9862256fc32de,Balenciaga_THA_54096221JKJ5723,54096221JKJ5723,THA,Small Leather Goods,THB,2026-09-28,13800.00,14600.00,0.0580,increase
c64408456a90666d5ddadcbdade86a3c,Balenciaga_THA_54096221R8F1000,54096221R8F1000,THA,Small Leather Goods,THB,2026-09-28,14900.00,15800.00,0.0604,increase
b27a093710338ddc0f9dda379125c4fa,Balenciaga_THA_5409624GX4F1000,5409624GX4F1000,THA,Small Leather Goods,THB,2026-09-28,39500.00,41900.00,0.0608,increase
9e95d77ed04c6f1f329b5ac24a3a98fc,Balenciaga_THA_540962T5NE71210,540962T5NE71210,THA,Small Leather Goods,THB,2026-09-28,12400.00,13100.00,0.0565,increase
661cfad155d17580425ee72019a9854c,Balenciaga_THA_540962WD2T71251,540962WD2T71251,THA,Small Leather Goods,THB,2026-09-28,39800.00,42200.00,0.0603,increase
6b6d1959463562bc31d186219ee71a0e,Balenciaga_THA_54300421W5L1000,54300421W5L1000,THA,Accessories,THB,2026-09-28,9600.00,10700.00,0.1146,increase
8cc191238ff7dde8edad4379482780e7,Balenciaga_THA_5433214G4QH1240,5433214G4QH1240,THA,Bags,THB,2026-09-28,61400.00,65100.00,0.0603,increase
dc089695c0502fe87cc1372890c77d4a,Balenciaga_THA_543321TT8F11000,543321TT8F11000,THA,Bags,THB,2026-09-28,106300.00,112600.00,0.0593,increase
4f71d6f3d4a85ddacf9bdbfce25873d6,Balenciaga_THA_543321TTJN28122,543321TTJN28122,THA,Bags,THB,2026-09-28,103800.00,110000.00,0.0597,increase
5c1cf7b26dcf0dbcc10b811acda9b209,Balenciaga_THA_543321W65TT1000,543321W65TT1000,THA,Bags,THB,2026-09-28,68000.00,72100.00,0.0603,increase
21b5fb71f4adf5b983e8fc7542fa1551,Balenciaga_THA_543321WALW40911,543321WALW40911,THA,Bags,THB,2026-09-28,178100.00,188800.00,0.0601,increase
9b68a3b5b41466aff00a3d6ac69dec6c,Balenciaga_THA_54493221SAD1000,54493221SAD1000,THA,Bags,THB,2026-09-28,50000.00,53000.00,0.0600,increase
869e5c2a2a1bac452f4c3f68dcc66217,Balenciaga_THA_5449322AYZX0911,5449322AYZX0911,THA,Bags,THB,2026-09-28,85000.00,90100.00,0.0600,increase
fd344dd3d03fbf427c580bb7c0c9a611,Balenciaga_THA_5449324G4HJ0926,5449324G4HJ0926,THA,Bags,THB,2026-09-28,35200.00,37300.00,0.0597,increase
cc3ae1a0892a877d79c5a614ccfe379b,Balenciaga_THA_5449324GQLA8065,5449324GQLA8065,THA,Bags,THB,2026-09-28,77700.00,82400.00,0.0605,increase
5f8b264bdfd069a4ccb320e244ffe93f,Balenciaga_THA_544932W60MX2840,544932W60MX2840,THA,Bags,THB,2026-09-28,67600.00,71600.00,0.0592,increase
98184561c05b640ca127a2a2963f1f9e,Balenciaga_THA_546998213YO9104,546998213YO9104,THA,Bags,THB,2026-09-28,14600.00,15400.00,0.0548,increase
90016692fe4bbdf7617da5ecd214d2d8,Balenciaga_THA_5469982ABEE9002,5469982ABEE9002,THA,Bags,THB,2026-09-28,32800.00,34800.00,0.0610,increase
db96dd1caafcdf85dac9030012171761,Balenciaga_THA_5482214GQV51000,5482214GQV51000,THA,Bags,THB,2026-09-28,94500.00,100100.00,0.0593,increase
469cccc1891067be89d9111c7e8a2ce4,Balenciaga_THA_5505264G0059002,5505264G0059002,THA,Bags,THB,2026-09-28,44400.00,47000.00,0.0586,increase
d40317a9acd0e341cd2add81464caa9d,Balenciaga_THA_552358T6AME4011,552358T6AME4011,THA,Bags,THB,2026-09-28,89200.00,94600.00,0.0605,increase
bd8345e83cad7f149c6dc4efc56d4ff9,Balenciaga_THA_553957TBSVE4200,553957TBSVE4200,THA,Small Leather Goods,THB,2026-09-28,16200.00,17200.00,0.0617,increase
7a34c2e828f026c1e4d6152bb2ca5845,Balenciaga_THA_553957WO6SQ1251,553957WO6SQ1251,THA,Small Leather Goods,THB,2026-09-28,15000.00,15800.00,0.0533,increase
51f45c70729b8bf251bf283ee5d67b9d,Balenciaga_THA_55430321CYU1240,55430321CYU1240,THA,Bags,THB,2026-09-28,81600.00,86500.00,0.0600,increase
40253cfd3a34e520284b8ea0baeab973,Balenciaga_THA_5543034GFF51000,5543034GFF51000,THA,Bags,THB,2026-09-28,166700.00,176700.00,0.0600,increase
2c3a148b039953f9fc2cd8a7d00caf35,Balenciaga_THA_554303TCULN5723,554303TCULN5723,THA,Bags,THB,2026-09-28,61700.00,65400.00,0.0600,increase
2858f49ed3124b1d6fd9a0b4e78eabf1,Balenciaga_THA_554303WHAQI0926,554303WHAQI0926,THA,Bags,THB,2026-09-28,88800.00,94100.00,0.0597,increase
eb888340fdf1aba2545b053d963c5a61,Balenciaga_THA_558209TUR5X2840,558209TUR5X2840,THA,Small Leather Goods,THB,2026-09-28,10800.00,11400.00,0.0556,increase
657e7f579dbe8367d608d2c60206a6c1,Balenciaga_THA_558209WQ28U8122,558209WQ28U8122,THA,Small Leather Goods,THB,2026-09-28,20300.00,21500.00,0.0591,increase
1aeb12b7014cfd65a7ed0a5d4625ebe6,Balenciaga_THA_560831T8TK91000,560831T8TK91000,THA,Bags,THB,2026-09-28,66900.00,70900.00,0.0598,increase
9e077bce7f3d7a100cdd9becb0bd155e,Balenciaga_THA_560831TT4RI5723,560831TT4RI5723,THA,Bags,THB,2026-09-28,61800.00,65500.00,0.0599,increase
99d302f7fe1d83dde93ef73262966add,Balenciaga_THA_5628362AZUH1000,5628362AZUH1000,THA,Bags,THB,2026-09-28,162400.00,172200.00,0.0603,increase
8d4d83efa61c59acc507b4bc731aefe1,Balenciaga_THA_5628364GG1K4011,5628364GG1K4011,THA,Bags,THB,2026-09-28,110900.00,117500.00,0.0595,increase
458c256771e354f98843f82b93c50503,Balenciaga_THA_562836TTSKW3258,562836TTSKW3258,THA,Bags,THB,2026-09-28,66100.00,70000.00,0.0590,increase
d501fbcf81a8582aee22bb3a9c650d12,Balenciaga_THA_562836TXYUY1210,562836TXYUY1210,THA,Bags,THB,2026-09-28,126700.00,134300.00,0.0600,increase
696cf864a2d304781099243c4916e95f,Balenciaga_THA_5678242AIHF1000,5678242AIHF1000,THA,Bags,THB,2026-09-28,119600.00,126800.00,0.0602,increase
380e26d554e2efb16c20ac16b55be20e,Balenciaga_THA_567824WUMAJ8065,567824WUMAJ8065,THA,Bags,THB,2026-09-28,109700.00,116300.00,0.0602,increase
0d6effce36938f60e2cb5fecf5502dae,Balenciaga_THA_57372021BEH1000,57372021BEH1000,THA,Bags,THB,2026-09-28,99200.00,105200.00,0.0605,increase
bd0ea4c08e52009bfcb6de7f146bc30e,Balenciaga_THA_5737202ABMI9020,5737202ABMI9020,THA,Bags,THB,2026-09-28,152100.00,161300.00,0.0605,increase
ec7c7278a51143c1187b9a054cc984c3,Balenciaga_THA_5737202AWYK1000,5737202AWYK1000,THA,Bags,THB,2026-09-28,78600.00,83300.00,0.0598,increase
afe9b0cc3c0cb4da8e8af5578ab265ef,Balenciaga_THA_573720WMG5U3258,573720WMG5U3258,THA,Bags,THB,2026-09-28,88000.00,93200.00,0.0591,increase
4e8c8cd17505db634c380920ff1c5d2f,Balenciaga_THA_5851324GHQ51090,5851324GHQ51090,THA,Bags,THB,2026-09-28,49600.00,52500.00,0.0585,increase
ccebbf2933bbd177fbea2afceb5f5754,Balenciaga_THA_585132TTBXP1090,585132TTBXP1090,THA,Bags,THB,2026-09-28,104200.00,110400.00,0.0595,increase
de46d1f03b91dba27615e61a64d0fad5,Balenciaga_THA_585609216ZI1210,585609216ZI1210,THA,Bags,THB,2026-09-28,19100.00,20300.00,0.0628,increase
e1596515abe70c58a1ce7c816e2c5ca3,Balenciaga_THA_5861342A5ZF2533,5861342A5ZF2533,THA,Bags,THB,2026-09-28,115800.00,122800.00,0.0604,increase
433d066344a50169e6a27de33391375a,Balenciaga_THA_5861342ABDK1000,5861342ABDK1000,THA,Bags,THB,2026-09-28,134300.00,142300.00,0.0596,increase
46b1a526d7af31d235fff108ff90c064,Balenciaga_THA_586134THIHP4200,586134THIHP4200,THA,Bags,THB,2026-09-28,107800.00,114300.00,0.0603,increase
a7ea74841ef682116d1ef1bf95da19bb,Balenciaga_THA_5861462ABI32533,5861462ABI32533,THA,Bags,THB,2026-09-28,87800.00,93100.00,0.0604,increase
b7998c33944cbd6fc13f1da370bf2c1a,Balenciaga_THA_586146TO7IY1210,586146TO7IY1210,THA,Bags,THB,2026-09-28,92500.00,98000.00,0.0595,increase
01ce1179cb8f3d0897336e9659bf5ba1,Balenciaga_THA_586146TRVHI2533,586146TRVHI2533,THA,Bags,THB,2026-09-28,105200.00,111500.00,0.0599,increase
b04b9601057f43893625563cc9e2b9fd,Balenciaga_THA_586146TT9QA8065,586146TT9QA8065,THA,Bags,THB,2026-09-28,103500.00,109700.00,0.0599,increase
60ae2a4584d7fc8ac7ff889c707c83d9,Balenciaga_THA_586146TTWU21240,586146TTWU21240,THA,Bags,THB,2026-09-28,89400.00,94800.00,0.0604,increase
09d73bcd015ab34b9d3074dd429199fd,Balenciaga_THA_586146W1WP65723,586146W1WP65723,THA,Bags,THB,2026-09-28,111800.00,118500.00,0.0599,increase
56165d4b21c8ef7ab86c2906b2978d86,Balenciaga_THA_586146WBD2S8122,586146WBD2S8122,THA,Bags,THB,2026-09-28,71700.00,76000.00,0.0600,increase
60bb9854ea9afd45665f282514440494,Balenciaga_THA_58737121E5Q1000,58737121E5Q1000,THA,Bags,THB,2026-09-28,116200.00,123200.00,0.0602,increase
84ba760299d1171f92d47c5dfd41bc0d,Balenciaga_THA_5898034GZAD1000,5898034GZAD1000,THA,Bags,THB,2026-09-28,118700.00,125800.00,0.0598,increase
13e7f600a3362a0a540c9998719d4bb8,Balenciaga_THA_589803TTLSW4011,589803TTLSW4011,THA,Bags,THB,2026-09-28,79600.00,84300.00,0.0590,increase
59744aa4e73ebad1d6d5bd063f0ef976,Balenciaga_THA_5919172AZ1O5723,5919172AZ1O5723,THA,Small Leather Goods,THB,2026-09-28,11500.00,12200.00,0.0609,increase
4dcad27c094e836f6b1b52d0d2abefb0,Balenciaga_THA_5919174GT0G9000,5919174GT0G9000,THA,Small Leather Goods,THB,2026-09-28,19300.00,20500.00,0.0622,increase
79075f47ee9945481a3c0cf2eef27b02,Balenciaga_THA_591917W3LVJ1000,591917W3LVJ1000,THA,Small Leather Goods,THB,2026-09-28,19500.00,20700.00,0.0615,increase
29def081a7f49ad253c7c6c91961f7aa,Balenciaga_THA_596501218XT4200,596501218XT4200,THA,Bags,THB,2026-09-28,109800.00,116300.00,0.0592,increase
307bcbd3101442f91c0b0138111c04d3,Balenciaga_THA_59650121J5P2533,59650121J5P2533,THA,Bags,THB,2026-09-28,110100.00,116700.00,0.0599,increase
a17ff76c611ed47b61938d678e425a46,Balenciaga_THA_596501TY52T1000,596501TY52T1000,THA,Bags,THB,2026-09-28,93000.00,98600.00,0.0602,increase
6d722e3060cc6ab2e05c07505d3fc26e,Balenciaga_THA_596501W8PY42840,596501W8PY42840,THA,Bags,THB,2026-09-28,86300.00,91500.00,0.0603,increase
6cbc8012504c6f05ae91cd78386cc707,Balenciaga_THA_600325214860911,600325214860911,THA,Bags,THB,2026-09-28,70900.00,75200.00,0.0606,increase
f9a14483f835a28bedaa93cb780a9c6f,Balenciaga_THA_6003254G0R28122,6003254G0R28122,THA,Bags,THB,2026-09-28,72200.00,76500.00,0.0596,increase
763d0cc408186e437d9166c4a45a56a2,Balenciaga_THA_600325TT4SF1000,600325TT4SF1000,THA,Bags,THB,2026-09-28,106700.00,113100.00,0.0600,increase
8615b6aae0173408240d22d64110280b,Balenciaga_THA_6039712AHBR3258,6039712AHBR3258,THA,Bags,THB,2026-09-28,104600.00,110900.00,0.0602,increase
da782fa9ff2856154a77f43e8cecf3b5,Balenciaga_THA_6039714G6ZW1090,6039714G6ZW1090,THA,Bags,THB,2026-09-28,406600.00,431000.00,0.0600,increase
8ba49a7d0faf721b55ffc2209abfc4d5,Balenciaga_THA_604342219829104,604342219829104,THA,Accessories,THB,2026-09-28,72800.00,77100.00,0.0591,increase
88569971a020522511c543422f99d3eb,Balenciaga_THA_6043422ABBQ0911,6043422ABBQ0911,THA,Accessories,THB,2026-09-28,65100.00,69000.00,0.0599,increase
5e704fe90e2d5369a906c6e52954dbc0,Balenciaga_THA_6043424G58X9000,6043424G58X9000,THA,Accessories,THB,2026-09-28,154000.00,163200.00,0.0597,increase
3afe4f7bd6d0c334c9f966e5499e2ced,Balenciaga_THA_604342TN9E49000,604342TN9E49000,THA,Accessories,THB,2026-09-28,78700.00,83500.00,0.0610,increase
3088929268ae4d61fca193cc4f4a17f4,Balenciaga_THA_605291218ME1000,605291218ME1000,THA,Small Leather Goods,THB,2026-09-28,15600.00,16600.00,0.0641,increase
d5081aa98f3bc649ce5c1cc92e07c58d,Balenciaga_THA_6067874GSEE1084,6067874GSEE1084,THA,Bags,THB,2026-09-28,101900.00,108000.00,0.0599,increase
8e203e98afde772de127c6a7a0d6e102,Balenciaga_THA_606787WJ1DK1251,606787WJ1DK1251,THA,Bags,THB,2026-09-28,84500.00,89600.00,0.0604,increase
2044b53360b000245f21d0340d45c7ce,Balenciaga_THA_6068722A74C0911,6068722A74C0911,THA,Small Leather Goods,THB,2026-09-28,16700.00,17700.00,0.0599,increase
793d0c26ee513b6fc492c7fc4b1215d5,Balenciaga_THA_606872TJ2VY9000,606872TJ2VY9000,THA,Bags,THB,2026-09-28,29700.00,31500.00,0.0606,increase
fd45e45b6c1f08ee0d9cd37f2cb311d7,Balenciaga_THA_606872TTD4I1000,606872TTD4I1000,THA,Small Leather Goods,THB,2026-09-28,20900.00,22200.00,0.0622,increase
ede9e70d9623a46fc6b9219bebd33285,Balenciaga_THA_606872WCITL8065,606872WCITL8065,THA,Accessories,THB,2026-09-28,11100.00,11800.00,0.0631,increase
9465f67dcae13286481f599510002ced,Balenciaga_THA_6081552A3911090,6081552A3911090,THA,Bags,THB,2026-09-28,27500.00,29100.00,0.0582,increase
c9f06aa0d8fbdb8ff57d92c8608ad23c,Balenciaga_THA_6090454GFZ40926,6090454GFZ40926,THA,Small Leather Goods,THB,2026-09-28,37500.00,39700.00,0.0587,increase
84c975397f5991f2e7fb24c706457003,Balenciaga_THA_60976421CA79000,60976421CA79000,THA,Accessories,THB,2026-09-28,27800.00,29500.00,0.0612,increase
84ade354f304256639b1586e231f6b79,Balenciaga_THA_6097644GYE99104,6097644GYE99104,THA,Accessories,THB,2026-09-28,14600.00,15400.00,0.0548,increase
aa6788b6b8c7960d3be30d983fc06e97,Balenciaga_THA_609764W580V9002,609764W580V9002,THA,Accessories,THB,2026-09-28,19200.00,20400.00,0.0625,increase
5815f950dc5e8161be84f6903e985762,Balenciaga_THA_6106004GZJF9104,6106004GZJF9104,THA,Bags,THB,2026-09-28,66000.00,70000.00,0.0606,increase
c0efe8e85d4d3e5d6e5389f1409f4b70,Balenciaga_THA_610600WI7Z98065,610600WI7Z98065,THA,Bags,THB,2026-09-28,35000.00,37100.00,0.0600,increase
60e8ef24bcfc018c16ff76e1fa3daf01,Balenciaga_THA_6115974G4912308,6115974G4912308,THA,Bags,THB,2026-09-28,43500.00,46100.00,0.0598,increase
3ec4e3ef75e6b0d38100fd9fab52e9d4,Balenciaga_THA_614404TT16Q1251,614404TT16Q1251,THA,Bags,THB,2026-09-28,105300.00,111700.00,0.0608,increase
90e2b094478fc92b5156afdb273a2ca8,Balenciaga_THA_615434215P10926,615434215P10926,THA,Bags,THB,2026-09-28,166200.00,176200.00,0.0602,increase
9347a6ccb873877516c8bae5be99f6ee,Balenciaga_THA_6154342AB0Q2533,6154342AB0Q2533,THA,Bags,THB,2026-09-28,107600.00,114100.00,0.0604,increase
cd46b716b77fdb8f14e7a6a5710eb64e,Balenciaga_THA_6154342AFAB4011,6154342AFAB4011,THA,Bags,THB,2026-09-28,81700.00,86600.00,0.0600,increase
81feb7b3c3ee096752c35ae04a40f1fe,Balenciaga_THA_6154344GBXM0926,6154344GBXM0926,THA,Bags,THB,2026-09-28,93600.00,99200.00,0.0598,increase
a69d4693172d596f1defc7cabc40007c,Balenciaga_THA_6154344GF5T2308,6154344GF5T2308,THA,Bags,THB,2026-09-28,73400.00,77800.00,0.0599,increase
352475211bbbec606bc4648af172a280,Balenciaga_THA_615434TT9YP0127,615434TT9YP0127,THA,Bags,THB,2026-09-28,72000.00,76300.00,0.0597,increase
e0b700525d210a33ae9a39d3cef7b9a4,Balenciaga_THA_61818021PJ51090,61818021PJ51090,THA,Accessories,THB,2026-09-28,11800.00,12500.00,0.0593,increase
15de5e13b4c8de0bd4047ffd515a74ac,Balenciaga_THA_6181802A8GI8065,6181802A8GI8065,THA,Accessories,THB,2026-09-28,58900.00,62500.00,0.0611,increase
8629f3d7d47045320a8c66e368a0e9c7,Balenciaga_THA_6181802ABRM1084,6181802ABRM1084,THA,Accessories,THB,2026-09-28,57100.00,60500.00,0.0595,increase
eef3fae4c9566f21d0de8c817645e076,Balenciaga_THA_618809TH1H49020,618809TH1H49020,THA,Small Leather Goods,THB,2026-09-28,57500.00,60900.00,0.0591,increase
ecaf74adcb29e6ed40c9cd68c5f5c506,Balenciaga_THA_61979921UMQ9000,61979921UMQ9000,THA,Small Leather Goods,THB,2026-09-28,14200.00,15000.00,0.0563,increase
bfcd514dc9a2faa75bee4aaa1bd56fd5,Balenciaga_THA_6197992ABGI2840,6197992ABGI2840,THA,Small Leather Goods,THB,2026-09-28,10500.00,11100.00,0.0571,increase
231b3c48cfd00d07feae69ef1c7cf877,Balenciaga_THA_620025TTOCR3258,620025TTOCR3258,THA,Bags,THB,2026-09-28,102400.00,108500.00,0.0596,increase
cb2e3705d3640be45738854d382de45c,Balenciaga_THA_6206382A28F2533,6206382A28F2533,THA,Bags,THB,2026-09-28,116600.00,123500.00,0.0592,increase
861df07018e5fbbdf6ebea0ba55e1dcd,Balenciaga_THA_62422121YB51240,62422121YB51240,THA,Bags,THB,2026-09-28,20400.00,21600.00,0.0588,increase
8ea22af3139b6a910670cc5e12f015f8,Balenciaga_THA_624221TTQWM8065,624221TTQWM8065,THA,Bags,THB,2026-09-28,20300.00,21500.00,0.0591,increase
59abf37a14203048ce57c2300ff846ce,Balenciaga_THA_624221WD4EL9020,624221WD4EL9020,THA,Bags,THB,2026-09-28,45800.00,48500.00,0.0590,increase
60878fa1adf5a3488ae9a4a0016d5aaf,Balenciaga_THA_6257174GF6W2533,6257174GF6W2533,THA,Small Leather Goods,THB,2026-09-28,9500.00,10100.00,0.0632,increase
bfb3f107b30a10d41444288475d7e987,Balenciaga_THA_627903TTOKK2840,627903TTOKK2840,THA,Bags,THB,2026-09-28,14300.00,15200.00,0.0629,increase
08f341ea2fa2a937edca92a96617ba82,Balenciaga_THA_6305072110B1041,6305072110B1041,THA,Bags,THB,2026-09-28,150000.00,159000.00,0.0600,increase
79c2029b2feaf523439288e07881f085,Balenciaga_THA_63050721WLN1251,63050721WLN1251,THA,Bags,THB,2026-09-28,67900.00,72000.00,0.0604,increase
1516a11c5298eeb83cb7234c85f61bbe,Balenciaga_THA_630507TTWFZ1240,630507TTWFZ1240,THA,Bags,THB,2026-09-28,120500.00,127700.00,0.0598,increase
b9542d219f0d86908278d603cace171d,Balenciaga_THA_630507WVDSS9002,630507WVDSS9002,THA,Bags,THB,2026-09-28,116300.00,123300.00,0.0602,increase
ffa9a5ce730884642c067a4e2edc3c89,Balenciaga_THA_630507WZAMO2533,630507WZAMO2533,THA,Bags,THB,2026-09-28,153700.00,162900.00,0.0599,increase
9ab03cc7608c50a799146df758ae8a25,Balenciaga_THA_6319002AAW31090,6319002AAW31090,THA,Bags,THB,2026-09-28,79500.00,84300.00,0.0604,increase
f90c8efeadef41110aa658926aec1ab2,Balenciaga_THA_6319002AWRE9104,6319002AWRE9104,THA,Bags,THB,2026-09-28,102100.00,108200.00,0.0597,increase
31ddcbd2ebaa35f8efc24896931d7eb0,Balenciaga_THA_6319004GBUF5723,6319004GBUF5723,THA,Bags,THB,2026-09-28,112500.00,119300.00,0.0604,increase
f8c5b8ddd3437f012eeef813ceb88ca1,Balenciaga_THA_631900TT6TA9000,631900TT6TA9000,THA,Bags,THB,2026-09-28,87000.00,92200.00,0.0598,increase
3c3cfa40a306351daae53dd23caa5e35,Balenciaga_THA_631900TTHUH1000,631900TTHUH1000,THA,Bags,THB,2026-09-28,92500.00,98000.00,0.0595,increase
a2597f3ea9d70d14210c9069ba81af66,Balenciaga_THA_631900TTM6O1000,631900TTM6O1000,THA,Bags,THB,2026-09-28,119800.00,127000.00,0.0601,increase
45387411a29234cba83294c3e6d6eb20,Balenciaga_THA_631900WDUX21090,631900WDUX21090,THA,Bags,THB,2026-09-28,134400.00,142400.00,0.0595,increase
3cf5b73a4cc47a397e4804741104c380,Balenciaga_THA_631900WFXVH1000,631900WFXVH1000,THA,Bags,THB,2026-09-28,90000.00,95400.00,0.0600,increase
c54702dd50c1212d6a141403c059f699,Balenciaga_THA_63238321K5N1090,63238321K5N1090,THA,Small Leather Goods,THB,2026-09-28,142300.00,150900.00,0.0604,increase
abc0ed6fc4f2cc1e3ed81a72646ad52b,Balenciaga_THA_6341232ABT41041,6341232ABT41041,THA,Bags,THB,2026-09-28,48200.00,51100.00,0.0602,increase
c7a7a87154a47f045afe58e050920ee9,Balenciaga_THA_634123TTEWD5723,634123TTEWD5723,THA,Bags,THB,2026-09-28,120100.00,127300.00,0.0600,increase
216e710cf07e28082061e4322d648c53,Balenciaga_THA_639916T3NGA1000,639916T3NGA1000,THA,Small Leather Goods,THB,2026-09-28,66700.00,70700.00,0.0600,increase
9876628a1282e777d6b9be80ec9d518c,Balenciaga_THA_6416162ABYP9002,6416162ABYP9002,THA,Bags,THB,2026-09-28,49500.00,52500.00,0.0606,increase
308e1626ead72bc6676f07d188e58424,Balenciaga_THA_6482272AB7M0127,6482272AB7M0127,THA,Bags,THB,2026-09-28,36400.00,38600.00,0.0604,increase
402b8e15e52e421dfcec6c3359e62b43,Balenciaga_THA_648227WHLJF3258,648227WHLJF3258,THA,Bags,THB,2026-09-28,116500.00,123500.00,0.0601,increase
701d7d8309539424c486e41e0519980c,Balenciaga_THA_65021421L5I4200,65021421L5I4200,THA,Small Leather Goods,THB,2026-09-28,14700.00,15600.00,0.0612,increase
5a12b271d8b2fc797a40db28c26aa0b1,Balenciaga_THA_6502142A5IF9000,6502142A5IF9000,THA,Small Leather Goods,THB,2026-09-28,10800.00,11500.00,0.0648,increase
68513c5e26ccbe202f89da2726740a31,Balenciaga_THA_65463321I4N1000,65463321I4N1000,THA,Bags,THB,2026-09-28,33200.00,35200.00,0.0602,increase
42cfef8dee614819dff43c21b558cdbf,Balenciaga_THA_6582622A6FA9020,6582622A6FA9020,THA,Bags,THB,2026-09-28,62600.00,66400.00,0.0607,increase
91413ce870cee7447c1c4fe660708eda,Balenciaga_THA_658262W7ZM61090,658262W7ZM61090,THA,Bags,THB,2026-09-28,17100.00,18100.00,0.0585,increase
8121b7bfac853f60b2068e571b6c90dd,Balenciaga_THA_659578WTHGI0127,659578WTHGI0127,THA,Bags,THB,2026-09-28,15200.00,16100.00,0.0592,increase
370dbdbcf710a187b9b8d4d7188f82bd,Balenciaga_THA_664769WDPAE8065,664769WDPAE8065,THA,Bags,THB,2026-09-28,78200.00,82900.00,0.0601,increase
8c68ff7fb4f637c648e7933e0f336228,Balenciaga_THA_666159TT9KL9000,666159TT9KL9000,THA,Small Leather Goods,THB,2026-09-28,10400.00,11000.00,0.0577,increase
c6a9134af9ed420ef1ec308767e0b1db,Balenciaga_THA_668213WIM2Q0911,668213WIM2Q0911,THA,Bags,THB,2026-09-28,94900.00,100600.00,0.0601,increase
4674a37e83a061efa3e2c3c9a07e79e0,Balenciaga_THA_6703942ADO60911,6703942ADO60911,THA,Small Leather Goods,THB,2026-09-28,15600.00,16500.00,0.0577,increase
c7d75dc57a92521bc7e2114a9ea6b40e,Balenciaga_THA_6703944GWYS4200,6703944GWYS4200,THA,Small Leather Goods,THB,2026-09-28,13800.00,14600.00,0.0580,increase
277fa17528a79a5eac210f092668d766,Balenciaga_THA_6704764GD9W5723,6704764GD9W5723,THA,Bags,THB,2026-09-28,16100.00,17100.00,0.0621,increase
ce1ad6b3a4b5d50a616fac0a0fce1706,Balenciaga_THA_673470TS1LV2533,673470TS1LV2533,THA,Accessories,THB,2026-09-28,11200.00,11900.00,0.0625,increase
bf003e5afbd42b48341bcae0bc80eadb,Balenciaga_THA_67679221VL61210,67679221VL61210,THA,Bags,THB,2026-09-28,98700.00,104700.00,0.0608,increase
a94e7fdcbdf1bc8d47599e9a8105aa2a,Balenciaga_THA_6767922AB4K1090,6767922AB4K1090,THA,Bags,THB,2026-09-28,57000.00,60400.00,0.0596,increase
8d8bb5a5d6ad8417c1877dac3cd59930,Balenciaga_THA_6767922APFE1000,6767922APFE1000,THA,Bags,THB,2026-09-28,81200.00,86100.00,0.0603,increase
02962d61080eed204c8eb03c08d903d9,Balenciaga_THA_676820WGNH62533,676820WGNH62533,THA,Bags,THB,2026-09-28,86500.00,91600.00,0.0590,increase
7fecc8087a49469f4b06783edbd3e8e6,Balenciaga_THA_6778232A4ZU9020,6778232A4ZU9020,THA,Bags,THB,2026-09-28,96700.00,102400.00,0.0589,increase
51803e368c36c4efb8e7d50a5aab1b4b,Balenciaga_THA_6778234GNKV1000,6778234GNKV1000,THA,Bags,THB,2026-09-28,78500.00,83200.00,0.0599,increase
a968291f76a716bd118eab8987500c5e,Balenciaga_THA_677823TPXBN1090,677823TPXBN1090,THA,Bags,THB,2026-09-28,118000.00,125100.00,0.0602,increase
4e4e58e904c6edae077283cc4098cea5,Balenciaga_THA_6786802AEJ81000,6786802AEJ81000,THA,Small Leather Goods,THB,2026-09-28,82900.00,87900.00,0.0603,increase
3fcf4f435a7e1e59d08bd88fd1495505,Balenciaga_THA_6869382ABCP0911,6869382ABCP0911,THA,Bags,THB,2026-09-28,96600.00,102400.00,0.0600,increase
dc24f60a26a480f47f68d1e941031a82,Balenciaga_THA_6871014GGDU8122,6871014GGDU8122,THA,Bags,THB,2026-09-28,45100.00,47900.00,0.0621,increase
9fbf720413b17c067f00884baaaf0de5,Balenciaga_THA_687101TTS681000,687101TTS681000,THA,Bags,THB,2026-09-28,83000.00,88000.00,0.0602,increase
983c37ba8e93de96da3501632965be7b,Balenciaga_THA_6873682ABYE2308,6873682ABYE2308,THA,Bags,THB,2026-09-28,124400.00,131900.00,0.0603,increase
c59998e9a5734371ad818a1a96c53a79,Balenciaga_THA_6873684GEGI1210,6873684GEGI1210,THA,Bags,THB,2026-09-28,79200.00,83900.00,0.0593,increase
49f1ed9ab4adedef7800503300c66658,Balenciaga_THA_687755TT6SC1090,687755TT6SC1090,THA,Small Leather Goods,THB,2026-09-28,24600.00,26000.00,0.0569,increase
6e9c94099dac89e19c5101d94ec0bd86,Balenciaga_THA_687755WZQV70926,687755WZQV70926,THA,Small Leather Goods,THB,2026-09-28,17400.00,18400.00,0.0575,increase
5d7873622f98ea901f3c1ab55a11b49b,Balenciaga_THA_690455WM0LO0926,690455WM0LO0926,THA,Small Leather Goods,THB,2026-09-28,32700.00,34700.00,0.0612,increase
43548002165bce97144919d1a2a5807d,Balenciaga_THA_690455WV5SI9002,690455WV5SI9002,THA,Small Leather Goods,THB,2026-09-28,45700.00,48500.00,0.0613,increase
d9b5331aee09ca4c00e4101733648e4b,Balenciaga_THA_698478T6LAH9020,698478T6LAH9020,THA,Bags,THB,2026-09-28,154900.00,164200.00,0.0600,increase
5fae9086337aa79c0addaf73e57fcd65,Balenciaga_THA_698478TK52K4200,698478TK52K4200,THA,Bags,THB,2026-09-28,30200.00,32000.00,0.0596,increase
ae399633bc059e5e6dcda44c361bdf47,Balenciaga_THA_698478WAG0O0911,698478WAG0O0911,THA,Bags,THB,2026-09-28,30500.00,32400.00,0.0623,increase
3e924709baa622e32fdcbdf3008e6731,Balenciaga_THA_706014TT5D61000,706014TT5D61000,THA,Bags,THB,2026-09-28,18300.00,19400.00,0.0601,increase
debf5a13278cfe37830604b1cec5a191,Balenciaga_THA_706014TTHIA8065,706014TTHIA8065,THA,Bags,THB,2026-09-28,17300.00,18400.00,0.0636,increase
26371a675b5e89b85bb93b6ff0d13446,Balenciaga_THA_706014TV8UH1084,706014TV8UH1084,THA,Bags,THB,2026-09-28,29200.00,30900.00,0.0582,increase
0a921ff3b93cabe4e9860246dd394bb4,Balenciaga_THA_7066122A50P3258,7066122A50P3258,THA,Small Leather Goods,THB,2026-09-28,45200.00,48000.00,0.0619,increase
d1af1992493d0a5c875efe8d51be0807,Balenciaga_THA_7066122AB3X1000,7066122AB3X1000,THA,Small Leather Goods,THB,2026-09-28,40800.00,43300.00,0.0613,increase
9277eca8420b0c5ad2ca6c42a75ce5a6,Balenciaga_THA_7066122AY6L8065,7066122AY6L8065,THA,Small Leather Goods,THB,2026-09-28,80800.00,85700.00,0.0606,increase
0af5bfde15b484676aad4012ad4ad9e8,Balenciaga_THA_706612TTDZG0926,706612TTDZG0926,THA,Small Leather Goods,THB,2026-09-28,28300.00,30000.00,0.0601,increase
e1fbcacd4034e65cdb51d1e4e7eb45f8,Balenciaga_THA_706612WBFE11090,706612WBFE11090,THA,Small Leather Goods,THB,2026-09-28,12200.00,12900.00,0.0574,increase
1b64b7909ec858bdf20689a704f90288,Balenciaga_THA_708988212XN2308,708988212XN2308,THA,Small Leather Goods,THB,2026-09-28,15500.00,16400.00,0.0581,increase
03dc76208d773a7f5ad26f3b68e5b312,Balenciaga_THA_7089882AB993258,7089882AB993258,THA,Small Leather Goods,THB,2026-09-28,22900.00,24300.00,0.0611,increase
2a6b47dc8343472cbb5fc2f18f49b121,Balenciaga_THA_71088921W3O1240,71088921W3O1240,THA,Small Leather Goods,THB,2026-09-28,20500.00,21700.00,0.0585,increase
dbefd6cdb70222784ebd49586acb537a,Balenciaga_THA_7108894GUHQ1000,7108894GUHQ1000,THA,Small Leather Goods,THB,2026-09-28,20300.00,21600.00,0.0640,increase
0f8901f32c91553fcffc7ce77143ddac,Balenciaga_THA_7134902AB1H4200,7134902AB1H4200,THA,Bags,THB,2026-09-28,116800.00,123800.00,0.0599,increase
01f7c50a681ab0bbf0f584922cc9e06e,Balenciaga_THA_7163572AY874200,7163572AY874200,THA,Bags,THB,2026-09-28,114800.00,121700.00,0.0601,increase
3d2966f70fcfbb1c9e7800ea1ae57a7f,Balenciaga_THA_7163574GQBG9000,7163574GQBG9000,THA,Bags,THB,2026-09-28,83000.00,88000.00,0.0602,increase
2f796e4c80064049c857f4f7f4912099,Balenciaga_THA_7238022ALQU5723,7238022ALQU5723,THA,Bags,THB,2026-09-28,67500.00,71500.00,0.0593,increase
2875daf317ae02c180537074ee06e3b1,Balenciaga_THA_723802TPE569000,723802TPE569000,THA,Bags,THB,2026-09-28,66800.00,70800.00,0.0599,increase
ac0ea68eb547d91ef92300651de8e893,Balenciaga_THA_723802TTN6J5723,723802TTN6J5723,THA,Bags,THB,2026-09-28,164700.00,174600.00,0.0601,increase
24ebb2de93bc32d71d78be42c86d33f2,Balenciaga_THA_7247992ABQG0926,7247992ABQG0926,THA,Small Leather Goods,THB,2026-09-28,28200.00,29900.00,0.0603,increase
d70d94b3475d08126915feb464d84979,Balenciaga_THA_72532821OA90911,72532821OA90911,THA,Small Leather Goods,THB,2026-09-28,26900.00,28500.00,0.0595,increase
a5150af2b2c67cd427be4293ca147d14,Balenciaga_THA_72600621HFN1210,72600621HFN1210,THA,Bags,THB,2026-09-28,122200.00,129600.00,0.0606,increase
a92175d40a1a5b3559fc12740b98b056,Balenciaga_THA_7260062AINV9000,7260062AINV9000,THA,Bags,THB,2026-09-28,80100.00,84900.00,0.0599,increase
3b243ebf925cd283001cda5b6faafed7,Balenciaga_THA_7260064GLKM1000,7260064GLKM1000,THA,Bags,THB,2026-09-28,110100.00,116800.00,0.0609,increase
6570ce293f10d84ebc73af62af3ee36b,Balenciaga_THA_7283052ABY31090,7283052ABY31090,THA,Bags,THB,2026-09-28,127000.00,134700.00,0.0606,increase
94cccdf9e4f77d2177754bbf467e570f,Balenciaga_THA_728305TUZCI4011,728305TUZCI4011,THA,Bags,THB,2026-09-28,155400.00,164700.00,0.0598,increase
dc12830b02ceb6e94cb86745c8afa7a4,Balenciaga_THA_72872721NOR1090,72872721NOR1090,THA,Bags,THB,2026-09-28,87500.00,92800.00,0.0606,increase
7a4305db0ae17b1599664eef9fc11495,Balenciaga_THA_728727WEHTC8065,728727WEHTC8065,THA,Bags,THB,2026-09-28,110500.00,117200.00,0.0606,increase
91f182526dbc3f5bd254777fa17fa869,Balenciaga_THA_72918421GJI3258,72918421GJI3258,THA,Bags,THB,2026-09-28,107900.00,114300.00,0.0593,increase
fba3fc44f40a7666974d923248008c66,Balenciaga_THA_7297992A1LP1000,7297992A1LP1000,THA,Bags,THB,2026-09-28,75000.00,79500.00,0.0600,increase
e194919aeeef76eb135c3e5769edfb35,Balenciaga_THA_7297992ABTM0926,7297992ABTM0926,THA,Bags,THB,2026-09-28,57100.00,60600.00,0.0613,increase
1c05a843e0ebd765c239b149f3eedf41,Balenciaga_THA_7297992ACVY2840,7297992ACVY2840,THA,Bags,THB,2026-09-28,66700.00,70700.00,0.0600,increase
aedd8729825336a06a3c4244eafc8073,Balenciaga_THA_7311302ABV99104,7311302ABV99104,THA,Bags,THB,2026-09-28,58400.00,61900.00,0.0599,increase
d979812a60d4654e49bcc2abcfb243ea,Balenciaga_THA_731130TEWXC1000,731130TEWXC1000,THA,Bags,THB,2026-09-28,58600.00,62100.00,0.0597,increase
777e5d3f96231e40fa2269b4bde12a21,Balenciaga_THA_734797W7EBY1041,734797W7EBY1041,THA,Accessories,THB,2026-09-28,80300.00,85100.00,0.0598,increase
9203d41a1b26ae00ae52a79b52940bf5,Balenciaga_THA_7378382ABGT0926,7378382ABGT0926,THA,Bags,THB,2026-09-28,51700.00,54800.00,0.0600,increase
97ba55d8e5c0f5e56c3dd0a7d7700692,Balenciaga_THA_74009021IIT1084,74009021IIT1084,THA,Small Leather Goods,THB,2026-09-28,28700.00,30400.00,0.0592,increase
3b3498abc377ba3d4d94e2a9403f52a7,Balenciaga_THA_7400904G1H21240,7400904G1H21240,THA,Small Leather Goods,THB,2026-09-28,16500.00,17500.00,0.0606,increase
908b20cb161ba743115bc020aaad27f0,Balenciaga_THA_740090TT35C4011,740090TT35C4011,THA,Small Leather Goods,THB,2026-09-28,36200.00,38400.00,0.0608,increase
3db8593092256b4af42c6ef43ada05d2,Balenciaga_THA_740090TTQWT5723,740090TTQWT5723,THA,Small Leather Goods,THB,2026-09-28,23200.00,24600.00,0.0603,increase
cf42569a9bab478d8a896a6c8d7c1eb4,Balenciaga_THA_7434644GJUQ1251,7434644GJUQ1251,THA,Small Leather Goods,THB,2026-09-28,51600.00,54700.00,0.0601,increase
93fa71dad4652dcd579f9010606eed87,Balenciaga_THA_74818821RAQ1000,74818821RAQ1000,THA,Small Leather Goods,THB,2026-09-28,11700.00,12400.00,0.0598,increase
91cf19f40f63bde5d8adfedfc6575d07,Balenciaga_THA_7481882ABWW0911,7481882ABWW0911,THA,Small Leather Goods,THB,2026-09-28,21000.00,22200.00,0.0571,increase
8a430f38145db3d1117fc7be544937e5,Balenciaga_THA_7481884GUB61000,7481884GUB61000,THA,Small Leather Goods,THB,2026-09-28,25700.00,27300.00,0.0623,increase
aed370eac9594dc024162594c2996d00,Balenciaga_THA_7483542ABV39020,7483542ABV39020,THA,Bags,THB,2026-09-28,175200.00,185800.00,0.0605,increase
2de20b26c243941cb756e53ac7b33997,Balenciaga_THA_748354T1COL0911,748354T1COL0911,THA,Bags,THB,2026-09-28,83200.00,88200.00,0.0601,increase
6798cc8e97640deaf512fb6ef8cdecce,Balenciaga_THA_75172821F7M1210,75172821F7M1210,THA,Small Leather Goods,THB,2026-09-28,36100.00,38300.00,0.0609,increase
628f64c8e469a3a3667c25a4ed48c15d,Balenciaga_THA_751728WJEN18122,751728WJEN18122,THA,Small Leather Goods,THB,2026-09-28,38600.00,40900.00,0.0596,increase
36636a39729b2736b9d3bdc54f05f630,Balenciaga_THA_7616174GM071041,7616174GM071041,THA,Small Leather Goods,THB,2026-09-28,11500.00,12200.00,0.0609,increase
5ae4622678b19e0f6af903e888afe30f,Balenciaga_THA_7702602AB191000,7702602AB191000,THA,Bags,THB,2026-09-28,113500.00,120300.00,0.0599,increase
07c4122049c30869a021854c1dba4813,Balenciaga_THA_770260WXM7O1210,770260WXM7O1210,THA,Bags,THB,2026-09-28,120000.00,127200.00,0.0600,increase
b05dfbade955652ff505e298552cf3e2,Balenciaga_THA_77077921FFS1090,77077921FFS1090,THA,Small Leather Goods,THB,2026-09-28,11900.00,12600.00,0.0588,increase
ea8256429b97acbf1359cbc5917d3235,Balenciaga_THA_77077921PII8122,77077921PII8122,THA,Small Leather Goods,THB,2026-09-28,21400.00,22700.00,0.0607,increase
80e5b932b8adce12aad423435df5205a,Balenciaga_THA_7707792A4VV4011,7707792A4VV4011,THA,Small Leather Goods,THB,2026-09-28,17100.00,18100.00,0.0585,increase
eb2d1fea21f72bdc10d56148b18ef416,Balenciaga_THA_7707792ABU11084,7707792ABU11084,THA,Small Leather Goods,THB,2026-09-28,17300.00,18300.00,0.0578,increase
e22038c8e0669f7575fe0b75ac9a0bc9,Balenciaga_THA_7707792ALGH1000,7707792ALGH1000,THA,Small Leather Goods,THB,2026-09-28,40600.00,43100.00,0.0616,increase
492a330c5b8064f91d3bdec112a0c71f,Balenciaga_THA_7707794G8472308,7707794G8472308,THA,Small Leather Goods,THB,2026-09-28,25100.00,26600.00,0.0598,increase
f2b172686f5e7af75271150e599d197b,Balenciaga_THA_7707794GGLA1090,7707794GGLA1090,THA,Small Leather Goods,THB,2026-09-28,9700.00,10300.00,0.0619,increase
b6e1061bda9446aa7dc733bc67b11580,Balenciaga_THA_770779TCSA20127,770779TCSA20127,THA,Small Leather Goods,THB,2026-09-28,7700.00,8100.00,0.0519,increase
278dd3685de8339507297f70ea18e4dd,Balenciaga_THA_773773W5BMK1240,773773W5BMK1240,THA,Bags,THB,2026-09-28,89400.00,94800.00,0.0604,increase
2620530e910e36bcc3424021c76d21c2,Balenciaga_THA_7751222AB963258,7751222AB963258,THA,Small Leather Goods,THB,2026-09-28,13600.00,14400.00,0.0588,increase
cd3f27e401268eff2f359af8bb1acb09,Balenciaga_THA_775122WM5075723,775122WM5075723,THA,Small Leather Goods,THB,2026-09-28,19400.00,20600.00,0.0619,increase
b95bdf09389dcbad037955a00b568b3b,Balenciaga_THA_7783482AAGM1041,7783482AAGM1041,THA,Small Leather Goods,THB,2026-09-28,39100.00,41400.00,0.0588,increase
3381361de83b02532b9d30a359f2b7ec,Balenciaga_THA_7783482ABC80926,7783482ABC80926,THA,Small Leather Goods,THB,2026-09-28,23200.00,24600.00,0.0603,increase
4a2a2f7239b88c5bb741a79c762f8ebb,Balenciaga_THA_778348TTK6R9002,778348TTK6R9002,THA,Small Leather Goods,THB,2026-09-28,21400.00,22700.00,0.0607,increase
c48be8b62154d65e39e4e94f4ae7e624,Balenciaga_THA_778348TTMNA0911,778348TTMNA0911,THA,Small Leather Goods,THB,2026-09-28,31200.00,33100.00,0.0609,increase
010e3a6e810ea85648b9ba873b1cbfd6,Balenciaga_THA_778348WUVHU1210,778348WUVHU1210,THA,Small Leather Goods,THB,2026-09-28,21100.00,22400.00,0.0616,increase
8bd7be750d2a5590fc1aa78f972a7132,Balenciaga_THA_7793722AW9V1084,7793722AW9V1084,THA,Bags,THB,2026-09-28,75300.00,79800.00,0.0598,increase
7908d349fa3af4bc64e0626134979c6c,Balenciaga_THA_779372TOH4Y5723,779372TOH4Y5723,THA,Bags,THB,2026-09-28,99700.00,105700.00,0.0602,increase
a0bf42013d9c3f80cb12e3b98ee471b3,Balenciaga_THA_779797T061J1041,779797T061J1041,THA,Bags,THB,2026-09-28,116600.00,123600.00,0.0600,increase
e559b912b9a65a4c255bede2de704655,Balenciaga_THA_7830972190M9104,7830972190M9104,THA,Accessories,THB,2026-09-28,124400.00,131900.00,0.0603,increase
3df6fe217503b97b9e6e5dbe9b2cfa0c,Balenciaga_THA_7830974GC5O8065,7830974GC5O8065,THA,Accessories,THB,2026-09-28,97500.00,103300.00,0.0595,increase
be797e237b07e10832ad26d60dae2a07,Balenciaga_THA_783097T88LE4011,783097T88LE4011,THA,Accessories,THB,2026-09-28,81000.00,85800.00,0.0593,increase
c6e3b9080d26abb0dfd34581470a2b9f,Balenciaga_THA_7842954GWXL2308,7842954GWXL2308,THA,Bags,THB,2026-09-28,123700.00,131100.00,0.0598,increase
7aafd4fe962e6dca4f31af697491ba59,Balenciaga_THA_7846182AWFP1090,7846182AWFP1090,THA,Accessories,THB,2026-09-28,12000.00,12700.00,0.0583,increase
a150ae39c63232425eb582bae86f3c76,Balenciaga_THA_786691213DR2308,786691213DR2308,THA,Bags,THB,2026-09-28,116500.00,123500.00,0.0601,increase
1809ab511fd2205941a4b13a591f8579,Balenciaga_THA_7866912A6IT9002,7866912A6IT9002,THA,Bags,THB,2026-09-28,83900.00,88900.00,0.0596,increase
4a72c0c4e6f00ef9009b7842d1f6808b,Balenciaga_THA_7866912ABIU2308,7866912ABIU2308,THA,Bags,THB,2026-09-28,38500.00,40800.00,0.0597,increase
be516f6ec00f217fb0b3ee337bc787ed,Balenciaga_THA_7866912AENG9104,7866912AENG9104,THA,Bags,THB,2026-09-28,43900.00,46500.00,0.0592,increase
4364dcf4cccacd66655851932e7d64f3,Balenciaga_THA_79014021E841041,79014021E841041,THA,Small Leather Goods,THB,2026-09-28,48100.00,51000.00,0.0603,increase
49a67614a92e36dbe143846d29e3482a,Balenciaga_THA_7901402AB731000,7901402AB731000,THA,Small Leather Goods,THB,2026-09-28,49100.00,52000.00,0.0591,increase
1a1e10539cdfee3bc9363002cf86d858,Balenciaga_THA_790421216UF9020,790421216UF9020,THA,Small Leather Goods,THB,2026-09-28,100600.00,106600.00,0.0596,increase
f70b8f82e77aa1a27f1adcccc35b7980,Balenciaga_THA_790421WLLWX1000,790421WLLWX1000,THA,Small Leather Goods,THB,2026-09-28,89600.00,95000.00,0.0603,increase
323131cc636cc09575d8c5f95c1bd8ff,Balenciaga_THA_791061TTORO1090,791061TTORO1090,THA,Bags,THB,2026-09-28,104000.00,110200.00,0.0596,increase
e12a78053c78a8e7b6281119957d24a5,Balenciaga_THA_792932218SJ1240,792932218SJ1240,THA,Bags,THB,2026-09-28,103700.00,109900.00,0.0598,increase
d7edcf58f40f73e8001b3fd1f2362aae,Balenciaga_THA_792932219O01251,792932219O01251,THA,Bags,THB,2026-09-28,101400.00,107400.00,0.0592,increase
8070445d8a6a454b353d9ab8bdca64fb,Balenciaga_THA_79293221SBP1210,79293221SBP1210,THA,Bags,THB,2026-09-28,88100.00,93400.00,0.0602,increase
090d685ed43115af6e834a42113f90a2,Balenciaga_THA_792932W27C95723,792932W27C95723,THA,Bags,THB,2026-09-28,137700.00,146000.00,0.0603,increase
ff62c6dda83aaee72ef208e8c8620309,Balenciaga_THA_7986072AB0P4011,7986072AB0P4011,THA,Small Leather Goods,THB,2026-09-28,16500.00,17500.00,0.0606,increase
e314adbc97c69a1c394ecee1257a7c86,Balenciaga_THA_798607WHH8S8065,798607WHH8S8065,THA,Small Leather Goods,THB,2026-09-28,11800.00,12500.00,0.0593,increase
1768978bc61cb8faa04fdf8a2970408d,Balenciaga_THA_804491WDN3F1090,804491WDN3F1090,THA,Small Leather Goods,THB,2026-09-28,28100.00,29800.00,0.0605,increase
79cc90b4a57a2fed53a83b8c9d9d16b9,Balenciaga_THA_8088952AB0I2840,8088952AB0I2840,THA,Bags,THB,2026-09-28,123200.00,130600.00,0.0601,increase
23322f515033691b456bf1b802e89cd8,Balenciaga_THA_8088952AM3D0127,8088952AM3D0127,THA,Bags,THB,2026-09-28,107000.00,113400.00,0.0598,increase
6c3158c31f31d59bd5e88a867cc328db,Balenciaga_THA_808895TOVIZ2533,808895TOVIZ2533,THA,Bags,THB,2026-09-28,130000.00,137800.00,0.0600,increase
5246b49d4db10c3989d71af576aa707d,Balenciaga_THA_8133392ABV39002,8133392ABV39002,THA,Bags,THB,2026-09-28,60500.00,64100.00,0.0595,increase
59eaedf8d928db3596da58aa85f250ce,Balenciaga_THA_813339TTM3T1000,813339TTM3T1000,THA,Bags,THB,2026-09-28,110200.00,116800.00,0.0599,increase
d3336814bdfa5f6fe29bf01fcf6ee928,Balenciaga_THA_8175562A3NQ1251,8175562A3NQ1251,THA,Bags,THB,2026-09-28,115000.00,121900.00,0.0600,increase
fd545c91e6b4419d0c8aed45423988dd,Balenciaga_THA_817556TTCFN1090,817556TTCFN1090,THA,Bags,THB,2026-09-28,85200.00,90300.00,0.0599,increase
c78993c720972d6791009062b989d630,Balenciaga_THA_81955721MIX1210,81955721MIX1210,THA,Small Leather Goods,THB,2026-09-28,27200.00,28900.00,0.0625,increase
f4f6ca3964a35420eb13b1085625bb14,Balenciaga_THA_8195572AA863258,8195572AA863258,THA,Small Leather Goods,THB,2026-09-28,15900.00,16900.00,0.0629,increase
6b235b12d98ac4059668b3d1a0d13229,Balenciaga_THA_8223032AF5D1041,8223032AF5D1041,THA,Small Leather Goods,THB,2026-09-28,115000.00,121900.00,0.0600,increase
b56aadfbc2b47519f9205c5496d11dd8,Balenciaga_THA_822303TTHOD8065,822303TTHOD8065,THA,Small Leather Goods,THB,2026-09-28,65300.00,69200.00,0.0597,increase
fa1304d80e29fa2fa017eb5e05888eaa,Balenciaga_THA_824002TJQAV2308,824002TJQAV2308,THA,Small Leather Goods,THB,2026-09-28,20700.00,22000.00,0.0628,increase
529d4446e3f54d975a344427b40b5dad,Balenciaga_THA_82443621AQF0127,82443621AQF0127,THA,Small Leather Goods,THB,2026-09-28,11500.00,12200.00,0.0609,increase
f60d7c0c232c4e35a00fe8c2e4b5f7d7,Balenciaga_THA_8244362A4UN1000,8244362A4UN1000,THA,Small Leather Goods,THB,2026-09-28,17300.00,18300.00,0.0578,increase
d3707a514b239e668b2ebdcaed7c13fc,Balenciaga_THA_824436W9DJB2308,824436W9DJB2308,THA,Small Leather Goods,THB,2026-09-28,22100.00,23500.00,0.0633,increase
9f21590a7fecf2a1fd7811818738f328,Balenciaga_THA_8245244GV630926,8245244GV630926,THA,Accessories,THB,2026-09-28,46000.00,48700.00,0.0587,increase
903c2f6124acf46d1d05ccd4ede48ecd,Balenciaga_THA_82607121B2V1041,82607121B2V1041,THA,Bags,THB,2026-09-28,106400.00,112800.00,0.0602,increase
9b36d01d8c09e8954f3bc109cbe7176b,Balenciaga_THA_8260712A4T11000,8260712A4T11000,THA,Bags,THB,2026-09-28,86600.00,91800.00,0.0600,increase
5e9ac1da939512c97971ef12411e8136,Balenciaga_THA_8260712ABPL3258,8260712ABPL3258,THA,Bags,THB,2026-09-28,111600.00,118300.00,0.0600,increase
59ce0a0324cfc9ab6ed98bcc827041c9,Balenciaga_THA_8287712ABI90911,8287712ABI90911,THA,Small Leather Goods,THB,2026-09-28,11200.00,11900.00,0.0625,increase
0a855f48dba6af747eb72fc2b352ba1b,Balenciaga_THA_828771TTCTJ0911,828771TTCTJ0911,THA,Small Leather Goods,THB,2026-09-28,9900.00,10500.00,0.0606,increase
fc93343e3f034a9bd4bff8fb2c11bfdc,Balenciaga_THA_830936WU99V9002,830936WU99V9002,THA,Small Leather Goods,THB,2026-09-28,57300.00,60700.00,0.0593,increase
2f989a5402c00362b08ff6f54333ba78,Balenciaga_THA_8311342ABU61090,8311342ABU61090,THA,Bags,THB,2026-09-28,90700.00,96200.00,0.0606,increase
8312b54ea608873b23152014d3781d19,Balenciaga_THA_8311344GKAG3258,8311344GKAG3258,THA,Bags,THB,2026-09-28,57200.00,60600.00,0.0594,increase
1c7f5f475b750033e917da5b6b0ca2c6,Balenciaga_THA_831134T9FMJ0911,831134T9FMJ0911,THA,Bags,THB,2026-09-28,43500.00,46100.00,0.0598,increase
db331d13bae7aba1460bb3d4157e83fd,Balenciaga_THA_831134TEOO93258,831134TEOO93258,THA,Bags,THB,2026-09-28,98000.00,103900.00,0.0602,increase
7b0577f96c4b71decda92f5b0c399441,Balenciaga_THA_833006217XM0911,833006217XM0911,THA,Bags,THB,2026-09-28,110500.00,117100.00,0.0597,increase
efb07018a785fb536e25d889948be0f6,Balenciaga_THA_8330062AB421000,8330062AB421000,THA,Bags,THB,2026-09-28,112100.00,118900.00,0.0607,increase
d1fdd0952520388f877cb2f9d42a28ee,Balenciaga_THA_834058214S09104,834058214S09104,THA,Bags,THB,2026-09-28,79800.00,84600.00,0.0602,increase
b8683e6465bb537ce6524c50d6d15cfb,Balenciaga_THA_834058218YP5723,834058218YP5723,THA,Bags,THB,2026-09-28,91300.00,96700.00,0.0591,increase
f70f7bfa7dff99afb77cb4a05be323ff,Balenciaga_THA_834058WWA8W4200,834058WWA8W4200,THA,Bags,THB,2026-09-28,106200.00,112600.00,0.0603,increase
6cf3bca98acd3175998c664a4a5290bd,Balenciaga_THA_8401812AKBD1000,8401812AKBD1000,THA,Small Leather Goods,THB,2026-09-28,16400.00,17400.00,0.0610,increase
7cc5450310ec3580fa0fe28bb99a4f79,Balenciaga_THA_840181TTX3A0926,840181TTX3A0926,THA,Small Leather Goods,THB,2026-09-28,14600.00,15500.00,0.0616,increase
78dcb7fb13ffa98aeead74ada7453f42,Balenciaga_THA_840181WKE7A1090,840181WKE7A1090,THA,Small Leather Goods,THB,2026-09-28,11600.00,12300.00,0.0603,increase
e511e6f302a494c569ff4fb15d31f0a6,Balenciaga_THA_844132TD4EC9104,844132TD4EC9104,THA,Bags,THB,2026-09-28,136900.00,145100.00,0.0599,increase
8cf5672cc66aa3daf035c252daedd95a,Balenciaga_THA_845436216410127,845436216410127,THA,Bags,THB,2026-09-28,47600.00,50500.00,0.0609,increase
68c97b83964d6dca7c272924d146ed50,Balenciaga_THA_8454362ABSV9000,8454362ABSV9000,THA,Bags,THB,2026-09-28,131800.00,139700.00,0.0599,increase
09a537a4c1f5bee481f9cb44dc795f2c,Balenciaga_THA_845436THX071000,845436THX071000,THA,Bags,THB,2026-09-28,131500.00,139400.00,0.0601,increase
0003f0f2c66d3774ddc27a9139fdd83b,Balenciaga_THA_845436TTCJ71000,845436TTCJ71000,THA,Bags,THB,2026-09-28,61600.00,65300.00,0.0601,increase
734243904887d781ec2f93de214fce0a,Balenciaga_THA_845436TTGI61251,845436TTGI61251,THA,Bags,THB,2026-09-28,121300.00,128600.00,0.0602,increase
61fa58d4f162e24238b78adb730d3a9f,Balenciaga_THA_845436W94521090,845436W94521090,THA,Bags,THB,2026-09-28,78100.00,82800.00,0.0602,increase
c356bee2b621fbf9cf8ca19562adfffc,Balenciaga_THA_8501442AB0O1000,8501442AB0O1000,THA,Bags,THB,2026-09-28,38200.00,40500.00,0.0602,increase
4270d0c195d35e79c914b23fecb27db0,Balenciaga_THA_8514352A4CY1000,8514352A4CY1000,THA,Small Leather Goods,THB,2026-09-28,50000.00,53000.00,0.0600,increase
bb09c3ea1511c153caa37a2fde310251,Balenciaga_THA_851435W66F78065,851435W66F78065,THA,Small Leather Goods,THB,2026-09-28,11100.00,11800.00,0.0631,increase
71f65b28d77d097acbbcd421663cb02e,Balenciaga_THA_85254221FH01000,85254221FH01000,THA,Small Leather Goods,THB,2026-09-28,24700.00,26100.00,0.0567,increase
009ec5d5154fb8ce1a1712d5ab5e68c9,Balenciaga_THA_85254221MXR4011,85254221MXR4011,THA,Small Leather Goods,THB,2026-09-28,33700.00,35700.00,0.0593,increase
6ff0335a989f28c26700a40c004f5055,Balenciaga_THA_8525422AB5G1090,8525422AB5G1090,THA,Small Leather Goods,THB,2026-09-28,10700.00,11400.00,0.0654,increase
daf82e9d609bb73340a3b0313a3e6289,Balenciaga_THA_852542TRTB02840,852542TRTB02840,THA,Small Leather Goods,THB,2026-09-28,10500.00,11100.00,0.0571,increase
947fb44bd4b1f65721fbb3ec1b15ec3b,Balenciaga_THA_852542WCMOK5723,852542WCMOK5723,THA,Small Leather Goods,THB,2026-09-28,11400.00,12100.00,0.0614,increase
5da5bcf404eafd392a46221c3d32bb84,Balenciaga_THA_8561912110W1000,8561912110W1000,THA,Small Leather Goods,THB,2026-09-28,11800.00,12500.00,0.0593,increase
1d38e99764e29add7ca2c9367c29c610,Balenciaga_THA_856191T74RJ1210,856191T74RJ1210,THA,Small Leather Goods,THB,2026-09-28,14600.00,15500.00,0.0616,increase
cf5d1d1b2b54368a59518a42447258b4,Balenciaga_THA_856191TTCXJ0926,856191TTCXJ0926,THA,Small Leather Goods,THB,2026-09-28,9300.00,9800.00,0.0538,increase
f8092c5e6fc633bc21fbdb12d7169679,Balenciaga_THA_858352TTBLY1041,858352TTBLY1041,THA,Small Leather Goods,THB,2026-09-28,52200.00,55300.00,0.0594,increase
a9f5391b0a99337fc4983b20022773b9,Balenciaga_THA_8592792AZWF1251,8592792AZWF1251,THA,Small Leather Goods,THB,2026-09-28,10500.00,11100.00,0.0571,increase
58c8b050bdce3d02c152f231c063b251,Balenciaga_THA_8592794GT7H9104,8592794GT7H9104,THA,Small Leather Goods,THB,2026-09-28,43800.00,46400.00,0.0594,increase
45871194788da0aa4e56d70d28811cac,Balenciaga_THA_860458WVPJ84200,860458WVPJ84200,THA,Bags,THB,2026-09-28,105000.00,111300.00,0.0600,increase
c4dbca68b58d30ded7f908324e074f3a,Balenciaga_THA_8665422AB2D9104,8665422AB2D9104,THA,Accessories,THB,2026-09-28,20200.00,21400.00,0.0594,increase
98adb1a9b4bf242d78211f14454dab3d,Balenciaga_THA_8665424G8ZY1000,8665424G8ZY1000,THA,Accessories,THB,2026-09-28,12500.00,13300.00,0.0640,increase
94380b1e37c6fc20805a7fe8089b3113,Balenciaga_THA_8671922ABIT1210,8671922ABIT1210,THA,Small Leather Goods,THB,2026-09-28,16800.00,17800.00,0.0595,increase
0f7acca656a41f1d6d6583d1ce731d95,Balenciaga_THA_8690362ABPU2308,8690362ABPU2308,THA,Bags,THB,2026-09-28,76100.00,80600.00,0.0591,increase
e3ff78d7df59d812205cf321e5b611ee,Balenciaga_THA_8690364G7ZC4200,8690364G7ZC4200,THA,Bags,THB,2026-09-28,156600.00,166000.00,0.0600,increase
2f8500206f8ea60c99aaf0aeda792576,Balenciaga_THA_86935021KK58122,86935021KK58122,THA,Bags,THB,2026-09-28,47100.00,49900.00,0.0594,increase
c407fe1c278e9e9191d79cad4bcdb200,Balenciaga_THA_8738792A2QI4011,8738792A2QI4011,THA,Bags,THB,2026-09-28,91700.00,97200.00,0.0600,increase
ee60e71ee2c9f292b99609547734820c,Balenciaga_THA_8738792ABM71041,8738792ABM71041,THA,Bags,THB,2026-09-28,104900.00,111200.00,0.0601,increase
8038775de7a971d4fd6e4109f54fa7b8,Balenciaga_THA_873879TSIMN8122,873879TSIMN8122,THA,Bags,THB,2026-09-28,99900.00,105900.00,0.0601,increase
7a2906cb9e2c7ab8de3970a9b69dc3d2,Balenciaga_THA_8750414GAUA1000,8750414GAUA1000,THA,Bags,THB,2026-09-28,77900.00,82500.00,0.0591,increase
cda6fda12496c91d0534308493688869,Balenciaga_THA_8837202AB1Q1000,8837202AB1Q1000,THA,Small Leather Goods,THB,2026-09-28,12600.00,13400.00,0.0635,increase
f874d5a1351f2d952cb1ec1386b0a9a9,Balenciaga_THA_88445621WO28122,88445621WO28122,THA,Small Leather Goods,THB,2026-09-28,8700.00,9200.00,0.0575,increase
af6ae4e007d21df06d6e24c4db28ae92,Balenciaga_THA_8844562AB381090,8844562AB381090,THA,Small Leather Goods,THB,2026-09-28,20400.00,21700.00,0.0637,increase
19730cb1f243a48d1ba21814dccfe165,Balenciaga_THA_8863144G5AR8065,8863144G5AR8065,THA,Small Leather Goods,THB,2026-09-28,15400.00,16300.00,0.0584,increase
bee6fd15b194ae03d255c7173e78f022,Balenciaga_THA_886314TT7F98122,886314TT7F98122,THA,Small Leather Goods,THB,2026-09-28,18700.00,19900.00,0.0642,increase
3abcebfb575af3d61d6d0a1180a3f093,Balenciaga_THA_8872612AB144200,8872612AB144200,THA,Small Leather Goods,THB,2026-09-28,40600.00,43000.00,0.0591,increase
ea300f7211c0095cbdcb73ca564c8ec7,Balenciaga_THA_888240214TG5723,888240214TG5723,THA,Small Leather Goods,THB,2026-09-28,20000.00,21200.00,0.0600,increase
24d822a8852bef9be118471de9f1948f,Balenciaga_THA_888240TTFRH4200,888240TTFRH4200,THA,Small Leather Goods,THB,2026-09-28,17600.00,18700.00,0.0625,increase
12c645f52ed46a8adb99e2d997fb7ff1,Balenciaga_THA_8902582ABVL1251,8902582ABVL1251,THA,Bags,THB,2026-09-28,33900.00,35900.00,0.0590,increase
0d3304e98b43e1592fef2af94851e13d,Balenciaga_THA_89310521G2W1240,89310521G2W1240,THA,Bags,THB,2026-09-28,89500.00,94900.00,0.0603,increase
f5f4f5772ce54c8c5774b0555f3295c6,Balenciaga_THA_8931052A3PL2533,8931052A3PL2533,THA,Bags,THB,2026-09-28,175500.00,186000.00,0.0598,increase
dda8f0f3e1b1b0a2090d59e202b34f36,Balenciaga_THA_893105TTXTD1240,893105TTXTD1240,THA,Bags,THB,2026-09-28,166500.00,176500.00,0.0601,increase
6d518e8a0bb868241f801ce303b94391,Balenciaga_THA_8945912AEYF1090,8945912AEYF1090,THA,Small Leather Goods,THB,2026-09-28,81700.00,86600.00,0.0600,increase
7a04478f083aea4cff8e775854fbbb43,Balenciaga_THA_8945912AHW24200,8945912AHW24200,THA,Small Leather Goods,THB,2026-09-28,43200.00,45800.00,0.0602,increase
dfe5e237341b3217b0ca3506f65e2032,Balenciaga_THA_894591TTFLA4200,894591TTFLA4200,THA,Small Leather Goods,THB,2026-09-28,90000.00,95400.00,0.0600,increase
1bf71707d6cf0d32e4e1fb77af3069be,Balenciaga_THA_894919W7KYF4200,894919W7KYF4200,THA,Bags,THB,2026-09-28,107400.00,113800.00,0.0596,increase
0833eebd06012c5dbad856943c66b16a,Balenciaga_THA_89504321IWB1084,89504321IWB1084,THA,Bags,THB,2026-09-28,125800.00,133400.00,0.0604,increase
08fd8725f0209833c8709ec7948c31fa,Balenciaga_THA_8950432ATN89104,8950432ATN89104,THA,Bags,THB,2026-09-28,109900.00,116500.00,0.0601,increase
18b0fd61a8a13514c2b88fb268aaeabf,Balenciaga_THA_895043TTYCV1000,895043TTYCV1000,THA,Bags,THB,2026-09-28,92400.00,98000.00,0.0606,increase
ecbe2d1319f00388ac32b858cdceca92,Balenciaga_THA_895043WA6731000,895043WA6731000,THA,Bags,THB,2026-09-28,106000.00,112300.00,0.0594,increase
7940ee84f99ab10a7565ab64e0839b4c,Balenciaga_THA_A00J7KTT7PD1251,A00J7KTT7PD1251,THA,Bags,THB,2026-09-28,36700.00,38900.00,0.0599,increase
73fd00efc7f974f14785cd1f519a1143,Balenciaga_THA_A042712ABQZ9020,A042712ABQZ9020,THA,Bags,THB,2026-09-28,160300.00,169900.00,0.0599,increase
0ef6dad93fe159fd3066bb0736275f2b,Balenciaga_THA_A042712AMT61210,A042712AMT61210,THA,Bags,THB,2026-09-28,462700.00,490500.00,0.0601,increase
038a758f6a65ac1908bdd102fa6c286c,Balenciaga_THA_A05K8B2ASBF4200,A05K8B2ASBF4200,THA,Small Leather Goods,THB,2026-09-28,13100.00,13900.00,0.0611,increase
70bb4f4feca5494ff9a718e3cf322602,Balenciaga_THA_A05K8BTJ0TE9002,A05K8BTJ0TE9002,THA,Small Leather Goods,THB,2026-09-28,17000.00,18000.00,0.0588,increase
a3fa932f4b9092c9d5ae99afdca5cba8,Balenciaga_THA_A05K8BTSM663258,A05K8BTSM663258,THA,Small Leather Goods,THB,2026-09-28,13300.00,14100.00,0.0602,increase
38a6911e314ca57f24e9cbc5942f83ef,Balenciaga_THA_A05K8BTTMMU9104,A05K8BTTMMU9104,THA,Small Leather Goods,THB,2026-09-28,27900.00,29600.00,0.0609,increase
4b388bd6f5a5b9e44d99197cfa7f6cad,Balenciaga_THA_A064YD4GOOO0926,A064YD4GOOO0926,THA,Small Leather Goods,THB,2026-09-28,13900.00,14800.00,0.0647,increase
fbe2905191a2d2e26a2ed496cc328693,Balenciaga_THA_A064YD4GQIW1000,A064YD4GQIW1000,THA,Small Leather Goods,THB,2026-09-28,19200.00,20300.00,0.0573,increase
8f9e76a037da3c260dd735ad8365ea26,Balenciaga_THA_A064YDTKNEL3258,A064YDTKNEL3258,THA,Small Leather Goods,THB,2026-09-28,21300.00,22600.00,0.0610,increase
852b8fe7f8a666c835642de9e89c1099,Balenciaga_THA_A064YDTTENX9002,A064YDTTENX9002,THA,Small Leather Goods,THB,2026-09-28,15600.00,16600.00,0.0641,increase
719af864285196b815c1c39d1ee90157,Balenciaga_THA_A06RN2216DW1084,A06RN2216DW1084,THA,Bags,THB,2026-09-28,83700.00,88700.00,0.0597,increase
012c6f185e7f730471a342a5ef29f8e8,Balenciaga_THA_A06RN22AB2X1041,A06RN22AB2X1041,THA,Bags,THB,2026-09-28,108400.00,114900.00,0.0600,increase
28d5f047cd222af27c0e4ecf6e5a9d94,Balenciaga_THA_A06RN22ABS95723,A06RN22ABS95723,THA,Bags,THB,2026-09-28,108900.00,131000.00,0.2029,increase
4d576ad06fdf8e8934384a4078f22a0c,Balenciaga_THA_A07WXJ21SEY1240,A07WXJ21SEY1240,THA,Small Leather Goods,THB,2026-09-28,19900.00,21100.00,0.0603,increase
f6b4a04264284291ffc0abd9d941499b,Balenciaga_THA_A07XQJ2ABFT1240,A07XQJ2ABFT1240,THA,Small Leather Goods,THB,2026-09-28,11700.00,13200.00,0.1282,increase
a000f5a98ae00721544d7a718b97791a,Balenciaga_THA_A07XQJTTA4R0911,A07XQJTTA4R0911,THA,Small Leather Goods,THB,2026-09-28,11100.00,11800.00,0.0631,increase
9368564d7a66cfc45072a212030cad96,Balenciaga_THA_A07XQJW4FMO5723,A07XQJW4FMO5723,THA,Small Leather Goods,THB,2026-09-28,29200.00,30900.00,0.0582,increase
01a778531d57a51aece6ce38c7588d45,Balenciaga_THA_A0AVTR2AES89002,A0AVTR2AES89002,THA,Bags,THB,2026-09-28,69100.00,73300.00,0.0608,increase
8f865cb8e64a55ff0bd72f08085e347e,Balenciaga_THA_A0AVTRT9W4P8122,A0AVTRT9W4P8122,THA,Bags,THB,2026-09-28,74700.00,79200.00,0.0602,increase
cdb0d2ff50d86c11bf6fbc48f7a61050,Balenciaga_THA_A0DVHZ211W08065,A0DVHZ211W08065,THA,Small Leather Goods,THB,2026-09-28,40600.00,43000.00,0.0591,increase
81cabc26502a6bd4bf3fedef170c1b83,Balenciaga_THA_A0DVHZ2159I1240,A0DVHZ2159I1240,THA,Small Leather Goods,THB,2026-09-28,10800.00,11500.00,0.0648,increase
29e6ad6bfad109b8c1ccc5eec2417933,Balenciaga_THA_A0DVHZWC7C15723,A0DVHZWC7C15723,THA,Small Leather Goods,THB,2026-09-28,48400.00,51300.00,0.0599,increase
047c47eeb7d2f1a6153cf3ed167550d0,Balenciaga_THA_A0EU1Z21PJV1240,A0EU1Z21PJV1240,THA,,THB,2026-09-28,167300.00,178400.00,0.0663,increase
66ab41864b201935902d86d383f99e30,Balenciaga_THA_A0FKA3210572533,A0FKA3210572533,THA,Bags,THB,2026-09-28,114400.00,121200.00,0.0594,increase
3039a279b26b83c0bbc7f580ef0c13f2,Balenciaga_THA_A0JTOY21THE8122,A0JTOY21THE8122,THA,Small Leather Goods,THB,2026-09-28,43500.00,46100.00,0.0598,increase
975cb8f09a000a93f81751a5c27a8c4c,Balenciaga_THA_A0JTOY4GNZM1240,A0JTOY4GNZM1240,THA,Small Leather Goods,THB,2026-09-28,18800.00,20000.00,0.0638,increase
81457ad1fb74d60d248a09aab39a0c91,Balenciaga_THA_A0JTOYWTQWI1000,A0JTOYWTQWI1000,THA,Small Leather Goods,THB,2026-09-28,21400.00,22700.00,0.0607,increase
ad9c7cf90ec0246b0b6b52f6ef713538,Balenciaga_THA_A0JW0G2ABNG9002,A0JW0G2ABNG9002,THA,Bags,THB,2026-09-28,61500.00,65100.00,0.0585,increase
ddedfb9e522ef76415ea03aa402b1968,Balenciaga_THA_A0JW0GT1SDP1090,A0JW0GT1SDP1090,THA,Bags,THB,2026-09-28,218600.00,231800.00,0.0604,increase
f6229e51293a3e28606c4a9fa016085c,Balenciaga_THA_A0JW0GWQGJ51000,A0JW0GWQGJ51000,THA,Bags,THB,2026-09-28,68800.00,72900.00,0.0596,increase
7a182b3cb13886bd0247a6046d550876,Balenciaga_THA_A0LD3V2A8284200,A0LD3V2A8284200,THA,Bags,THB,2026-09-28,66900.00,70900.00,0.0598,increase
004c28670f03c6f2aafd81215c8b481a,Balenciaga_THA_A0LD3V2ABND9020,A0LD3V2ABND9020,THA,Bags,THB,2026-09-28,47900.00,50700.00,0.0585,increase
a35ca054832ca42dd2ef34a73fc2c4e4,Balenciaga_THA_A0NXIX2ABF42840,A0NXIX2ABF42840,THA,Small Leather Goods,THB,2026-09-28,27500.00,29200.00,0.0618,increase
b224176296ec4ce81bf2db9a7ed6311d,Balenciaga_THA_A0NXIX4GIX61041,A0NXIX4GIX61041,THA,Small Leather Goods,THB,2026-09-28,12600.00,13300.00,0.0556,increase
f1c720cde5366f509d9270c47af74c1e,Balenciaga_THA_A0OHAU213J01000,A0OHAU213J01000,THA,Bags,THB,2026-09-28,44300.00,46900.00,0.0587,increase
0a76fc0ad0d65d8a146f1c5ed7563b81,Balenciaga_THA_A0QFZA4GZMJ9002,A0QFZA4GZMJ9002,THA,Bags,THB,2026-09-28,87400.00,92700.00,0.0606,increase
3036a698339eea724a1fcea846a8ef7a,Balenciaga_THA_A0QFZAWEHIJ0911,A0QFZAWEHIJ0911,THA,Bags,THB,2026-09-28,102200.00,108300.00,0.0597,increase
42fc05b171c525c2aec8f6ac6df941a2,Balenciaga_THA_A0QFZAWRPKY9000,A0QFZAWRPKY9000,THA,Bags,THB,2026-09-28,102200.00,108300.00,0.0597,increase
b2b8c0d0abc3f2a8a5d9b20495ae3e61,Balenciaga_THA_A0W9ZQ2ABHN5723,A0W9ZQ2ABHN5723,THA,Small Leather Goods,THB,2026-09-28,16700.00,17700.00,0.0599,increase
5dc2086eb53738e5c830b42c53ef1e6d,Balenciaga_THA_A0W9ZQTTNFO8122,A0W9ZQTTNFO8122,THA,Small Leather Goods,THB,2026-09-28,12100.00,12900.00,0.0661,increase
44c66daf6dd935737abf0a8e1e8e7a0e,Balenciaga_TWN_5090582ABZK1000,5090582ABZK1000,TWN,Bags,TWD,2026-09-28,96900.00,102700.00,0.0599,increase
b2159c76f25234a4eff502c5a4b1882c,Balenciaga_TWN_509058W7FP09002,509058W7FP09002,TWN,Bags,TWD,2026-09-28,125700.00,133300.00,0.0605,increase
72c150e95b25ec92ccb940647d1215f8,Balenciaga_TWN_512319214FT9104,512319214FT9104,TWN,Bags,TWD,2026-09-28,62700.00,66400.00,0.0590,increase
c2eeb6440e8b8f37502a2e47098222f0,Balenciaga_TWN_5123192ABXZ9020,5123192ABXZ9020,TWN,Bags,TWD,2026-09-28,103300.00,109500.00,0.0600,increase
7193cdf9cdff512d15977dd6ebb79feb,Balenciaga_TWN_5146274GMIB2533,5146274GMIB2533,TWN,Bags,TWD,2026-09-28,42200.00,44700.00,0.0592,increase
99daf5b76cad3cde760677709c8e22ef,Balenciaga_TWN_514627TA8D30127,514627TA8D30127,TWN,Bags,TWD,2026-09-28,151000.00,160000.00,0.0596,increase
568a1cec6a4d338cf7067076b1edac78,Balenciaga_TWN_5149002A92F1210,5149002A92F1210,TWN,Bags,TWD,2026-09-28,109700.00,116200.00,0.0593,increase
1fdf32bb6f5d3f9b607a23130a0aa368,Balenciaga_TWN_517390210UD1210,517390210UD1210,TWN,Bags,TWD,2026-09-28,125900.00,133500.00,0.0604,increase
aba2f1cc859288aca54c91a117aafbba,Balenciaga_TWN_5173904GKC41210,5173904GKC41210,TWN,Bags,TWD,2026-09-28,61700.00,65400.00,0.0600,increase
c84ec44da8db5837052941bd129946b4,Balenciaga_TWN_517390TT3LZ1240,517390TT3LZ1240,TWN,Bags,TWD,2026-09-28,99300.00,105200.00,0.0594,increase
0df34435cb00d77928367ac4affdfbfc,Balenciaga_TWN_517390WIAYH5723,517390WIAYH5723,TWN,Bags,TWD,2026-09-28,65500.00,69400.00,0.0595,increase
ebe83defd33667e9150bfe5a6e3b163f,Balenciaga_TWN_52138621EG84011,52138621EG84011,TWN,Small Leather Goods,TWD,2026-09-28,10300.00,10900.00,0.0583,increase
408402f43cc56353b328182971edee00,Balenciaga_TWN_5239552AJGA1000,5239552AJGA1000,TWN,Accessories,TWD,2026-09-28,63400.00,67200.00,0.0599,increase
be78b6ea9ddb99a0d0f92fee9e09ebd0,Balenciaga_TWN_523955WJVHN1090,523955WJVHN1090,TWN,Accessories,TWD,2026-09-28,61900.00,65600.00,0.0598,increase
48d8bb8c75185bf7f6ee41635c85fd90,Balenciaga_TWN_525528TA3V13258,525528TA3V13258,TWN,Bags,TWD,2026-09-28,112200.00,119000.00,0.0606,increase
ac66eb87271e440d979cbea8aa9dcec3,Balenciaga_TWN_525528TTLY91000,525528TTLY91000,TWN,Bags,TWD,2026-09-28,88400.00,93700.00,0.0600,increase
c37c45091b9fb30bcc38d4bfb68720be,Balenciaga_TWN_525528WCDOX3258,525528WCDOX3258,TWN,Bags,TWD,2026-09-28,69200.00,73300.00,0.0592,increase
0c1d119fb5218ee0cfa2e96afc4ffd6c,Balenciaga_TWN_5265652181K1240,5265652181K1240,TWN,Bags,TWD,2026-09-28,156200.00,165600.00,0.0602,increase
134646f3df6dc080baf3d6b7bf737e6e,Balenciaga_TWN_5265652ABNJ1000,5265652ABNJ1000,TWN,Bags,TWD,2026-09-28,89800.00,95100.00,0.0590,increase
5ca95fb57ada8b6b36090fe8eb49a260,Balenciaga_TWN_5265652ABRG8122,5265652ABRG8122,TWN,Bags,TWD,2026-09-28,123000.00,130400.00,0.0602,increase
cb5655e6eae0edd3e34200d997c59490,Balenciaga_TWN_52688321KYV1090,52688321KYV1090,TWN,Bags,TWD,2026-09-28,85300.00,90400.00,0.0598,increase
6bdf06adbe9e6fa09639eab2397a99a1,Balenciaga_TWN_5268832ABFW2533,5268832ABFW2533,TWN,Bags,TWD,2026-09-28,186400.00,197600.00,0.0601,increase
cebfaeebe7d2778bec586f2f733bcc3d,Balenciaga_TWN_527313T0VEI2533,527313T0VEI2533,TWN,Small Leather Goods,TWD,2026-09-28,11000.00,11600.00,0.0545,increase
77490f77d1580f657eab1e0a59b4e980,Balenciaga_TWN_527313W5X041000,527313W5X041000,TWN,Small Leather Goods,TWD,2026-09-28,19100.00,20300.00,0.0628,increase
682397fac579beae5bd2c82abd7c593e,Balenciaga_TWN_5286014GP201000,5286014GP201000,TWN,Small Leather Goods,TWD,2026-09-28,10800.00,11400.00,0.0556,increase
f4f344242b799f0df2fbff07b896e17e,Balenciaga_TWN_529971215991000,529971215991000,TWN,Bags,TWD,2026-09-28,90700.00,96100.00,0.0595,increase
a2d36145bdccefd7012306543ffea42f,Balenciaga_TWN_529971218229000,529971218229000,TWN,Bags,TWD,2026-09-28,57900.00,61300.00,0.0587,increase
4a30101cb7df5b15d3836d9814735064,Balenciaga_TWN_52997121QBJ4011,52997121QBJ4011,TWN,Bags,TWD,2026-09-28,28400.00,30100.00,0.0599,increase
d60b418771286576e25298fc0e2b5f1c,Balenciaga_TWN_5299714GOPH5723,5299714GOPH5723,TWN,Bags,TWD,2026-09-28,113100.00,119900.00,0.0601,increase
27fd9a187aea9c4573f35683b45274da,Balenciaga_TWN_530673WF9QI1090,530673WF9QI1090,TWN,,TWD,2026-09-28,70100.00,78000.00,0.1127,increase
1013b74a5219828b6a85e587a1378cd6,Balenciaga_TWN_53089821CU23258,53089821CU23258,TWN,Small Leather Goods,TWD,2026-09-28,9700.00,10300.00,0.0619,increase
a0cef642812f9334fc6c198acd9864c8,Balenciaga_TWN_5308982ABS69000,5308982ABS69000,TWN,Small Leather Goods,TWD,2026-09-28,11900.00,12600.00,0.0588,increase
893bfc5745ab402ea1d0630ec01f9600,Balenciaga_TWN_5333162APVK1000,5333162APVK1000,TWN,Accessories,TWD,2026-09-28,14000.00,14800.00,0.0571,increase
00f4e65adc52a8f3e6c208f6723aa9ac,Balenciaga_TWN_5333164GXRM5723,5333164GXRM5723,TWN,Accessories,TWD,2026-09-28,18200.00,19300.00,0.0604,increase
feccbd4818780ea67524b9eb8bef8f5d,Balenciaga_TWN_533316T75I81084,533316T75I81084,TWN,Accessories,TWD,2026-09-28,30300.00,32100.00,0.0594,increase
7577b2746273149f6347239f640b2f4b,Balenciaga_TWN_533654213HK1090,533654213HK1090,TWN,Small Leather Goods,TWD,2026-09-28,39900.00,42300.00,0.0602,increase
76adac34ff8a20c362a54c766b6036f2,Balenciaga_TWN_53365421G921000,53365421G921000,TWN,Small Leather Goods,TWD,2026-09-28,18800.00,19900.00,0.0585,increase
60805c076d8a0d9deea9545369e7b866,Balenciaga_TWN_533654THV4T1251,533654THV4T1251,TWN,Accessories,TWD,2026-09-28,13900.00,14800.00,0.0647,increase
122240d77cac36ab52f507c5f0c02d07,Balenciaga_TWN_53413121R3X1000,53413121R3X1000,TWN,Bags,TWD,2026-09-28,100800.00,106900.00,0.0605,increase
de139c1fefa5b05c05dccddc116cc382,Balenciaga_TWN_5341312AZ5Y1210,5341312AZ5Y1210,TWN,Bags,TWD,2026-09-28,96700.00,102500.00,0.0600,increase
25598f59522c7ba633384e156bc51d68,Balenciaga_TWN_5341314GAPT1000,5341314GAPT1000,TWN,Bags,TWD,2026-09-28,132000.00,140000.00,0.0606,increase
0a5fca2901c7a1fa6708ab221e6598de,Balenciaga_TWN_5341314GI642840,5341314GI642840,TWN,Bags,TWD,2026-09-28,125200.00,132700.00,0.0599,increase
3eb4caff8585de38bcf5ca2b767620bb,Balenciaga_TWN_534131WS53L2840,534131WS53L2840,TWN,Bags,TWD,2026-09-28,84400.00,89500.00,0.0604,increase
c32dfbc79699851e727c140110570e32,Balenciaga_TWN_536590TT9831251,536590TT9831251,TWN,Bags,TWD,2026-09-28,36900.00,39200.00,0.0623,increase
b83a261d76e359e32b529b09d471c8f6,Balenciaga_TWN_539788TAQB38122,539788TAQB38122,TWN,Bags,TWD,2026-09-28,56700.00,60200.00,0.0617,increase
6cf1cb7b7327c6faab76a27989d159af,Balenciaga_TWN_539914WQIJ69020,539914WQIJ69020,TWN,Small Leather Goods,TWD,2026-09-28,10000.00,10600.00,0.0600,increase
6df757a6964f49b81537cd259d0be529,Balenciaga_TWN_54096221JKJ5723,54096221JKJ5723,TWN,Small Leather Goods,TWD,2026-09-28,12500.00,13200.00,0.0560,increase
a38c5fd59ca125083cc935e3264cb050,Balenciaga_TWN_54096221R8F1000,54096221R8F1000,TWN,Small Leather Goods,TWD,2026-09-28,14800.00,15700.00,0.0608,increase
7e1644b4636c25afefbdc39d40552582,Balenciaga_TWN_5409624GX4F1000,5409624GX4F1000,TWN,Small Leather Goods,TWD,2026-09-28,38000.00,40300.00,0.0605,increase
ae2aac2263d9d1ff1eda40e9dd41f679,Balenciaga_TWN_540962T5NE71210,540962T5NE71210,TWN,Small Leather Goods,TWD,2026-09-28,11700.00,12400.00,0.0598,increase
694588c1e1f443549e9ae3591db083ff,Balenciaga_TWN_540962TTG124200,540962TTG124200,TWN,Small Leather Goods,TWD,2026-09-28,10700.00,11300.00,0.0561,increase
7573a4906136c15cb10dc61316a734c1,Balenciaga_TWN_540962WD2T71251,540962WD2T71251,TWN,Small Leather Goods,TWD,2026-09-28,35300.00,37400.00,0.0595,increase
9c49e3cb86530348350059aea6b7cd50,Balenciaga_TWN_54300421W5L1000,54300421W5L1000,TWN,Accessories,TWD,2026-09-28,8900.00,10000.00,0.1236,increase
a0c9c622de96ea93530469ae3775af5f,Balenciaga_TWN_5433214G4QH1240,5433214G4QH1240,TWN,Bags,TWD,2026-09-28,58500.00,62000.00,0.0598,increase
a7cca80b9e030ebb731bed742351efc7,Balenciaga_TWN_543321TT8F11000,543321TT8F11000,TWN,Bags,TWD,2026-09-28,98600.00,104500.00,0.0598,increase
e567ce9b860f8f58c8bf7c6705a38773,Balenciaga_TWN_543321TTJN28122,543321TTJN28122,TWN,Bags,TWD,2026-09-28,102700.00,108900.00,0.0604,increase
26b4d489da982a710d6371facfb2d16b,Balenciaga_TWN_543321WALW40911,543321WALW40911,TWN,Bags,TWD,2026-09-28,177300.00,187900.00,0.0598,increase
6065dd98c2558f2349f6fb90592263a3,Balenciaga_TWN_54493221SAD1000,54493221SAD1000,TWN,Bags,TWD,2026-09-28,46700.00,49500.00,0.0600,increase
eee1871e734533b089ce177e675a1b0d,Balenciaga_TWN_5449322AYZX0911,5449322AYZX0911,TWN,Bags,TWD,2026-09-28,81000.00,85900.00,0.0605,increase
fd25761caac24fe0f468500cd735d849,Balenciaga_TWN_5449324G4HJ0926,5449324G4HJ0926,TWN,Bags,TWD,2026-09-28,32300.00,34200.00,0.0588,increase
da834a5538bb9816766b8d319fcdcf3e,Balenciaga_TWN_5449324GQLA8065,5449324GQLA8065,TWN,Bags,TWD,2026-09-28,72000.00,76300.00,0.0597,increase
1f911d9a851a8abaa3665f1e4d731fe0,Balenciaga_TWN_5449324GWV24011,5449324GWV24011,TWN,Bags,TWD,2026-09-28,102900.00,109100.00,0.0603,increase
a59bbc96af324b574f30aa4e49a432b3,Balenciaga_TWN_546998213YO9104,546998213YO9104,TWN,Bags,TWD,2026-09-28,13900.00,14800.00,0.0647,increase
de3f4e0156129c53ad0b772220db615e,Balenciaga_TWN_5469982ABEE9002,5469982ABEE9002,TWN,Bags,TWD,2026-09-28,29800.00,31600.00,0.0604,increase
d986ae7ab81d9330866973d2294c61df,Balenciaga_TWN_5482214GQV51000,5482214GQV51000,TWN,Bags,TWD,2026-09-28,83700.00,88800.00,0.0609,increase
333eb9c5edd7d58555395de411fc6b1e,Balenciaga_TWN_5505264G0059002,5505264G0059002,TWN,Bags,TWD,2026-09-28,42900.00,45500.00,0.0606,increase
7522fa997cb9101082e771def568de22,Balenciaga_TWN_552358T6AME4011,552358T6AME4011,TWN,Bags,TWD,2026-09-28,82100.00,87000.00,0.0597,increase
1c72f611a2e58b03b7e653f88ce9a8e4,Balenciaga_TWN_553957TBSVE4200,553957TBSVE4200,TWN,Small Leather Goods,TWD,2026-09-28,15200.00,16100.00,0.0592,increase
9125da54969566adf41c5d1b0d0069cf,Balenciaga_TWN_553957WO6SQ1251,553957WO6SQ1251,TWN,Small Leather Goods,TWD,2026-09-28,14200.00,15000.00,0.0563,increase
b1b852836e000781da054db111a57ed4,Balenciaga_TWN_55430321CYU1240,55430321CYU1240,TWN,Bags,TWD,2026-09-28,79900.00,84700.00,0.0601,increase
d50cf11940aae1e87375a3c0fc71a82a,Balenciaga_TWN_5543034GFF51000,5543034GFF51000,TWN,Bags,TWD,2026-09-28,159600.00,169100.00,0.0595,increase
69a1b93aecb25230976948e389391c5c,Balenciaga_TWN_554303TCULN5723,554303TCULN5723,TWN,Bags,TWD,2026-09-28,58000.00,61400.00,0.0586,increase
823b67bb01a825efda823c542823ec7b,Balenciaga_TWN_554303WHAQI0926,554303WHAQI0926,TWN,Bags,TWD,2026-09-28,85100.00,90200.00,0.0599,increase
f60492cf921bc1dec16425453b660e96,Balenciaga_TWN_558209TUR5X2840,558209TUR5X2840,TWN,Small Leather Goods,TWD,2026-09-28,10300.00,10900.00,0.0583,increase
d24e1dc5c5f6f8eabead7c7fa6ded0c9,Balenciaga_TWN_558209WQ28U8122,558209WQ28U8122,TWN,Small Leather Goods,TWD,2026-09-28,19600.00,20700.00,0.0561,increase
cb29de6d5b8b7c41a31efbfc1e9e3e2f,Balenciaga_TWN_560831T8TK91000,560831T8TK91000,TWN,Bags,TWD,2026-09-28,66000.00,69900.00,0.0591,increase
1e8e90c16d3157fe370c847eb9cf6116,Balenciaga_TWN_560831TT4RI5723,560831TT4RI5723,TWN,Bags,TWD,2026-09-28,58300.00,61800.00,0.0600,increase
9778a2a8f459fa86664f47d49a7cc858,Balenciaga_TWN_5628362AZUH1000,5628362AZUH1000,TWN,Bags,TWD,2026-09-28,141900.00,150500.00,0.0606,increase
5d80b281976c45a476dc09deeb85abd8,Balenciaga_TWN_5628364GG1K4011,5628364GG1K4011,TWN,Bags,TWD,2026-09-28,106000.00,112400.00,0.0604,increase
d5d51c6380fea0e3dca12508a8cd1cb7,Balenciaga_TWN_562836TTSKW3258,562836TTSKW3258,TWN,Bags,TWD,2026-09-28,62000.00,65800.00,0.0613,increase
ba087474f3bfc8bd1f42f107c9aeb3ba,Balenciaga_TWN_562836TXYUY1210,562836TXYUY1210,TWN,Bags,TWD,2026-09-28,119800.00,126900.00,0.0593,increase
6d2cded5112095a67794f478378270f0,Balenciaga_TWN_5678242AIHF1000,5678242AIHF1000,TWN,Bags,TWD,2026-09-28,120300.00,127600.00,0.0607,increase
59a0640b1059fefb0d0c4d7bcbdc7404,Balenciaga_TWN_567824WUMAJ8065,567824WUMAJ8065,TWN,Bags,TWD,2026-09-28,98300.00,104200.00,0.0600,increase
a2145b03c919c6be66a4f1b1a24e2120,Balenciaga_TWN_57372021BEH1000,57372021BEH1000,TWN,Bags,TWD,2026-09-28,98600.00,104600.00,0.0609,increase
94ad51aff7e81ab942815ac6bf74a3c1,Balenciaga_TWN_5737202ABMI9020,5737202ABMI9020,TWN,Bags,TWD,2026-09-28,144400.00,153000.00,0.0596,increase
d93d33882078679b68b8fd5ba46ed254,Balenciaga_TWN_5737202AWYK1000,5737202AWYK1000,TWN,Bags,TWD,2026-09-28,66300.00,70200.00,0.0588,increase
95fb987571f880fcda9403b6359e52e6,Balenciaga_TWN_573720WMG5U3258,573720WMG5U3258,TWN,Bags,TWD,2026-09-28,80000.00,84800.00,0.0600,increase
550be37cf87f5cf1a5bf60e0f0c7cdc8,Balenciaga_TWN_5851324GHQ51090,5851324GHQ51090,TWN,Bags,TWD,2026-09-28,44400.00,47100.00,0.0608,increase
f9826ce922ac166ad604a1f8020ef6cf,Balenciaga_TWN_585132TTBXP1090,585132TTBXP1090,TWN,Bags,TWD,2026-09-28,101100.00,107100.00,0.0593,increase
65887acf84324f9678a3163ffbdb3e5d,Balenciaga_TWN_585609216ZI1210,585609216ZI1210,TWN,Bags,TWD,2026-09-28,18600.00,19800.00,0.0645,increase
76fd91db4d4a5bf63030baa75c001816,Balenciaga_TWN_5861342A5ZF2533,5861342A5ZF2533,TWN,Bags,TWD,2026-09-28,106300.00,112600.00,0.0593,increase
c5e846a32bf74055618682c4852145fd,Balenciaga_TWN_5861342ABDK1000,5861342ABDK1000,TWN,Bags,TWD,2026-09-28,114500.00,121400.00,0.0603,increase
3b3c702a36b7412b798b79137e3f0144,Balenciaga_TWN_586134THIHP4200,586134THIHP4200,TWN,Bags,TWD,2026-09-28,104800.00,111100.00,0.0601,increase
e706ad79740b379702d6b833147a4b83,Balenciaga_TWN_5861464G7OZ9000,5861464G7OZ9000,TWN,Bags,TWD,2026-09-28,105900.00,112200.00,0.0595,increase
376b5ce2799dd81f9a0172117323baba,Balenciaga_TWN_586146TO7IY1210,586146TO7IY1210,TWN,Bags,TWD,2026-09-28,83200.00,88200.00,0.0601,increase
d685881a56b36bf8640f551ec7ed0b3c,Balenciaga_TWN_586146TRVHI2533,586146TRVHI2533,TWN,Bags,TWD,2026-09-28,97500.00,103300.00,0.0595,increase
3db1ea9216cf10f08782f607379801bb,Balenciaga_TWN_586146TT9QA8065,586146TT9QA8065,TWN,Bags,TWD,2026-09-28,100300.00,106300.00,0.0598,increase
209ffbed971ee4cf0b8f086cb65b0662,Balenciaga_TWN_586146TTWU21240,586146TTWU21240,TWN,Bags,TWD,2026-09-28,84700.00,89800.00,0.0602,increase
65ab70b78d64b3d87019a5760d53ff8f,Balenciaga_TWN_586146W1WP65723,586146W1WP65723,TWN,Bags,TWD,2026-09-28,102700.00,108900.00,0.0604,increase
7f35d2a29de4560c18aa225ae1b0e9b6,Balenciaga_TWN_586146WBD2S8122,586146WBD2S8122,TWN,Bags,TWD,2026-09-28,67400.00,71400.00,0.0593,increase
c9eb351054e621fb5ac17dca82bf44f5,Balenciaga_TWN_58737121E5Q1000,58737121E5Q1000,TWN,Bags,TWD,2026-09-28,104300.00,110600.00,0.0604,increase
d97de032818dc13ab6a7446051c6093e,Balenciaga_TWN_5898034GZAD1000,5898034GZAD1000,TWN,Bags,TWD,2026-09-28,104200.00,110400.00,0.0595,increase
12f681729d522aae81e1483afc0f8fdc,Balenciaga_TWN_589803TTLSW4011,589803TTLSW4011,TWN,Bags,TWD,2026-09-28,75600.00,80200.00,0.0608,increase
b1c52ff5534b4456a51606d68797bf02,Balenciaga_TWN_5919172AZ1O5723,5919172AZ1O5723,TWN,Small Leather Goods,TWD,2026-09-28,11200.00,11800.00,0.0536,increase
d1e4491c42d6ed4742d09831a9673588,Balenciaga_TWN_5919174GT0G9000,5919174GT0G9000,TWN,Small Leather Goods,TWD,2026-09-28,18000.00,19100.00,0.0611,increase
b583509f13add85bf19b45749701e859,Balenciaga_TWN_591917W3LVJ1000,591917W3LVJ1000,TWN,Small Leather Goods,TWD,2026-09-28,18600.00,19800.00,0.0645,increase
85e99b775f7ba33a13a36e8e8ebd8500,Balenciaga_TWN_596501218XT4200,596501218XT4200,TWN,Bags,TWD,2026-09-28,109900.00,116500.00,0.0601,increase
11c8ec601d1fe3bfcb3779648675f55d,Balenciaga_TWN_59650121J5P2533,59650121J5P2533,TWN,Bags,TWD,2026-09-28,103400.00,109600.00,0.0600,increase
89c204da33dc5d6e536be6faee503cc8,Balenciaga_TWN_596501TY52T1000,596501TY52T1000,TWN,Bags,TWD,2026-09-28,85000.00,90100.00,0.0600,increase
6911c0cd5179a12eaf903eb977f906a4,Balenciaga_TWN_596501W8PY42840,596501W8PY42840,TWN,Bags,TWD,2026-09-28,81600.00,86500.00,0.0600,increase
213257f0bb1559a8fd172a5db678b6b0,Balenciaga_TWN_600325214860911,600325214860911,TWN,Bags,TWD,2026-09-28,62600.00,66400.00,0.0607,increase
bbbe34e628a099bc61fd845113f5d2c3,Balenciaga_TWN_6003254G0R28122,6003254G0R28122,TWN,Bags,TWD,2026-09-28,68500.00,72600.00,0.0599,increase
412c4d4d3b002282b5b3a9b7bf4912ae,Balenciaga_TWN_600325TT4SF1000,600325TT4SF1000,TWN,Bags,TWD,2026-09-28,101900.00,108000.00,0.0599,increase
3e227d6bf0287fe8c43583702fae98e2,Balenciaga_TWN_6039712AHBR3258,6039712AHBR3258,TWN,Bags,TWD,2026-09-28,96000.00,101700.00,0.0594,increase
cb11c58e345127d0163199b2540b065a,Balenciaga_TWN_6039714G6ZW1090,6039714G6ZW1090,TWN,Bags,TWD,2026-09-28,344200.00,364900.00,0.0601,increase
9424766f8b3388f512716a3b92181bd0,Balenciaga_TWN_604342219829104,604342219829104,TWN,Accessories,TWD,2026-09-28,64900.00,68800.00,0.0601,increase
baa84bf694c219bf7bb532139a64bc85,Balenciaga_TWN_6043422ABBQ0911,6043422ABBQ0911,TWN,Accessories,TWD,2026-09-28,61900.00,65600.00,0.0598,increase
93b7c8962b6cf727b4ba1d553a433ec1,Balenciaga_TWN_6043424G58X9000,6043424G58X9000,TWN,Accessories,TWD,2026-09-28,149900.00,158900.00,0.0600,increase
31ccbecb669d40d09cba743aa1f6907f,Balenciaga_TWN_604342TN9E49000,604342TN9E49000,TWN,Accessories,TWD,2026-09-28,72600.00,77000.00,0.0606,increase
b8bf9d19e06e795b42dae451323b4830,Balenciaga_TWN_605291218ME1000,605291218ME1000,TWN,Small Leather Goods,TWD,2026-09-28,13500.00,14300.00,0.0593,increase
ad026998899ae51bf769b41c7e560771,Balenciaga_TWN_6052912ABSR1210,6052912ABSR1210,TWN,Small Leather Goods,TWD,2026-09-28,14700.00,15600.00,0.0612,increase
7f321f11aa09510641ef1cfc02a69b96,Balenciaga_TWN_6067874GSEE1084,6067874GSEE1084,TWN,Bags,TWD,2026-09-28,95400.00,101200.00,0.0608,increase
71ab9bb2577a058dc05858d6eabb1c0b,Balenciaga_TWN_606787WJ1DK1251,606787WJ1DK1251,TWN,Bags,TWD,2026-09-28,77900.00,82600.00,0.0603,increase
3b9ba91e293c93fc73a839ff42cd7d6e,Balenciaga_TWN_6068722A74C0911,6068722A74C0911,TWN,Small Leather Goods,TWD,2026-09-28,15200.00,16100.00,0.0592,increase
4689ab93f7cfac8a308b7308fd048f90,Balenciaga_TWN_606872TJ2VY9000,606872TJ2VY9000,TWN,Bags,TWD,2026-09-28,29100.00,30800.00,0.0584,increase
a748fd9537b80dab60dce34721b464f1,Balenciaga_TWN_606872TTD4I1000,606872TTD4I1000,TWN,Small Leather Goods,TWD,2026-09-28,19200.00,20400.00,0.0625,increase
ab5eb04c754bd70b769023faa496496f,Balenciaga_TWN_606872WCITL8065,606872WCITL8065,TWN,Accessories,TWD,2026-09-28,10100.00,10700.00,0.0594,increase
dc86f501a19095d9fab61d9657e46433,Balenciaga_TWN_6081552A3911090,6081552A3911090,TWN,Bags,TWD,2026-09-28,26500.00,28100.00,0.0604,increase
da437ec089945707e882166fbc1d4088,Balenciaga_TWN_6090452AB6B0926,6090452AB6B0926,TWN,Small Leather Goods,TWD,2026-09-28,13600.00,14400.00,0.0588,increase
ee6aabdc492d15f29d0cebb514904c12,Balenciaga_TWN_6090454GFZ40926,6090454GFZ40926,TWN,Small Leather Goods,TWD,2026-09-28,33100.00,35100.00,0.0604,increase
df8d98029f81b757f35436ef0af2f8ab,Balenciaga_TWN_6097644GYE99104,6097644GYE99104,TWN,Accessories,TWD,2026-09-28,14300.00,15100.00,0.0559,increase
86531457d78ca6191c7289829dd833a5,Balenciaga_TWN_609764W580V9002,609764W580V9002,TWN,Accessories,TWD,2026-09-28,18600.00,19700.00,0.0591,increase
0fd9d46d741383bc5454ddd20b730da5,Balenciaga_TWN_6106004GZJF9104,6106004GZJF9104,TWN,Bags,TWD,2026-09-28,59100.00,62600.00,0.0592,increase
65b64afaf6f1626d047cc67d3061f4df,Balenciaga_TWN_610600WI7Z98065,610600WI7Z98065,TWN,Bags,TWD,2026-09-28,32000.00,33900.00,0.0594,increase
14bac37679539d5cbbade9fd426e7b80,Balenciaga_TWN_6115974G4912308,6115974G4912308,TWN,Bags,TWD,2026-09-28,39700.00,42100.00,0.0605,increase
4c4e10d9799d49ca5055a660da193344,Balenciaga_TWN_614404TT16Q1251,614404TT16Q1251,TWN,Bags,TWD,2026-09-28,96800.00,102600.00,0.0599,increase
a0982e1a42bd3000eacce6563f9433f9,Balenciaga_TWN_615434215P10926,615434215P10926,TWN,Bags,TWD,2026-09-28,158600.00,168100.00,0.0599,increase
c42f509e39973d6c762e85dcce02d776,Balenciaga_TWN_6154342AB0Q2533,6154342AB0Q2533,TWN,Bags,TWD,2026-09-28,101300.00,107400.00,0.0602,increase
26ef2e5cccf043fe2e3b787bf672e490,Balenciaga_TWN_6154342AFAB4011,6154342AFAB4011,TWN,Bags,TWD,2026-09-28,77300.00,81900.00,0.0595,increase
b1f1d35991e9406ef543a1df1b099572,Balenciaga_TWN_6154344GBXM0926,6154344GBXM0926,TWN,Bags,TWD,2026-09-28,86800.00,92000.00,0.0599,increase
ae083dcbc7a07cdd98ef63449ff5d34d,Balenciaga_TWN_6154344GF5T2308,6154344GF5T2308,TWN,Bags,TWD,2026-09-28,70000.00,74300.00,0.0614,increase
35e31995bb0bf7b790b78ba04d7e1230,Balenciaga_TWN_615434TT9YP0127,615434TT9YP0127,TWN,Bags,TWD,2026-09-28,67600.00,71700.00,0.0607,increase
2d6ae8177d08881e9f275d5cb62f4924,Balenciaga_TWN_61818021PJ51090,61818021PJ51090,TWN,Accessories,TWD,2026-09-28,10800.00,11500.00,0.0648,increase
2f3d1f5fd57b27f5030955b713d161d4,Balenciaga_TWN_6181802A8GI8065,6181802A8GI8065,TWN,Accessories,TWD,2026-09-28,54100.00,57300.00,0.0591,increase
ed184f0e793f277ca418f9065ec37094,Balenciaga_TWN_6181802ABRM1084,6181802ABRM1084,TWN,Accessories,TWD,2026-09-28,51500.00,54600.00,0.0602,increase
8cf08ad401f1a9079c4c07f983dea5fa,Balenciaga_TWN_618809WDY7T2840,618809WDY7T2840,TWN,Small Leather Goods,TWD,2026-09-28,142600.00,151200.00,0.0603,increase
3360d19e496d0e6658a3b5349f1701a9,Balenciaga_TWN_61979921UMQ9000,61979921UMQ9000,TWN,Small Leather Goods,TWD,2026-09-28,13900.00,14700.00,0.0576,increase
75b79ba5024d7647f7b9df4520a35d7c,Balenciaga_TWN_6197992ABGI2840,6197992ABGI2840,TWN,Small Leather Goods,TWD,2026-09-28,10000.00,10600.00,0.0600,increase
19e58f9606ffa873f1e44904a094cae7,Balenciaga_TWN_6200252AB6C2840,6200252AB6C2840,TWN,Bags,TWD,2026-09-28,79700.00,84500.00,0.0602,increase
8ca10d6f35404a72c240cfc894aea493,Balenciaga_TWN_620025TTOCR3258,620025TTOCR3258,TWN,Bags,TWD,2026-09-28,95200.00,100900.00,0.0599,increase
9bcd5a77623fd69e4107a14a6d0b86d8,Balenciaga_TWN_6206382A28F2533,6206382A28F2533,TWN,Bags,TWD,2026-09-28,103100.00,109300.00,0.0601,increase
d3d99093d14106f952059e986884879f,Balenciaga_TWN_62422121YB51240,62422121YB51240,TWN,Bags,TWD,2026-09-28,20100.00,21300.00,0.0597,increase
73b9e97cffea83e41901dc6813206d45,Balenciaga_TWN_624221TTQWM8065,624221TTQWM8065,TWN,Bags,TWD,2026-09-28,19100.00,20300.00,0.0628,increase
30ef4187790a146382aa0d66aa29fae3,Balenciaga_TWN_624221WD4EL9020,624221WD4EL9020,TWN,Bags,TWD,2026-09-28,43500.00,46100.00,0.0598,increase
76acbdcd3aac90cdc4e5f506b1e1ab2a,Balenciaga_TWN_6257174GF6W2533,6257174GF6W2533,TWN,Small Leather Goods,TWD,2026-09-28,8700.00,9200.00,0.0575,increase
d135bc938eaddaa9599e8c4662d1b2e4,Balenciaga_TWN_627903TTOKK2840,627903TTOKK2840,TWN,Bags,TWD,2026-09-28,13600.00,14400.00,0.0588,increase
42127c9af92bc22f70d6fb3d41f0f48f,Balenciaga_TWN_6305072110B1041,6305072110B1041,TWN,Bags,TWD,2026-09-28,143400.00,152000.00,0.0600,increase
48b061141f86c2eb54051e04207bbc50,Balenciaga_TWN_630507TTWFZ1240,630507TTWFZ1240,TWN,Bags,TWD,2026-09-28,108100.00,114600.00,0.0601,increase
4bbd7fb93e64b1e2691334b31f29e80b,Balenciaga_TWN_630507WZAMO2533,630507WZAMO2533,TWN,Bags,TWD,2026-09-28,146900.00,155800.00,0.0606,increase
a4730c0381e25b3738debdcf166bc1b9,Balenciaga_TWN_6319002AAW31090,6319002AAW31090,TWN,Bags,TWD,2026-09-28,73400.00,77800.00,0.0599,increase
def6621c9e5df8747ac5f68d4af5b634,Balenciaga_TWN_6319002ABTX1000,6319002ABTX1000,TWN,Bags,TWD,2026-09-28,101700.00,107800.00,0.0600,increase
387cb8f8e68469737e1b4279c1722b0e,Balenciaga_TWN_6319002AWRE9104,6319002AWRE9104,TWN,Bags,TWD,2026-09-28,96700.00,102500.00,0.0600,increase
1c291fc2d566f8a053549d87a4f8e0ab,Balenciaga_TWN_6319004GBUF5723,6319004GBUF5723,TWN,Bags,TWD,2026-09-28,103400.00,109600.00,0.0600,increase
f88cde4b9e868709d51d7353a9b14546,Balenciaga_TWN_631900TT6TA9000,631900TT6TA9000,TWN,Bags,TWD,2026-09-28,75300.00,79800.00,0.0598,increase
5a8fb1fae5982e248296b793cc734562,Balenciaga_TWN_631900TTHUH1000,631900TTHUH1000,TWN,Bags,TWD,2026-09-28,84600.00,89700.00,0.0603,increase
7fa25c96a011722733f5d562404f79d6,Balenciaga_TWN_631900TTM6O1000,631900TTM6O1000,TWN,Bags,TWD,2026-09-28,103300.00,109500.00,0.0600,increase
dc616dc4b3ea49a256099de6bdeb6cdc,Balenciaga_TWN_631900WDUX21090,631900WDUX21090,TWN,Bags,TWD,2026-09-28,117400.00,124400.00,0.0596,increase
112f0fc913d329863903822ef92bbdb4,Balenciaga_TWN_631900WFXVH1000,631900WFXVH1000,TWN,Bags,TWD,2026-09-28,86900.00,92100.00,0.0598,increase
6e7f6c497a467ee7129432e1e132baca,Balenciaga_TWN_63238321K5N1090,63238321K5N1090,TWN,Small Leather Goods,TWD,2026-09-28,131100.00,139000.00,0.0603,increase
b11f818a437ee59dd16c366f03cc6fb8,Balenciaga_TWN_6341232ABT41041,6341232ABT41041,TWN,Bags,TWD,2026-09-28,43700.00,46300.00,0.0595,increase
7edd1368c8b9615c1e9d2736b6919ded,Balenciaga_TWN_634123TF2SO0911,634123TF2SO0911,TWN,Bags,TWD,2026-09-28,53400.00,56600.00,0.0599,increase
d7a887a3a04fa035f30e9984dbdc4615,Balenciaga_TWN_634123TTEWD5723,634123TTEWD5723,TWN,Bags,TWD,2026-09-28,112200.00,118900.00,0.0597,increase
a5347b6e6680989bfcf556b21647e607,Balenciaga_TWN_639916T3NGA1000,639916T3NGA1000,TWN,Small Leather Goods,TWD,2026-09-28,65000.00,68900.00,0.0600,increase
c901efa896a19812dcfb85d0b4032bdb,Balenciaga_TWN_6416162ABYP9002,6416162ABYP9002,TWN,Bags,TWD,2026-09-28,47600.00,50500.00,0.0609,increase
8e4b7b5eef67c35f0087545171c1bd2b,Balenciaga_TWN_648227WHLJF3258,648227WHLJF3258,TWN,Bags,TWD,2026-09-28,104700.00,111000.00,0.0602,increase
64aeb99d378c3e2b15d972d7a9d33c88,Balenciaga_TWN_65021421L5I4200,65021421L5I4200,TWN,Small Leather Goods,TWD,2026-09-28,13500.00,14300.00,0.0593,increase
e682ff99ffc2894b6705a5cb806b763d,Balenciaga_TWN_6502142A5IF9000,6502142A5IF9000,TWN,Small Leather Goods,TWD,2026-09-28,10500.00,11200.00,0.0667,increase
a2f591b55dac87b7172dd88f02247896,Balenciaga_TWN_65463321I4N1000,65463321I4N1000,TWN,Bags,TWD,2026-09-28,31700.00,33600.00,0.0599,increase
648e1c6a2427cdd8718efcbad6347b63,Balenciaga_TWN_6582622A6FA9020,6582622A6FA9020,TWN,Bags,TWD,2026-09-28,58100.00,61500.00,0.0585,increase
a6efb283944dd8d22716eced0abab5f2,Balenciaga_TWN_658262W7ZM61090,658262W7ZM61090,TWN,Bags,TWD,2026-09-28,15100.00,16000.00,0.0596,increase
41a7008495594937b94d7988299e9854,Balenciaga_TWN_6595782AB1G2533,6595782AB1G2533,TWN,Bags,TWD,2026-09-28,10500.00,11100.00,0.0571,increase
849884a2c632d374c8724a86a2cef184,Balenciaga_TWN_659578WTHGI0127,659578WTHGI0127,TWN,Bags,TWD,2026-09-28,14100.00,15000.00,0.0638,increase
b504fd74425d2b9f114fe0394c8007d3,Balenciaga_TWN_664769WDPAE8065,664769WDPAE8065,TWN,Bags,TWD,2026-09-28,78300.00,83000.00,0.0600,increase
bb813b121ec92164a5ac7a206b199364,Balenciaga_TWN_6661592ABB71000,6661592ABB71000,TWN,Small Leather Goods,TWD,2026-09-28,30000.00,31800.00,0.0600,increase
5cc358a4d4b030aabd48470bb6117405,Balenciaga_TWN_666159TT9KL9000,666159TT9KL9000,TWN,Small Leather Goods,TWD,2026-09-28,9800.00,10400.00,0.0612,increase
d5420b5f6995f16d3255fb2406bc5ffc,Balenciaga_TWN_668213WBX4D2533,668213WBX4D2533,TWN,Bags,TWD,2026-09-28,95600.00,101400.00,0.0607,increase
1212b7fa6b8626a32263783179c9f299,Balenciaga_TWN_668213WIM2Q0911,668213WIM2Q0911,TWN,Bags,TWD,2026-09-28,89800.00,95200.00,0.0601,increase
874265ebb6378db8e25b2daaa3af197c,Balenciaga_TWN_6703942ADO60911,6703942ADO60911,TWN,Small Leather Goods,TWD,2026-09-28,13400.00,14200.00,0.0597,increase
138d4a35a91616d159e6b23754b18f88,Balenciaga_TWN_6703942AJWP9002,6703942AJWP9002,TWN,Small Leather Goods,TWD,2026-09-28,10000.00,10600.00,0.0600,increase
a4c4d696e435602f808788916789b29f,Balenciaga_TWN_6703944GWYS4200,6703944GWYS4200,TWN,Small Leather Goods,TWD,2026-09-28,12900.00,13700.00,0.0620,increase
8aa7c4d63091cd96bce43e32b83eb635,Balenciaga_TWN_6704764GD9W5723,6704764GD9W5723,TWN,Bags,TWD,2026-09-28,15000.00,15900.00,0.0600,increase
99212f8a67a378be4bca1126076cf9d7,Balenciaga_TWN_673470TS1LV2533,673470TS1LV2533,TWN,Accessories,TWD,2026-09-28,10300.00,11000.00,0.0680,increase
eacadd7c0422a42ac1f6d96572ee2341,Balenciaga_TWN_67679221VL61210,67679221VL61210,TWN,Bags,TWD,2026-09-28,92900.00,98500.00,0.0603,increase
1278eb13eec610938aaf994627d9f1d8,Balenciaga_TWN_6767922AB4K1090,6767922AB4K1090,TWN,Bags,TWD,2026-09-28,57900.00,61400.00,0.0604,increase
6f4fe6f1185cc94c96d6823d94a5a3c7,Balenciaga_TWN_6767922APFE1000,6767922APFE1000,TWN,Bags,TWD,2026-09-28,76200.00,80800.00,0.0604,increase
18c7474da3f086821e458f26cbdd75ff,Balenciaga_TWN_676820WGNH62533,676820WGNH62533,TWN,Bags,TWD,2026-09-28,78900.00,83600.00,0.0596,increase
b380df5a05eefbbfaefccc3a67973367,Balenciaga_TWN_6778232A4ZU9020,6778232A4ZU9020,TWN,Bags,TWD,2026-09-28,90800.00,96300.00,0.0606,increase
f2e62b2c6dc704fb67a29ebf8a1fd3be,Balenciaga_TWN_6778234GNKV1000,6778234GNKV1000,TWN,Bags,TWD,2026-09-28,76800.00,81500.00,0.0612,increase
f57d006c4af92067cdbfab499bf64855,Balenciaga_TWN_677823TPXBN1090,677823TPXBN1090,TWN,Bags,TWD,2026-09-28,115800.00,122800.00,0.0604,increase
21d82e094ec11e9cd33504d993135809,Balenciaga_TWN_6786802AEJ81000,6786802AEJ81000,TWN,Small Leather Goods,TWD,2026-09-28,78000.00,82700.00,0.0603,increase
b8253c7e8cdbab09c4942196d8da6dd3,Balenciaga_TWN_6869382ABCP0911,6869382ABCP0911,TWN,Bags,TWD,2026-09-28,88300.00,93600.00,0.0600,increase
0c54ee40e03178becbde2e5e7cf1a8f4,Balenciaga_TWN_6871014GGDU8122,6871014GGDU8122,TWN,Bags,TWD,2026-09-28,42800.00,45400.00,0.0607,increase
73eb65b5a43cfceb60259556e952362d,Balenciaga_TWN_687101TK1EY1000,687101TK1EY1000,TWN,Bags,TWD,2026-09-28,108600.00,115200.00,0.0608,increase
c6ae91b5aadc98c5cdcbf1db15adff9c,Balenciaga_TWN_687101TTS681000,687101TTS681000,TWN,Bags,TWD,2026-09-28,76900.00,81500.00,0.0598,increase
69e60c2b1c4ce26fab9134e96783f954,Balenciaga_TWN_6873682AB3L1000,6873682AB3L1000,TWN,Bags,TWD,2026-09-28,145500.00,154300.00,0.0605,increase
9ca506af02c63751f42ac3787e870d21,Balenciaga_TWN_6873682ABYE2308,6873682ABYE2308,TWN,Bags,TWD,2026-09-28,111700.00,118400.00,0.0600,increase
47c7de800c66b1404a8626c223f81e43,Balenciaga_TWN_687755WZQV70926,687755WZQV70926,TWN,Small Leather Goods,TWD,2026-09-28,16400.00,17400.00,0.0610,increase
a402469ff6b46d8b22205d476b37b8b6,Balenciaga_TWN_690455WM0LO0926,690455WM0LO0926,TWN,Small Leather Goods,TWD,2026-09-28,31500.00,33400.00,0.0603,increase
711abbd97e5fca7ad094702a096f9277,Balenciaga_TWN_698478T6LAH9020,698478T6LAH9020,TWN,Bags,TWD,2026-09-28,149800.00,158800.00,0.0601,increase
bd7165874335f1f83602a084c25aedca,Balenciaga_TWN_698478TK52K4200,698478TK52K4200,TWN,Bags,TWD,2026-09-28,28000.00,29700.00,0.0607,increase
88a84f7eab90c076283cae1f89bc8d0e,Balenciaga_TWN_698478WAG0O0911,698478WAG0O0911,TWN,Bags,TWD,2026-09-28,30300.00,32100.00,0.0594,increase
ce73697cf79ee741fa7266d53fb0f9c6,Balenciaga_TWN_706014TT5D61000,706014TT5D61000,TWN,Bags,TWD,2026-09-28,17600.00,18700.00,0.0625,increase
fd16348d8fd018dea0eea8453e0e7e14,Balenciaga_TWN_706014TTHIA8065,706014TTHIA8065,TWN,Bags,TWD,2026-09-28,17100.00,18100.00,0.0585,increase
21c682c0e81119c8a914aa4411eea0ea,Balenciaga_TWN_706014TV8UH1084,706014TV8UH1084,TWN,Bags,TWD,2026-09-28,26500.00,28100.00,0.0604,increase
db9e9fbaf7b6d175403ced5a5b307e33,Balenciaga_TWN_7066122A50P3258,7066122A50P3258,TWN,Small Leather Goods,TWD,2026-09-28,38800.00,41100.00,0.0593,increase
dcd93a69fd1ec30cf90e9af639f50cc1,Balenciaga_TWN_7066122AB3X1000,7066122AB3X1000,TWN,Small Leather Goods,TWD,2026-09-28,36700.00,38900.00,0.0599,increase
42597fa195be833df32dd84d2e617cc0,Balenciaga_TWN_7066122AY6L8065,7066122AY6L8065,TWN,Small Leather Goods,TWD,2026-09-28,75400.00,80000.00,0.0610,increase
cac7e58dffa0153ddd1540bd54c8288c,Balenciaga_TWN_706612TTDZG0926,706612TTDZG0926,TWN,Small Leather Goods,TWD,2026-09-28,27000.00,28600.00,0.0593,increase
da5ed65d5a4d8f26974eb914a562a862,Balenciaga_TWN_706612WBFE11090,706612WBFE11090,TWN,Small Leather Goods,TWD,2026-09-28,10700.00,11300.00,0.0561,increase
40358f76eddd10a568d2a73905b81701,Balenciaga_TWN_7089882AB993258,7089882AB993258,TWN,Small Leather Goods,TWD,2026-09-28,22100.00,23500.00,0.0633,increase
60e37bae16c7b825322532342be955a1,Balenciaga_TWN_71088921W3O1240,71088921W3O1240,TWN,Small Leather Goods,TWD,2026-09-28,19900.00,21100.00,0.0603,increase
d45dc340f019f93b3285a12248cece8c,Balenciaga_TWN_7108894GUHQ1000,7108894GUHQ1000,TWN,Small Leather Goods,TWD,2026-09-28,19200.00,20400.00,0.0625,increase
192730578cf68d12e7a19eff55ef4b9c,Balenciaga_TWN_711160WOZ6M4011,711160WOZ6M4011,TWN,Small Leather Goods,TWD,2026-09-28,14500.00,15300.00,0.0552,increase
29ddda7c1b7e90362fd9e355b8f9d888,Balenciaga_TWN_7134902AB1H4200,7134902AB1H4200,TWN,Bags,TWD,2026-09-28,113100.00,119900.00,0.0601,increase
619e191a6ee37593ed53e6e1ab72b7fa,Balenciaga_TWN_713490TTJ7K2533,713490TTJ7K2533,TWN,Bags,TWD,2026-09-28,112000.00,118700.00,0.0598,increase
08cc438ed3357c2a265eeae6eb642251,Balenciaga_TWN_7163572AY874200,7163572AY874200,TWN,Bags,TWD,2026-09-28,106200.00,112500.00,0.0593,increase
c8da60ad7f9824293314987d0d34d2fa,Balenciaga_TWN_7163574GQBG9000,7163574GQBG9000,TWN,Bags,TWD,2026-09-28,73400.00,77800.00,0.0599,increase
6813ca00f4d7c4745af4975bee8d422d,Balenciaga_TWN_7238022ALQU5723,7238022ALQU5723,TWN,Bags,TWD,2026-09-28,61800.00,65500.00,0.0599,increase
ecd35e36907b6bb6a00a96ad5a476034,Balenciaga_TWN_723802TPE569000,723802TPE569000,TWN,Bags,TWD,2026-09-28,59900.00,63500.00,0.0601,increase
4af914d36f3d322101126adfe7173d2d,Balenciaga_TWN_723802TTN6J5723,723802TTN6J5723,TWN,Bags,TWD,2026-09-28,158800.00,168300.00,0.0598,increase
04753f4671adef6b2790cc3083225c95,Balenciaga_TWN_72532821OA90911,72532821OA90911,TWN,Small Leather Goods,TWD,2026-09-28,25500.00,27000.00,0.0588,increase
a3c58c35fe417bf417129989366845d5,Balenciaga_TWN_725328TTV443258,725328TTV443258,TWN,Small Leather Goods,TWD,2026-09-28,9800.00,10400.00,0.0612,increase
0f04cebd62f0b145e9dca8fbd63f7350,Balenciaga_TWN_72600621HFN1210,72600621HFN1210,TWN,Bags,TWD,2026-09-28,114800.00,121700.00,0.0601,increase
55ef83d1334a0b40d5f36bc179281b07,Balenciaga_TWN_7260062AINV9000,7260062AINV9000,TWN,Bags,TWD,2026-09-28,75500.00,80000.00,0.0596,increase
894d7db728653f8e9df059aec84660ac,Balenciaga_TWN_7260064GLKM1000,7260064GLKM1000,TWN,Bags,TWD,2026-09-28,106000.00,112400.00,0.0604,increase
4a7197ce5a019b7881841ac8778cd28d,Balenciaga_TWN_7283052ABY31090,7283052ABY31090,TWN,Bags,TWD,2026-09-28,125100.00,132600.00,0.0600,increase
4304aab8fe6c33a0e725c10572d2d5b3,Balenciaga_TWN_728305TUZCI4011,728305TUZCI4011,TWN,Bags,TWD,2026-09-28,142500.00,151000.00,0.0596,increase
12d743ded6065667bb8be9e6b4636944,Balenciaga_TWN_728727WEHTC8065,728727WEHTC8065,TWN,Bags,TWD,2026-09-28,97300.00,103100.00,0.0596,increase
b6791cf677133d3e7cf85a854e7cf92f,Balenciaga_TWN_72918421GJI3258,72918421GJI3258,TWN,Bags,TWD,2026-09-28,98500.00,104400.00,0.0599,increase
edac0e76f93610f94cf2d72248563f31,Balenciaga_TWN_7297992A1LP1000,7297992A1LP1000,TWN,Bags,TWD,2026-09-28,66100.00,70000.00,0.0590,increase
5431aad9ae50d6a708e1db1b3ebb9c5d,Balenciaga_TWN_7297992ABTM0926,7297992ABTM0926,TWN,Bags,TWD,2026-09-28,53900.00,57200.00,0.0612,increase
c711878c78e8dcce726817ac370022de,Balenciaga_TWN_7297992ACVY2840,7297992ACVY2840,TWN,Bags,TWD,2026-09-28,61400.00,65100.00,0.0603,increase
411d56f828cd74b7295a4807fa7160a8,Balenciaga_TWN_729799TTQ0W0911,729799TTQ0W0911,TWN,Bags,TWD,2026-09-28,113000.00,119800.00,0.0602,increase
7990b7db65bef40a59a71d20fa4aa225,Balenciaga_TWN_729799W4YYO2533,729799W4YYO2533,TWN,Bags,TWD,2026-09-28,74900.00,79400.00,0.0601,increase
f72cbe9f0af4e83419acdec618bd9430,Balenciaga_TWN_7311302ABV99104,7311302ABV99104,TWN,Bags,TWD,2026-09-28,52900.00,56100.00,0.0605,increase
2431ce49f71ab71806da0bd2a7d53b96,Balenciaga_TWN_731130TEWXC1000,731130TEWXC1000,TWN,Bags,TWD,2026-09-28,54900.00,58200.00,0.0601,increase
9279d4c29e747fe9adf863570a7990e6,Balenciaga_TWN_734797W7EBY1041,734797W7EBY1041,TWN,Accessories,TWD,2026-09-28,76900.00,81500.00,0.0598,increase
566ea0b2ffe622e348a9339ec19ce678,Balenciaga_TWN_7378382ABGT0926,7378382ABGT0926,TWN,Bags,TWD,2026-09-28,50700.00,53700.00,0.0592,increase
4ef1d95a6563cff11776ab348e45d8d6,Balenciaga_TWN_74009021IIT1084,74009021IIT1084,TWN,Small Leather Goods,TWD,2026-09-28,25700.00,27300.00,0.0623,increase
59b88ae248c55e5638888a2105f284be,Balenciaga_TWN_7400904G1H21240,7400904G1H21240,TWN,Small Leather Goods,TWD,2026-09-28,15000.00,15900.00,0.0600,increase
e7c268fa64d85853ecc040b547e50493,Balenciaga_TWN_740090TT35C4011,740090TT35C4011,TWN,Small Leather Goods,TWD,2026-09-28,34900.00,37000.00,0.0602,increase
65d276cf332f08f04ecf064f4daafd45,Balenciaga_TWN_740090TTQWT5723,740090TTQWT5723,TWN,Small Leather Goods,TWD,2026-09-28,22000.00,23400.00,0.0636,increase
3d0a59523762998a63c48847d56a9293,Balenciaga_TWN_7434644GJUQ1251,7434644GJUQ1251,TWN,Small Leather Goods,TWD,2026-09-28,49500.00,52500.00,0.0606,increase
de5eec80fa34c82ce8571c19c38e0b46,Balenciaga_TWN_74818821RAQ1000,74818821RAQ1000,TWN,Small Leather Goods,TWD,2026-09-28,10700.00,11300.00,0.0561,increase
e0bc5424b43079a333aba07b1e24f6a5,Balenciaga_TWN_7481882ABWW0911,7481882ABWW0911,TWN,Small Leather Goods,TWD,2026-09-28,18900.00,20000.00,0.0582,increase
220b468e8571f5de1a4c86cfa78af93a,Balenciaga_TWN_7481884GUB61000,7481884GUB61000,TWN,Small Leather Goods,TWD,2026-09-28,22300.00,23600.00,0.0583,increase
622e09fe97cd619312b927cf95470820,Balenciaga_TWN_7483542ABV39020,7483542ABV39020,TWN,Bags,TWD,2026-09-28,173400.00,183800.00,0.0600,increase
efcd95b78259d26d4906bc99bcf7e96d,Balenciaga_TWN_748354T1COL0911,748354T1COL0911,TWN,Bags,TWD,2026-09-28,82000.00,86900.00,0.0598,increase
c3e129b32b9a610dd33a58049ad4411c,Balenciaga_TWN_7517282110W1090,7517282110W1090,TWN,Small Leather Goods,TWD,2026-09-28,46100.00,48800.00,0.0586,increase
0526b3c2680f98db5ae36821c29534d8,Balenciaga_TWN_75172821F7M1210,75172821F7M1210,TWN,Small Leather Goods,TWD,2026-09-28,34400.00,36500.00,0.0610,increase
7b0b786307f83f797dee6b2cdcd79b35,Balenciaga_TWN_751728WJEN18122,751728WJEN18122,TWN,Small Leather Goods,TWD,2026-09-28,37400.00,39700.00,0.0615,increase
4ad79eef680277a07ba744ddf57b1d6b,Balenciaga_TWN_7616174GM071041,7616174GM071041,TWN,Small Leather Goods,TWD,2026-09-28,10900.00,11600.00,0.0642,increase
83ec641d1bc1cd57a89b5be9a87aab22,Balenciaga_TWN_7702602AB191000,7702602AB191000,TWN,Bags,TWD,2026-09-28,108200.00,114700.00,0.0601,increase
2ca9c1b8c41f97372d953da89b38ddb5,Balenciaga_TWN_770260WXM7O1210,770260WXM7O1210,TWN,Bags,TWD,2026-09-28,113400.00,120200.00,0.0600,increase
548694ffddc00c5bc2b75020c8bda77b,Balenciaga_TWN_77077921FFS1090,77077921FFS1090,TWN,Small Leather Goods,TWD,2026-09-28,11200.00,11900.00,0.0625,increase
14caf04e3dad2b92b37b4d323abb8c3d,Balenciaga_TWN_77077921PII8122,77077921PII8122,TWN,Small Leather Goods,TWD,2026-09-28,19000.00,20200.00,0.0632,increase
33db298ae4b07859315db2aef5f50d53,Balenciaga_TWN_7707792A4VV4011,7707792A4VV4011,TWN,Small Leather Goods,TWD,2026-09-28,16100.00,17100.00,0.0621,increase
d9c0cc002692128dd3fc14b37762ebb6,Balenciaga_TWN_7707792ABU11084,7707792ABU11084,TWN,Small Leather Goods,TWD,2026-09-28,15300.00,16200.00,0.0588,increase
004fbe881004904885216d4f49bb4ed2,Balenciaga_TWN_7707792ALGH1000,7707792ALGH1000,TWN,Small Leather Goods,TWD,2026-09-28,37400.00,39700.00,0.0615,increase
b0ec9d0555cd513cae65c079d75435e7,Balenciaga_TWN_7707794GGLA1090,7707794GGLA1090,TWN,Small Leather Goods,TWD,2026-09-28,8900.00,9400.00,0.0562,increase
e8ab6d30f1cfdfe4edcd9b024f3439de,Balenciaga_TWN_770779TCSA20127,770779TCSA20127,TWN,Small Leather Goods,TWD,2026-09-28,6900.00,7400.00,0.0725,increase
f340b45e0b4057f09737bd808c800c1f,Balenciaga_TWN_7737734GF951000,7737734GF951000,TWN,Bags,TWD,2026-09-28,60200.00,63800.00,0.0598,increase
f759178add1cfecb9b795e1f9dff1dce,Balenciaga_TWN_773773W5BMK1240,773773W5BMK1240,TWN,Bags,TWD,2026-09-28,82600.00,87600.00,0.0605,increase
b1f14ed1b99b5ce842ed53bab1aabaf2,Balenciaga_TWN_775122WM5075723,775122WM5075723,TWN,Small Leather Goods,TWD,2026-09-28,18100.00,19200.00,0.0608,increase
1bf94fadf89ba4ba63709a9ff590186e,Balenciaga_TWN_7783482AAGM1041,7783482AAGM1041,TWN,Small Leather Goods,TWD,2026-09-28,38900.00,41300.00,0.0617,increase
35a414c1decea813f8fd4bc211d47e5a,Balenciaga_TWN_7783482ABC80926,7783482ABC80926,TWN,Small Leather Goods,TWD,2026-09-28,21800.00,23100.00,0.0596,increase
78e831048a4d433e09cd12ab61429aa0,Balenciaga_TWN_778348TTK6R9002,778348TTK6R9002,TWN,Small Leather Goods,TWD,2026-09-28,18400.00,19500.00,0.0598,increase
7676347c1831186840c09af7389a0541,Balenciaga_TWN_778348TTMNA0911,778348TTMNA0911,TWN,Small Leather Goods,TWD,2026-09-28,28000.00,29700.00,0.0607,increase
1b168a5ac2afb4ac03a171ab5253b62f,Balenciaga_TWN_7793722AW9V1084,7793722AW9V1084,TWN,Bags,TWD,2026-09-28,73400.00,77800.00,0.0599,increase
e4a408c31848ddb9f5bb2ac9b1cfc247,Balenciaga_TWN_779797T061J1041,779797T061J1041,TWN,Bags,TWD,2026-09-28,104100.00,110300.00,0.0596,increase
4ffea72b53dbb28878716568ec7fad7e,Balenciaga_TWN_7830972190M9104,7830972190M9104,TWN,Accessories,TWD,2026-09-28,122300.00,129600.00,0.0597,increase
4cb0b01109b93f83e9302debe76369e5,Balenciaga_TWN_78309721JPY0127,78309721JPY0127,TWN,Accessories,TWD,2026-09-28,83600.00,88600.00,0.0598,increase
4dd96f476d11f775040d3ec5c743a1af,Balenciaga_TWN_7830974GC5O8065,7830974GC5O8065,TWN,Accessories,TWD,2026-09-28,92000.00,97500.00,0.0598,increase
bdac1ffcacbe69fafffc8492535be25a,Balenciaga_TWN_783097T88LE4011,783097T88LE4011,TWN,Accessories,TWD,2026-09-28,73500.00,77900.00,0.0599,increase
dd4f3c42d3563dc95153640b33afab7b,Balenciaga_TWN_7842954GWXL2308,7842954GWXL2308,TWN,Bags,TWD,2026-09-28,114800.00,121700.00,0.0601,increase
9ff1ae982c7dc03eff436e66830f68a6,Balenciaga_TWN_7846182AWFP1090,7846182AWFP1090,TWN,Accessories,TWD,2026-09-28,11200.00,11900.00,0.0625,increase
6631c7e450a9860f4c157a069b689bab,Balenciaga_TWN_786691213DR2308,786691213DR2308,TWN,Bags,TWD,2026-09-28,109600.00,116200.00,0.0602,increase
abaeee83aa2e1b80e141e63db20257fc,Balenciaga_TWN_7866912A6IT9002,7866912A6IT9002,TWN,Bags,TWD,2026-09-28,74300.00,78700.00,0.0592,increase
a039fd08a6328f8c678e838734cff404,Balenciaga_TWN_7866912ABIU2308,7866912ABIU2308,TWN,Bags,TWD,2026-09-28,36700.00,38900.00,0.0599,increase
3547abc772ea26ccc41bae47a246713b,Balenciaga_TWN_7866912AENG9104,7866912AENG9104,TWN,Bags,TWD,2026-09-28,39800.00,42200.00,0.0603,increase
f6e187ba4a218fd0943cb98a66da4496,Balenciaga_TWN_79014021E841041,79014021E841041,TWN,Small Leather Goods,TWD,2026-09-28,42200.00,44700.00,0.0592,increase
07be37dff2e513831a1304f3d9fa8ea2,Balenciaga_TWN_7901402AB731000,7901402AB731000,TWN,Small Leather Goods,TWD,2026-09-28,42100.00,44600.00,0.0594,increase
0ffea44b59347c3a3c5102967e455d37,Balenciaga_TWN_790421216UF9020,790421216UF9020,TWN,Small Leather Goods,TWD,2026-09-28,98400.00,104300.00,0.0600,increase
3dc5f02e67aab6a443be4a57addeebad,Balenciaga_TWN_790421WLLWX1000,790421WLLWX1000,TWN,Small Leather Goods,TWD,2026-09-28,85600.00,90700.00,0.0596,increase
0919ad082750e81c5a2f1eceb24013d9,Balenciaga_TWN_791061TTORO1090,791061TTORO1090,TWN,Bags,TWD,2026-09-28,97100.00,102900.00,0.0597,increase
9a0b3ec9bae2e968de5aa70e9f27feea,Balenciaga_TWN_792932218SJ1240,792932218SJ1240,TWN,Bags,TWD,2026-09-28,94700.00,100400.00,0.0602,increase
5e175e2581b5863fc310f8282e3ea5e8,Balenciaga_TWN_792932219O01251,792932219O01251,TWN,Bags,TWD,2026-09-28,96400.00,102200.00,0.0602,increase
45772492565e25e05bce545e7dd12689,Balenciaga_TWN_79293221SBP1210,79293221SBP1210,TWN,Bags,TWD,2026-09-28,84100.00,89100.00,0.0595,increase
74e4f1599e2dbcbea2ffd3c4ff747a16,Balenciaga_TWN_792932W27C95723,792932W27C95723,TWN,Bags,TWD,2026-09-28,124000.00,131400.00,0.0597,increase
f7cf95382a88017926dd1e253fa11b0e,Balenciaga_TWN_7986072AB0P4011,7986072AB0P4011,TWN,Small Leather Goods,TWD,2026-09-28,15200.00,16100.00,0.0592,increase
cae25700202412fd3be23a6c394d2953,Balenciaga_TWN_8044914G46E1000,8044914G46E1000,TWN,Small Leather Goods,TWD,2026-09-28,18900.00,20100.00,0.0635,increase
cc0291e2870187863bc77816fc98c34c,Balenciaga_TWN_804491WDN3F1090,804491WDN3F1090,TWN,Small Leather Goods,TWD,2026-09-28,26300.00,27900.00,0.0608,increase
fd9a390042a4278a6aecb83e773ed7f9,Balenciaga_TWN_8088952AB0I2840,8088952AB0I2840,TWN,Bags,TWD,2026-09-28,117400.00,124500.00,0.0605,increase
bf29f5aedf1ce96e6ab8cc4136fa4349,Balenciaga_TWN_8088952AM3D0127,8088952AM3D0127,TWN,Bags,TWD,2026-09-28,94800.00,100500.00,0.0601,increase
5b79e20f6470f932f3fcb610fdf1eabb,Balenciaga_TWN_808895TOVIZ2533,808895TOVIZ2533,TWN,Bags,TWD,2026-09-28,122200.00,129600.00,0.0606,increase
099a47f3c460851746815967d877e5b2,Balenciaga_TWN_8133392ABV39002,8133392ABV39002,TWN,Bags,TWD,2026-09-28,58000.00,61500.00,0.0603,increase
85d21c907f7f05751f13df57db63f16b,Balenciaga_TWN_813339TTM3T1000,813339TTM3T1000,TWN,Bags,TWD,2026-09-28,103100.00,109300.00,0.0601,increase
b61ef9e850d63cc6445480f45ba83a3c,Balenciaga_TWN_8175562A3NQ1251,8175562A3NQ1251,TWN,Bags,TWD,2026-09-28,103400.00,109700.00,0.0609,increase
cdf20e1862a81794bebe69d913b99cd6,Balenciaga_TWN_81955721MIX1210,81955721MIX1210,TWN,Small Leather Goods,TWD,2026-09-28,24000.00,25400.00,0.0583,increase
0c69c2d20bbb62cdd4a7a9604f252050,Balenciaga_TWN_8195572AA863258,8195572AA863258,TWN,Small Leather Goods,TWD,2026-09-28,15300.00,16200.00,0.0588,increase
910ae85e16aa8f317b784073b6d9ca25,Balenciaga_TWN_8223032AF5D1041,8223032AF5D1041,TWN,Small Leather Goods,TWD,2026-09-28,107100.00,113500.00,0.0598,increase
d4f4ced0f8cae46cc97c52503d4e965d,Balenciaga_TWN_822303TTHOD8065,822303TTHOD8065,TWN,Small Leather Goods,TWD,2026-09-28,61300.00,65000.00,0.0604,increase
ed16752b044a922edc2ba86b5f546ba3,Balenciaga_TWN_82443621AQF0127,82443621AQF0127,TWN,Small Leather Goods,TWD,2026-09-28,10700.00,11400.00,0.0654,increase
580f165feee7cb1f095c69f39872f058,Balenciaga_TWN_8244362A4UN1000,8244362A4UN1000,TWN,Small Leather Goods,TWD,2026-09-28,15500.00,16500.00,0.0645,increase
019216964b772cc36a804e25241e9727,Balenciaga_TWN_824436W9DJB2308,824436W9DJB2308,TWN,Small Leather Goods,TWD,2026-09-28,19200.00,20300.00,0.0573,increase
c38b700b3bee45f1a75b8c8503af852d,Balenciaga_TWN_8245244GV630926,8245244GV630926,TWN,Accessories,TWD,2026-09-28,41800.00,44300.00,0.0598,increase
345cf74d679298982b997edea258f218,Balenciaga_TWN_82607121B2V1041,82607121B2V1041,TWN,Bags,TWD,2026-09-28,93600.00,99200.00,0.0598,increase
a001ea7db28f706d2d32ce7916c403f9,Balenciaga_TWN_826071TTV961251,826071TTV961251,TWN,Bags,TWD,2026-09-28,96600.00,102400.00,0.0600,increase
bd0beb04805a5b8e03ee7282d073b8bc,Balenciaga_TWN_826071W06VT2533,826071W06VT2533,TWN,Bags,TWD,2026-09-28,67700.00,71800.00,0.0606,increase
b2f6911f3ca4abcbe05dd10018bc9556,Balenciaga_TWN_8287712ABI90911,8287712ABI90911,TWN,Small Leather Goods,TWD,2026-09-28,10500.00,11100.00,0.0571,increase
a954fda5cca12a4c6202d55652c091b3,Balenciaga_TWN_828771TTCTJ0911,828771TTCTJ0911,TWN,Small Leather Goods,TWD,2026-09-28,9700.00,10200.00,0.0515,increase
9dab2db5f3d7b8fc097d45edf3a439cc,Balenciaga_TWN_830936WU99V9002,830936WU99V9002,TWN,Small Leather Goods,TWD,2026-09-28,53800.00,57100.00,0.0613,increase
aece2864e3ec714e7d81b7dfabb3d5c3,Balenciaga_TWN_8311342ABU61090,8311342ABU61090,TWN,Bags,TWD,2026-09-28,86500.00,91700.00,0.0601,increase
87345dffb7cfb1fa69bb633ef85ea156,Balenciaga_TWN_8311344GKAG3258,8311344GKAG3258,TWN,Bags,TWD,2026-09-28,54000.00,57300.00,0.0611,increase
2d2892df864ad123ab50b9bd4ca2c72c,Balenciaga_TWN_831134T9FMJ0911,831134T9FMJ0911,TWN,Bags,TWD,2026-09-28,40900.00,43300.00,0.0587,increase
697af0f94f9e581b94340365e46bd47c,Balenciaga_TWN_831134TEOO93258,831134TEOO93258,TWN,Bags,TWD,2026-09-28,91900.00,97400.00,0.0598,increase
a0a88c237797d14b5886fd8ffe4d7ccd,Balenciaga_TWN_833006217XM0911,833006217XM0911,TWN,Bags,TWD,2026-09-28,111300.00,118000.00,0.0602,increase
a6334a85e70e41fb9925feb13cfafdbd,Balenciaga_TWN_8330062AB421000,8330062AB421000,TWN,Bags,TWD,2026-09-28,104000.00,110300.00,0.0606,increase
b49f2dbea5799769c6310fd57aab7c94,Balenciaga_TWN_8330062ABAZ2840,8330062ABAZ2840,TWN,Bags,TWD,2026-09-28,79500.00,84200.00,0.0591,increase
4d45ed1c8d3a1882f38c1cc8b33da5d7,Balenciaga_TWN_834058214S09104,834058214S09104,TWN,Bags,TWD,2026-09-28,77400.00,82000.00,0.0594,increase
31c9bad494d680e2946a7d2a175e08f8,Balenciaga_TWN_834058218YP5723,834058218YP5723,TWN,Bags,TWD,2026-09-28,81800.00,86700.00,0.0599,increase
2fa3d55acaf6def6ed92d6ae32d95296,Balenciaga_TWN_834058WWA8W4200,834058WWA8W4200,TWN,Bags,TWD,2026-09-28,104100.00,110300.00,0.0596,increase
2585069b3daef7bf1e60d1eb82255091,Balenciaga_TWN_8401812AKBD1000,8401812AKBD1000,TWN,Small Leather Goods,TWD,2026-09-28,15000.00,16000.00,0.0667,increase
7908f90a51bc73652601b474e04eb76b,Balenciaga_TWN_840181TTX3A0926,840181TTX3A0926,TWN,Small Leather Goods,TWD,2026-09-28,13400.00,14300.00,0.0672,increase
d22b4f2f224944bd2396474535ba4bab,Balenciaga_TWN_840181WKE7A1090,840181WKE7A1090,TWN,Small Leather Goods,TWD,2026-09-28,11100.00,11800.00,0.0631,increase
5973631a749b27940bd005c405195785,Balenciaga_TWN_845436216410127,845436216410127,TWN,Bags,TWD,2026-09-28,43300.00,45900.00,0.0600,increase
573ce222193f076b2645c126bca192f9,Balenciaga_TWN_8454362ABSV9000,8454362ABSV9000,TWN,Bags,TWD,2026-09-28,116800.00,123800.00,0.0599,increase
4a4a553c4cdb9c58ac09346736ecdcbe,Balenciaga_TWN_8454364GBTX9000,8454364GBTX9000,TWN,Bags,TWD,2026-09-28,86000.00,91200.00,0.0605,increase
1f191a2f40687211fae06998b6481ee7,Balenciaga_TWN_845436THX071000,845436THX071000,TWN,Bags,TWD,2026-09-28,126000.00,133500.00,0.0595,increase
b0b3779b1a6ef3d771b82de7030e931e,Balenciaga_TWN_845436TTGI61251,845436TTGI61251,TWN,Bags,TWD,2026-09-28,115100.00,122000.00,0.0599,increase
a9d6c382105d0b951acaa6be550e42ce,Balenciaga_TWN_845436W94521090,845436W94521090,TWN,Bags,TWD,2026-09-28,76600.00,81200.00,0.0601,increase
a0020fde816b9941154af210e8509865,Balenciaga_TWN_8514352A4CY1000,8514352A4CY1000,TWN,Small Leather Goods,TWD,2026-09-28,48000.00,50900.00,0.0604,increase
d8afe8de40e7b656caf0cb8a95ad1caa,Balenciaga_TWN_851435W66F78065,851435W66F78065,TWN,Small Leather Goods,TWD,2026-09-28,10300.00,10900.00,0.0583,increase
a594aa12579a0494ca6a81fbcca8e6ac,Balenciaga_TWN_85254221FH01000,85254221FH01000,TWN,Small Leather Goods,TWD,2026-09-28,23600.00,25000.00,0.0593,increase
7dbfe0df4ffbdadf0f5c85b69dae8e6b,Balenciaga_TWN_85254221MXR4011,85254221MXR4011,TWN,Small Leather Goods,TWD,2026-09-28,31800.00,33700.00,0.0597,increase
4f717e96d6b1c8b59974c3dddaa6999d,Balenciaga_TWN_8525422AB5G1090,8525422AB5G1090,TWN,Small Leather Goods,TWD,2026-09-28,10300.00,10900.00,0.0583,increase
32b282026309ede50e20506458be5dde,Balenciaga_TWN_852542TRTB02840,852542TRTB02840,TWN,Small Leather Goods,TWD,2026-09-28,9900.00,10500.00,0.0606,increase
9e2dfbc4023ff9fa347e27484e6d658b,Balenciaga_TWN_852542WCMOK5723,852542WCMOK5723,TWN,Small Leather Goods,TWD,2026-09-28,10700.00,11300.00,0.0561,increase
2a0ab049ed13aefd3b0c0db59edc4c9d,Balenciaga_TWN_8561912110W1000,8561912110W1000,TWN,Small Leather Goods,TWD,2026-09-28,10800.00,11400.00,0.0556,increase
1b3d54519e4d5c282f9a92af81d68acc,Balenciaga_TWN_856191T2DEI9104,856191T2DEI9104,TWN,Small Leather Goods,TWD,2026-09-28,14800.00,15700.00,0.0608,increase
8b0f665b112d5d22b7792dca3d0750ce,Balenciaga_TWN_856191T74RJ1210,856191T74RJ1210,TWN,Small Leather Goods,TWD,2026-09-28,13800.00,14700.00,0.0652,increase
c62a175469c49a74086c968423f9c0b0,Balenciaga_TWN_856191TTCXJ0926,856191TTCXJ0926,TWN,Small Leather Goods,TWD,2026-09-28,8800.00,9300.00,0.0568,increase
11ba57214aa73d7e14f79a0c8f3b666b,Balenciaga_TWN_858352TTBLY1041,858352TTBLY1041,TWN,Small Leather Goods,TWD,2026-09-28,50300.00,53300.00,0.0596,increase
af1c78319324434bbdf3954ca8c3eea3,Balenciaga_TWN_8592794GT7H9104,8592794GT7H9104,TWN,Small Leather Goods,TWD,2026-09-28,43200.00,45800.00,0.0602,increase
3684b65fb511cd91c3d4632b6f6c5df2,Balenciaga_TWN_860458WVPJ84200,860458WVPJ84200,TWN,Bags,TWD,2026-09-28,101100.00,107200.00,0.0603,increase
1e303b743468733319d261092fed490e,Balenciaga_TWN_8665422AB2D9104,8665422AB2D9104,TWN,Accessories,TWD,2026-09-28,19100.00,20200.00,0.0576,increase
fae4f756e3a84851564c47e4742253d8,Balenciaga_TWN_8665424G8ZY1000,8665424G8ZY1000,TWN,Accessories,TWD,2026-09-28,10500.00,11100.00,0.0571,increase
138ef33c4e301bb6a101d199c8da7771,Balenciaga_TWN_8671922ABIT1210,8671922ABIT1210,TWN,Small Leather Goods,TWD,2026-09-28,14900.00,15800.00,0.0604,increase
025b413432479c47ab637fec42560295,Balenciaga_TWN_8690362ABPU2308,8690362ABPU2308,TWN,Bags,TWD,2026-09-28,67600.00,71700.00,0.0607,increase
7d2ae5aba1943c1727cca95380130944,Balenciaga_TWN_8690364G7ZC4200,8690364G7ZC4200,TWN,Bags,TWD,2026-09-28,151100.00,160100.00,0.0596,increase
a88e995962208c5c65475b6bb80f237c,Balenciaga_TWN_86935021KK58122,86935021KK58122,TWN,Bags,TWD,2026-09-28,42200.00,44700.00,0.0592,increase
4c1ba2dfa8cd36ac91ec647ca6b5e325,Balenciaga_TWN_8738792A2QI4011,8738792A2QI4011,TWN,Bags,TWD,2026-09-28,88400.00,93700.00,0.0600,increase
a78dbc0cd56d6f2b88b9a5ae5e30914e,Balenciaga_TWN_873879TSIMN8122,873879TSIMN8122,TWN,Bags,TWD,2026-09-28,96200.00,102000.00,0.0603,increase
88447a358a2d75977710f3681c3ecd99,Balenciaga_TWN_8750414GAUA1000,8750414GAUA1000,TWN,Bags,TWD,2026-09-28,73800.00,78300.00,0.0610,increase
9bda0cf94c975f13ff84f7ee472217c0,Balenciaga_TWN_8837202AB1Q1000,8837202AB1Q1000,TWN,Small Leather Goods,TWD,2026-09-28,11800.00,12500.00,0.0593,increase
3a99c19056a8f7e4744f6706b2793c17,Balenciaga_TWN_883720W1IKV1000,883720W1IKV1000,TWN,Small Leather Goods,TWD,2026-09-28,15900.00,16800.00,0.0566,increase
e20ef62c722e46b70fb00e6299bc1912,Balenciaga_TWN_8844562AB381090,8844562AB381090,TWN,Small Leather Goods,TWD,2026-09-28,19400.00,20600.00,0.0619,increase
530d8303c72cc06441b2dafb70cff8ea,Balenciaga_TWN_8863144G5AR8065,8863144G5AR8065,TWN,Small Leather Goods,TWD,2026-09-28,13900.00,14800.00,0.0647,increase
9f22aaf4e6482648376fa4e8e7d5c83e,Balenciaga_TWN_886314TT7F98122,886314TT7F98122,TWN,Small Leather Goods,TWD,2026-09-28,18600.00,19700.00,0.0591,increase
b902e9970950b3dc9804e0bfaa1396b6,Balenciaga_TWN_8872612AB144200,8872612AB144200,TWN,Small Leather Goods,TWD,2026-09-28,36900.00,39100.00,0.0596,increase
4dbbb1646ed5edc22eab7ceabdf84e34,Balenciaga_TWN_888240214TG5723,888240214TG5723,TWN,Small Leather Goods,TWD,2026-09-28,19100.00,20200.00,0.0576,increase
41bb84128020d56213d9b8b7efcd23fa,Balenciaga_TWN_888240TTFRH4200,888240TTFRH4200,TWN,Small Leather Goods,TWD,2026-09-28,16100.00,17100.00,0.0621,increase
9c847ca7be4472b0119a71f01347c5d9,Balenciaga_TWN_8902582ABVL1251,8902582ABVL1251,TWN,Bags,TWD,2026-09-28,32400.00,34300.00,0.0586,increase
29fba954bd2d206b253ee0fd49a9302e,Balenciaga_TWN_89310521G2W1240,89310521G2W1240,TWN,Bags,TWD,2026-09-28,85900.00,91000.00,0.0594,increase
05283d8f48eff2dbb142bbfcb5421d18,Balenciaga_TWN_8931052A3PL2533,8931052A3PL2533,TWN,Bags,TWD,2026-09-28,164800.00,174700.00,0.0601,increase
6d624141948cb66e4389f3c4e2fa2627,Balenciaga_TWN_893105TTXTD1240,893105TTXTD1240,TWN,Bags,TWD,2026-09-28,151500.00,160600.00,0.0601,increase
fb6e3066bdb193c1aebfeda161917b06,Balenciaga_TWN_8945912AEYF1090,8945912AEYF1090,TWN,Small Leather Goods,TWD,2026-09-28,78100.00,82800.00,0.0602,increase
ed18d142377dae901f4b7c671b4c1228,Balenciaga_TWN_8945912AHW24200,8945912AHW24200,TWN,Small Leather Goods,TWD,2026-09-28,41100.00,43500.00,0.0584,increase
00ce7e12cf2ecb2fd871e9b4a5d19f01,Balenciaga_TWN_894591TTFLA4200,894591TTFLA4200,TWN,Small Leather Goods,TWD,2026-09-28,86200.00,91300.00,0.0592,increase
88ed7c7a0feb679318ef5275af1f0380,Balenciaga_TWN_894919W7KYF4200,894919W7KYF4200,TWN,Bags,TWD,2026-09-28,104200.00,110500.00,0.0605,increase
26b8d09d37c6f3869d3c3b89a8c58122,Balenciaga_TWN_89504321IWB1084,89504321IWB1084,TWN,Bags,TWD,2026-09-28,114500.00,121400.00,0.0603,increase
d8867763dd9db4a57e33b0b7e1b6fe22,Balenciaga_TWN_895043TTYCV1000,895043TTYCV1000,TWN,Bags,TWD,2026-09-28,88000.00,93300.00,0.0602,increase
90ddc45366d9484a6dbd5b60a57aa797,Balenciaga_TWN_895043WA6731000,895043WA6731000,TWN,Bags,TWD,2026-09-28,95800.00,101500.00,0.0595,increase
bb32eea900dc26650ad5b3a986c4c958,Balenciaga_TWN_A00J7KTT7PD1251,A00J7KTT7PD1251,TWN,Bags,TWD,2026-09-28,35700.00,37800.00,0.0588,increase
c1cb83028d12a07110342c33b2ef9687,Balenciaga_TWN_A042712ABQZ9020,A042712ABQZ9020,TWN,Bags,TWD,2026-09-28,146600.00,155400.00,0.0600,increase
e13539d1b615662419d7df2d526fc092,Balenciaga_TWN_A042712AMT61210,A042712AMT61210,TWN,Bags,TWD,2026-09-28,412800.00,437600.00,0.0601,increase
b20f18c4284532e8e3738f914c451d6c,Balenciaga_TWN_A05K8B2ASBF4200,A05K8B2ASBF4200,TWN,Small Leather Goods,TWD,2026-09-28,11500.00,12200.00,0.0609,increase
2d1e6be0c69dff9563f0b5b8cf104fe6,Balenciaga_TWN_A05K8B2AX991000,A05K8B2AX991000,TWN,Small Leather Goods,TWD,2026-09-28,10300.00,10900.00,0.0583,increase
731cace170c6981e076679fc43f957f2,Balenciaga_TWN_A05K8BTJ0TE9002,A05K8BTJ0TE9002,TWN,Small Leather Goods,TWD,2026-09-28,15900.00,16900.00,0.0629,increase
41f5b1ce526634208da34422aa5477b3,Balenciaga_TWN_A05K8BTSM663258,A05K8BTSM663258,TWN,Small Leather Goods,TWD,2026-09-28,12700.00,13400.00,0.0551,increase
2b144b16a9dae06ec41d5d1f406c91d3,Balenciaga_TWN_A05K8BTTMMU9104,A05K8BTTMMU9104,TWN,Small Leather Goods,TWD,2026-09-28,26000.00,27600.00,0.0615,increase
8826ff468e9f660ae0ba18a0bb9948e8,Balenciaga_TWN_A064YD4GOOO0926,A064YD4GOOO0926,TWN,Small Leather Goods,TWD,2026-09-28,13800.00,14700.00,0.0652,increase
25cf4af939aaf211f269529f3ee3313b,Balenciaga_TWN_A064YD4GQIW1000,A064YD4GQIW1000,TWN,Small Leather Goods,TWD,2026-09-28,18200.00,19300.00,0.0604,increase
37b641f0260299131c12339de41fd710,Balenciaga_TWN_A064YDTKNEL3258,A064YDTKNEL3258,TWN,Small Leather Goods,TWD,2026-09-28,19300.00,20500.00,0.0622,increase
149ef39a39a6932790f8f1a7512e652d,Balenciaga_TWN_A064YDTTENX9002,A064YDTTENX9002,TWN,Small Leather Goods,TWD,2026-09-28,14300.00,15100.00,0.0559,increase
08cefee331289be10aee85983a4fa01d,Balenciaga_TWN_A06RN2216DW1084,A06RN2216DW1084,TWN,Bags,TWD,2026-09-28,77800.00,82400.00,0.0591,increase
c6922ba6b6a29bae9290069ee147ac0d,Balenciaga_TWN_A06RN22AB2X1041,A06RN22AB2X1041,TWN,Bags,TWD,2026-09-28,102000.00,108100.00,0.0598,increase
ba5834641ef62d5eb743119a0f4aa31c,Balenciaga_TWN_A06RN22ABS95723,A06RN22ABS95723,TWN,Bags,TWD,2026-09-28,97800.00,117700.00,0.2035,increase
1aef35723348adfdb90fb0322e2452b2,Balenciaga_TWN_A07WXJ21SEY1240,A07WXJ21SEY1240,TWN,Small Leather Goods,TWD,2026-09-28,18700.00,19900.00,0.0642,increase
195eb7142f3f74cc7bef52e5a93d001f,Balenciaga_TWN_A07WXJW005D1090,A07WXJW005D1090,TWN,Small Leather Goods,TWD,2026-09-28,56300.00,59700.00,0.0604,increase
0757ad2d4bbe1c3374e4a1697e54d8b9,Balenciaga_TWN_A07XQJ2ABFT1240,A07XQJ2ABFT1240,TWN,Small Leather Goods,TWD,2026-09-28,10600.00,11900.00,0.1226,increase
88820663794f860a501f01a25c4b0633,Balenciaga_TWN_A07XQJTTA4R0911,A07XQJTTA4R0911,TWN,Small Leather Goods,TWD,2026-09-28,10000.00,10600.00,0.0600,increase
c191f4e854caafc1d22ef8bc6b425743,Balenciaga_TWN_A07XQJW4FMO5723,A07XQJW4FMO5723,TWN,Small Leather Goods,TWD,2026-09-28,26200.00,27800.00,0.0611,increase
688d34e7d5872f8c533160a86b2854ae,Balenciaga_TWN_A0AVTR2AES89002,A0AVTR2AES89002,TWN,Bags,TWD,2026-09-28,63900.00,67700.00,0.0595,increase
2e40db0039efd6cc765ce3fc9eaf2c46,Balenciaga_TWN_A0DVHZ211W08065,A0DVHZ211W08065,TWN,Small Leather Goods,TWD,2026-09-28,38900.00,41200.00,0.0591,increase
a68da6daddbe81b1e0943bb642f87b66,Balenciaga_TWN_A0DVHZ2159I1240,A0DVHZ2159I1240,TWN,Small Leather Goods,TWD,2026-09-28,10200.00,10900.00,0.0686,increase
20f640f8f6235fe13da2a91e94e62c45,Balenciaga_TWN_A0DVHZWC7C15723,A0DVHZWC7C15723,TWN,Small Leather Goods,TWD,2026-09-28,48100.00,51000.00,0.0603,increase
8bda4d9155c8a5220da741aa3aae185b,Balenciaga_TWN_A0EU1Z21PJV1240,A0EU1Z21PJV1240,TWN,,TWD,2026-09-28,152800.00,163000.00,0.0668,increase
f73a9f1cde508c154930bf1a98188cb3,Balenciaga_TWN_A0FKA3210572533,A0FKA3210572533,TWN,Bags,TWD,2026-09-28,111300.00,117900.00,0.0593,increase
8e8daefdcd3257a34b6e8453dd51d14c,Balenciaga_TWN_A0HVOZ2AB3Y1251,A0HVOZ2AB3Y1251,TWN,Small Leather Goods,TWD,2026-09-28,12800.00,13500.00,0.0547,increase
bbfdb57ea1481e777802a4e147d005a5,Balenciaga_TWN_A0JTOY4GNZM1240,A0JTOY4GNZM1240,TWN,Small Leather Goods,TWD,2026-09-28,17500.00,18600.00,0.0629,increase
f17e515ffd816a2a6415dda52291b626,Balenciaga_TWN_A0JW0G2ABNG9002,A0JW0G2ABNG9002,TWN,Bags,TWD,2026-09-28,53700.00,57000.00,0.0615,increase
6905c476c3613eb3d751a19586ac0782,Balenciaga_TWN_A0JW0GT1SDP1090,A0JW0GT1SDP1090,TWN,Bags,TWD,2026-09-28,193100.00,204700.00,0.0601,increase
be5b411d0dff8fb25b3057a108d2a44c,Balenciaga_TWN_A0JW0GWQGJ51000,A0JW0GWQGJ51000,TWN,Bags,TWD,2026-09-28,62500.00,66200.00,0.0592,increase
88454384a4f24f5efaaf735853a22f76,Balenciaga_TWN_A0LD3V2A8284200,A0LD3V2A8284200,TWN,Bags,TWD,2026-09-28,60700.00,64400.00,0.0610,increase
ecb67ded423a50b8b297940168ac5154,Balenciaga_TWN_A0LD3V2ABND9020,A0LD3V2ABND9020,TWN,Bags,TWD,2026-09-28,42700.00,45300.00,0.0609,increase
1eac4c73f026e0a1b277396537cdc1c2,Balenciaga_TWN_A0NXIX2ABF42840,A0NXIX2ABF42840,TWN,Small Leather Goods,TWD,2026-09-28,24500.00,26000.00,0.0612,increase
6e9420e7e3571c119a1d4241bdb48546,Balenciaga_TWN_A0NXIX4GIX61041,A0NXIX4GIX61041,TWN,Small Leather Goods,TWD,2026-09-28,11000.00,11600.00,0.0545,increase
9bf4769c1bde1dd211e8e05a464b8830,Balenciaga_TWN_A0OHAU213J01000,A0OHAU213J01000,TWN,Bags,TWD,2026-09-28,39900.00,42300.00,0.0602,increase
3a23b647bf6ea6187cf9de461269b0a3,Balenciaga_TWN_A0QFZA4GZMJ9002,A0QFZA4GZMJ9002,TWN,Bags,TWD,2026-09-28,86300.00,91400.00,0.0591,increase
722e0d784b4f8abdd23ef08372b5c541,Balenciaga_TWN_A0QFZAWEHIJ0911,A0QFZAWEHIJ0911,TWN,Bags,TWD,2026-09-28,99800.00,105800.00,0.0601,increase
abb4489dd821d2be182903ca9a9fe48c,Balenciaga_TWN_A0QFZAWRPKY9000,A0QFZAWRPKY9000,TWN,Bags,TWD,2026-09-28,97800.00,103700.00,0.0603,increase
cd49e8a8b9be490debd4fdbc9e7882ea,Balenciaga_TWN_A0W9ZQTT6H89020,A0W9ZQTT6H89020,TWN,Small Leather Goods,TWD,2026-09-28,14200.00,15000.00,0.0563,increase
53109fbc4fd72902d3168c75e2b20f55,Balenciaga_TWN_A0W9ZQTTNFO8122,A0W9ZQTTNFO8122,TWN,Small Leather Goods,TWD,2026-09-28,11800.00,12500.00,0.0593,increase
3617fb3500c1f680db86c9e2ea2e476d,Balenciaga_USA_530673WF9QI1090,530673WF9QI1090,USA,,USD,2026-09-28,2240.00,2490.00,0.1116,increase
